base_if_frequency_mhz	lo_frequency_ghz	if_amplitude	g	phi	I_offset	Q_offset	sfdr_db
23.738	2.57	0.0005	0.03615722805261612	0.03912351792678237	0.007971072659165655	0.0023268918549547387	11.715827941894531
23.738	2.57	0.008692307692307694	-0.016105078160762783	0.23343332475051282	0.008345896176797395	0.002745855772718641	37.12336349487305
23.738	2.57	0.016884615384615387	-0.021171073960698557	0.2574596217376324	0.008132786975875208	0.0025978163762374615	43.30028533935547
23.738	2.57	0.02507692307692308	-0.02324814012152673	0.2696679585618213	0.008051152631014705	0.002741048263669655	46.461647033691406
23.738	2.57	0.03326923076923077	-0.02070582201384641	0.27876956927565455	0.008009774416738637	0.0026781006999042644	43.93829345703125
23.738	2.57	0.041461538461538466	-0.02144432481311674	0.2826915796245793	0.007811148460193054	0.0021734651621043506	47.30269241333008
23.738	2.57	0.04965384615384616	-0.02074375566028471	0.29030485705988207	0.007963813724283553	0.0022573663314117602	43.05379867553711
23.738	2.57	0.05784615384615385	-0.020493388864476624	0.2979708677954385	0.007815798357103762	0.002178076500369455	41.4154167175293
23.738	2.57	0.06603846153846155	-0.020859224161747302	0.3013197670803402	0.007560922861582014	0.0019992158512691927	39.2126579284668
23.738	2.57	0.07423076923076924	-0.021005754693947346	0.30685978618395005	0.007680614932093789	0.002039987615665602	38.884281158447266
23.738	2.57	0.08242307692307693	-0.020859522148571525	0.3097112224711146	0.007507585471018584	0.0019711309514090017	36.9924373626709
23.738	2.57	0.09061538461538463	-0.020675217881403477	0.31427895401549005	0.00737421750046186	0.0019851822585618436	36.37448692321777
23.738	2.57	0.09880769230769232	-0.020224698905263176	0.3154640926038248	0.007154400095840319	0.0019685722013060057	34.801475524902344
23.738	2.57	0.10700000000000001	-0.021273129257502105	0.3178564802238817	0.0071461314030222284	0.0019166113030246847	34.11701011657715
23.738	2.57	0.1151923076923077	-0.020730608023169287	0.3184633234111318	0.007163064057681967	0.0020850612166976165	33.46891975402832
23.738	2.57	0.1233846153846154	-0.021664462520249634	0.31896395223215995	0.0071895855281947085	0.0020439440483329126	32.7609806060791
23.738	2.57	0.1315769230769231	-0.023020435778864166	0.319790715780117	0.007021705968970958	0.0021581183481769297	32.048526763916016
23.738	2.57	0.13976923076923078	-0.0237866521522937	0.319318070554917	0.007111932801792784	0.002147539540396581	31.42230987548828
23.738	2.57	0.14796153846153848	-0.025059705966950733	0.3193262129335639	0.006971008791909036	0.0020809616818267054	30.570301055908203
23.738	2.57	0.15615384615384617	-0.026246367659043354	0.31956924140369786	0.00681954433387792	0.0020655359262716656	29.902002334594727
23.738	2.57	0.16434615384615386	-0.028470321709241166	0.32009844178223384	0.006714066730667316	0.002082697754417281	29.014453887939453
23.738	2.57	0.17253846153846156	-0.030727930442130513	0.3216019139233617	0.0068404409766674	0.0019458144519208889	28.242347717285156
23.738	2.57	0.18073076923076925	-0.03437999383842419	0.3223645144973055	0.006841821559485968	0.0019704583090736803	27.40720558166504
23.738	2.57	0.18892307692307694	-0.03805406660486791	0.32327925620934556	0.006848306286451207	0.0018097551109277125	26.629789352416992
23.738	2.57	0.19711538461538464	-0.043084907523293324	0.3225622448269877	0.00684630242879611	0.001666542283178416	25.720067977905273
23.738	2.57	0.20530769230769233	-0.04846208721020472	0.32350029416993664	0.00675727016317286	0.0014276218072928114	24.984607696533203
23.738	2.57	0.21350000000000002	-0.055003634738672806	0.32493827386206436	0.006738225604506064	0.0013919419985859653	24.193675994873047
23.738	2.57	0.22169230769230772	-0.06131918265671889	0.3243021222339413	0.006676309640496461	0.001291084991247564	23.57291030883789
23.738	2.57	0.2298846153846154	-0.06814883144817317	0.3245264522513071	0.0067444308214897886	0.0010570465723719917	22.92434310913086
23.738	2.57	0.2380769230769231	-0.07507996641645381	0.3243955276232813	0.0066301703448085475	0.0009575468874931114	22.345190048217773
23.738	2.57	0.2462692307692308	-0.08228117000222232	0.3240934881725902	0.006361573111873994	0.0008495553266942761	21.854984283447266
23.738	2.57	0.25446153846153846	-0.09024807052597428	0.32374556482486383	0.006500506716982621	0.0007791034092692873	21.37276840209961
23.738	2.57	0.2626538461538462	-0.09776832448229217	0.3221026052599396	0.006215994577549632	0.0007714561885281965	20.947277069091797
23.738	2.57	0.2708461538461539	-0.10507444318578311	0.3197193233391286	0.006386512736692921	0.0004886062886671486	20.582490921020508
23.738	2.57	0.27903846153846157	-0.11373934437035124	0.3196071077056343	0.006150955088135914	0.00040157955317591295	20.22440528869629
23.738	2.57	0.28723076923076923	-0.12088900728160287	0.31723719953279333	0.006223541742071063	0.00019866417221307248	19.90330696105957
23.738	2.57	0.29542307692307695	-0.12855883879339697	0.3154593176097538	0.006047941967477925	8.70326144384003e-05	19.672332763671875
23.738	2.57	0.3036153846153847	-0.13673382093145248	0.3138909048469162	0.006125973869990449	1.3197315634688446e-05	19.385852813720703
23.738	2.57	0.31180769230769234	-0.1440142499889075	0.3117996710410112	0.005711030517886055	-0.000591064575411053	19.181682586669922
23.738	2.57	0.32	-0.15178852003540985	0.3093076638469243	0.005785184510409004	-0.00035919748096915807	18.9759521484375
23.738	2.578695652173913	0.0005	-0.02409132385404826	0.1890075346899024	0.006782179767832185	0.004484038991452329	12.870452880859375
23.738	2.578695652173913	0.008692307692307694	-0.013401380221005985	0.2915462297482221	0.0073273704128938525	0.00474401478905093	34.67575454711914
23.738	2.578695652173913	0.016884615384615387	-0.01826522996893197	0.29843583582917144	0.007019513486965131	0.004540445070668106	44.1513671875
23.738	2.578695652173913	0.02507692307692308	-0.019132775573637774	0.3033368813900081	0.007086522896831635	0.004582796472445232	46.25644302368164
23.738	2.578695652173913	0.03326923076923077	-0.01890469243994027	0.31252438305893815	0.007173739608141768	0.0043886578045245934	48.731300354003906
23.738	2.578695652173913	0.041461538461538466	-0.02024486878694312	0.3087571667842195	0.007004941535150579	0.004085387481977416	46.79564666748047
23.738	2.578695652173913	0.04965384615384616	-0.019200822361691215	0.3103341563135691	0.007091982546798246	0.004302113612179418	42.436214447021484
23.738	2.578695652173913	0.05784615384615385	-0.01991932150023637	0.3123658524215084	0.006873140995587293	0.003738521157443673	40.39409637451172
23.738	2.578695652173913	0.06603846153846155	-0.02020914131709866	0.31143604781110334	0.006808562566577294	0.0038402005525275916	39.53615760803223
23.738	2.578695652173913	0.07423076923076924	-0.020144278534262136	0.3105321213717825	0.007108919910493189	0.003682872962758497	38.35764694213867
23.738	2.578695652173913	0.08242307692307693	-0.02020144959385988	0.3096785254258275	0.0070045061219758085	0.0037456320202293794	37.199880599975586
23.738	2.578695652173913	0.09061538461538463	-0.019886208577361498	0.3091555332742745	0.006710545056159693	0.0034253083828935616	36.136173248291016
23.738	2.578695652173913	0.09880769230769232	-0.019002525015082747	0.3104822387896591	0.006869393419185447	0.0034442409096391902	35.488277435302734
23.738	2.578695652173913	0.10700000000000001	-0.01907015766045133	0.30779890436456747	0.006869890454635041	0.003318180436344346	34.40101623535156
23.738	2.578695652173913	0.1151923076923077	-0.0182800522401103	0.3070784774302028	0.006700629113418996	0.003117555675289124	33.85797882080078
23.738	2.578695652173913	0.1233846153846154	-0.018137621045604114	0.30653161330743495	0.006785313987776773	0.0031685035904153126	33.143978118896484
23.738	2.578695652173913	0.1315769230769231	-0.018467005581479207	0.3055247277859218	0.00677787456267806	0.0033192287238413337	32.383174896240234
23.738	2.578695652173913	0.13976923076923078	-0.019019724723185104	0.3061139082195207	0.006796243909476922	0.0032869567646336166	31.44016456604004
23.738	2.578695652173913	0.14796153846153848	-0.018595621857676343	0.30577780453251613	0.006859971070888267	0.003152465922072168	30.738067626953125
23.738	2.578695652173913	0.15615384615384617	-0.019284752142849054	0.30684292831075993	0.006669593824229966	0.0032220240067263165	30.049537658691406
23.738	2.578695652173913	0.16434615384615386	-0.020111000043826308	0.30757313511721185	0.006627550967717838	0.0030048570409862826	29.503942489624023
23.738	2.578695652173913	0.17253846153846156	-0.021629995599703786	0.3086668872783254	0.006514400147247072	0.0029942117669352255	28.847084045410156
23.738	2.578695652173913	0.18073076923076925	-0.02398149493196447	0.30980354314236874	0.006431490111648455	0.002930681759852637	28.057418823242188
23.738	2.578695652173913	0.18892307692307694	-0.02686948779841819	0.3104100108991024	0.006638413620253266	0.002775129836408436	27.309263229370117
23.738	2.578695652173913	0.19711538461538464	-0.029984607715911042	0.3114185812963461	0.0066427072316086085	0.002584162423728339	26.504976272583008
23.738	2.578695652173913	0.20530769230769233	-0.03478723530922357	0.31230107030264703	0.0063569323706141245	0.002537347876562092	25.639501571655273
23.738	2.578695652173913	0.21350000000000002	-0.039771006481643	0.313729355478313	0.006328941939205727	0.0024204012046473156	24.902936935424805
23.738	2.578695652173913	0.22169230769230772	-0.045729054054580644	0.3147432001569486	0.0064765872883183855	0.0022538317124500915	24.20874786376953
23.738	2.578695652173913	0.2298846153846154	-0.05194887310699705	0.3157026817816747	0.00636353037344843	0.002101246479414084	23.564340591430664
23.738	2.578695652173913	0.2380769230769231	-0.05825949740293919	0.31648970341006966	0.006356646028739199	0.0019317824283219586	22.910200119018555
23.738	2.578695652173913	0.2462692307692308	-0.06581497267517744	0.31599575236136757	0.006075230464639826	0.0016515406310202638	22.406848907470703
23.738	2.578695652173913	0.25446153846153846	-0.07267492564841671	0.3144502121271593	0.006303705175675002	0.00186973635541012	21.926267623901367
23.738	2.578695652173913	0.2626538461538462	-0.08020226907330238	0.31371045513610996	0.006220203766973361	0.0015619243143480727	21.517852783203125
23.738	2.578695652173913	0.2708461538461539	-0.08773328754697599	0.3130693442998145	0.006143475784834622	0.0015187939133973626	21.083337783813477
23.738	2.578695652173913	0.27903846153846157	-0.09534959449748878	0.31252979854348634	0.006018221085533437	0.0012495440872881116	20.7188720703125
23.738	2.578695652173913	0.28723076923076923	-0.10297832143343426	0.31170491509133547	0.0059064298222293865	0.0011768128616373066	20.39887237548828
23.738	2.578695652173913	0.29542307692307695	-0.1103724989382981	0.3104766107246613	0.005845445514009173	0.0010061209794790277	20.072616577148438
23.738	2.578695652173913	0.3036153846153847	-0.11787603219426769	0.3089529797815182	0.0056986363618504	0.0010372811856021297	19.83967399597168
23.738	2.578695652173913	0.31180769230769234	-0.1256429476256885	0.30746671330073033	0.005697046436929938	0.0006346998641091697	19.587337493896484
23.738	2.578695652173913	0.32	-0.13281646863116106	0.30621495512437286	0.005612664067106652	0.0004163048709741623	19.314756393432617
23.738	2.587391304347826	0.0005	-0.0808374036897548	0.40528340605210716	0.007587548859996144	0.005638147087198264	10.977973937988281
23.738	2.587391304347826	0.008692307692307694	-0.004238297120004231	0.21394429340509846	0.007450646982198946	0.005789740892895915	34.77572250366211
23.738	2.587391304347826	0.016884615384615387	-0.010205254778533512	0.2237258551969953	0.0076601630216663625	0.005805183468282172	37.92489242553711
23.738	2.587391304347826	0.02507692307692308	-0.012633295432000691	0.22920984647719345	0.007595010433659037	0.005634393584078808	47.43218994140625
23.738	2.587391304347826	0.03326923076923077	-0.008866958570628577	0.23653792436000554	0.0075205880288030155	0.005538706008771231	44.98605728149414
23.738	2.587391304347826	0.041461538461538466	-0.011472307022917615	0.24161828400144797	0.007440794353153158	0.005242382669691116	47.125919342041016
23.738	2.587391304347826	0.04965384615384616	-0.010560764548104477	0.24735626261222393	0.007444686368369329	0.005072581482966723	44.93822479248047
23.738	2.587391304347826	0.05784615384615385	-0.01166973330223639	0.25166054775880853	0.007330365292002005	0.004871246500508192	42.35523986816406
23.738	2.587391304347826	0.06603846153846155	-0.01349847643225008	0.26052710980509974	0.007308089696359103	0.004697933844667579	40.38257026672363
23.738	2.587391304347826	0.07423076923076924	-0.013736017218542895	0.2664098956941251	0.007237810304606506	0.004498708106982044	39.61964988708496
23.738	2.587391304347826	0.08242307692307693	-0.013716708167266244	0.27083390008836605	0.007340714401896647	0.004572691541851885	37.96562194824219
23.738	2.587391304347826	0.09061538461538463	-0.013777624114226691	0.275012412184771	0.007384520248472753	0.004569115343212266	36.90634346008301
23.738	2.587391304347826	0.09880769230769232	-0.013428030951690068	0.2786838318052849	0.007132969994000276	0.004383504702143786	35.583641052246094
23.738	2.587391304347826	0.10700000000000001	-0.014277740727945805	0.2830584503612375	0.007046876650002199	0.004304001388316339	34.21537780761719
23.738	2.587391304347826	0.1151923076923077	-0.01404296770046802	0.2848482216581362	0.0071901974808372526	0.004241148495224495	33.31405258178711
23.738	2.587391304347826	0.1233846153846154	-0.01491947590033977	0.28653585194555153	0.007301786089543623	0.0042649689880127125	32.2877197265625
23.738	2.587391304347826	0.1315769230769231	-0.015013694841433195	0.2880049135790481	0.007212874169700502	0.004232341691134149	31.631885528564453
23.738	2.587391304347826	0.13976923076923078	-0.016558372720030537	0.289301077974357	0.0071042060150500195	0.004192253709352067	30.753990173339844
23.738	2.587391304347826	0.14796153846153848	-0.017687519907051395	0.2910307796953355	0.007123059540423091	0.004314033984716959	30.232017517089844
23.738	2.587391304347826	0.15615384615384617	-0.01784176290170884	0.29258446565899854	0.007006442843469088	0.004028622891020407	29.777563095092773
23.738	2.587391304347826	0.16434615384615386	-0.01880179957447703	0.293880389655075	0.006777146039449646	0.004125646858965069	29.379928588867188
23.738	2.587391304347826	0.17253846153846156	-0.020097489906085085	0.2950719090887075	0.006850032904104367	0.004035337638133229	29.083541870117188
23.738	2.587391304347826	0.18073076923076925	-0.021709668194172395	0.2960992500138643	0.006879402155571025	0.004069279994325879	28.624755859375
23.738	2.587391304347826	0.18892307692307694	-0.024408615495884852	0.2985302533672124	0.006679490181907223	0.003864059688544386	28.152774810791016
23.738	2.587391304347826	0.19711538461538464	-0.02761134867472615	0.29779596720906315	0.00669000515215782	0.0036661314183988308	27.464813232421875
23.738	2.587391304347826	0.20530769230769233	-0.031625257390295564	0.2992637364659143	0.006759859156568349	0.0036949381398816983	26.60653305053711
23.738	2.587391304347826	0.21350000000000002	-0.035363470956543866	0.30054367711560676	0.006846317781221344	0.003135801261051164	25.81181526184082
23.738	2.587391304347826	0.22169230769230772	-0.04038811079957562	0.30084406224338217	0.006623168742137248	0.0029417973536696026	25.049217224121094
23.738	2.587391304347826	0.2298846153846154	-0.046029637874737	0.301699895911944	0.006616215157721821	0.003010325316728987	24.344680786132812
23.738	2.587391304347826	0.2380769230769231	-0.05183467501423539	0.3022339160692048	0.006727379648948926	0.003076944787591846	23.756635665893555
23.738	2.587391304347826	0.2462692307692308	-0.058445874854889474	0.30219138154483627	0.006316544880549349	0.0028128147103025094	23.10198402404785
23.738	2.587391304347826	0.25446153846153846	-0.06452583805375245	0.30169848944482625	0.006322110155448403	0.00282691858592901	22.58209228515625
23.738	2.587391304347826	0.2626538461538462	-0.07139595814450504	0.30133059381427413	0.006443033324483614	0.0027300957817942458	22.109487533569336
23.738	2.587391304347826	0.2708461538461539	-0.07880235340080413	0.30051324753117925	0.006292125821354455	0.0026209407759441765	21.685855865478516
23.738	2.587391304347826	0.27903846153846157	-0.08570516190475042	0.30018517381946275	0.006290666959383848	0.002291240744046152	21.24443244934082
23.738	2.587391304347826	0.28723076923076923	-0.0925958358867299	0.2994382148605464	0.006225569989650247	0.002227247808705167	20.880170822143555
23.738	2.587391304347826	0.29542307692307695	-0.10036892094167137	0.29861130482719	0.0060558516583873335	0.002267123117711189	20.386812210083008
23.738	2.587391304347826	0.3036153846153847	-0.10775777859256173	0.2966555810497925	0.006013611512738358	0.00195972976596134	19.926109313964844
23.738	2.587391304347826	0.31180769230769234	-0.11468110833880768	0.2957742162583643	0.005790733083425448	0.0015694933280449277	19.527572631835938
23.738	2.587391304347826	0.32	-0.12284203565657703	0.294467569156176	0.005706915145741222	0.0016007066491986308	19.160192489624023
23.738	2.596086956521739	0.0005	0.002160348529214026	0.09454271869230868	0.007277524968677523	0.00605669861384539	13.609176635742188
23.738	2.596086956521739	0.008692307692307694	-0.0248699965234905	0.2772212626734979	0.007541258440042935	0.006392856165128059	31.648040771484375
23.738	2.596086956521739	0.016884615384615387	-0.02413782241681156	0.2846845875089282	0.0077119097896603366	0.006430778784722668	33.76752471923828
23.738	2.596086956521739	0.02507692307692308	-0.022679593292265512	0.2891301857833976	0.00734982261401875	0.0058565949502202945	45.74846649169922
23.738	2.596086956521739	0.03326923076923077	-0.024250056447671343	0.29086256807812516	0.0073275927998152956	0.00589512120690544	43.4647102355957
23.738	2.596086956521739	0.041461538461538466	-0.02321649042340961	0.29096747530849104	0.007693813595475453	0.005853752703506753	43.7846565246582
23.738	2.596086956521739	0.04965384615384616	-0.022805230295388366	0.2953061272040141	0.007429207936517137	0.005663861203202827	41.82213020324707
23.738	2.596086956521739	0.05784615384615385	-0.026055829202859083	0.2957017589941754	0.007470483995863406	0.005353274690997636	40.39426803588867
23.738	2.596086956521739	0.06603846153846155	-0.02481259761760978	0.29746885233317905	0.0073754544407768925	0.005306506238985889	38.22431945800781
23.738	2.596086956521739	0.07423076923076924	-0.024629003390772612	0.29779727988635585	0.007399821323057335	0.004970600699590138	37.37815284729004
23.738	2.596086956521739	0.08242307692307693	-0.02287417177291355	0.2958418626885301	0.007548826379452252	0.005159364133248524	36.52954292297363
23.738	2.596086956521739	0.09061538461538463	-0.022088897479672142	0.29609075145492025	0.007477026779356745	0.004896145479696206	35.45792007446289
23.738	2.596086956521739	0.09880769230769232	-0.021823814642987438	0.2944484536909459	0.007271745942075787	0.004809777795420703	34.66947937011719
23.738	2.596086956521739	0.10700000000000001	-0.021064274226221487	0.2930976676022129	0.00724516082058951	0.004649836007032606	34.00905990600586
23.738	2.596086956521739	0.1151923076923077	-0.020371023345707978	0.2912413549776889	0.0074530958859739	0.004619201489506513	33.20705986022949
23.738	2.596086956521739	0.1233846153846154	-0.02005695448979375	0.2898972251720866	0.007310501574419906	0.00450780014319659	32.56908988952637
23.738	2.596086956521739	0.1315769230769231	-0.019416741666842745	0.28911803188996954	0.007373031826862149	0.004644558187796721	31.927692413330078
23.738	2.596086956521739	0.13976923076923078	-0.018877537188578892	0.28772520694213555	0.007155717496700296	0.0044849003354830485	30.921009063720703
23.738	2.596086956521739	0.14796153846153848	-0.018737428969522036	0.28655833901096595	0.0072201089189539045	0.004623324602028251	30.310823440551758
23.738	2.596086956521739	0.15615384615384617	-0.018644464085279065	0.28786008430282345	0.007167648584222693	0.004615445702143913	29.709487915039062
23.738	2.596086956521739	0.16434615384615386	-0.01963824937066998	0.28799206226934443	0.007128194267217756	0.004364520975837057	29.220056533813477
23.738	2.596086956521739	0.17253846153846156	-0.019917018091797044	0.28946874352106267	0.006992695631426743	0.004552965774751192	28.600879669189453
23.738	2.596086956521739	0.18073076923076925	-0.021108909355967452	0.2901386523705851	0.006919443077221914	0.004382355091626188	28.033470153808594
23.738	2.596086956521739	0.18892307692307694	-0.022199916463428643	0.29127910853594385	0.007059777789075078	0.004489691354357806	27.19695472717285
23.738	2.596086956521739	0.19711538461538464	-0.025756769820303598	0.29278670279792823	0.00712891297162313	0.004231615969994698	26.481002807617188
23.738	2.596086956521739	0.20530769230769233	-0.028157392324079777	0.2939789824153113	0.007023606480372685	0.004149421209091023	25.739057540893555
23.738	2.596086956521739	0.21350000000000002	-0.03240930579888883	0.2953417361135653	0.007179991067976401	0.004167536371734892	25.06621742248535
23.738	2.596086956521739	0.22169230769230772	-0.03695831774443179	0.2963482109972809	0.006929471607934711	0.0038958015358293036	24.33278465270996
23.738	2.596086956521739	0.2298846153846154	-0.04206137982168259	0.2970242508779173	0.006853121029939867	0.0037119389631373938	23.70180892944336
23.738	2.596086956521739	0.2380769230769231	-0.047139282297496046	0.2971320877353215	0.006802549080093071	0.00369069885721357	23.119400024414062
23.738	2.596086956521739	0.2462692307692308	-0.0530766835629647	0.2969504607563921	0.006600259265921302	0.0032834742912947737	22.565250396728516
23.738	2.596086956521739	0.25446153846153846	-0.059548333970077943	0.29683733816186075	0.00659651289089439	0.0033199804407873738	22.04994010925293
23.738	2.596086956521739	0.2626538461538462	-0.06548172502794573	0.2956546526413171	0.006506249619667564	0.003190824067061939	21.62152862548828
23.738	2.596086956521739	0.2708461538461539	-0.07225992080862587	0.2950297051768779	0.006484865325126218	0.0031672767395976827	21.21176528930664
23.738	2.596086956521739	0.27903846153846157	-0.07943392169585342	0.2942484746566444	0.006381354454559205	0.003007168029129429	20.657169342041016
23.738	2.596086956521739	0.28723076923076923	-0.08590406175396215	0.2940398394718266	0.006393653839630148	0.00301996807107029	20.15022850036621
23.738	2.596086956521739	0.29542307692307695	-0.09334098592385397	0.2927086688610918	0.006218008813809774	0.0028903369103650753	19.649372100830078
23.738	2.596086956521739	0.3036153846153847	-0.10117103930547583	0.2921856182660169	0.00615794108581035	0.002774492286648243	19.196090698242188
23.738	2.596086956521739	0.31180769230769234	-0.10777813317704696	0.2903531404826982	0.006011599062647337	0.002613662594189525	18.775962829589844
23.738	2.596086956521739	0.32	-0.11449697087317995	0.2891168634078479	0.00600428542712329	0.002608031820313564	18.39996910095215
23.738	2.604782608695652	0.0005	-0.08637197087317995	0.2609918634078479	0.007630730323328986	0.006550763887224957	13.216636657714844
23.738	2.604782608695652	0.008692307692307694	-0.00361871861186168	0.22884464411968508	0.007906945343112365	0.006814319727257625	33.101219177246094
23.738	2.604782608695652	0.016884615384615387	-9.06040033249584e-05	0.23879749545796877	0.007870632249151945	0.006557839519271642	42.45684051513672
23.738	2.604782608695652	0.02507692307692308	-0.00043607978875920706	0.25126665182381036	0.007836127712132334	0.006635681060921033	47.3660774230957
23.738	2.604782608695652	0.03326923076923077	-0.003610286302117722	0.2581025151075875	0.0077977283115342085	0.006335676127760291	45.37494659423828
23.738	2.604782608695652	0.041461538461538466	-0.004511837597046715	0.26452097834650257	0.007755033826723997	0.006402707626929252	44.77722930908203
23.738	2.604782608695652	0.04965384615384616	-0.006543092365418298	0.26985603512827133	0.00772056719291884	0.006100287178691316	42.93295860290527
23.738	2.604782608695652	0.05784615384615385	-0.009076708774298534	0.27641037434841237	0.007474546501679428	0.0059016197982757965	40.16679000854492
23.738	2.604782608695652	0.06603846153846155	-0.01068010815258193	0.28123487967936783	0.007701383459843444	0.005855135774109021	38.72921943664551
23.738	2.604782608695652	0.07423076923076924	-0.010975322897845842	0.2873657629453353	0.007607723191043424	0.005645671399821121	37.41830253601074
23.738	2.604782608695652	0.08242307692307693	-0.012495838131124115	0.29016063256196306	0.007850951195226465	0.0057419629779412625	36.759849548339844
23.738	2.604782608695652	0.09061538461538463	-0.012706391725057695	0.2943478608132116	0.007688768840538055	0.005439981842305973	35.80917549133301
23.738	2.604782608695652	0.09880769230769232	-0.014513534548515443	0.2969850742313232	0.007622506289615905	0.005363693827683367	34.82952880859375
23.738	2.604782608695652	0.10700000000000001	-0.015621716803635917	0.29952588389029045	0.007499218924775394	0.005194446252579132	34.06607437133789
23.738	2.604782608695652	0.1151923076923077	-0.015965462505229344	0.30071809256215465	0.00751587476031853	0.0051946801435799215	33.66823196411133
23.738	2.604782608695652	0.1233846153846154	-0.016720180549392727	0.301514141678475	0.007603450846452093	0.005362818534500368	32.80975532531738
23.738	2.604782608695652	0.1315769230769231	-0.01814713740438621	0.3014493297385194	0.007311176815010325	0.005408513226362877	31.932632446289062
23.738	2.604782608695652	0.13976923076923078	-0.018354435315788058	0.3027962024912843	0.007488379009764823	0.005089050158645728	31.25124740600586
23.738	2.604782608695652	0.14796153846153848	-0.018651648824535568	0.3041133896687672	0.007295165970599692	0.005159627305116623	30.61068344116211
23.738	2.604782608695652	0.15615384615384617	-0.020867001013331377	0.30493219464622895	0.007608288515303193	0.005200326454249074	30.062623977661133
23.738	2.604782608695652	0.16434615384615386	-0.022329234725861666	0.3055123010013551	0.0072576756104333244	0.005128163744291626	29.213729858398438
23.738	2.604782608695652	0.17253846153846156	-0.02409661526566577	0.30720650206999	0.007387173253421879	0.005103093590150487	28.46466064453125
23.738	2.604782608695652	0.18073076923076925	-0.02656568747719956	0.3086354478516531	0.007269189464780735	0.004954765085812719	27.63180923461914
23.738	2.604782608695652	0.18892307692307694	-0.029541796518100627	0.30954129342203107	0.007289026555141843	0.005026972912285313	26.869253158569336
23.738	2.604782608695652	0.19711538461538464	-0.03249715789974668	0.31033615224482297	0.007105574849626001	0.004916834671846742	26.06508445739746
23.738	2.604782608695652	0.20530769230769233	-0.037010502919106625	0.31098874295211876	0.007052009729932966	0.004680365144937531	25.186573028564453
23.738	2.604782608695652	0.21350000000000002	-0.04097150280726245	0.31218890882507944	0.007119820042014104	0.00450284486481271	24.473567962646484
23.738	2.604782608695652	0.22169230769230772	-0.04682225682878078	0.31188098652750323	0.007071711427151619	0.004677296366050337	23.766525268554688
23.738	2.604782608695652	0.2298846153846154	-0.05274869301461758	0.31200906200796436	0.0070110230052065365	0.004532383381071465	23.112098693847656
23.738	2.604782608695652	0.2380769230769231	-0.058917170057249516	0.31200288838594636	0.007005880165608793	0.004328416063227022	22.463829040527344
23.738	2.604782608695652	0.2462692307692308	-0.06570900983454706	0.31091340174893234	0.006861472646779928	0.00420658692553124	21.92129135131836
23.738	2.604782608695652	0.25446153846153846	-0.0720489478670011	0.3091204935595655	0.006721869802096533	0.003973253184241996	21.417966842651367
23.738	2.604782608695652	0.2626538461538462	-0.07926926205507748	0.3079210226841276	0.006533614416115026	0.003789600552265622	20.958173751831055
23.738	2.604782608695652	0.2708461538461539	-0.08672155812053506	0.3066875147708522	0.006690523130109875	0.00386497306880697	20.553329467773438
23.738	2.604782608695652	0.27903846153846157	-0.09447465873925512	0.30480659837655905	0.006592904509416785	0.0036392721419436754	20.186506271362305
23.738	2.604782608695652	0.28723076923076923	-0.10136524518273052	0.30383877474659415	0.006531761123297272	0.0035891340557176058	19.82929229736328
23.738	2.604782608695652	0.29542307692307695	-0.10935048381211804	0.3025005774922962	0.006520917425878516	0.003422883478568423	19.49454116821289
23.738	2.604782608695652	0.3036153846153847	-0.11631711753313881	0.30015232887524834	0.00634844628431944	0.0033121774158720147	19.145774841308594
23.738	2.604782608695652	0.31180769230769234	-0.1242596001759682	0.297581550278102	0.006373440835590088	0.003247093069012893	18.70279312133789
23.738	2.604782608695652	0.32	-0.1318558227746881	0.29627684858953235	0.006245753004113397	0.003195984876407751	18.341567993164062
23.738	2.613478260869565	0.0005	-0.014267430129567507	0.418075394084208	0.008348462355151746	0.006531428242812185	10.847648620605469
23.738	2.613478260869565	0.008692307692307694	-0.02295429897598399	0.27418050189828147	0.008425276436721151	0.0067677915254537886	32.00018310546875
23.738	2.613478260869565	0.016884615384615387	-0.024490072253266715	0.2918829264244961	0.00863467550328929	0.0068226680023184706	43.962005615234375
23.738	2.613478260869565	0.02507692307692308	-0.02310240161708966	0.3036422358951496	0.008316653338921443	0.006698917426652426	47.46516799926758
23.738	2.613478260869565	0.03326923076923077	-0.023772032526976388	0.30937225892522074	0.008540437029976686	0.006557037646631156	46.530799865722656
23.738	2.613478260869565	0.041461538461538466	-0.023795142852240353	0.31045673371373683	0.008462599442176404	0.006448559037564916	46.58842849731445
23.738	2.613478260869565	0.04965384615384616	-0.025171937136455432	0.31112331742568666	0.008467012525668536	0.00646297035187743	42.04557800292969
23.738	2.613478260869565	0.05784615384615385	-0.024613053466414632	0.312218467140814	0.00834643250518419	0.006258120516177569	39.291717529296875
23.738	2.613478260869565	0.06603846153846155	-0.025201202909922726	0.3103909885720414	0.007891934515917073	0.006027399271589075	37.897274017333984
23.738	2.613478260869565	0.07423076923076924	-0.025537019725740524	0.30909445278221936	0.008379078234422077	0.00626594883845938	36.66410446166992
23.738	2.613478260869565	0.08242307692307693	-0.02525818547219095	0.3063059243547377	0.008054733250166344	0.005954271249843813	35.82573699951172
23.738	2.613478260869565	0.09061538461538463	-0.024776849260392357	0.3056626214475982	0.008177691495829423	0.005816871355584095	35.06049728393555
23.738	2.613478260869565	0.09880769230769232	-0.02399949247984013	0.30293887388309604	0.008095158413063023	0.00578826879969974	34.44837188720703
23.738	2.613478260869565	0.10700000000000001	-0.02311806277785481	0.2999847966768641	0.008120672086790624	0.005757994978629622	33.48522186279297
23.738	2.613478260869565	0.1151923076923077	-0.02305834602512451	0.29854125594122816	0.008160700936225368	0.00561022398049235	33.05496597290039
23.738	2.613478260869565	0.1233846153846154	-0.023932989099533477	0.2968687568551982	0.008115946123749974	0.0056221986773772725	32.22918701171875
23.738	2.613478260869565	0.1315769230769231	-0.02308205257515812	0.2952124769182062	0.008128810544819	0.005862820788450483	31.618295669555664
23.738	2.613478260869565	0.13976923076923078	-0.02345581922502181	0.2944923602605939	0.00803756197976022	0.005690580812204793	30.893436431884766
23.738	2.613478260869565	0.14796153846153848	-0.02365232249078265	0.29438072507993807	0.007801343094721816	0.005636436902221397	30.09923553466797
23.738	2.613478260869565	0.15615384615384617	-0.024497851456656776	0.2957581239942755	0.007872470736871615	0.0057424550163142725	29.482032775878906
23.738	2.613478260869565	0.16434615384615386	-0.02593621751426403	0.2970825854110132	0.0077949287804882205	0.0054503355797782815	28.63319969177246
23.738	2.613478260869565	0.17253846153846156	-0.027059690354931047	0.299137362971982	0.007811459246870613	0.005653337816736411	27.878341674804688
23.738	2.613478260869565	0.18073076923076925	-0.030073812194554878	0.3020021203616525	0.007536799951260572	0.005204717775129638	27.009172439575195
23.738	2.613478260869565	0.18892307692307694	-0.03381868395893141	0.3026334656625086	0.007795042927638259	0.005489023470091158	26.19223976135254
23.738	2.613478260869565	0.19711538461538464	-0.03781289012261075	0.3048809009580755	0.007625017951942717	0.0051463180552812245	25.35402488708496
23.738	2.613478260869565	0.20530769230769233	-0.04200254806639964	0.3053366050158973	0.00743548065644223	0.005067363526145776	24.60843276977539
23.738	2.613478260869565	0.21350000000000002	-0.04754360371591861	0.3073611673002479	0.007485004446257711	0.00505130446944425	23.827354431152344
23.738	2.613478260869565	0.22169230769230772	-0.05295732376618907	0.3070728771106699	0.007290001323752537	0.00488264521023388	23.230825424194336
23.738	2.613478260869565	0.2298846153846154	-0.05925125487925817	0.3077980076926804	0.007287066571160127	0.004935274629548933	22.570789337158203
23.738	2.613478260869565	0.2380769230769231	-0.06613376361571117	0.30788539390959047	0.007265306007974091	0.004706899255035697	21.987899780273438
23.738	2.613478260869565	0.2462692307692308	-0.07299298059266567	0.30720189248694507	0.00723609125331178	0.004866224418690541	21.49043083190918
23.738	2.613478260869565	0.25446153846153846	-0.08023651340974011	0.30650323241608163	0.0071608687057738655	0.004631748647901976	21.0179500579834
23.738	2.613478260869565	0.2626538461538462	-0.08709684957553504	0.3041020615545865	0.0070066864207325484	0.004481205640062388	20.613811492919922
23.738	2.613478260869565	0.2708461538461539	-0.09507922672469975	0.3037328131085093	0.006667352148884347	0.004413282328918272	20.23276138305664
23.738	2.613478260869565	0.27903846153846157	-0.10237266573522723	0.30270191225162824	0.006815595864032402	0.004280679857337403	19.893966674804688
23.738	2.613478260869565	0.28723076923076923	-0.10950531186818628	0.3008807662979013	0.006716501301276037	0.0045390031550859794	19.59734344482422
23.738	2.613478260869565	0.29542307692307695	-0.11680025258132763	0.2981494066135135	0.0067002565995162265	0.004257016741783892	19.337047576904297
23.738	2.613478260869565	0.3036153846153847	-0.12417374243704532	0.29706172722380664	0.006731170564923986	0.004250166583507887	19.071474075317383
23.738	2.613478260869565	0.31180769230769234	-0.132482820653598	0.2957831837515166	0.0066417754581416626	0.004096284452132762	18.660860061645508
23.738	2.613478260869565	0.32	-0.1396605492059803	0.2929990370444717	0.006416120251534468	0.004002656528034587	18.293394088745117
23.738	2.6221739130434787	0.0005	0.04707803231871588	0.3214962887264553	0.0087639206225352	0.006525629290703497	13.350723266601562
23.738	2.6221739130434787	0.008692307692307694	0.0006852654305730281	0.24903048409705425	0.009093013022887432	0.006636518152012415	35.843204498291016
23.738	2.6221739130434787	0.016884615384615387	0.006936934360626739	0.27009488476996685	0.00906786293979469	0.006420617901752978	39.976951599121094
23.738	2.6221739130434787	0.02507692307692308	0.002231219740598648	0.27719209439477366	0.00896179989762828	0.00652092198401372	45.05073928833008
23.738	2.6221739130434787	0.03326923076923077	0.003030591228990991	0.284214365234435	0.009022105400474623	0.006484892657894877	49.13948059082031
23.738	2.6221739130434787	0.041461538461538466	-0.00030881184692448024	0.28862154432330156	0.008856469281174655	0.006370183621501951	44.14876174926758
23.738	2.6221739130434787	0.04965384615384616	-0.0011511804496771678	0.29473528214488065	0.00886018469836243	0.006225870386251358	42.44230270385742
23.738	2.6221739130434787	0.05784615384615385	-0.003327080929455813	0.30086102063991005	0.008888222042183981	0.006260984542314192	39.48588943481445
23.738	2.6221739130434787	0.06603846153846155	-0.005483611587787046	0.3036704118340227	0.008890493295978213	0.006202350524955472	38.96887969970703
23.738	2.6221739130434787	0.07423076923076924	-0.00603020198386532	0.30793590990550695	0.008778359507043768	0.006099924725395903	37.5032901763916
23.738	2.6221739130434787	0.08242307692307693	-0.00567240497085346	0.3103099285291978	0.008700468618546998	0.0060852136696950025	36.243186950683594
23.738	2.6221739130434787	0.09061538461538463	-0.007042833477778693	0.3137849696819035	0.008703601203517437	0.005988390889370855	35.997989654541016
23.738	2.6221739130434787	0.09880769230769232	-0.008213246350813053	0.31475354226512753	0.008722159542903216	0.005844688844480453	34.86328125
23.738	2.6221739130434787	0.10700000000000001	-0.009129248600960633	0.3180316074411865	0.008812711170217674	0.005877086273124116	33.833290100097656
23.738	2.6221739130434787	0.1151923076923077	-0.00963860738608224	0.31836340377783734	0.008583643220273829	0.005902123708361012	32.580623626708984
23.738	2.6221739130434787	0.1233846153846154	-0.010399432069803032	0.3192575722896006	0.008581231136278532	0.005856653136211515	31.92099380493164
23.738	2.6221739130434787	0.1315769230769231	-0.011178367276274973	0.3195752358041798	0.008625673649188863	0.005877503443056494	31.234010696411133
23.738	2.6221739130434787	0.13976923076923078	-0.012059914945521014	0.32142155275123263	0.008478492529124367	0.005912880735726583	30.968551635742188
23.738	2.6221739130434787	0.14796153846153848	-0.012710853746209666	0.32248929644715146	0.008536786844809185	0.006017692518635055	30.27811050415039
23.738	2.6221739130434787	0.15615384615384617	-0.014801505075623288	0.32386346440999536	0.008413549524662983	0.005889627253449355	29.50506591796875
23.738	2.6221739130434787	0.16434615384615386	-0.017046554813017152	0.3257149239094439	0.008303843296725916	0.005763985878661167	28.579343795776367
23.738	2.6221739130434787	0.17253846153846156	-0.01999447266137695	0.32761310983570047	0.008253654937998301	0.005809943044300436	27.747833251953125
23.738	2.6221739130434787	0.18073076923076925	-0.023091474621681592	0.3292735617705224	0.00813654065261736	0.005769903012532961	26.781293869018555
23.738	2.6221739130434787	0.18892307692307694	-0.027682656565776863	0.33030961549373805	0.008061177340872134	0.0055751479043361215	25.81372833251953
23.738	2.6221739130434787	0.19711538461538464	-0.03281685649799447	0.33070347721221405	0.007986029963572786	0.005564511418317411	24.979589462280273
23.738	2.6221739130434787	0.20530769230769233	-0.0384056264107142	0.33211970741393526	0.007923922364094161	0.005444694138743501	24.193756103515625
23.738	2.6221739130434787	0.21350000000000002	-0.04503048396392624	0.3319933140438045	0.007965811676668407	0.005476839813016514	23.394866943359375
23.738	2.6221739130434787	0.22169230769230772	-0.052064440014799054	0.33276626111678725	0.007825849912130816	0.005204095553504887	22.61876678466797
23.738	2.6221739130434787	0.2298846153846154	-0.059704647447601455	0.33133617701847345	0.007843447878274325	0.00519002880840708	22.042098999023438
23.738	2.6221739130434787	0.2380769230769231	-0.06711428981298423	0.33142272308747	0.007823556838362425	0.005238521052175896	21.462060928344727
23.738	2.6221739130434787	0.2462692307692308	-0.07561019882305658	0.3292547768921189	0.0074251788966156924	0.004992239299842155	20.932615280151367
23.738	2.6221739130434787	0.25446153846153846	-0.0834964216102901	0.3284249861700488	0.007659405237788956	0.004953804413414958	20.467803955078125
23.738	2.6221739130434787	0.2626538461538462	-0.09181038666265638	0.3261539281321717	0.007529612497595379	0.004978483867978127	20.081188201904297
23.738	2.6221739130434787	0.2708461538461539	-0.10046082804273766	0.32459187639246095	0.007400658442341958	0.004933424531861591	19.674453735351562
23.738	2.6221739130434787	0.27903846153846157	-0.1080118577980059	0.3227293987474158	0.0075038896243687335	0.00501263252969551	19.344524383544922
23.738	2.6221739130434787	0.28723076923076923	-0.11637302623342072	0.32104144046692873	0.007395218818365817	0.0048571928436726385	19.066295623779297
23.738	2.6221739130434787	0.29542307692307695	-0.12460162014124537	0.3185469918237637	0.007285481053876176	0.004839450066742478	18.785511016845703
23.738	2.6221739130434787	0.3036153846153847	-0.1341434468364491	0.3166169289784145	0.007166378795333206	0.004787438360990201	18.50563621520996
23.738	2.6221739130434787	0.31180769230769234	-0.14142751993733998	0.3140262609108455	0.007107264174661591	0.0044782942855541505	18.3421573638916
23.738	2.6221739130434787	0.32	-0.14983348177868477	0.31136828081152507	0.006953945276760546	0.004545925583324427	18.146080017089844
23.738	2.6308695652173917	0.0005	-0.017226975431028538	0.3301693977548845	0.00967655995945819	0.006119118954044255	13.536788940429688
23.738	2.6308695652173917	0.008692307692307694	-0.01141208635765665	0.25065798626682845	0.009859004769041703	0.0062315747184317465	37.107486724853516
23.738	2.6308695652173917	0.016884615384615387	-0.018381597866598307	0.2772273109986553	0.009987909782833024	0.006425221518068325	39.55706024169922
23.738	2.6308695652173917	0.02507692307692308	-0.015362430250745995	0.28014080985447765	0.009736755522910335	0.006245868751668248	48.62874221801758
23.738	2.6308695652173917	0.03326923076923077	-0.016513959909564606	0.2878615125926295	0.009476350726717033	0.006217007193717659	47.72118377685547
23.738	2.6308695652173917	0.041461538461538466	-0.016979934569820186	0.2910881921570614	0.009516667697877373	0.00597403159053179	44.39475059509277
23.738	2.6308695652173917	0.04965384615384616	-0.01624139977283717	0.29620002167447057	0.009530247454253717	0.0060430373439693125	42.4541130065918
23.738	2.6308695652173917	0.05784615384615385	-0.01710013539195003	0.2978549222616346	0.00942290884054665	0.005843269403169275	41.15305709838867
23.738	2.6308695652173917	0.06603846153846155	-0.016509530338492336	0.29995023907962043	0.00943932791052867	0.005949595433054213	38.90012741088867
23.738	2.6308695652173917	0.07423076923076924	-0.016066669292995786	0.2995576113304221	0.009523559597088753	0.006096227624044418	37.95200157165527
23.738	2.6308695652173917	0.08242307692307693	-0.015681979606403475	0.30016565994354744	0.00922847997461513	0.005883655371616337	36.80453872680664
23.738	2.6308695652173917	0.09061538461538463	-0.015488898532810519	0.29794483073270206	0.009193588762705231	0.005685715877886265	36.07046699523926
23.738	2.6308695652173917	0.09880769230769232	-0.01452766090462118	0.2962563149076986	0.009201894047132708	0.005882259513570334	35.32766342163086
23.738	2.6308695652173917	0.10700000000000001	-0.014689994605321575	0.29590913328750756	0.009222024274789064	0.005767198536479279	34.649248123168945
23.738	2.6308695652173917	0.1151923076923077	-0.013238161804217977	0.2943919674627366	0.009241488495320575	0.005818585388398513	33.94003105163574
23.738	2.6308695652173917	0.1233846153846154	-0.013094293374631697	0.2923970289429534	0.009364806638882166	0.0056920389121306965	33.29362678527832
23.738	2.6308695652173917	0.1315769230769231	-0.013004281862702359	0.28983230460610937	0.009096482871952475	0.00587832593651271	32.59954643249512
23.738	2.6308695652173917	0.13976923076923078	-0.013519549377558894	0.28869479386952007	0.009059070441323421	0.005822796814484689	31.876501083374023
23.738	2.6308695652173917	0.14796153846153848	-0.012929165416715283	0.2894395702091359	0.009114134266976149	0.0059059239386128545	31.134933471679688
23.738	2.6308695652173917	0.15615384615384617	-0.014113326267193759	0.2892799175053939	0.008925886034969115	0.005868531150977529	30.202938079833984
23.738	2.6308695652173917	0.16434615384615386	-0.01619968586679573	0.2910820956593899	0.008919243112600861	0.005861651395633528	29.367870330810547
23.738	2.6308695652173917	0.17253846153846156	-0.018104433313838326	0.2941323025038448	0.008917400941854243	0.005772999671361602	28.46182632446289
23.738	2.6308695652173917	0.18073076923076925	-0.02085143951338752	0.29652685137783064	0.008748580641967336	0.005638814174533404	27.55799102783203
23.738	2.6308695652173917	0.18892307692307694	-0.024921844624117298	0.29873662955664826	0.008709904198188208	0.005619168773037185	26.516897201538086
23.738	2.6308695652173917	0.19711538461538464	-0.029250770828588218	0.3011644445477453	0.008648126521417599	0.005559662629452853	25.663379669189453
23.738	2.6308695652173917	0.20530769230769233	-0.03415320153938027	0.30210602419440064	0.00896661958306461	0.005576868183882573	24.877031326293945
23.738	2.6308695652173917	0.21350000000000002	-0.0407482702378964	0.3035390458016274	0.008613035025584097	0.005451199617896427	24.15559196472168
23.738	2.6308695652173917	0.22169230769230772	-0.046862516797794046	0.3051854014604154	0.008515804203736179	0.0056970125257114045	23.467334747314453
23.738	2.6308695652173917	0.2298846153846154	-0.053599559600075675	0.3053662231849206	0.008465873875794998	0.005423233813399025	22.812458038330078
23.738	2.6308695652173917	0.2380769230769231	-0.0606548588068044	0.30651635906453556	0.008553077065445605	0.005539493595533901	22.219398498535156
23.738	2.6308695652173917	0.2462692307692308	-0.06765370247253982	0.30520119866112205	0.008156189566653926	0.005312976662391394	21.74127769470215
23.738	2.6308695652173917	0.25446153846153846	-0.07573772023557056	0.3045929231286907	0.008225608209037965	0.005379480067392404	21.286359786987305
23.738	2.6308695652173917	0.2626538461538462	-0.08381432089405616	0.3042874756776981	0.008360523035478951	0.005350730987501307	20.827245712280273
23.738	2.6308695652173917	0.2708461538461539	-0.09053939155258016	0.3030009656276018	0.008203891799979577	0.005529474579337517	20.48572540283203
23.738	2.6308695652173917	0.27903846153846157	-0.09881009430709917	0.3023371589766656	0.008053829642352607	0.005266520324106206	20.182641983032227
23.738	2.6308695652173917	0.28723076923076923	-0.10669604867316468	0.30126648499172465	0.00813502463060441	0.005293495187309781	19.868783950805664
23.738	2.6308695652173917	0.29542307692307695	-0.11456641479480698	0.2988454737631445	0.008013049636321014	0.005462029350387322	19.62512969970703
23.738	2.6308695652173917	0.3036153846153847	-0.12171068433649354	0.29761833395461124	0.007937323608604132	0.0054122615980346876	19.334680557250977
23.738	2.6308695652173917	0.31180769230769234	-0.1302902763125066	0.29621336916463026	0.007964527701079714	0.004951060549869594	19.19011688232422
23.738	2.6308695652173917	0.32	-0.13888723262330033	0.29436135978905065	0.007684211457473068	0.005198596219683765	18.99097442626953
23.738	2.6395652173913047	0.0005	-0.09030259683472555	0.22866342372728093	0.009802089213718506	0.005612065246945944	13.39739990234375
23.738	2.6395652173913047	0.008692307692307694	0.010969986173086966	0.24879587001634346	0.010198672771895151	0.005744607669161863	35.5943489074707
23.738	2.6395652173913047	0.016884615384615387	0.017743716925304902	0.27227123395332187	0.010071342524423656	0.005850987498625639	42.48461151123047
23.738	2.6395652173913047	0.02507692307692308	0.019083010661334287	0.2765916885969475	0.009917010929308342	0.005674842981731816	46.222110748291016
23.738	2.6395652173913047	0.03326923076923077	0.01538704541954796	0.283071074220554	0.009827734221484212	0.005670640262483288	45.81619644165039
23.738	2.6395652173913047	0.041461538461538466	0.01438794640335838	0.28733631405533955	0.009930150371098411	0.005585305087081404	46.021549224853516
23.738	2.6395652173913047	0.04965384615384616	0.01178853372324321	0.2910846707312929	0.009625796439338717	0.005585803878923688	43.453346252441406
23.738	2.6395652173913047	0.05784615384615385	0.011513626091560045	0.29512911989332213	0.009837432012669307	0.00559255738819004	42.04672813415527
23.738	2.6395652173913047	0.06603846153846155	0.010426051279442072	0.29526961987467526	0.00969441749819976	0.005559693565482601	39.90375328063965
23.738	2.6395652173913047	0.07423076923076924	0.009713665505783316	0.2968023190424036	0.009686726912683071	0.0055941003063885815	38.7494010925293
23.738	2.6395652173913047	0.08242307692307693	0.008841442426578753	0.30041707178207144	0.009775406732854522	0.0056033922227940736	36.82451057434082
23.738	2.6395652173913047	0.09061538461538463	0.007853474382456113	0.3015210274482121	0.009779457425805363	0.005698967797026574	35.080684661865234
23.738	2.6395652173913047	0.09880769230769232	0.007440828324403863	0.30357259199359893	0.009637577059960073	0.0056136235798036945	33.776893615722656
23.738	2.6395652173913047	0.10700000000000001	0.006401824554056526	0.3041961035811813	0.009566904600991012	0.005578723325699409	32.49740219116211
23.738	2.6395652173913047	0.1151923076923077	0.006273409516476979	0.3043052845817886	0.009607792493000783	0.00564153477589725	31.753963470458984
23.738	2.6395652173913047	0.1233846153846154	0.0053180129797790205	0.30543407617852736	0.009567019310965826	0.005580088688968267	30.765851974487305
23.738	2.6395652173913047	0.1315769230769231	0.004738792137441779	0.3047238382588252	0.009592004476797436	0.0055933339159378375	29.99343490600586
23.738	2.6395652173913047	0.13976923076923078	0.004580989763899852	0.3053194134305264	0.009569451755595062	0.005513234493453203	29.521329879760742
23.738	2.6395652173913047	0.14796153846153848	0.0028537586342883663	0.30531796068929734	0.00950857027259585	0.0057411696688356795	29.056642532348633
23.738	2.6395652173913047	0.15615384615384617	0.0010773899794605441	0.30682726842636676	0.009432192809574655	0.005596252974622653	28.880901336669922
23.738	2.6395652173913047	0.16434615384615386	0.000510546107252858	0.3073349934545947	0.00928470553040914	0.005559426981717009	28.707277297973633
23.738	2.6395652173913047	0.17253846153846156	-0.0019262098718711646	0.30916379131840077	0.009489069478861752	0.005726317008784272	28.608383178710938
23.738	2.6395652173913047	0.18073076923076925	-0.004874536861879522	0.3105703206779203	0.009246306130970687	0.00546576845159925	28.138357162475586
23.738	2.6395652173913047	0.18892307692307694	-0.008758205634527106	0.31207524282882365	0.009375889293770605	0.005560803470605926	27.247732162475586
23.738	2.6395652173913047	0.19711538461538464	-0.012987380532300294	0.31317450393190516	0.00933847736627403	0.005780943987845927	26.30685043334961
23.738	2.6395652173913047	0.20530769230769233	-0.018299775342907963	0.31391876727949275	0.009350860063348527	0.005635439407661967	25.534595489501953
23.738	2.6395652173913047	0.21350000000000002	-0.023778976414192438	0.31523693386453533	0.008980748125539253	0.0053180213264126235	24.6334285736084
23.738	2.6395652173913047	0.22169230769230772	-0.029905232659420113	0.3159698380630608	0.00899432726266763	0.005655046431662366	23.961538314819336
23.738	2.6395652173913047	0.2298846153846154	-0.0374041608703899	0.31665004554095694	0.009144441989742052	0.005352097266203671	23.274097442626953
23.738	2.6395652173913047	0.2380769230769231	-0.04442062916295779	0.3167187805521118	0.008904373911981608	0.005271098372239035	22.617443084716797
23.738	2.6395652173913047	0.2462692307692308	-0.051369527447420994	0.31589016692894994	0.009031049801120601	0.00541587832512732	22.051328659057617
23.738	2.6395652173913047	0.25446153846153846	-0.05973404748713444	0.3148867685420913	0.008944871049210427	0.005584209362115863	21.590131759643555
23.738	2.6395652173913047	0.2626538461538462	-0.06721283542340468	0.31465464281649413	0.008772091156755566	0.005446603580623554	21.10543441772461
23.738	2.6395652173913047	0.2708461538461539	-0.07557523278867677	0.3132093384935064	0.008786504747298533	0.005419928092289407	20.711082458496094
23.738	2.6395652173913047	0.27903846153846157	-0.08349419657081683	0.3122750822658776	0.008737510821843562	0.0051658869678952325	20.328508377075195
23.738	2.6395652173913047	0.28723076923076923	-0.09140778165025554	0.3110590967581931	0.008944271384858104	0.005501271921982435	20.044832229614258
23.738	2.6395652173913047	0.29542307692307695	-0.10024414402138578	0.31042298626897125	0.008798627885626086	0.005311609282492739	19.706201553344727
23.738	2.6395652173913047	0.3036153846153847	-0.1083932520061546	0.3073174563269786	0.008734288429664356	0.005341773792296528	19.457386016845703
23.738	2.6395652173913047	0.31180769230769234	-0.115936523204092	0.30664923781628756	0.008721338219350819	0.005112898194109967	19.228055953979492
23.738	2.6395652173913047	0.32	-0.12438349659739464	0.3049999841458872	0.008572614778989606	0.005095027064143162	19.03274154663086
23.738	2.6482608695652177	0.0005	-0.017940864746444192	0.2455560198838599	0.01061301098829377	0.005319686596484484	14.370948791503906
23.738	2.6482608695652177	0.008692307692307694	-0.014931321644209586	0.2286445177945085	0.010602882871045948	0.005237689535951627	37.469486236572266
23.738	2.6482608695652177	0.016884615384615387	-0.009510678553007804	0.2603902764471956	0.01058282430145813	0.0053674690480693356	43.2259521484375
23.738	2.6482608695652177	0.02507692307692308	-0.009638947469167672	0.26397792630295813	0.010735873348620445	0.005400355480053361	48.13776779174805
23.738	2.6482608695652177	0.03326923076923077	-0.011149835993521177	0.267628760434944	0.010586849497238824	0.005339413278516277	46.611942291259766
23.738	2.6482608695652177	0.041461538461538466	-0.012375822325222458	0.27500927539940545	0.010521415724773373	0.005251909158703457	45.017208099365234
23.738	2.6482608695652177	0.04965384615384616	-0.01218558981062404	0.2740715854284641	0.010552719485398095	0.00534326665403362	44.548954010009766
23.738	2.6482608695652177	0.05784615384615385	-0.013719613835095179	0.27900923033533576	0.010431103169192518	0.005387339389875257	41.44359588623047
23.738	2.6482608695652177	0.06603846153846155	-0.01270876094593734	0.27868062486462264	0.010434566882730223	0.005404783257088144	40.617950439453125
23.738	2.6482608695652177	0.07423076923076924	-0.013133710161107896	0.2769040993243686	0.010341809695062916	0.0053616639575715976	39.04178810119629
23.738	2.6482608695652177	0.08242307692307693	-0.013451594583946586	0.27811704704689294	0.01022442938886768	0.005406013914768099	37.27566719055176
23.738	2.6482608695652177	0.09061538461538463	-0.012034176040741562	0.27882319357747004	0.010194558852485687	0.005378150994699819	36.60472106933594
23.738	2.6482608695652177	0.09880769230769232	-0.012707058294946321	0.2783928879215086	0.010241674743358575	0.005470751785019519	35.697370529174805
23.738	2.6482608695652177	0.10700000000000001	-0.011578579189460092	0.27725430722005096	0.010087244865483201	0.005483997051765319	34.50189208984375
23.738	2.6482608695652177	0.1151923076923077	-0.011547321291379	0.2746393329720608	0.010215411980607467	0.005554607843748298	33.63189697265625
23.738	2.6482608695652177	0.1233846153846154	-0.010909029763995891	0.2747765425483774	0.010297887630019115	0.005409779867063832	32.69172668457031
23.738	2.6482608695652177	0.1315769230769231	-0.010585346418945808	0.27288181659680744	0.010295734055598468	0.005432345957948372	31.86623764038086
23.738	2.6482608695652177	0.13976923076923078	-0.011085284847347755	0.2718635107288972	0.010016713842755275	0.005404262364791916	31.17680549621582
23.738	2.6482608695652177	0.14796153846153848	-0.010409703079192657	0.2719938364709629	0.010152181527658568	0.005481544500895125	30.521087646484375
23.738	2.6482608695652177	0.15615384615384617	-0.010835656220902492	0.27111461022695893	0.010117777202490793	0.005243087855471949	30.150917053222656
23.738	2.6482608695652177	0.16434615384615386	-0.01242708442502193	0.27172489834347224	0.00997901528860546	0.005509987518044889	29.92310905456543
23.738	2.6482608695652177	0.17253846153846156	-0.01316492753842679	0.27265587720196643	0.010092193828837645	0.005484374193557398	29.527132034301758
23.738	2.6482608695652177	0.18073076923076925	-0.015411185255042007	0.27476358971855674	0.010053753376429247	0.005377455923636247	29.052452087402344
23.738	2.6482608695652177	0.18892307692307694	-0.018061429058005833	0.27705654719423123	0.009908609579157361	0.0055279432060078605	28.06900405883789
23.738	2.6482608695652177	0.19711538461538464	-0.021118227059859	0.27798092071327785	0.009773098753194716	0.005230656369603973	27.314781188964844
23.738	2.6482608695652177	0.20530769230769233	-0.024025986041287258	0.2793373302012475	0.009764293079698033	0.005348532508542272	26.45343017578125
23.738	2.6482608695652177	0.21350000000000002	-0.02931899090215594	0.2818124784864046	0.009621283087963742	0.005180500540773363	25.662294387817383
23.738	2.6482608695652177	0.22169230769230772	-0.03430257254511089	0.2818515314865869	0.009991817740892774	0.0052105176534713695	24.930898666381836
23.738	2.6482608695652177	0.2298846153846154	-0.03935664691378333	0.2835022382729	0.009890674059850717	0.005158998925378891	24.225326538085938
23.738	2.6482608695652177	0.2380769230769231	-0.04594274040849014	0.2843525740765478	0.009793443238002799	0.005404811833193869	23.597694396972656
23.738	2.6482608695652177	0.2462692307692308	-0.05227265564359795	0.2843785158353592	0.009885383535377795	0.005250918804518263	22.99886703491211
23.738	2.6482608695652177	0.25446153846153846	-0.05880563774211067	0.28317704956729295	0.009714353231332377	0.005265744762869404	22.50246238708496
23.738	2.6482608695652177	0.2626538461538462	-0.06584076437386889	0.28221399399460295	0.009730537113426736	0.005174054578196505	22.051969528198242
23.738	2.6482608695652177	0.2708461538461539	-0.07170024986416235	0.2818826280911898	0.009757667859583822	0.005137836620452136	21.626190185546875
23.738	2.6482608695652177	0.27903846153846157	-0.07831234074080028	0.2819896610677992	0.00997044868598874	0.005131822977091788	21.131948471069336
23.738	2.6482608695652177	0.28723076923076923	-0.08568979193747922	0.28123945129311045	0.00977618324722112	0.005085568751929233	20.586557388305664
23.738	2.6482608695652177	0.29542307692307695	-0.0934944764312281	0.2806394054646416	0.009592734056017597	0.0051391703507864895	20.072921752929688
23.738	2.6482608695652177	0.3036153846153847	-0.10105658563785659	0.2795256098540603	0.009720105780459636	0.004989560109953085	19.594770431518555
23.738	2.6482608695652177	0.31180769230769234	-0.1083285265596391	0.27774517971821927	0.009665484293535044	0.005011254372930776	19.149972915649414
23.738	2.6482608695652177	0.32	-0.115613802061331	0.27693986049452546	0.009490771984613337	0.005158170938846723	18.76479148864746
23.738	2.6569565217391307	0.0005	-0.052051266939294044	0.4079072806478453	0.011292423686333507	0.004508363534076894	13.296600341796875
23.738	2.6569565217391307	0.008692307692307694	-0.0026972704746424728	0.25232851664677025	0.011449105483322279	0.004738906160704437	38.359256744384766
23.738	2.6569565217391307	0.016884615384615387	-0.0016328656294047426	0.2763199837054289	0.011443667773116253	0.0047020589112743	41.91397476196289
23.738	2.6569565217391307	0.02507692307692308	-0.0012204074330168537	0.2820084850188722	0.01139145876009871	0.004497413255151152	40.061553955078125
23.738	2.6569565217391307	0.03326923076923077	-0.004880119874467635	0.2829749835448204	0.011403948655563954	0.004779326268970387	48.99382019042969
23.738	2.6569565217391307	0.041461538461538466	-0.005368557773217469	0.28471883962608524	0.011275588477287176	0.004669985487883805	43.63127517700195
23.738	2.6569565217391307	0.04965384615384616	-0.005827502362117083	0.28613019230521886	0.011279377232853521	0.004713047049038705	42.29361534118652
23.738	2.6569565217391307	0.05784615384615385	-0.006311514067819955	0.28783745041380004	0.011288008881553489	0.004936257523415555	41.06813621520996
23.738	2.6569565217391307	0.06603846153846155	-0.007670863619969019	0.28884261450218307	0.011236908538109516	0.004718986911750255	38.6319580078125
23.738	2.6569565217391307	0.07423076923076924	-0.006096858797209132	0.28648827214999173	0.011092397582596707	0.004816034438310244	37.99431228637695
23.738	2.6569565217391307	0.08242307692307693	-0.007440305725791402	0.288498740994728	0.010817193300715813	0.0047370279114710605	36.8845329284668
23.738	2.6569565217391307	0.09061538461538463	-0.007608766376566557	0.2886205046568328	0.011162990209902714	0.0049502325705469905	34.865421295166016
23.738	2.6569565217391307	0.09880769230769232	-0.007194274093550116	0.2886783124543988	0.010869321117390428	0.004701575772665837	33.68301773071289
23.738	2.6569565217391307	0.10700000000000001	-0.0070593386638183155	0.289289117240355	0.010811812318449486	0.004761953218096067	32.29124069213867
23.738	2.6569565217391307	0.1151923076923077	-0.007237157368758245	0.29042390074481	0.010791489573640886	0.004842579929277891	31.19182014465332
23.738	2.6569565217391307	0.1233846153846154	-0.006564723470905346	0.2900309018035673	0.010685614839064227	0.004725153723646488	30.5424747467041
23.738	2.6569565217391307	0.1315769230769231	-0.006332790070548025	0.2903428720427541	0.01088653858069521	0.004824324079423419	29.89016342163086
23.738	2.6569565217391307	0.13976923076923078	-0.006572725913822022	0.2907229413628443	0.010873839961674216	0.004830716381022733	29.31804847717285
23.738	2.6569565217391307	0.14796153846153848	-0.007005750480443062	0.29197265022127705	0.010687951542455382	0.004870163166399374	28.906049728393555
23.738	2.6569565217391307	0.15615384615384617	-0.00825100779706595	0.29237288913033715	0.010788715803673446	0.004920808184235451	28.685474395751953
23.738	2.6569565217391307	0.16434615384615386	-0.007882060924800767	0.2949005749768206	0.010834836285430315	0.004909982358784787	28.534282684326172
23.738	2.6569565217391307	0.17253846153846156	-0.010399759096829785	0.2970549074188849	0.01068835356546338	0.004881328824870721	28.337543487548828
23.738	2.6569565217391307	0.18073076923076925	-0.012174679471566911	0.298368545059736	0.010876512787018148	0.0049253617129863085	28.152259826660156
23.738	2.6569565217391307	0.18892307692307694	-0.014316466193334772	0.3000703954135925	0.010667628326865087	0.004725987997545566	27.315196990966797
23.738	2.6569565217391307	0.19711538461538464	-0.017911565523748868	0.3008026537308862	0.010827231105846363	0.0048527624035013765	26.382286071777344
23.738	2.6569565217391307	0.20530769230769233	-0.021868464910527758	0.30229228492900817	0.01093575931389976	0.00483476546996067	25.588706970214844
23.738	2.6569565217391307	0.21350000000000002	-0.02674565301234607	0.3021222015231798	0.010914931914747125	0.004749521216781238	24.761817932128906
23.738	2.6569565217391307	0.22169230769230772	-0.0325678623888386	0.30305702832849435	0.010827076439657343	0.004666320700818948	24.040096282958984
23.738	2.6569565217391307	0.2298846153846154	-0.0383464695510403	0.30230169958081005	0.010513683501537384	0.004379722995874134	23.387765884399414
23.738	2.6569565217391307	0.2380769230769231	-0.045397214740230216	0.3025066732486701	0.010587797847848048	0.00459294508723307	22.740503311157227
23.738	2.6569565217391307	0.2462692307692308	-0.05302483220757373	0.3025140211509735	0.010824778529667475	0.004666688974296029	22.15461540222168
23.738	2.6569565217391307	0.25446153846153846	-0.059053047794712855	0.3008337118255169	0.011022767883577565	0.004664811777231568	21.65110206604004
23.738	2.6569565217391307	0.2626538461538462	-0.0667993711336193	0.29944948515173375	0.010912958441351416	0.004589085947222994	21.185964584350586
23.738	2.6569565217391307	0.2708461538461539	-0.0739604998175663	0.29810345938446325	0.010857513618704734	0.004539047626744943	20.762813568115234
23.738	2.6569565217391307	0.27903846153846157	-0.08181655179294581	0.29743142150944224	0.010759660091890642	0.004540050549285072	20.382104873657227
23.738	2.6569565217391307	0.28723076923076923	-0.08904901230030368	0.29564435835567343	0.010961830625775415	0.004492411227720143	19.92331314086914
23.738	2.6569565217391307	0.29542307692307695	-0.09676931561173385	0.2940483157788777	0.010777741577068017	0.004431200228309312	19.45915412902832
23.738	2.6569565217391307	0.3036153846153847	-0.10498080027611512	0.2921342900937987	0.010793367719771714	0.004161055155081843	18.984638214111328
23.738	2.6569565217391307	0.31180769230769234	-0.11154218662705292	0.2904750576917338	0.010637620484821052	0.004108809838555048	18.56620216369629
23.738	2.6569565217391307	0.32	-0.12047355544928481	0.28867788398398797	0.010812250586954938	0.004162879830870385	18.179468154907227
23.738	2.6656521739130437	0.0005	0.053354554649554076	0.2070380427850666	0.011310329819739156	0.0035685629157125543	10.699081420898438
23.738	2.6656521739130437	0.008692307692307694	-0.00809964543984643	0.21191131472794789	0.011796067718873777	0.0037621729991780513	37.954280853271484
23.738	2.6656521739130437	0.016884615384615387	-0.009345244931704653	0.2524162077777902	0.011710855096803084	0.003756176437219599	44.03425598144531
23.738	2.6656521739130437	0.02507692307692308	-0.01158533947420801	0.257324291157059	0.011772582345915751	0.0038143312139492774	48.2346305847168
23.738	2.6656521739130437	0.03326923076923077	-0.012988017286250807	0.26193362446216123	0.011551750763360196	0.0038338992471164406	49.552337646484375
23.738	2.6656521739130437	0.041461538461538466	-0.015733199560658676	0.27148779282685	0.011592577383348556	0.0038286395533088406	44.57698059082031
23.738	2.6656521739130437	0.04965384615384616	-0.016071840157203116	0.2739167691037154	0.011438284263915618	0.0038120966526214847	42.59195327758789
23.738	2.6656521739130437	0.05784615384615385	-0.017119899300998536	0.2777644788227632	0.011556959006413728	0.0038065712341570287	40.52216911315918
23.738	2.6656521739130437	0.06603846153846155	-0.018629982109088915	0.27928130571887644	0.011635964264571573	0.0038873525477477354	39.27214241027832
23.738	2.6656521739130437	0.07423076923076924	-0.01803262932224549	0.2811086683379155	0.011516634668143974	0.003910305999810324	38.31267166137695
23.738	2.6656521739130437	0.08242307692307693	-0.018544514735960204	0.28343513863533487	0.011467281641987476	0.003939971960122609	37.24460983276367
23.738	2.6656521739130437	0.09061538461538463	-0.01941045692918208	0.28496018281663454	0.011398548159511376	0.0038455187318197255	36.22732925415039
23.738	2.6656521739130437	0.09880769230769232	-0.01909827586030673	0.28318236654455575	0.011301872274797217	0.003880117650567697	35.425188064575195
23.738	2.6656521739130437	0.10700000000000001	-0.01965507860994052	0.2824300844019167	0.011384326942223862	0.0039432883644058905	34.61888885498047
23.738	2.6656521739130437	0.1151923076923077	-0.02040631685051739	0.28225188082433406	0.011178614413842384	0.004053637787701553	33.411170959472656
23.738	2.6656521739130437	0.1233846153846154	-0.019767812454324664	0.2826258973509548	0.0114407064788223	0.004028712672155257	32.75850868225098
23.738	2.6656521739130437	0.1315769230769231	-0.020359482631124783	0.280310023401763	0.01125533415436726	0.003980622109330008	31.97096061706543
23.738	2.6656521739130437	0.13976923076923078	-0.020464087486606553	0.2800784726167951	0.01136312656333862	0.003928565174433582	31.498634338378906
23.738	2.6656521739130437	0.14796153846153848	-0.020829829589228438	0.2816273431841256	0.011376419736808334	0.0040022266897409035	31.234031677246094
23.738	2.6656521739130437	0.15615384615384617	-0.022380420814032964	0.282669743694176	0.011420326698026784	0.0038802931637888574	30.625686645507812
23.738	2.6656521739130437	0.16434615384615386	-0.02391564306310489	0.28373182166542	0.011386700966232764	0.0037517027432073264	29.671606063842773
23.738	2.6656521739130437	0.17253846153846156	-0.025649297642460177	0.286304035463268	0.011397048267809741	0.003692869343026879	28.737262725830078
23.738	2.6656521739130437	0.18073076923076925	-0.02899072771218615	0.28767179856550057	0.011208066898671978	0.003510300502344372	27.80868911743164
23.738	2.6656521739130437	0.18892307692307694	-0.03335375475114606	0.28936407949604187	0.011558023489475688	0.0036298247114440103	26.93270492553711
23.738	2.6656521739130437	0.19711538461538464	-0.03673712496063136	0.2904158373998115	0.011587021635192882	0.0036974149539868045	26.005155563354492
23.738	2.6656521739130437	0.20530769230769233	-0.04141638774967677	0.29197929632949504	0.011711048613519572	0.0033570383147671625	25.105789184570312
23.738	2.6656521739130437	0.21350000000000002	-0.04763089553225572	0.2921145861482357	0.011573417395097537	0.003522419736760679	24.347919464111328
23.738	2.6656521739130437	0.22169230769230772	-0.05358375689747763	0.29154137292512966	0.01172935102061452	0.0033869341423001754	23.63323211669922
23.738	2.6656521739130437	0.2298846153846154	-0.05958509621050243	0.29171722287902335	0.011427114023761774	0.003590490607369039	22.976455688476562
23.738	2.6656521739130437	0.2380769230769231	-0.06647766668775067	0.2918251719621451	0.011583255038793377	0.0033982912957278774	22.392017364501953
23.738	2.6656521739130437	0.2462692307692308	-0.07308442273259178	0.289990828918907	0.011710283499517811	0.0030101007035775833	21.847023010253906
23.738	2.6656521739130437	0.25446153846153846	-0.0802412931627089	0.2885031824307034	0.011574613528074203	0.00319029866272122	21.402624130249023
23.738	2.6656521739130437	0.2626538461538462	-0.0877608184522444	0.28659815539880495	0.011727291369771572	0.0031064173320512092	20.946813583374023
23.738	2.6656521739130437	0.2708461538461539	-0.09454263214082062	0.28547335959314213	0.011769178760897359	0.0031385983832617073	20.583656311035156
23.738	2.6656521739130437	0.27903846153846157	-0.10162381973169518	0.2847446754781013	0.011995268854689118	0.003141624293704821	20.204238891601562
23.738	2.6656521739130437	0.28723076923076923	-0.10938700843539902	0.2823105136201773	0.011763645765397514	0.002853830176696433	19.885746002197266
23.738	2.6656521739130437	0.29542307692307695	-0.11653260917504202	0.28022188307265644	0.011833748372898509	0.0027604095917849684	19.41539764404297
23.738	2.6656521739130437	0.3036153846153847	-0.12367715350345114	0.27816455122117667	0.011814023976739602	0.002849532668450362	18.984405517578125
23.738	2.6656521739130437	0.31180769230769234	-0.13102552707024748	0.27591597935037276	0.011992317776138996	0.0026953420662618956	18.550373077392578
23.738	2.6656521739130437	0.32	-0.13836327025384543	0.27448608401549557	0.011890380228987533	0.002706590819697108	18.156253814697266
23.738	2.6743478260869566	0.0005	-0.05005760619134542	0.21848022464049568	0.012502371133132007	0.003026183347072901	13.950653076171875
23.738	2.6743478260869566	0.008692307692307694	-0.008930968005777395	0.2534268982483533	0.012637977552739373	0.0033053258700104487	39.85321044921875
23.738	2.6743478260869566	0.016884615384615387	-0.006563402551385195	0.29109565286299327	0.012692120077198542	0.0034284991583857062	44.72943115234375
23.738	2.6743478260869566	0.02507692307692308	-0.0076539101332152235	0.2938492322932754	0.012819141334456378	0.0034599234350153863	45.743019104003906
23.738	2.6743478260869566	0.03326923076923077	-0.010162854074100149	0.2961236437367192	0.012558054867294405	0.003304998499544625	46.924503326416016
23.738	2.6743478260869566	0.041461538461538466	-0.00976101722373727	0.296511812069383	0.01256922381129624	0.0031630113114547833	45.276126861572266
23.738	2.6743478260869566	0.04965384615384616	-0.01248263073177526	0.3000793429473731	0.012368437539216019	0.0033036815626988304	42.371137619018555
23.738	2.6743478260869566	0.05784615384615385	-0.012318934810919866	0.30537838055990385	0.012404717045666216	0.003359872835932347	40.36079025268555
23.738	2.6743478260869566	0.06603846153846155	-0.01346466744852022	0.3018865960234697	0.012152697174289476	0.0033079036550906363	39.37950134277344
23.738	2.6743478260869566	0.07423076923076924	-0.012721115393439049	0.3028097307071467	0.01217830452289265	0.0033592343988732435	37.748125076293945
23.738	2.6743478260869566	0.08242307692307693	-0.013662940306463953	0.3018038546428462	0.012295361889720212	0.003616583048348618	36.776763916015625
23.738	2.6743478260869566	0.09061538461538463	-0.013282655094719419	0.30326083965993633	0.012362847767293988	0.003662010466292413	35.570343017578125
23.738	2.6743478260869566	0.09880769230769232	-0.012575536967901875	0.30206663632887226	0.011918938014595638	0.0034199475873387397	34.502845764160156
23.738	2.6743478260869566	0.10700000000000001	-0.012797174023531626	0.3025468812610956	0.011797527244643138	0.0033574569543938387	33.29134750366211
23.738	2.6743478260869566	0.1151923076923077	-0.012652107296113171	0.3020126888175032	0.012031116865877524	0.003543746817894807	32.34921073913574
23.738	2.6743478260869566	0.1233846153846154	-0.01382558212285039	0.30479258587992214	0.011952409578738553	0.0035125323233565165	31.542837142944336
23.738	2.6743478260869566	0.1315769230769231	-0.012895695259430117	0.3032157667891855	0.011928213457087923	0.003337989709015161	31.00347328186035
23.738	2.6743478260869566	0.13976923076923078	-0.014194540976622191	0.3043617547208616	0.012122169970638705	0.0032874673139448966	30.677730560302734
23.738	2.6743478260869566	0.14796153846153848	-0.01547704555008659	0.30588709066605047	0.012236565078638077	0.003308701061426303	30.0668888092041
23.738	2.6743478260869566	0.15615384615384617	-0.016771916084998353	0.3090362857047639	0.012239185305759568	0.003013146814468442	29.22964096069336
23.738	2.6743478260869566	0.16434615384615386	-0.019281372102206224	0.31124370316390493	0.012111947876099111	0.002876094363277178	28.291385650634766
23.738	2.6743478260869566	0.17253846153846156	-0.022005376167591316	0.3130992382095204	0.012255078430679859	0.0030274519363846218	27.33614730834961
23.738	2.6743478260869566	0.18073076923076925	-0.026706193440124044	0.31624554843581365	0.012149263556718515	0.0028980359727302655	26.336139678955078
23.738	2.6743478260869566	0.18892307692307694	-0.030808946237404173	0.31706999789551016	0.012373811273507455	0.002615445613746539	25.430177688598633
23.738	2.6743478260869566	0.19711538461538464	-0.036353100841016825	0.3179103323177248	0.012301319748421087	0.002568641408577559	24.53957176208496
23.738	2.6743478260869566	0.20530769230769233	-0.04216118235171513	0.3185647299511332	0.012358291833906625	0.002229994992187992	23.799903869628906
23.738	2.6743478260869566	0.21350000000000002	-0.048734727510323025	0.31839454418204	0.012325898291027065	0.0023389363775620864	23.042701721191406
23.738	2.6743478260869566	0.22169230769230772	-0.05551289352228658	0.3179895783649659	0.012441047878172483	0.0020915079534077354	22.390987396240234
23.738	2.6743478260869566	0.2298846153846154	-0.062699962528661	0.317389641367672	0.012542644874127817	0.002176253456089206	21.784725189208984
23.738	2.6743478260869566	0.2380769230769231	-0.07021970029944191	0.316275656983098	0.012593640089488491	0.0019050781845478823	21.25126838684082
23.738	2.6743478260869566	0.2462692307692308	-0.07913438964658984	0.31485386101140633	0.012429443431773123	0.0017913401328158113	20.799652099609375
23.738	2.6743478260869566	0.25446153846153846	-0.0872451207083631	0.31284614959578183	0.012673960478115864	0.0018657626143683383	20.320987701416016
23.738	2.6743478260869566	0.2626538461538462	-0.09488496710603428	0.3113820618547981	0.012483097560348613	0.0014244340743463282	19.96074104309082
23.738	2.6743478260869566	0.2708461538461539	-0.10233989526615078	0.3092862364905712	0.0125356683724985	0.0013586606717506922	19.603456497192383
23.738	2.6743478260869566	0.27903846153846157	-0.11074736827150519	0.3075404552812514	0.01240634149070815	0.001186972141725245	19.27893829345703
23.738	2.6743478260869566	0.28723076923076923	-0.11819745734635263	0.30489074743588523	0.012474545502112452	0.0010784578792236868	19.003480911254883
23.738	2.6743478260869566	0.29542307692307695	-0.12660458233085609	0.30253695672939834	0.012588388838042591	0.0008888299686742232	18.76108169555664
23.738	2.6743478260869566	0.3036153846153847	-0.13377553862816155	0.29968126977287013	0.012704446349401894	0.0010225534769933357	18.547210693359375
23.738	2.6743478260869566	0.31180769230769234	-0.1419142185335872	0.2985441311866026	0.012696471101684195	0.0007441227062162861	18.32025146484375
23.738	2.6743478260869566	0.32	-0.14986328495472073	0.2952789847134709	0.012430419986070538	0.0002754137068922769	18.161945343017578
23.738	2.6830434782608696	0.0005	-0.0036103579103142244	0.1639615245723262	0.013482719541592574	0.0016434742219434625	12.359870910644531
23.738	2.6830434782608696	0.008692307692307694	-0.0014034601747185188	0.22660362204547074	0.013834022207134165	0.0016846948255392206	39.594608306884766
23.738	2.6830434782608696	0.016884615384615387	-0.0009243693456015044	0.2602357327038732	0.013830323297395844	0.0016913768242920505	41.46139144897461
23.738	2.6830434782608696	0.02507692307692308	-0.0015480042921340552	0.26220385005318847	0.0136386746897521	0.001676781908726348	48.828773498535156
23.738	2.6830434782608696	0.03326923076923077	-0.006583312049696772	0.26791578268139393	0.013654668249417011	0.0016933258405561627	48.257568359375
23.738	2.6830434782608696	0.041461538461538466	-0.005402533918749625	0.27464674406410317	0.01359379487209341	0.0015974839138877006	47.542457580566406
23.738	2.6830434782608696	0.04965384615384616	-0.008452993001919325	0.2773120038928941	0.013336357071753227	0.0015877863280828334	44.4151611328125
23.738	2.6830434782608696	0.05784615384615385	-0.00902047865594746	0.2808192525281817	0.013483175406535562	0.0014243256016884553	40.97012901306152
23.738	2.6830434782608696	0.06603846153846155	-0.009793778870365564	0.28352048312508393	0.013431405677173866	0.0018218983100227913	39.928245544433594
23.738	2.6830434782608696	0.07423076923076924	-0.00992855276950235	0.2845662642207479	0.01319765503065286	0.0015320388788682105	38.371110916137695
23.738	2.6830434782608696	0.08242307692307693	-0.010964973839377707	0.2873980969360582	0.013114114846981852	0.001751258893809825	37.91050148010254
23.738	2.6830434782608696	0.09061538461538463	-0.011593617440203192	0.287815719031132	0.01302950995130351	0.001660999403660567	36.10234069824219
23.738	2.6830434782608696	0.09880769230769232	-0.012004182734644962	0.2896634930121217	0.0130292226384143	0.0016714984030932502	34.950998306274414
23.738	2.6830434782608696	0.10700000000000001	-0.011959751485982828	0.2897718034112284	0.012970324372634198	0.0015318915334938655	34.12887191772461
23.738	2.6830434782608696	0.1151923076923077	-0.013379951824162548	0.2896893479834639	0.013057803163467215	0.0019043650483071323	33.47117614746094
23.738	2.6830434782608696	0.1233846153846154	-0.013288552686685237	0.29188184802563133	0.01295500035279696	0.001664722093477301	32.54841423034668
23.738	2.6830434782608696	0.1315769230769231	-0.015999760013940018	0.2915724115128649	0.012844701708972403	0.0017538772485824663	32.210615158081055
23.738	2.6830434782608696	0.13976923076923078	-0.016487150917034843	0.2916075365479822	0.013195432772766018	0.001688352673044035	31.69769287109375
23.738	2.6830434782608696	0.14796153846153848	-0.01766401035545419	0.2947518521781797	0.01322553397912742	0.001753356068109994	30.625839233398438
23.738	2.6830434782608696	0.15615384615384617	-0.021150432460526607	0.295718999628221	0.013178472940623753	0.001347139309785731	29.638729095458984
23.738	2.6830434782608696	0.16434615384615386	-0.02426488545007939	0.29883245730393637	0.013173972923820835	0.0013828856966425003	28.581260681152344
23.738	2.6830434782608696	0.17253846153846156	-0.028329222413878814	0.3026104940988399	0.013027925418418216	0.0009236124664133605	27.441768646240234
23.738	2.6830434782608696	0.18073076923076925	-0.03311331757721317	0.3050738118551216	0.013197558589001197	0.0007304248902975015	26.41843032836914
23.738	2.6830434782608696	0.18892307692307694	-0.03917727047954511	0.30619898105128773	0.013014402898681353	0.0007959551797276738	25.43311882019043
23.738	2.6830434782608696	0.19711538461538464	-0.04435432729133072	0.30675228545257915	0.01310907910334161	0.0005360721434373961	24.63619613647461
23.738	2.6830434782608696	0.20530769230769233	-0.05182295556933286	0.30809588178342295	0.012976092155919161	0.00013633199274938325	23.829755783081055
23.738	2.6830434782608696	0.21350000000000002	-0.05850485972528126	0.3074883652223874	0.013201738197251244	0.0002774643848171747	23.174087524414062
23.738	2.6830434782608696	0.22169230769230772	-0.06625407407669978	0.30808748334472424	0.01309561068095019	0.0001747288261869467	22.499847412109375
23.738	2.6830434782608696	0.2298846153846154	-0.07410797276212529	0.3075784126931187	0.013144364575180638	-4.170549385900985e-05	21.96352767944336
23.738	2.6830434782608696	0.2380769230769231	-0.08230274490607724	0.3070934983818863	0.013075417815469375	-0.00028455838604725023	21.422286987304688
23.738	2.6830434782608696	0.2462692307692308	-0.08999816014958369	0.3059024521066879	0.012928460940509503	-0.00061565146483201	20.917022705078125
23.738	2.6830434782608696	0.25446153846153846	-0.09763063894180407	0.30479866949944545	0.012855386522040171	-0.0007537748230243957	20.557680130004883
23.738	2.6830434782608696	0.2626538461538462	-0.10568076017490413	0.3031174318229154	0.012819290602908984	-0.0007389442460772628	20.197265625
23.738	2.6830434782608696	0.2708461538461539	-0.11387116130619133	0.30100028622591196	0.01289535583722503	-0.0010405937337419516	19.876501083374023
23.738	2.6830434782608696	0.27903846153846157	-0.12173188996248831	0.29981337992826057	0.012930582685237854	-0.0012022514534147514	19.567636489868164
23.738	2.6830434782608696	0.28723076923076923	-0.129921283954995	0.2975037631461839	0.013064341608276693	-0.0016024928945081362	19.32541847229004
23.738	2.6830434782608696	0.29542307692307695	-0.13684728535611418	0.2948662453056997	0.012962993418785155	-0.0018842812512412962	19.069068908691406
23.738	2.6830434782608696	0.3036153846153847	-0.1457623192375447	0.2932376757515997	0.012782153335189788	-0.0018673401939575589	18.86113166809082
23.738	2.6830434782608696	0.31180769230769234	-0.15370082089546278	0.2913617826551601	0.012935715283961901	-0.002026442882682614	18.682323455810547
23.738	2.6830434782608696	0.32	-0.1610777367724407	0.2894593704634174	0.012755213435511526	-0.002250030925613665	18.499008178710938
23.738	2.6917391304347826	0.0005	-0.20482773677244068	0.29258437046341745	0.013931187573584417	0.00019738165983169904	7.915351867675781
23.738	2.6917391304347826	0.008692307692307694	-0.003530084796093647	0.2536042876683935	0.014075036010895981	0.0003886354943361225	34.83866500854492
23.738	2.6917391304347826	0.016884615384615387	-0.004325074970565976	0.28752866044201103	0.013842560428627082	0.0003775672378817418	41.36634063720703
23.738	2.6917391304347826	0.02507692307692308	-0.008108086645679783	0.28863835232882445	0.013849349897889083	0.00033281905463649567	43.309173583984375
23.738	2.6917391304347826	0.03326923076923077	-0.005834014475422213	0.2928800632300849	0.01374517817777152	0.00029862911812184533	45.5782356262207
23.738	2.6917391304347826	0.041461538461538466	-0.008098739150537061	0.2938637185251068	0.013571070993487143	0.0002778014755380914	45.873870849609375
23.738	2.6917391304347826	0.04965384615384616	-0.0070289594564567105	0.2950083191847156	0.013565474031850221	0.0001547915005789584	42.49299621582031
23.738	2.6917391304347826	0.05784615384615385	-0.008518008873889107	0.29451956082398145	0.013170439047300649	0.00011535468800529913	40.90939521789551
23.738	2.6917391304347826	0.06603846153846155	-0.008294287808112338	0.29113046073730264	0.013237628644651042	0.00015260384463380437	39.309152603149414
23.738	2.6917391304347826	0.07423076923076924	-0.008164195298322942	0.28870556746228293	0.01320866390940361	0.0002603818367953753	38.38310623168945
23.738	2.6917391304347826	0.08242307692307693	-0.008098522528180383	0.28967212029351536	0.012934329414360464	0.00023048599470547277	37.118080139160156
23.738	2.6917391304347826	0.09061538461538463	-0.007730828474577922	0.2885228709970291	0.012912235805355955	0.00028808133321780153	35.35365867614746
23.738	2.6917391304347826	0.09880769230769232	-0.006596142450740305	0.28726045862802885	0.012847950455556634	0.00019175885064959098	34.1905632019043
23.738	2.6917391304347826	0.10700000000000001	-0.007169428729955024	0.2858987501692374	0.012662230862489235	0.00023065079275106872	33.28147506713867
23.738	2.6917391304347826	0.1151923076923077	-0.005691178548053693	0.28540410420956364	0.012646426499921077	0.00010677259307386453	32.22285842895508
23.738	2.6917391304347826	0.1233846153846154	-0.00668169656376846	0.28652434635069624	0.012835872966550387	0.00028592544309732025	31.517972946166992
23.738	2.6917391304347826	0.1315769230769231	-0.007084492510341902	0.2860111553187151	0.012762707533400102	0.0001851188002660914	30.850889205932617
23.738	2.6917391304347826	0.13976923076923078	-0.006973929607932321	0.28712363832398735	0.012682470849318107	0.0001372623683021675	30.44624900817871
23.738	2.6917391304347826	0.14796153846153848	-0.008714086813984438	0.28919954943631276	0.012579512067673401	0.00011026209286165234	30.27781105041504
23.738	2.6917391304347826	0.15615384615384617	-0.010320938158679759	0.29143589371452067	0.012546267034714287	-0.00026381622205562166	29.918861389160156
23.738	2.6917391304347826	0.16434615384615386	-0.012987107949152614	0.2948532861897828	0.012800501595551857	-0.000733135942316209	28.92156219482422
23.738	2.6917391304347826	0.17253846153846156	-0.016347273421142845	0.29774550620797313	0.01276649338693425	-0.0007397192432725603	27.910743713378906
23.738	2.6917391304347826	0.18073076923076925	-0.020535048265610506	0.3012761822189693	0.012633293923976448	-0.0009066962614447606	26.82933235168457
23.738	2.6917391304347826	0.18892307692307694	-0.025574276418587255	0.3034597581675445	0.012797524787423756	-0.0009002659374523702	25.959564208984375
23.738	2.6917391304347826	0.19711538461538464	-0.03154843809006183	0.3052810638867488	0.012859901648811501	-0.0009580239585552967	25.00153160095215
23.738	2.6917391304347826	0.20530769230769233	-0.03703283291233151	0.307013882156851	0.012587169769289166	-0.0012943933107813282	24.269914627075195
23.738	2.6917391304347826	0.21350000000000002	-0.044827370541265066	0.3070489641836351	0.012621371753742991	-0.001512916412247744	23.536542892456055
23.738	2.6917391304347826	0.22169230769230772	-0.05198400112344121	0.30773604325703063	0.01239618273162769	-0.0017277178264226596	22.882686614990234
23.738	2.6917391304347826	0.2298846153846154	-0.05913630662894634	0.30856024223032524	0.012272845967041012	-0.0018397626198218935	22.284364700317383
23.738	2.6917391304347826	0.2380769230769231	-0.06687099517944575	0.3082244710569938	0.012387334667978454	-0.001904108640545499	21.773290634155273
23.738	2.6917391304347826	0.2462692307692308	-0.07433155331450822	0.30779606048406266	0.01234399343465617	-0.0021872053452430262	21.289609909057617
23.738	2.6917391304347826	0.25446153846153846	-0.08335553560096146	0.3065918350631108	0.012100783460614424	-0.002182088132852665	20.857458114624023
23.738	2.6917391304347826	0.2626538461538462	-0.09093211138465149	0.3062505978890466	0.012220337869729193	-0.002551750150175924	20.482555389404297
23.738	2.6917391304347826	0.2708461538461539	-0.09899300571127853	0.3049861594132007	0.012153574671827877	-0.00285239891991076	20.10862922668457
23.738	2.6917391304347826	0.27903846153846157	-0.10611788280370701	0.30412653164526904	0.012254231509808623	-0.0030386794972719886	19.822607040405273
23.738	2.6917391304347826	0.28723076923076923	-0.11505898185136784	0.30252395795247045	0.01214852645452413	-0.0032823239031450463	19.573944091796875
23.738	2.6917391304347826	0.29542307692307695	-0.12333540142576266	0.30092717729563356	0.012115358671593295	-0.0035788660648314223	19.3157958984375
23.738	2.6917391304347826	0.3036153846153847	-0.13060733165188748	0.2992042905679765	0.012022670812038234	-0.003621765215327902	19.117639541625977
23.738	2.6917391304347826	0.31180769230769234	-0.13892389248653364	0.29786389796350626	0.011967240060496938	-0.004202459744405329	18.903236389160156
23.738	2.6917391304347826	0.32	-0.146622972612428	0.29590309937189807	0.01190009180755	-0.004083845122280959	18.714885711669922
23.738	2.7004347826086956	0.0005	-0.08480517757420468	0.25186230619143235	0.013980507855976059	-0.00046816558749454914	12.762184143066406
23.738	2.7004347826086956	0.008692307692307694	0.007014585609389079	0.19092747647951833	0.013882375684807921	-0.0006420977015019292	34.90240478515625
23.738	2.7004347826086956	0.016884615384615387	-0.00019409549717830604	0.2336096711892962	0.013884774514191227	-0.0006413933618838316	40.99595642089844
23.738	2.7004347826086956	0.02507692307692308	-0.0042585600662701055	0.23302940805147884	0.01393480044989802	-0.00048567574592162707	41.70110321044922
23.738	2.7004347826086956	0.03326923076923077	-0.000675358579652783	0.2432847566873163	0.013789134505942553	-0.000660310296820727	48.0212287902832
23.738	2.7004347826086956	0.041461538461538466	-0.0031751349906710045	0.25004407838442444	0.01386649309265623	-0.0007229941501415027	43.89309310913086
23.738	2.7004347826086956	0.04965384615384616	-0.004970934931112022	0.2563557566127583	0.013693936428218072	-0.000832756026097384	44.19153594970703
23.738	2.7004347826086956	0.05784615384615385	-0.007063731438423269	0.26087915342851564	0.013703926790595797	-0.0006961908562467292	42.267595291137695
23.738	2.7004347826086956	0.06603846153846155	-0.007329851675219305	0.2618122796645391	0.013545649746403002	-0.0006830219449917518	40.44516372680664
23.738	2.7004347826086956	0.07423076923076924	-0.008187788079864745	0.2649804700283338	0.013393788469319334	-0.0005537094362810624	38.83164978027344
23.738	2.7004347826086956	0.08242307692307693	-0.00814259376463907	0.2688136949246226	0.013188562777660902	-0.0007699786790197872	37.188127517700195
23.738	2.7004347826086956	0.09061538461538463	-0.008420822246859729	0.27009069230115834	0.01318273677584446	-0.0005885879098016627	35.899478912353516
23.738	2.7004347826086956	0.09880769230769232	-0.00900938087654388	0.2714534065425181	0.012889629953157298	-0.0006184726273957533	34.578107833862305
23.738	2.7004347826086956	0.10700000000000001	-0.008515684197276566	0.27368227231818487	0.013065434983222844	-0.0006157225984222666	33.59856033325195
23.738	2.7004347826086956	0.1151923076923077	-0.008922751011663347	0.2752993057608837	0.01274117782716658	-0.0006565772949703775	32.75873374938965
23.738	2.7004347826086956	0.1233846153846154	-0.008529104857574486	0.27705440384113633	0.0127856541260202	-0.0005151061375078319	31.971641540527344
23.738	2.7004347826086956	0.1315769230769231	-0.008942132101433844	0.2776121215969565	0.012642047675996219	-0.000639132477104926	31.343624114990234
23.738	2.7004347826086956	0.13976923076923078	-0.009524300143392552	0.27822744702673124	0.012788969484478368	-0.00045301948981991145	30.85784149169922
23.738	2.7004347826086956	0.14796153846153848	-0.01071505799381042	0.2790543692866068	0.01273589637440025	-0.0006520047567012905	30.507966995239258
23.738	2.7004347826086956	0.15615384615384617	-0.012766599761824855	0.2803845436991851	0.012448940942889087	-0.0009638764365793851	30.194847106933594
23.738	2.7004347826086956	0.16434615384615386	-0.014749629009577237	0.283450363670242	0.012648393793532036	-0.0008540176487675404	30.12281608581543
23.738	2.7004347826086956	0.17253846153846156	-0.018334661215965192	0.2865598984393313	0.012456852218636657	-0.001178340770225831	29.05678367614746
23.738	2.7004347826086956	0.18073076923076925	-0.022225947517822746	0.2891612638038543	0.012420095940345401	-0.0011994698100427983	27.976375579833984
23.738	2.7004347826086956	0.18892307692307694	-0.026771530195933542	0.2898173752629567	0.012375094313232448	-0.001437501528922316	27.06645965576172
23.738	2.7004347826086956	0.19711538461538464	-0.03209723040415769	0.2912223638830715	0.012083826624818404	-0.001603372791307686	26.102001190185547
23.738	2.7004347826086956	0.20530769230769233	-0.03783135828802331	0.29348252750599163	0.012201694843501672	-0.0017605840172756977	25.225976943969727
23.738	2.7004347826086956	0.21350000000000002	-0.04467928968573831	0.29250688227050664	0.012100078764571223	-0.002174099953367986	24.493162155151367
23.738	2.7004347826086956	0.22169230769230772	-0.051551270099928964	0.29363577549095815	0.011945298767915922	-0.0022871549951662437	23.75324249267578
23.738	2.7004347826086956	0.2298846153846154	-0.05855626349483542	0.29427266496783316	0.011893634109075572	-0.0024117268607559677	23.113445281982422
23.738	2.7004347826086956	0.2380769230769231	-0.06563181764710976	0.29379269830067173	0.011772537892549579	-0.002718107824190063	22.562957763671875
23.738	2.7004347826086956	0.2462692307692308	-0.07289160420254216	0.2937637487077538	0.011606866323647245	-0.002643622376168329	22.063405990600586
23.738	2.7004347826086956	0.25446153846153846	-0.08071966028835548	0.292845408443148	0.011434677862615324	-0.0030649238822205043	21.593286514282227
23.738	2.7004347826086956	0.2626538461538462	-0.08787936828919143	0.29214823579609706	0.01137821072717849	-0.0031601981699621346	21.180683135986328
23.738	2.7004347826086956	0.2708461538461539	-0.09650917387164143	0.2913179172436033	0.011456367690646736	-0.003392540637889673	20.835664749145508
23.738	2.7004347826086956	0.27903846153846157	-0.1046536490013072	0.2908732016833059	0.011434892762175866	-0.003580932523290235	20.492347717285156
23.738	2.7004347826086956	0.28723076923076923	-0.11152605354941378	0.2892457168302346	0.011241349064471605	-0.0038466531093364472	20.217235565185547
23.738	2.7004347826086956	0.29542307692307695	-0.11926613268747067	0.28765344079087946	0.011135981408313081	-0.0039721421759227205	19.98284339904785
23.738	2.7004347826086956	0.3036153846153847	-0.12688828553595996	0.2857372097967045	0.011087859087581444	-0.004108153285057134	19.735567092895508
23.738	2.7004347826086956	0.31180769230769234	-0.13477862701298776	0.2840452590497309	0.010948109969724569	-0.004603396882757286	19.53095054626465
23.738	2.7004347826086956	0.32	-0.14311239987624916	0.28321116709905714	0.010910418774240049	-0.004964389861024238	19.258697509765625
23.738	2.7091304347826086	0.0005	-0.11749591734921018	0.4207343590802567	0.014048121292298252	-0.0033887208110861843	8.135391235351562
23.738	2.7091304347826086	0.008692307692307694	-0.014142850827979106	0.2624174279575755	0.01426255551779335	-0.003318182553710611	33.22686767578125
23.738	2.7091304347826086	0.016884615384615387	-0.018313197412978256	0.27959948053265293	0.01411942495702693	-0.0033208634816720237	41.666160583496094
23.738	2.7091304347826086	0.02507692307692308	-0.022315476456175886	0.28038780262375557	0.014219534346439428	-0.0033704813017337216	40.78556442260742
23.738	2.7091304347826086	0.03326923076923077	-0.019167212708022775	0.2794269959349379	0.013923338001533229	-0.0034415039387432726	45.699378967285156
23.738	2.7091304347826086	0.041461538461538466	-0.019489288580122735	0.2745751961405234	0.01377394147716783	-0.0032499636157581144	44.44786071777344
23.738	2.7091304347826086	0.04965384615384616	-0.01925091303634368	0.279088436606321	0.013542358648421356	-0.0034657730394201084	42.973663330078125
23.738	2.7091304347826086	0.05784615384615385	-0.02009156272924412	0.2797252524727255	0.013267200179881103	-0.00312567950795846	42.15387153625488
23.738	2.7091304347826086	0.06603846153846155	-0.018398087482814678	0.27689154633220736	0.0130349139274162	-0.0030181253967042766	40.770408630371094
23.738	2.7091304347826086	0.07423076923076924	-0.018258725997652294	0.27429623130283376	0.012913890735811437	-0.0029901083673052244	39.353240966796875
23.738	2.7091304347826086	0.08242307692307693	-0.01621903956977535	0.27711391429843635	0.012846596097746741	-0.0028375720066607197	37.173667907714844
23.738	2.7091304347826086	0.09061538461538463	-0.0159651020301017	0.27641969977962866	0.012528690932608087	-0.0027046584873234108	35.43821716308594
23.738	2.7091304347826086	0.09880769230769232	-0.013742566407633633	0.27504718813086376	0.01225441879833115	-0.0026135755974893795	34.09140968322754
23.738	2.7091304347826086	0.10700000000000001	-0.013179364884014857	0.2730920525247509	0.012236290971897585	-0.002481190758077151	33.1502799987793
23.738	2.7091304347826086	0.1151923076923077	-0.012456621118982662	0.27394497754363367	0.01221091044546754	-0.0022705967413868718	32.32304763793945
23.738	2.7091304347826086	0.1233846153846154	-0.011540476969224441	0.27304879640221835	0.011941998194561954	-0.002227427271567906	31.490291595458984
23.738	2.7091304347826086	0.1315769230769231	-0.011093725813497855	0.2725437808667631	0.012045152227438733	-0.002107151085160043	30.636934280395508
23.738	2.7091304347826086	0.13976923076923078	-0.010120428363279324	0.27228409617722726	0.011974175391879602	-0.0020583704416042388	30.30870819091797
23.738	2.7091304347826086	0.14796153846153848	-0.010405659947263893	0.2733915768772386	0.011942934647073213	-0.0020125348975641635	29.8150634765625
23.738	2.7091304347826086	0.15615384615384617	-0.01148272958110934	0.27434606192091116	0.011720428870217674	-0.002222252825346713	29.546405792236328
23.738	2.7091304347826086	0.16434615384615386	-0.012869577252910998	0.27670730557633416	0.012012920187522338	-0.0021831185268881936	29.374046325683594
23.738	2.7091304347826086	0.17253846153846156	-0.014374988296674163	0.2788342773948408	0.011635067111684164	-0.0023542370664829644	28.90317153930664
23.738	2.7091304347826086	0.18073076923076925	-0.017144319050224198	0.27954503353773685	0.011466735929016647	-0.0023963571278497733	27.914649963378906
23.738	2.7091304347826086	0.18892307692307694	-0.02129337588972931	0.28124128682835525	0.011463569294997467	-0.0024250723942370557	27.05742645263672
23.738	2.7091304347826086	0.19711538461538464	-0.02680950008049194	0.28220736293884496	0.011315298384075634	-0.0024025780940070307	26.073184967041016
23.738	2.7091304347826086	0.20530769230769233	-0.031219829692815913	0.2833377200709487	0.011246186567633449	-0.002699664319732795	25.225675582885742
23.738	2.7091304347826086	0.21350000000000002	-0.03699574043679379	0.28389204228365045	0.01095064040427017	-0.0030261592801543355	24.493282318115234
23.738	2.7091304347826086	0.22169230769230772	-0.04279571464834363	0.28397249543190767	0.010838051379768078	-0.0031589239650492745	23.81702995300293
23.738	2.7091304347826086	0.2298846153846154	-0.04922698122067006	0.28437279328786597	0.010762060815077409	-0.0033644814835040154	23.21843719482422
23.738	2.7091304347826086	0.2380769230769231	-0.055889109915312964	0.2855705060145733	0.010632526610435199	-0.0034867742066064843	22.66997528076172
23.738	2.7091304347826086	0.2462692307692308	-0.06159127632805859	0.28376768104655914	0.010659155214725838	-0.0035670106506958256	22.262603759765625
23.738	2.7091304347826086	0.25446153846153846	-0.06879237746640238	0.28309903316960394	0.010490340210048365	-0.003610728921433796	21.79142951965332
23.738	2.7091304347826086	0.2626538461538462	-0.07638413608825892	0.28169398133006607	0.01038402980015513	-0.00379541262276273	21.36231231689453
23.738	2.7091304347826086	0.2708461538461539	-0.082799556582861	0.28107048441474203	0.010310824484297924	-0.004123804647438576	21.032032012939453
23.738	2.7091304347826086	0.27903846153846157	-0.08969115530626925	0.28059769620589414	0.01012811502841798	-0.004404100917232047	20.727001190185547
23.738	2.7091304347826086	0.28723076923076923	-0.09733810927637579	0.27990730252380513	0.010115352843913867	-0.004465970920396476	20.220409393310547
23.738	2.7091304347826086	0.29542307692307695	-0.1038161361028925	0.2780918628809908	0.01007842859682214	-0.0043869724346392224	19.725133895874023
23.738	2.7091304347826086	0.3036153846153847	-0.11161230684875235	0.2760131372200143	0.009844369453614808	-0.00492373839616379	19.27332878112793
23.738	2.7091304347826086	0.31180769230769234	-0.11820173467557181	0.27491839030557286	0.009923095417688613	-0.004842899807245493	18.878347396850586
23.738	2.7091304347826086	0.32	-0.12556319049607267	0.2736815915981771	0.009686109105222579	-0.005403100622168375	18.481752395629883
23.738	2.7178260869565216	0.0005	0.021995403253927306	0.26259760722317715	0.012424528058453885	-0.004386043481388577	12.683151245117188
23.738	2.7178260869565216	0.008692307692307694	-0.017846949017152718	0.27384509309926053	0.012626110653937298	-0.004232253911214954	38.13104248046875
23.738	2.7178260869565216	0.016884615384615387	-0.020760632344749744	0.2855784400809292	0.012514624726341454	-0.004197275695381269	38.421504974365234
23.738	2.7178260869565216	0.02507692307692308	-0.015300932477689332	0.29688406070992046	0.012180330026646258	-0.004100095669360986	40.09645080566406
23.738	2.7178260869565216	0.03326923076923077	-0.020278047476890482	0.2934516702843336	0.012196842859002837	-0.003968061654512075	43.03842544555664
23.738	2.7178260869565216	0.041461538461538466	-0.019384008119809424	0.2955373379699392	0.011910431028177564	-0.004023960041427565	42.60142517089844
23.738	2.7178260869565216	0.04965384615384616	-0.01964082592596031	0.29467602631245354	0.011790127422698589	-0.0037239853620456864	41.08642578125
23.738	2.7178260869565216	0.05784615384615385	-0.02017165094577438	0.30008432904193716	0.011658307993029924	-0.003679341238164942	40.917184829711914
23.738	2.7178260869565216	0.06603846153846155	-0.019423356479017155	0.29727841760811247	0.011505774785446057	-0.003554317192190412	39.69300842285156
23.738	2.7178260869565216	0.07423076923076924	-0.018423922070285394	0.29596432305021997	0.011150519506163484	-0.0032624484120037786	38.11328125
23.738	2.7178260869565216	0.08242307692307693	-0.018754383307457528	0.2993111114524884	0.011014073767200937	-0.003294644318854287	36.27774620056152
23.738	2.7178260869565216	0.09061538461538463	-0.017293276418862937	0.3000063832143642	0.010844342816529934	-0.0029251929636082454	35.25802040100098
23.738	2.7178260869565216	0.09880769230769232	-0.016889764522133473	0.2996458267087438	0.010483248643658995	-0.0027167128111990923	33.999916076660156
23.738	2.7178260869565216	0.10700000000000001	-0.01704414484346154	0.3011206851035387	0.010339312131368857	-0.0026766795977426023	33.14556694030762
23.738	2.7178260869565216	0.1151923076923077	-0.016471730888860444	0.3005684573265211	0.01029119123383726	-0.0024166987843375633	32.24776840209961
23.738	2.7178260869565216	0.1233846153846154	-0.016297175650728718	0.3008565153349506	0.010149312503152912	-0.0022670283169955105	31.56207847595215
23.738	2.7178260869565216	0.1315769230769231	-0.016901428167952082	0.300423381047355	0.009955053310760801	-0.002020315690279195	31.137311935424805
23.738	2.7178260869565216	0.13976923076923078	-0.016737016112787502	0.30072557235884856	0.009948837052201166	-0.0020699219409943464	30.808841705322266
23.738	2.7178260869565216	0.14796153846153848	-0.017763712079508095	0.30009264553714	0.01012199252527762	-0.0019951284047614133	30.52648162841797
23.738	2.7178260869565216	0.15615384615384617	-0.019804799339772382	0.30172071669055345	0.010075934473381322	-0.0020179701607654253	29.93988800048828
23.738	2.7178260869565216	0.16434615384615386	-0.022587977686106143	0.3023428209197806	0.01023710342570575	-0.0022149796193135026	29.012168884277344
23.738	2.7178260869565216	0.17253846153846156	-0.02624550942438739	0.3042967088592337	0.009712429886812049	-0.002468061569308751	27.897876739501953
23.738	2.7178260869565216	0.18073076923076925	-0.030804314279720094	0.3032340003962378	0.010030092014593707	-0.0026954980682804093	26.949722290039062
23.738	2.7178260869565216	0.18892307692307694	-0.03511861255557828	0.3035915133862506	0.009624179442112	-0.002580090051623859	26.00531005859375
23.738	2.7178260869565216	0.19711538461538464	-0.040998200520039114	0.3025886085167624	0.00968897103303322	-0.002698590720564981	25.129343032836914
23.738	2.7178260869565216	0.20530769230769233	-0.04669126052001506	0.30230835147243873	0.009757300179630755	-0.002715850694830453	24.343372344970703
23.738	2.7178260869565216	0.21350000000000002	-0.054047243939422736	0.30172238221041225	0.009511894668834644	-0.002893879870128378	23.546730041503906
23.738	2.7178260869565216	0.22169230769230772	-0.06038199634971647	0.30061521011022974	0.009421889419060676	-0.0029607191429108773	22.8713436126709
23.738	2.7178260869565216	0.2298846153846154	-0.06797708395865015	0.301037856442893	0.00940169997615133	-0.0032249521313955183	22.31861114501953
23.738	2.7178260869565216	0.2380769230769231	-0.07514953197981789	0.29887488723838923	0.009032368380147466	-0.0034860204592439253	21.828495025634766
23.738	2.7178260869565216	0.2462692307692308	-0.08207203425421007	0.29713803470881417	0.008999487624831463	-0.0036291514508809334	21.358854293823242
23.738	2.7178260869565216	0.25446153846153846	-0.08959216641972866	0.29534798843164917	0.008906611148618921	-0.0036158902900444096	20.915908813476562
23.738	2.7178260869565216	0.2626538461538462	-0.09725262542500257	0.29372211590020914	0.009012663796998688	-0.004067656643738847	20.59380340576172
23.738	2.7178260869565216	0.2708461538461539	-0.10497832392587422	0.29222284338979976	0.008891699154263135	-0.004129273043324621	20.213211059570312
23.738	2.7178260869565216	0.27903846153846157	-0.1118589720282527	0.2898114797055767	0.008667558040302387	-0.004166158421177136	19.97684097290039
23.738	2.7178260869565216	0.28723076923076923	-0.12024403052067481	0.28744928467572184	0.008514460917818573	-0.004570946640311527	19.665081024169922
23.738	2.7178260869565216	0.29542307692307695	-0.12679345743830178	0.2849808467639828	0.008597089340194843	-0.004695774488059139	19.410043716430664
23.738	2.7178260869565216	0.3036153846153847	-0.13495374657069004	0.28255817251114146	0.008435284900212722	-0.0048634344895923725	19.016292572021484
23.738	2.7178260869565216	0.31180769230769234	-0.14294062800060753	0.28117313727788606	0.008334873087198689	-0.005126135641054273	18.601303100585938
23.738	2.7178260869565216	0.32	-0.14973219355040024	0.2782210605067059	0.008074459800456861	-0.005659333746458422	18.259857177734375
23.738	2.726521739130435	0.0005	-0.11839247663908437	0.2226199166697307	0.012372539034742834	-0.0038783825352731154	13.283760070800781
23.738	2.726521739130435	0.008692307692307694	-0.03202242596478003	0.2872891201020074	0.012252702977949857	-0.003879268261093805	32.928382873535156
23.738	2.726521739130435	0.016884615384615387	-0.03570117066643516	0.30221456153029114	0.01226388397148319	-0.0036759095045772704	36.40803146362305
23.738	2.726521739130435	0.02507692307692308	-0.03388957093498985	0.30177224738234193	0.011965720137534162	-0.0039447957676602245	42.62376022338867
23.738	2.726521739130435	0.03326923076923077	-0.032313979519823	0.29860414093071136	0.011836990828494208	-0.0035782532410225686	41.80630111694336
23.738	2.726521739130435	0.041461538461538466	-0.0318967201441161	0.2999996034501645	0.011426260899868108	-0.003474021029461684	40.55763244628906
23.738	2.726521739130435	0.04965384615384616	-0.03050450223233622	0.29611287555457694	0.011192698706904787	-0.003319394059593284	39.793827056884766
23.738	2.726521739130435	0.05784615384615385	-0.029714649344342765	0.2952469480015205	0.010941595629939418	-0.003159061740924721	40.40447235107422
23.738	2.726521739130435	0.06603846153846155	-0.027894688151295734	0.29195864801650084	0.010653781419155194	-0.0028144024098113877	39.73700714111328
23.738	2.726521739130435	0.07423076923076924	-0.02560437793805256	0.29249960925734786	0.010321814146796015	-0.0027210902160990508	37.53493309020996
23.738	2.726521739130435	0.08242307692307693	-0.02388139512318964	0.28977958791082564	0.010018654347696297	-0.0024352285314694	36.342689514160156
23.738	2.726521739130435	0.09061538461538463	-0.022977373260832847	0.28985322091089327	0.009915346010129965	-0.0023348960770769077	34.79622459411621
23.738	2.726521739130435	0.09880769230769232	-0.020962716592385695	0.2884674885301533	0.009807353621938214	-0.002023995873877828	33.9271183013916
23.738	2.726521739130435	0.10700000000000001	-0.02020991626186603	0.2873152821316066	0.009498659065779071	-0.0018609150877673562	32.929527282714844
23.738	2.726521739130435	0.1151923076923077	-0.019606990585595875	0.28704348148717407	0.009491153244429371	-0.0017831951687903727	32.040252685546875
23.738	2.726521739130435	0.1233846153846154	-0.019005657941891872	0.2874334786799284	0.009465460991239596	-0.0015206935776435602	31.436586380004883
23.738	2.726521739130435	0.1315769230769231	-0.01931118185152026	0.28597891812813614	0.009165385945905729	-0.0015680185732238733	31.12903594970703
23.738	2.726521739130435	0.13976923076923078	-0.019019137646137385	0.2869655513988607	0.009222665799987297	-0.0014698061723069106	30.82801055908203
23.738	2.726521739130435	0.14796153846153848	-0.020868338801119823	0.28800545567664704	0.009179403721943351	-0.0014311851113695058	30.476959228515625
23.738	2.726521739130435	0.15615384615384617	-0.023189105317695642	0.28907070651541106	0.009037602681332588	-0.0016620089500037692	29.416831970214844
23.738	2.726521739130435	0.16434615384615386	-0.026555132857314426	0.2910264810542161	0.00888259647444949	-0.001681591798646131	28.325977325439453
23.738	2.726521739130435	0.17253846153846156	-0.03096434230988391	0.29225516961836756	0.009181490960087841	-0.001840108458398324	27.264881134033203
23.738	2.726521739130435	0.18073076923076925	-0.035491709679130255	0.2937249629093388	0.008998087524138833	-0.0018173720516442048	26.357725143432617
23.738	2.726521739130435	0.18892307692307694	-0.04087920601343796	0.29299140052144823	0.008743439894492127	-0.002211362065193509	25.475116729736328
23.738	2.726521739130435	0.19711538461538464	-0.04712088330836709	0.2938343155552571	0.008775257956634124	-0.0022027719814665097	24.58452796936035
23.738	2.726521739130435	0.20530769230769233	-0.053400456069926466	0.2931501165408987	0.008826717451356068	-0.0021440799065451134	23.824403762817383
23.738	2.726521739130435	0.21350000000000002	-0.05959127794939605	0.2932363224416682	0.008675470731449723	-0.002434503825977324	23.124683380126953
23.738	2.726521739130435	0.22169230769230772	-0.06744261186558335	0.29344554741081685	0.008474403379713592	-0.002639995437245696	22.534263610839844
23.738	2.726521739130435	0.2298846153846154	-0.073316719646316	0.2930851206499929	0.008354884827005506	-0.0027476377049729106	22.012588500976562
23.738	2.726521739130435	0.2380769230769231	-0.0808319972434379	0.291010310055207	0.008262207653181551	-0.00297127235771857	21.54814338684082
23.738	2.726521739130435	0.2462692307692308	-0.08784282085390949	0.29007935114168426	0.008113582251983617	-0.003176256830375657	21.103918075561523
23.738	2.726521739130435	0.25446153846153846	-0.09484387758558799	0.28847570751058726	0.008029834402885067	-0.003228134508768389	20.782405853271484
23.738	2.726521739130435	0.2626538461538462	-0.1021076067481022	0.2867732830924061	0.008035918512710117	-0.003383649516609099	20.457660675048828
23.738	2.726521739130435	0.2708461538461539	-0.10966762079180402	0.2849781938679362	0.007804866156542575	-0.003646349734756058	20.141738891601562
23.738	2.726521739130435	0.27903846153846157	-0.11618514953435582	0.2831812967397118	0.007833660746202143	-0.0037077805993258315	19.877803802490234
23.738	2.726521739130435	0.28723076923076923	-0.1258386576853059	0.2811012643473069	0.007826732668731785	-0.00418110082771493	19.61471176147461
23.738	2.726521739130435	0.29542307692307695	-0.1317251189101784	0.27863243114224956	0.007667074019823193	-0.004130670301857592	19.399137496948242
23.738	2.726521739130435	0.3036153846153847	-0.1388704448503108	0.27589032954925785	0.007460450235716854	-0.004443268764590736	19.017330169677734
23.738	2.726521739130435	0.31180769230769234	-0.14544271002827597	0.27332679822499045	0.00747860705117208	-0.004678817355908164	18.610694885253906
23.738	2.726521739130435	0.32	-0.1534595505495804	0.2727102996519185	0.007239030058561043	-0.004835132523148873	18.227622985839844
23.738	2.735217391304348	0.0005	-0.0777243697245854	0.23274210819214353	0.010533978549945318	-0.0033177822805010642	14.10211181640625
23.738	2.735217391304348	0.008692307692307694	-0.02322853676100071	0.3153372368935029	0.010325401734742485	-0.003497422367800114	36.16044998168945
23.738	2.735217391304348	0.016884615384615387	-0.02550245242249962	0.3288223015071359	0.010509656329311697	-0.0032475855834855766	39.8596305847168
23.738	2.735217391304348	0.02507692307692308	-0.02594189474845511	0.33265528280278356	0.010346557789144154	-0.003237371922360896	42.71654510498047
23.738	2.735217391304348	0.03326923076923077	-0.02500442584065926	0.3325669665424121	0.010098265837975726	-0.003177349263655414	42.05628204345703
23.738	2.735217391304348	0.041461538461538466	-0.0234502630402847	0.33426086161266744	0.00986111857094098	-0.003038160464434113	41.116119384765625
23.738	2.735217391304348	0.04965384615384616	-0.022537381301662027	0.33271389181968725	0.009574850413218275	-0.002960746980647244	40.594478607177734
23.738	2.735217391304348	0.05784615384615385	-0.023835364206023592	0.3332623293571963	0.009263118835348258	-0.0026184832504147467	40.13918495178223
23.738	2.735217391304348	0.06603846153846155	-0.02225466410891279	0.3307834434922846	0.00918651027726472	-0.0024245283587949534	38.26915740966797
23.738	2.735217391304348	0.07423076923076924	-0.021438796878645756	0.33003053762072554	0.008745538074923644	-0.0022667789227559434	37.68013954162598
23.738	2.735217391304348	0.08242307692307693	-0.02018864420533538	0.32882731172826635	0.008596882577797026	-0.0019320925559756295	35.76070022583008
23.738	2.735217391304348	0.09061538461538463	-0.020419513251265557	0.3272709070773242	0.008366101199601636	-0.0019918253496458934	34.88313293457031
23.738	2.735217391304348	0.09880769230769232	-0.01996037522812238	0.3266883590872719	0.008327232324129338	-0.0016796976009114768	33.87482261657715
23.738	2.735217391304348	0.10700000000000001	-0.020951418750444276	0.32404987563991583	0.008355840533815691	-0.001507159968741342	32.79417419433594
23.738	2.735217391304348	0.1151923076923077	-0.020454345974774305	0.32311133026669636	0.008163804813714128	-0.0012504542320581269	32.18451690673828
23.738	2.735217391304348	0.1233846153846154	-0.020896685160748864	0.3223371891115712	0.008198487665071232	-0.001013238406281767	31.716365814208984
23.738	2.735217391304348	0.1315769230769231	-0.022132532525499817	0.3219306370122958	0.008098395110868227	-0.0009715057387584456	31.4833984375
23.738	2.735217391304348	0.13976923076923078	-0.024495525637682987	0.3214505161402067	0.008106758079087669	-0.0010590886378995723	30.86432647705078
23.738	2.735217391304348	0.14796153846153848	-0.026339297700047733	0.32160143739873026	0.008053439768194882	-0.0011048412583623082	29.765872955322266
23.738	2.735217391304348	0.15615384615384617	-0.029658160660488764	0.32292186167594916	0.008101158981809409	-0.0012203507883075657	28.609638214111328
23.738	2.735217391304348	0.16434615384615386	-0.034082005732649065	0.3233932937875509	0.007761601383088122	-0.0013996378728055809	27.513748168945312
23.738	2.735217391304348	0.17253846153846156	-0.040677223914259174	0.32547799604089267	0.007740200572185517	-0.0014123104787334122	26.447235107421875
23.738	2.735217391304348	0.18073076923076925	-0.04545826847115736	0.3258163415232675	0.00787598934201489	-0.0015961546514995921	25.423965454101562
23.738	2.735217391304348	0.18892307692307694	-0.05229715719597211	0.3250884928635689	0.007750317189403542	-0.00163161350070076	24.504528045654297
23.738	2.735217391304348	0.19711538461538464	-0.05990454131078937	0.3244863020857057	0.007536557987454125	-0.0018088885827983545	23.693466186523438
23.738	2.735217391304348	0.20530769230769233	-0.06761953183722715	0.3242883882154904	0.007643984196719907	-0.001875559951150512	22.90854263305664
23.738	2.735217391304348	0.21350000000000002	-0.07539436303974859	0.3233645650640805	0.007392184231143372	-0.0021051354204414327	22.273191452026367
23.738	2.735217391304348	0.22169230769230772	-0.08399448157849171	0.3229239616949468	0.00744520895673911	-0.0020316033610075965	21.665700912475586
23.738	2.735217391304348	0.2298846153846154	-0.09227003500797996	0.32160216899918226	0.007374830942677978	-0.002296774734765364	21.128395080566406
23.738	2.735217391304348	0.2380769230769231	-0.10033131139595058	0.3198637732866716	0.007291477413361164	-0.002561271604014706	20.69109344482422
23.738	2.735217391304348	0.2462692307692308	-0.10898254260556826	0.31728080624653576	0.007143101075308067	-0.0027635464858772212	20.301530838012695
23.738	2.735217391304348	0.25446153846153846	-0.11745396011084777	0.31563343797571203	0.006924818528460004	-0.002674601687541787	19.925106048583984
23.738	2.735217391304348	0.2626538461538462	-0.12479070677929083	0.3127355012879073	0.006814755943079961	-0.0033519504142184063	19.624671936035156
23.738	2.735217391304348	0.2708461538461539	-0.13356699663255822	0.3106016753892713	0.006994594724649985	-0.0034405111855630964	19.355445861816406
23.738	2.735217391304348	0.27903846153846157	-0.14242567165312536	0.3082911430485894	0.006809866771705694	-0.003383519004752332	19.086219787597656
23.738	2.735217391304348	0.28723076923076923	-0.15076771428468233	0.30509465203529396	0.006535908969076082	-0.0038041979353475343	18.8568058013916
23.738	2.735217391304348	0.29542307692307695	-0.15848936967194444	0.3019614740824596	0.006486263166320531	-0.0038097152639020916	18.699254989624023
23.738	2.735217391304348	0.3036153846153847	-0.1660118876785685	0.29869420182279943	0.006489755791094878	-0.004176983717018845	18.52338981628418
23.738	2.735217391304348	0.31180769230769234	-0.17455624121575875	0.2960532229835735	0.006666128722700202	-0.0042866340420966795	18.330801010131836
23.738	2.735217391304348	0.32	-0.18226390050331154	0.29344689833505977	0.006489095309698717	-0.004549107497092093	18.17603874206543
23.738	2.743913043478261	0.0005	-0.30529914067665137	0.42106015669687613	0.009045419797647487	-0.000514353169658898	8.968124389648438
23.738	2.743913043478261	0.008692307692307694	-0.024722434744034155	0.2252254246412118	0.008827951818068943	-0.0009108022293243203	36.413108825683594
23.738	2.743913043478261	0.016884615384615387	-0.029483440114562606	0.24623926320764408	0.008764432296277921	-0.0008968352028627064	42.96894836425781
23.738	2.743913043478261	0.02507692307692308	-0.025731610557612788	0.2567467893143199	0.008640446429229157	-0.0006476112313033714	44.256980895996094
23.738	2.743913043478261	0.03326923076923077	-0.02574398796185921	0.2609478897017208	0.008441306871149846	-0.0009106050122670102	44.04948425292969
23.738	2.743913043478261	0.041461538461538466	-0.026260330872283535	0.25989068078967914	0.008287283861913873	-0.0007281168313954215	43.22219657897949
23.738	2.743913043478261	0.04965384615384616	-0.025111246070171282	0.2653288601402921	0.008217438320618121	-0.000637949930512567	43.35809516906738
23.738	2.743913043478261	0.05784615384615385	-0.024241876083485943	0.27011699710328957	0.00789011860240136	-0.0008799578137093185	41.898475646972656
23.738	2.743913043478261	0.06603846153846155	-0.021662112610727008	0.26722046831738155	0.00784477665458509	-0.00047043909162379483	39.397850036621094
23.738	2.743913043478261	0.07423076923076924	-0.01950021512174087	0.26821761319325504	0.007550557257899852	-0.0004036968679887201	37.235107421875
23.738	2.743913043478261	0.08242307692307693	-0.01907589812770991	0.2698741164541474	0.0074856259695163935	-0.00041844328239967906	36.488393783569336
23.738	2.743913043478261	0.09061538461538463	-0.01756537476984473	0.2710229204704861	0.007083049499911124	-0.00026878811282877015	35.05858612060547
23.738	2.743913043478261	0.09880769230769232	-0.016701826230803338	0.26985575543119183	0.007086242293038205	-0.00010751947576261546	33.77974319458008
23.738	2.743913043478261	0.10700000000000001	-0.016110338793316692	0.2701453792430327	0.006977504518916766	0.00010749297684844677	32.83145332336426
23.738	2.743913043478261	0.1151923076923077	-0.016441857891900127	0.2694859765993178	0.0067939540535085765	9.242139444643308e-05	32.23315620422363
23.738	2.743913043478261	0.1233846153846154	-0.01653498244939764	0.27189405817391255	0.007019471886731993	0.00033408384015195115	31.32822608947754
23.738	2.743913043478261	0.1315769230769231	-0.017340205507375507	0.2715048730102545	0.006997277045078193	0.00031909917023461296	31.073768615722656
23.738	2.743913043478261	0.13976923076923078	-0.01857552118908943	0.2729146612329191	0.006959770569149953	0.00038404560626680137	30.766006469726562
23.738	2.743913043478261	0.14796153846153848	-0.019962420146175205	0.27502520093130833	0.00701501592712219	0.0003897578533380111	30.700103759765625
23.738	2.743913043478261	0.15615384615384617	-0.022093011566330013	0.27727459823641254	0.006923501047108791	0.00015834255727553383	30.383033752441406
23.738	2.743913043478261	0.16434615384615386	-0.025732229714930794	0.2802581509843133	0.006766297379013324	-1.7760779704769573e-05	29.193790435791016
23.738	2.743913043478261	0.17253846153846156	-0.0301696028229635	0.2827704721330616	0.00684153722956532	-7.500859867045509e-05	28.09560775756836
23.738	2.743913043478261	0.18073076923076925	-0.03542267195949264	0.28569788752958913	0.006930317447838725	-6.701791654838421e-05	26.97280502319336
23.738	2.743913043478261	0.18892307692307694	-0.0412808085565821	0.28610960483222075	0.006703608967767796	-0.0004527028600427219	25.946197509765625
23.738	2.743913043478261	0.19711538461538464	-0.04806288514915381	0.28758385023649957	0.006616652568710997	-0.0006013582011924895	25.148563385009766
23.738	2.743913043478261	0.20530769230769233	-0.05548416163470124	0.2885081470765936	0.006722974819625959	-0.0009947180028256229	24.34450340270996
23.738	2.743913043478261	0.21350000000000002	-0.06255083448044735	0.2894476102014345	0.006722267037640892	-0.0007997978796378835	23.626718521118164
23.738	2.743913043478261	0.22169230769230772	-0.06913933118698698	0.29046906360469793	0.00640246216452073	-0.001315664351183517	22.98397445678711
23.738	2.743913043478261	0.2298846153846154	-0.07634837588188748	0.29130484291397074	0.006681615085984594	-0.0014474492256381613	22.491424560546875
23.738	2.743913043478261	0.2380769230769231	-0.08471226648653998	0.29159684341504244	0.0064217989139130184	-0.0012461769462586475	21.89613151550293
23.738	2.743913043478261	0.2462692307692308	-0.09188184599152907	0.28996863100548287	0.006296025440411405	-0.0018571202039114056	21.510847091674805
23.738	2.743913043478261	0.25446153846153846	-0.10007917227295923	0.29009522675454047	0.0062426938569632925	-0.0019458680513592405	21.08762550354004
23.738	2.743913043478261	0.2626538461538462	-0.10796717764125432	0.2893561975227682	0.006169938145648167	-0.001841066098353242	20.73518943786621
23.738	2.743913043478261	0.2708461538461539	-0.11570586521076269	0.28781861712171375	0.005979879780562182	-0.0020219929292206672	20.413921356201172
23.738	2.743913043478261	0.27903846153846157	-0.12320273782490049	0.28666307192009566	0.006183682857347473	-0.0023511390881578676	20.14008903503418
23.738	2.743913043478261	0.28723076923076923	-0.13110295421219387	0.28435110996416185	0.006059832109992994	-0.002441956156768117	19.93404769897461
23.738	2.743913043478261	0.29542307692307695	-0.13904213419910447	0.28238714274048227	0.006047481013510735	-0.002417115305015253	19.70887565612793
23.738	2.743913043478261	0.3036153846153847	-0.1465930796234064	0.281351412654697	0.005966158870941983	-0.0028156973179326128	19.478544235229492
23.738	2.743913043478261	0.31180769230769234	-0.15385075000413362	0.28042580456374755	0.005882434587205296	-0.0032929404017895364	19.322595596313477
23.738	2.743913043478261	0.32	-0.16114161032346905	0.2772009320286819	0.005761913377111112	-0.0029822251840851076	19.193103790283203
23.738	2.752608695652174	0.0005	0.0027323809596026087	0.19739735014571147	0.008144962406686003	0.0018354020768775701	11.847206115722656
23.738	2.752608695652174	0.008692307692307694	-0.021713522341636406	0.23268858082426985	0.008362149274939671	0.0019911409119352124	37.711151123046875
23.738	2.752608695652174	0.016884615384615387	-0.016537473733663495	0.24865505984251313	0.008339596553737293	0.0019110414894505747	44.479129791259766
23.738	2.752608695652174	0.02507692307692308	-0.019943380404041075	0.2650536186561842	0.008221512510727164	0.0018361198828246304	42.98662567138672
23.738	2.752608695652174	0.03326923076923077	-0.019025157336184918	0.27115069221634275	0.007966413644442463	0.0016832212558598606	44.7220458984375
23.738	2.752608695652174	0.041461538461538466	-0.018453918094101657	0.274527505394507	0.007830786464316114	0.0017690406688138066	45.928016662597656
23.738	2.752608695652174	0.04965384615384616	-0.019330070609513035	0.2802997920480256	0.007856847538161196	0.0015838334650260673	44.80623245239258
23.738	2.752608695652174	0.05784615384615385	-0.017932348576814743	0.2857824390831539	0.007697369977276115	0.0017398489044018455	42.140586853027344
23.738	2.752608695652174	0.06603846153846155	-0.015991357964632656	0.28524282929041456	0.007369756893339375	0.0015001195011456392	39.66764450073242
23.738	2.752608695652174	0.07423076923076924	-0.016667492193339017	0.28869415726997927	0.007465867409202417	0.0016452000886142664	37.80120849609375
23.738	2.752608695652174	0.08242307692307693	-0.01553935527242932	0.2912029986406983	0.007339441195184176	0.0017037266161618102	36.36675262451172
23.738	2.752608695652174	0.09061538461538463	-0.014811117525030863	0.29159474803265006	0.007174636743896534	0.001527137318836477	35.038949966430664
23.738	2.752608695652174	0.09880769230769232	-0.014950197367347375	0.29184747666649397	0.0070807326631818525	0.0015648268863911984	33.80748176574707
23.738	2.752608695652174	0.10700000000000001	-0.0149155684540752	0.2923983280611491	0.007081345246880814	0.001756372512130509	32.94057846069336
23.738	2.752608695652174	0.1151923076923077	-0.014722037036948916	0.29246412646917475	0.006879495113041012	0.0016622528159642932	32.096426010131836
23.738	2.752608695652174	0.1233846153846154	-0.016007049755239002	0.2941969972658701	0.007007151409576872	0.0016865058302356715	31.686386108398438
23.738	2.752608695652174	0.1315769230769231	-0.015942629947245372	0.2926643996529831	0.006718142188871535	0.0017644648914994275	31.119709014892578
23.738	2.752608695652174	0.13976923076923078	-0.017300473796354854	0.29272114953504313	0.006752315475049958	0.0017435460650857644	30.722660064697266
23.738	2.752608695652174	0.14796153846153848	-0.01788470614949452	0.2954102576653324	0.006719069235579021	0.0015899458578998724	30.554466247558594
23.738	2.752608695652174	0.15615384615384617	-0.019640044341873622	0.29605572077294084	0.0067895016923568054	0.0017555819133987776	30.610013961791992
23.738	2.752608695652174	0.16434615384615386	-0.02220880593727423	0.29701529970054785	0.006762555976957753	0.001304775357307514	29.703386306762695
23.738	2.752608695652174	0.17253846153846156	-0.02484447850352233	0.29881538523197915	0.00668898290068739	0.0011754013004479015	28.767921447753906
23.738	2.752608695652174	0.18073076923076925	-0.02957397668128913	0.3007344003564194	0.006705036806375227	0.0012124561488308242	27.73857307434082
23.738	2.752608695652174	0.18892307692307694	-0.03514889011262648	0.30144601616823463	0.006830435320532214	0.00082988394170919	26.68856430053711
23.738	2.752608695652174	0.19711538461538464	-0.04095900211661793	0.3023310696125405	0.006664524575259798	0.0007937456601337857	25.739784240722656
23.738	2.752608695652174	0.20530769230769233	-0.04816641228592128	0.3034867064292427	0.006538475164185957	0.0005266652876242319	24.87451171875
23.738	2.752608695652174	0.21350000000000002	-0.05519029733315916	0.30353327468182545	0.006608846386040472	0.000115389191690134	24.130449295043945
23.738	2.752608695652174	0.22169230769230772	-0.06269499560358885	0.3042821886325166	0.006611978971010915	1.8566411365989366e-05	23.371479034423828
23.738	2.752608695652174	0.2298846153846154	-0.07063364441047373	0.304326475	0.006271452254561606	-0.00020330140039613364	22.769941329956055
23.738	2.752608695652174	0.2380769230769231	-0.07884606810758774	0.303888638092196	0.006459991900858308	-0.00031302088971523856	22.171672821044922
23.738	2.752608695652174	0.2462692307692308	-0.08646015617578998	0.30356470551864584	0.006346624454451152	-0.0005800164026607928	21.704545974731445
23.738	2.752608695652174	0.25446153846153846	-0.09426790419548527	0.3033172918535896	0.006257807607763929	-0.0004947560555945988	21.23837661743164
23.738	2.752608695652174	0.2626538461538462	-0.1028045786270105	0.30163642945058045	0.00614534996522848	-0.001009770089548373	20.861791610717773
23.738	2.752608695652174	0.2708461538461539	-0.11122652894283427	0.3008137836842692	0.006045274207724266	-0.001015001711428262	20.52674102783203
23.738	2.752608695652174	0.27903846153846157	-0.11931494738056256	0.2990961751582729	0.00600297700556182	-0.001399964933741936	20.197980880737305
23.738	2.752608695652174	0.28723076923076923	-0.12765797000739446	0.2968333720316408	0.0059295286110110975	-0.0013939742627398252	19.94694709777832
23.738	2.752608695652174	0.29542307692307695	-0.1364243747019673	0.29613021466899236	0.00590502556506828	-0.0017476928130766337	19.650548934936523
23.738	2.752608695652174	0.3036153846153847	-0.14421380165573	0.2940173429512052	0.005932420544079607	-0.0017616981644142612	19.490320205688477
23.738	2.752608695652174	0.31180769230769234	-0.15265607129625058	0.29245466332086334	0.005745818634475421	-0.0016556258605142093	19.30083465576172
23.738	2.752608695652174	0.32	-0.16089085306683004	0.29008769510126464	0.005722799369940727	-0.002135515146515121	19.12062644958496
23.738	2.761304347826087	0.0005	0.05635231767139019	0.164861733892921	0.007373530058311097	0.003279993291233087	12.547859191894531
23.738	2.761304347826087	0.008692307692307694	-0.01708518232860981	0.172674233892921	0.007525448701989165	0.003524546965798483	34.999778747558594
23.738	2.761304347826087	0.016884615384615387	-0.01584732461431442	0.16773393066412545	0.007523032597524313	0.0033095826820807844	43.052398681640625
23.738	2.761304347826087	0.02507692307692308	-0.0194759828574663	0.1790108528778998	0.007480360369416508	0.0031818572124090905	45.88789367675781
23.738	2.761304347826087	0.03326923076923077	-0.01893768196255814	0.19117833449592153	0.007451699870399359	0.0031434645225399483	49.545684814453125
23.738	2.761304347826087	0.041461538461538466	-0.01849464918514651	0.1948670965698422	0.007315511499656169	0.0028923043583145105	46.37178421020508
23.738	2.761304347826087	0.04965384615384616	-0.018698333272066034	0.20390069227953547	0.007383110463020043	0.002902301525769686	45.6263484954834
23.738	2.761304347826087	0.05784615384615385	-0.01939412249227413	0.20806444848910843	0.007212557737444709	0.0027665532655115482	40.64982795715332
23.738	2.761304347826087	0.06603846153846155	-0.019210487799471127	0.21453388501447562	0.007119115646278509	0.002717806325387262	39.26023864746094
23.738	2.761304347826087	0.07423076923076924	-0.01778857131463836	0.21779662538808708	0.007071989909095714	0.002624789540283435	37.427459716796875
23.738	2.761304347826087	0.08242307692307693	-0.017585119800394282	0.2224468739752185	0.007101102874062485	0.002747629644051318	36.08574295043945
23.738	2.761304347826087	0.09061538461538463	-0.01719210862681165	0.22622701010311655	0.0069115350596105785	0.0025673547202383273	34.4669075012207
23.738	2.761304347826087	0.09880769230769232	-0.016656507668419633	0.22936747683322703	0.006946638524014651	0.0026506435628188157	33.3425178527832
23.738	2.761304347826087	0.10700000000000001	-0.015734941623065664	0.23079218484961697	0.0068802807822847326	0.0025190801266684435	32.56784629821777
23.738	2.761304347826087	0.1151923076923077	-0.015324066206200162	0.23284733425218454	0.006720303430167385	0.0024105284425254793	31.780607223510742
23.738	2.761304347826087	0.1233846153846154	-0.01618902264101628	0.2367657069521755	0.006842104695440734	0.0025696648355497554	31.06937599182129
23.738	2.761304347826087	0.1315769230769231	-0.016554468310756718	0.23760412884268764	0.006831951603400341	0.002552895816054256	30.5753231048584
23.738	2.761304347826087	0.13976923076923078	-0.016392383132078477	0.2412518613884132	0.00694354514083231	0.00257671594439608	30.143693923950195
23.738	2.761304347826087	0.14796153846153848	-0.017039895865387074	0.24340855308381293	0.006821862957151708	0.002513383990266728	30.053123474121094
23.738	2.761304347826087	0.15615384615384617	-0.018320636669327796	0.24616958132013142	0.006848892245935165	0.002389744578072488	30.020488739013672
23.738	2.761304347826087	0.16434615384615386	-0.019218913544123355	0.24802494764793126	0.006728510224071648	0.002343591739816348	29.722206115722656
23.738	2.761304347826087	0.17253846153846156	-0.02085765099119214	0.25122831601169715	0.00666496902078192	0.0021732887781741594	29.65420150756836
23.738	2.761304347826087	0.18073076923076925	-0.023179353941768004	0.2535640488282701	0.006715818492220124	0.001917641186710045	29.44988250732422
23.738	2.761304347826087	0.18892307692307694	-0.027822491811193107	0.2566128121709379	0.006729777836032862	0.0019111747401547633	28.447145462036133
23.738	2.761304347826087	0.19711538461538464	-0.03183561489614188	0.25774393271970764	0.006448389446329507	0.0015695627741587855	27.523258209228516
23.738	2.761304347826087	0.20530769230769233	-0.03708408997090995	0.26000811051893247	0.006594319135608507	0.001484618503683976	26.65566635131836
23.738	2.761304347826087	0.21350000000000002	-0.04232900938611678	0.26091097783308875	0.00658145443441511	0.0013860957709648032	25.815452575683594
23.738	2.761304347826087	0.22169230769230772	-0.04835541885938696	0.26158146205369787	0.006471301458502538	0.0011508344137946011	25.12677764892578
23.738	2.761304347826087	0.2298846153846154	-0.05451018924034866	0.2636996103560756	0.006360973534781197	0.0008048010378042253	24.34407615661621
23.738	2.761304347826087	0.2380769230769231	-0.06111582240894294	0.26295940674517504	0.006539538153875088	0.0007396372442864266	23.757497787475586
23.738	2.761304347826087	0.2462692307692308	-0.06843220617827431	0.2633500650224274	0.006064520567152121	0.00044476116893667835	23.223670959472656
23.738	2.761304347826087	0.25446153846153846	-0.07512795076485362	0.26331016880715696	0.006106940242416798	0.00025611424910414464	22.715660095214844
23.738	2.761304347826087	0.2626538461538462	-0.08215892648009451	0.2623310121153083	0.006154196310372258	0.0001965012841802724	22.285974502563477
23.738	2.761304347826087	0.2708461538461539	-0.0889818341750992	0.2618349524067327	0.00584116570978081	-3.434425868442735e-05	21.812393188476562
23.738	2.761304347826087	0.27903846153846157	-0.09615078934987584	0.26200484953458986	0.006068526052735867	-0.0004707962589351787	21.206167221069336
23.738	2.761304347826087	0.28723076923076923	-0.1032957662942106	0.2610283464896398	0.006027048162690951	-0.0002344403723442805	20.653446197509766
23.738	2.761304347826087	0.29542307692307695	-0.11117245184697533	0.26006310429120416	0.005786705557188432	-0.0004256058949182926	20.141183853149414
23.738	2.761304347826087	0.3036153846153847	-0.11848710888589946	0.2582743086321926	0.005759408703074472	-0.0006023106109411621	19.69482421875
23.738	2.761304347826087	0.31180769230769234	-0.12638481069880747	0.25798460200249174	0.005628169045150689	-0.0006893104183749906	19.26511001586914
23.738	2.761304347826087	0.32	-0.13278061290330473	0.256460010381946	0.005752487712634392	-0.0011175217801557885	18.863740921020508
23.738	2.77	0.0005	-0.07633530260646472	0.3482568741653298	0.00697912225711869	0.004652638508468683	8.718948364257812
23.738	2.77	0.008692307692307694	-0.015996711596069475	0.24188305320037978	0.007182950587745082	0.004839165086942295	35.82930374145508
23.738	2.77	0.016884615384615387	-0.022341113286668175	0.2476825504766504	0.007001432625682964	0.004716517735109355	44.829803466796875
23.738	2.77	0.02507692307692308	-0.019050173955613488	0.25245263867245116	0.007139601282866222	0.004672899512101129	47.0303840637207
23.738	2.77	0.03326923076923077	-0.019378311030336645	0.2626457609239759	0.006833890915682659	0.004408199583857813	47.691162109375
23.738	2.77	0.041461538461538466	-0.021522804706827447	0.26842279374570466	0.006982106796278985	0.0043805795598572716	46.44465255737305
23.738	2.77	0.04965384615384616	-0.022588488071695615	0.2713567012545547	0.006904551384816454	0.004350071339841583	45.64999580383301
23.738	2.77	0.05784615384615385	-0.02210886024955362	0.27476872422425563	0.006771856145043163	0.003992606724990829	42.9106559753418
23.738	2.77	0.06603846153846155	-0.021870424369680046	0.2764266315434234	0.0067435855715535006	0.00378111934391861	39.65593719482422
23.738	2.77	0.07423076923076924	-0.022349245109067273	0.27731069513730944	0.006968392801882498	0.003907486728336398	37.618825912475586
23.738	2.77	0.08242307692307693	-0.021299477674470255	0.27792792731099075	0.006563012452778583	0.00389822145385634	36.06591796875
23.738	2.77	0.09061538461538463	-0.022433245562420205	0.2782436696919077	0.006770619649203875	0.003607283963492989	34.88383102416992
23.738	2.77	0.09880769230769232	-0.021150529692091358	0.27884551227838583	0.006765943420349068	0.0035703247589030426	33.73121643066406
23.738	2.77	0.10700000000000001	-0.020570304506942173	0.27804456597708904	0.006365651831778821	0.0034265651336190125	33.19502258300781
23.738	2.77	0.1151923076923077	-0.02024974777475652	0.27954591940046214	0.006678544900821094	0.003558432607214561	32.41765594482422
23.738	2.77	0.1233846153846154	-0.020439735833748265	0.2792613095383244	0.006718992560378776	0.0034722477280317242	31.650550842285156
23.738	2.77	0.1315769230769231	-0.020556901242776787	0.2799877591210501	0.006695053903765164	0.003385929315245158	31.54559326171875
23.738	2.77	0.13976923076923078	-0.02073279203493802	0.28054592490783803	0.006783609137143595	0.0035869119100786343	31.139080047607422
23.738	2.77	0.14796153846153848	-0.020532259115096537	0.28225623657990717	0.00665671365412158	0.0034433878191630148	30.875017166137695
23.738	2.77	0.15615384615384617	-0.021882499293159316	0.2827107838684096	0.006883287357277934	0.003263885455778748	30.832246780395508
23.738	2.77	0.16434615384615386	-0.023025118843387437	0.2838930740350261	0.0066161065082157855	0.00320509235149239	30.008087158203125
23.738	2.77	0.17253846153846156	-0.025327250601278842	0.28564488655561326	0.006586786770583535	0.0029914190356856176	29.1030216217041
23.738	2.77	0.18073076923076925	-0.028307985778412835	0.28678196216926777	0.0068865360226541975	0.0028482416266369607	28.008792877197266
23.738	2.77	0.18892307692307694	-0.03181656847144275	0.2864643755903006	0.006474072238058013	0.002614153147808761	27.162521362304688
23.738	2.77	0.19711538461538464	-0.036566683797545976	0.28719002296815194	0.006562471190088252	0.0023792321331442493	26.173458099365234
23.738	2.77	0.20530769230769233	-0.04153277952479816	0.2873765066768518	0.006414729302528034	0.0021063089381816334	25.258852005004883
23.738	2.77	0.21350000000000002	-0.04753929983893873	0.2874103156582166	0.006437502413214138	0.0018874715351732676	24.497482299804688
23.738	2.77	0.22169230769230772	-0.05395752162480026	0.2879971507487242	0.006582137481994923	0.001976683681154731	23.76664924621582
23.738	2.77	0.2298846153846154	-0.06128822781370716	0.28725629504479305	0.0064645689951009135	0.0014457445896047787	23.156475067138672
23.738	2.77	0.2380769230769231	-0.068016498352295	0.28632729347264396	0.00638691898154654	0.0014293080783906562	22.51709747314453
23.738	2.77	0.2462692307692308	-0.07530643848323944	0.2849062595211846	0.0063862678505972065	0.0013683368810140555	22.080625534057617
23.738	2.77	0.25446153846153846	-0.08178708432489645	0.2833429369985505	0.006010405936818796	0.0011378652175003028	21.532777786254883
23.738	2.77	0.2626538461538462	-0.09041614300419966	0.28206956405768324	0.006104136260170136	0.0009486906696869934	21.10513687133789
23.738	2.77	0.2708461538461539	-0.09802158941672176	0.28066964248414994	0.005829312075956353	0.0006050785196560806	20.727346420288086
23.738	2.77	0.27903846153846157	-0.1047352492473415	0.27887286438857145	0.005880425097574575	0.0006295192550891005	20.40810203552246
23.738	2.77	0.28723076923076923	-0.1124760437170167	0.2765610774307403	0.005956960348566157	0.0004951028183125797	19.984371185302734
23.738	2.77	0.29542307692307695	-0.12071220633724948	0.2745337811927654	0.005688140770648646	0.0003226258450118421	19.490453720092773
23.738	2.77	0.3036153846153847	-0.1281495778504009	0.2731226872828827	0.005864896080452054	0.000232524696195087	19.053953170776367
23.738	2.77	0.31180769230769234	-0.13540036428339727	0.27067935247337827	0.005621482988594762	-0.00025611293700732933	18.6264591217041
23.738	2.77	0.32	-0.1435748129179022	0.2686058449292006	0.005619252976742978	-0.00029640096557317897	18.22150993347168
23.738	2.778695652173913	0.0005	-0.03927793791790221	0.4766136574292009	0.007033110239132204	0.005482729846277841	11.636703491210938
23.738	2.778695652173913	0.008692307692307694	-0.014103084805353617	0.19256722035011384	0.0073117544643367186	0.00578712271751511	33.650169372558594
23.738	2.778695652173913	0.016884615384615387	-0.015916977281583363	0.19397729448080858	0.007219444309686242	0.005556719327682466	46.20883560180664
23.738	2.778695652173913	0.02507692307692308	-0.01783133542062145	0.2000437837004741	0.007261610268655759	0.005671236086276765	48.830230712890625
23.738	2.778695652173913	0.03326923076923077	-0.017502511496556815	0.2034655507564624	0.00728431511911559	0.005494525759882355	43.5755615234375
23.738	2.778695652173913	0.041461538461538466	-0.019307142141176285	0.21105633758977846	0.007151305265349139	0.004984151749493239	48.735897064208984
23.738	2.778695652173913	0.04965384615384616	-0.01944222922333878	0.21533770236690392	0.007097903980163314	0.004976416357901971	44.28054237365723
23.738	2.778695652173913	0.05784615384615385	-0.02147555515072141	0.21810892198788157	0.007024587301262054	0.004989526564893411	43.056556701660156
23.738	2.778695652173913	0.06603846153846155	-0.022320403217930072	0.2244077654207689	0.0070673850005911	0.00473276904150636	40.02342987060547
23.738	2.778695652173913	0.07423076923076924	-0.02139921398263238	0.22518257204090272	0.006982270499663266	0.004669970348614485	37.51865768432617
23.738	2.778695652173913	0.08242307692307693	-0.02124296009914263	0.22939062321264536	0.006914558722207498	0.0043675345513254525	36.745195388793945
23.738	2.778695652173913	0.09061538461538463	-0.021664062865501307	0.23212193576877047	0.006947416132192739	0.0044745540746154834	35.00793266296387
23.738	2.778695652173913	0.09880769230769232	-0.021849379200911186	0.23454337488186586	0.0070195234085182745	0.0043770213138969085	34.33456039428711
23.738	2.778695652173913	0.10700000000000001	-0.02201295256517273	0.2371151279160012	0.0072168086278103704	0.0043562152664463035	33.22904014587402
23.738	2.778695652173913	0.1151923076923077	-0.022037089035911964	0.2395619198555404	0.007121127273978037	0.004269847572598372	32.45573425292969
23.738	2.778695652173913	0.1233846153846154	-0.02200364842172204	0.24105119754119997	0.006944435443266832	0.00415449186557729	31.96636390686035
23.738	2.778695652173913	0.1315769230769231	-0.022972633308725947	0.24294323839738252	0.006925148384263428	0.004164977394779175	31.713390350341797
23.738	2.778695652173913	0.13976923076923078	-0.024389070146388546	0.24686285233205313	0.007162529216911416	0.0043899236344266575	31.60770034790039
23.738	2.778695652173913	0.14796153846153848	-0.024982643286601804	0.2493279863674998	0.00699745135484162	0.0037712412888626836	31.522438049316406
23.738	2.778695652173913	0.15615384615384617	-0.02695936930710187	0.2531836260360001	0.006727134820398788	0.0038715388366231045	31.029394149780273
23.738	2.778695652173913	0.16434615384615386	-0.0290306107771502	0.25583281304325034	0.006794058622240546	0.00372229498107433	30.025266647338867
23.738	2.778695652173913	0.17253846153846156	-0.03249103687313973	0.2590505544668278	0.006852304085635419	0.003582421199588917	28.964542388916016
23.738	2.778695652173913	0.18073076923076925	-0.03601700830815016	0.2610247607914945	0.006764895649224065	0.003349236847351915	27.808605194091797
23.738	2.778695652173913	0.18892307692307694	-0.04108827877400098	0.2620137508599302	0.006863786755610096	0.003248221870710215	26.844999313354492
23.738	2.778695652173913	0.19711538461538464	-0.046027863640316254	0.2634165131850269	0.006564630598193807	0.0033212518752790783	25.91495132446289
23.738	2.778695652173913	0.20530769230769233	-0.05209277056029493	0.2644516586576259	0.006600153695870369	0.0028482594518820315	25.057771682739258
23.738	2.778695652173913	0.21350000000000002	-0.05848775587847882	0.2640167615626612	0.0064337736631879605	0.002715306574614121	24.322542190551758
23.738	2.778695652173913	0.22169230769230772	-0.06481341598383691	0.2640921283694385	0.00647419876718671	0.0023852595848853036	23.601856231689453
23.738	2.778695652173913	0.2298846153846154	-0.07213750050697085	0.2640320663405053	0.006448097993647783	0.0021770236737625455	23.018625259399414
23.738	2.778695652173913	0.2380769230769231	-0.078670147989571	0.2638514604770237	0.006486725740247017	0.0022434397802793362	22.422466278076172
23.738	2.778695652173913	0.2462692307692308	-0.08610336796562834	0.2616241809535261	0.006359889298478695	0.00212444966437703	21.964324951171875
23.738	2.778695652173913	0.25446153846153846	-0.09387442758935856	0.2607880104553589	0.006234689251287906	0.0017993242937730468	21.54315185546875
23.738	2.778695652173913	0.2626538461538462	-0.10046976783571349	0.25912792937779316	0.006157114347047632	0.0016181617573717648	21.179887771606445
23.738	2.778695652173913	0.2708461538461539	-0.10825386428871892	0.2582426888734064	0.005888905349847836	0.0015065584326552936	20.712875366210938
23.738	2.778695652173913	0.27903846153846157	-0.11554129884350409	0.2561342118324952	0.005983647110251685	0.0012510309441754381	20.15422248840332
23.738	2.778695652173913	0.28723076923076923	-0.12234831626299128	0.25539301564155675	0.005861693900180784	0.0014411367150038452	19.65802001953125
23.738	2.778695652173913	0.29542307692307695	-0.13044287103000382	0.25341995195655687	0.005715982465591124	0.0010742156263311344	19.11094093322754
23.738	2.778695652173913	0.3036153846153847	-0.1381556754484103	0.2507229399753391	0.00579907982096364	0.001206561817345647	18.715389251708984
23.738	2.778695652173913	0.31180769230769234	-0.14557819422081988	0.24870781641875	0.0056120556866068785	0.0008360359754097589	18.309885025024414
23.738	2.778695652173913	0.32	-0.15277688698602032	0.24707041789961923	0.005440167605730779	0.0006054402096409988	17.944963455200195
23.738	2.787391304347826	0.0005	-0.022953106926205905	0.4431887250132669	0.0076180560791511325	0.005809387403961332	11.756179809570312
23.738	2.787391304347826	0.008692307692307694	-0.01752447904777841	0.23568302539361605	0.007779396340155869	0.006073249561475773	32.348854064941406
23.738	2.787391304347826	0.016884615384615387	-0.014560363904956148	0.25651446727288857	0.007798554367654501	0.005826481689135203	41.445838928222656
23.738	2.787391304347826	0.02507692307692308	-0.016126514992128478	0.2618940339977663	0.00752926858174729	0.005714850309277209	46.174171447753906
23.738	2.787391304347826	0.03326923076923077	-0.017909574529539223	0.2678729960317534	0.007728265889890872	0.005685730510731048	44.53000259399414
23.738	2.787391304347826	0.041461538461538466	-0.01900992786554776	0.2714040326198996	0.007697705296577308	0.005496152520390355	47.6998176574707
23.738	2.787391304347826	0.04965384615384616	-0.018444066110062017	0.27720792108808656	0.007554118213104182	0.00541720398273378	43.21059608459473
23.738	2.787391304347826	0.05784615384615385	-0.018730156943156488	0.28181781298229175	0.0076403334905328375	0.005382083373116796	40.709516525268555
23.738	2.787391304347826	0.06603846153846155	-0.020627065531398255	0.28557780350423123	0.007580161373510972	0.005083597065928496	38.61981201171875
23.738	2.787391304347826	0.07423076923076924	-0.019949199098924144	0.28496793712862023	0.00772261740113622	0.005113875294779945	37.4133415222168
23.738	2.787391304347826	0.08242307692307693	-0.019403633790173253	0.28730628912662953	0.007264742421437153	0.004742708257634312	36.20070266723633
23.738	2.787391304347826	0.09061538461538463	-0.018781225078239715	0.28756720765732324	0.007458751823903488	0.004852945273878834	34.65443420410156
23.738	2.787391304347826	0.09880769230769232	-0.01961516893698243	0.28648616473429006	0.007537267387603906	0.004911398816935036	34.065534591674805
23.738	2.787391304347826	0.10700000000000001	-0.01962194923744645	0.2881939348574655	0.00732680688349986	0.004805186698004367	33.177425384521484
23.738	2.787391304347826	0.1151923076923077	-0.01910624125939902	0.28812459422470266	0.00741576672487766	0.004667343099290851	32.61839485168457
23.738	2.787391304347826	0.1233846153846154	-0.020492155882496074	0.28901159396982823	0.007482668732598475	0.004726109076058223	32.4298210144043
23.738	2.787391304347826	0.1315769230769231	-0.020111078876609827	0.2899162351302285	0.007340908587460729	0.004510925315970108	32.26695251464844
23.738	2.787391304347826	0.13976923076923078	-0.02142797937005099	0.2905987486213538	0.007442533903807775	0.004748336962109772	31.63286590576172
23.738	2.787391304347826	0.14796153846153848	-0.023185104493199375	0.29253301261679454	0.007252639000356567	0.004567479007562965	30.532835006713867
23.738	2.787391304347826	0.15615384615384617	-0.025437414456660506	0.29540571699809515	0.007156083925247858	0.004258451601621282	29.276025772094727
23.738	2.787391304347826	0.16434615384615386	-0.02862994074499106	0.298002276094223	0.007250965183420422	0.004398937841967432	28.24048614501953
23.738	2.787391304347826	0.17253846153846156	-0.03216222747837996	0.30042593468871215	0.007203156147142809	0.004576192251040135	27.005292892456055
23.738	2.787391304347826	0.18073076923076925	-0.037858480351547354	0.30172263222240175	0.007032372803650731	0.003888593531662132	26.046199798583984
23.738	2.787391304347826	0.18892307692307694	-0.04301739489133574	0.3014900138686356	0.007107833592748605	0.0037354284783818336	25.05202865600586
23.738	2.787391304347826	0.19711538461538464	-0.05072163502159632	0.3020259543639553	0.007234939010603314	0.003663518866196206	24.14795684814453
23.738	2.787391304347826	0.20530769230769233	-0.057829780496518234	0.30235980716798827	0.006937562658648432	0.0032624067585488503	23.33580780029297
23.738	2.787391304347826	0.21350000000000002	-0.0644085835589572	0.30174329248521853	0.006811111267969438	0.003315204918143965	22.677770614624023
23.738	2.787391304347826	0.22169230769230772	-0.07217065488953914	0.2998409865955556	0.00660197925450835	0.0030299602163877514	22.025394439697266
23.738	2.787391304347826	0.2298846153846154	-0.0804788705616894	0.2994614426810959	0.006604880303955597	0.0029131417992330345	21.489543914794922
23.738	2.787391304347826	0.2380769230769231	-0.08816133867332406	0.2981222966627268	0.00648841265539691	0.0025327787041915335	21.040889739990234
23.738	2.787391304347826	0.2462692307692308	-0.09626629446505972	0.29615452125173	0.006554463076843471	0.0028818581957621246	20.59903335571289
23.738	2.787391304347826	0.25446153846153846	-0.10447315113430394	0.29297661499951955	0.006182983491287682	0.0024300074464390677	20.25634765625
23.738	2.787391304347826	0.2626538461538462	-0.11277175629090068	0.29194106615398074	0.006230246793545896	0.002427549512996863	19.884201049804688
23.738	2.787391304347826	0.2708461538461539	-0.12036025294004649	0.2880304223955244	0.006271167666834891	0.002776023870448641	19.608938217163086
23.738	2.787391304347826	0.27903846153846157	-0.1285778383704079	0.28614304586992545	0.005727335103909222	0.0017455717290358885	19.357345581054688
23.738	2.787391304347826	0.28723076923076923	-0.1372402899878276	0.284109012314388	0.006140157958309696	0.002169417857503065	19.09292221069336
23.738	2.787391304347826	0.29542307692307695	-0.14489027456436088	0.28062652094540164	0.005737321529479072	0.001877289417449607	18.896827697753906
23.738	2.787391304347826	0.3036153846153847	-0.15290884701191493	0.27784556081753115	0.005938035328610411	0.0018067023414793555	18.7415771484375
23.738	2.787391304347826	0.31180769230769234	-0.16014309522095954	0.27532584822424216	0.00589633035103591	0.0017119742303753282	18.559280395507812
23.738	2.787391304347826	0.32	-0.16795259651902633	0.2725710294102873	0.0057903072740123525	0.0015047139638686906	18.29295539855957
23.738	2.796086956521739	0.0005	-0.04412381232890812	0.3364369451893116	0.008053045823749687	0.006147416178096039	13.258476257324219
23.738	2.796086956521739	0.008692307692307694	-0.005580111157033121	0.22448015807993663	0.008223115743548953	0.006302937598902643	32.44264602661133
23.738	2.796086956521739	0.016884615384615387	-0.005896543086774322	0.23217314831116792	0.008120507014409629	0.006200389379719128	42.3642692565918
23.738	2.796086956521739	0.02507692307692308	-0.00936975006879088	0.2355979661936462	0.007964076664420602	0.00615740941795139	46.86697006225586
23.738	2.796086956521739	0.03326923076923077	-0.008214660126918644	0.24112326275797105	0.008147727710878466	0.006051548391128502	49.6113166809082
23.738	2.796086956521739	0.041461538461538466	-0.006621531893119862	0.2434966037501699	0.008076330908364621	0.005861633615559124	45.477914810180664
23.738	2.796086956521739	0.04965384615384616	-0.009839734119132547	0.2474529199607082	0.007895311330060939	0.005788063409699983	43.5093994140625
23.738	2.796086956521739	0.05784615384615385	-0.011210217481163649	0.24740255290875018	0.007980831377371015	0.005685340541421809	41.52280616760254
23.738	2.796086956521739	0.06603846153846155	-0.011857578859826128	0.25167590137198803	0.007950021619016905	0.005624268581106726	38.39219665527344
23.738	2.796086956521739	0.07423076923076924	-0.012053530955973958	0.2510693155985121	0.007849156486945199	0.005473426788864408	37.65709686279297
23.738	2.796086956521739	0.08242307692307693	-0.011981958778279785	0.252629354277384	0.007954343365445007	0.005340575699790015	36.00857925415039
23.738	2.796086956521739	0.09061538461538463	-0.013060244443246369	0.2505205046658361	0.0077805835695741385	0.005185819428640638	34.68076705932617
23.738	2.796086956521739	0.09880769230769232	-0.012835539301183894	0.2523301348355247	0.0077483879771284465	0.0050203704719117065	33.40544319152832
23.738	2.796086956521739	0.10700000000000001	-0.01322058335647627	0.2533080299504449	0.007787091380098428	0.005145249321513081	32.91770553588867
23.738	2.796086956521739	0.1151923076923077	-0.013607531623008543	0.25404222539541055	0.007594085811226685	0.005121007336138255	32.22251892089844
23.738	2.796086956521739	0.1233846153846154	-0.01488366462340538	0.2554565418570133	0.007917989710742838	0.004980057556267828	31.843278884887695
23.738	2.796086956521739	0.1315769230769231	-0.016715008471145026	0.25812728493648707	0.007938897458681298	0.005137126935142049	31.56358528137207
23.738	2.796086956521739	0.13976923076923078	-0.018135230567166497	0.2611112149205074	0.007551975708592584	0.0048736264122417215	31.75909423828125
23.738	2.796086956521739	0.14796153846153848	-0.020620926014315272	0.2646383587728166	0.007974458036384875	0.005166678131856542	31.271337509155273
23.738	2.796086956521739	0.15615384615384617	-0.023802517938848484	0.2675912532710072	0.007582451892171831	0.004757924656785234	29.917133331298828
23.738	2.796086956521739	0.16434615384615386	-0.027745813127795126	0.2708879043306525	0.0073860269273564524	0.0043701098760880065	28.73211669921875
23.738	2.796086956521739	0.17253846153846156	-0.033488638349880306	0.27557951537005826	0.007455262221715255	0.0046322244417910914	27.583236694335938
23.738	2.796086956521739	0.18073076923076925	-0.039664815349897756	0.2774641283010248	0.007223477731254257	0.004240483290247991	26.467885971069336
23.738	2.796086956521739	0.18892307692307694	-0.04661115844028296	0.2782135059745166	0.007290955396406437	0.004526786141461795	25.446327209472656
23.738	2.796086956521739	0.19711538461538464	-0.05425379786866011	0.2784363398016545	0.0070888073054402884	0.004036252966732259	24.616682052612305
23.738	2.796086956521739	0.20530769230769233	-0.061745911354592474	0.2799906719164106	0.007031606630454509	0.00400593146420356	23.73532485961914
23.738	2.796086956521739	0.21350000000000002	-0.06990297382544722	0.2793909800530935	0.006999518294848711	0.003958483585891393	23.14427947998047
23.738	2.796086956521739	0.22169230769230772	-0.0786847264866832	0.2799383529692989	0.007015000711923673	0.003620540014388117	22.47384262084961
23.738	2.796086956521739	0.2298846153846154	-0.0864037399076789	0.28032201208535823	0.006748231487710936	0.0038320387719952445	21.919788360595703
23.738	2.796086956521739	0.2380769230769231	-0.09451973105085637	0.2787534241649475	0.006755127986400389	0.0036481510038786223	21.43808937072754
23.738	2.796086956521739	0.2462692307692308	-0.10299318610809402	0.2780062925708445	0.006805327202493848	0.0036005880463082867	21.010452270507812
23.738	2.796086956521739	0.25446153846153846	-0.11183702337270642	0.27658978365783715	0.006424742197596875	0.0035911119542283787	20.642364501953125
23.738	2.796086956521739	0.2626538461538462	-0.12037051857162147	0.27550380279023595	0.006652635157907651	0.0031479276456088806	20.337055206298828
23.738	2.796086956521739	0.2708461538461539	-0.128177927429284	0.2735488660701838	0.006189134643395225	0.0032251379574802595	20.06787109375
23.738	2.796086956521739	0.27903846153846157	-0.13626227624547577	0.271678050483303	0.006309755226035864	0.00287622841153737	19.81173324584961
23.738	2.796086956521739	0.28723076923076923	-0.14493365193550384	0.2697093456440659	0.006175330534004993	0.0030356655750468065	19.54059600830078
23.738	2.796086956521739	0.29542307692307695	-0.15336688573737356	0.267332357576316	0.006241882560424225	0.0028006545243927415	19.376266479492188
23.738	2.796086956521739	0.3036153846153847	-0.1611741014596513	0.265366864915205	0.006107535261652183	0.0025337717501974326	19.19402313232422
23.738	2.796086956521739	0.31180769230769234	-0.16894311878445287	0.2634651391377357	0.0059794642407150125	0.0026355874784838597	19.035194396972656
23.738	2.796086956521739	0.32	-0.1771617129083533	0.26089498354955337	0.006278587877721469	0.0024999286185317985	18.816598892211914
23.738	2.804782608695652	0.0005	-0.07716300632914495	0.26089591934247636	0.00857539738059876	0.00610674456901116	13.718162536621094
23.738	2.804782608695652	0.008692307692307694	-0.006484295391644951	0.22859611465497637	0.009070246186764504	0.00633283056606381	37.546791076660156
23.738	2.804782608695652	0.016884615384615387	-0.0023422846125963253	0.2548121238452208	0.008763238936388447	0.006520719412330824	43.149051666259766
23.738	2.804782608695652	0.02507692307692308	-0.001086579707689875	0.2553554661780423	0.008887339405626431	0.006353028017502753	46.600807189941406
23.738	2.804782608695652	0.03326923076923077	-0.004185592082567803	0.2630457766562527	0.008662102343644132	0.0061496179139197416	47.69961166381836
23.738	2.804782608695652	0.041461538461538466	-0.003955511095597874	0.2635957017326846	0.008663007074048856	0.005926387490339353	43.769866943359375
23.738	2.804782608695652	0.04965384615384616	-0.004143516066148406	0.2658397510433689	0.008738928290970272	0.005925114766009159	40.474403381347656
23.738	2.804782608695652	0.05784615384615385	-0.006956118809654827	0.2679941037455694	0.008417579850422453	0.005678500650637348	39.21162414550781
23.738	2.804782608695652	0.06603846153846155	-0.005918162594213599	0.27073702092935614	0.008484724036745724	0.005672310583494747	37.396766662597656
23.738	2.804782608695652	0.07423076923076924	-0.006570512047590748	0.2685232436883692	0.008495366764753832	0.005653225357521156	35.636240005493164
23.738	2.804782608695652	0.08242307692307693	-0.006254150744615185	0.2703127351315657	0.008390326497527547	0.005625862257723063	34.45361328125
23.738	2.804782608695652	0.09061538461538463	-0.006052454703575059	0.27129674289198247	0.008509943799498269	0.005698761671949474	33.16549491882324
23.738	2.804782608695652	0.09880769230769232	-0.0058082555347649025	0.26989843623986476	0.008378609652089485	0.00550713810019501	32.37007713317871
23.738	2.804782608695652	0.10700000000000001	-0.005099425178167004	0.2677470006262326	0.008414940606499506	0.0054887801643932746	31.626949310302734
23.738	2.804782608695652	0.1151923076923077	-0.0057286902548806425	0.26909340554365424	0.008378532888138588	0.005325462391680776	31.22640609741211
23.738	2.804782608695652	0.1233846153846154	-0.006109076438195484	0.26971346660838247	0.008335978620171797	0.005431017902072179	30.681747436523438
23.738	2.804782608695652	0.1315769230769231	-0.006630856940317965	0.2683143100975556	0.008243236403961633	0.0053429909580833155	30.467771530151367
23.738	2.804782608695652	0.13976923076923078	-0.007911128900740362	0.2707898337901113	0.008250567245124536	0.005526924914342661	30.469356536865234
23.738	2.804782608695652	0.14796153846153848	-0.008619411431168586	0.27201100912813697	0.00831485024469859	0.005289351101796119	30.592613220214844
23.738	2.804782608695652	0.15615384615384617	-0.010763569978090502	0.27374715590187654	0.008164860974704624	0.005190291779049066	30.776845932006836
23.738	2.804782608695652	0.16434615384615386	-0.013728748778604466	0.2760226221543441	0.008006911903850977	0.005180160964859743	29.69797706604004
23.738	2.804782608695652	0.17253846153846156	-0.018320513490553976	0.2789548440093522	0.007837048069249572	0.004992665999807416	28.406618118286133
23.738	2.804782608695652	0.18073076923076925	-0.02356319516847286	0.28222367352711714	0.007767206682680387	0.005093361857425111	27.314788818359375
23.738	2.804782608695652	0.18892307692307694	-0.029578525279149444	0.2838351462050223	0.007825574125578475	0.005027577385894507	26.191856384277344
23.738	2.804782608695652	0.19711538461538464	-0.036327666489693794	0.28411145970153173	0.0077062638571784485	0.004847957851197917	25.29630470275879
23.738	2.804782608695652	0.20530769230769233	-0.04329105441619219	0.28495179754954425	0.0076108782953073755	0.0048564939753270395	24.429737091064453
23.738	2.804782608695652	0.21350000000000002	-0.05098375935821136	0.2858445081559663	0.007597401336474551	0.004727229760197174	23.67410659790039
23.738	2.804782608695652	0.22169230769230772	-0.05835281674998155	0.2860028099084926	0.007405004889386935	0.0045447603788212375	22.99226951599121
23.738	2.804782608695652	0.2298846153846154	-0.06672685117708792	0.28693074163074617	0.007224290948960572	0.004539596392505346	22.37091064453125
23.738	2.804782608695652	0.2380769230769231	-0.07485185826525642	0.28682851015856214	0.007337835411031907	0.0045058978444541065	21.837268829345703
23.738	2.804782608695652	0.2462692307692308	-0.08330274205099772	0.2863720827665214	0.007267829580665476	0.004359977924103172	21.339975357055664
23.738	2.804782608695652	0.25446153846153846	-0.09252713952218755	0.2862466615339927	0.007035412413668596	0.004257985780784396	20.920997619628906
23.738	2.804782608695652	0.2626538461538462	-0.0999989604669258	0.28472592064225505	0.0070427908983419826	0.004206060224720368	20.553714752197266
23.738	2.804782608695652	0.2708461538461539	-0.10846713398432026	0.2835419251448785	0.0070195582769174425	0.003976232323208186	20.227903366088867
23.738	2.804782608695652	0.27903846153846157	-0.11726574039575774	0.2825229052013913	0.007104013833415584	0.004093190185181976	19.972497940063477
23.738	2.804782608695652	0.28723076923076923	-0.12530598405364562	0.28063920806560994	0.006938242774160237	0.004057556891808583	19.707931518554688
23.738	2.804782608695652	0.29542307692307695	-0.1334479830003123	0.2785826324990796	0.006980224677386053	0.0038307279210646875	19.481571197509766
23.738	2.804782608695652	0.3036153846153847	-0.1410157448387484	0.27657461981688003	0.006708990062031956	0.003659541574703239	19.32050895690918
23.738	2.804782608695652	0.31180769230769234	-0.15001175871593408	0.27547903129233065	0.006564511754635345	0.0036865656291345333	19.092092514038086
23.738	2.804782608695652	0.32	-0.15794442954715776	0.27419081710141746	0.006496908190484907	0.003398503208017259	18.95473861694336
23.738	2.813478260869565	0.0005	-0.06297273698505451	0.31518595002454375	0.009485672191758752	0.0060434185781405155	12.841056823730469
23.738	2.813478260869565	0.008692307692307694	-0.002604032050981017	0.21709338825523916	0.009544511836529816	0.006380037887523031	35.73333740234375
23.738	2.813478260869565	0.016884615384615387	-0.001016164314164609	0.2470379034835107	0.00959993749522602	0.006216216272525399	45.19297790527344
23.738	2.813478260869565	0.02507692307692308	-0.00016082094889953923	0.24627276220485353	0.009517647552279117	0.005999329706153655	48.36449432373047
23.738	2.813478260869565	0.03326923076923077	-0.0014849055297830533	0.24735293597472968	0.009384285570017411	0.005939107143310973	48.18385314941406
23.738	2.813478260869565	0.041461538461538466	-0.0008408587165334645	0.2504006633956558	0.00947754301228406	0.006082737358562074	45.144710540771484
23.738	2.813478260869565	0.04965384615384616	-0.0028189557528506583	0.25385721988677495	0.009296801236226651	0.005794413418194809	41.903961181640625
23.738	2.813478260869565	0.05784615384615385	-0.0032919874571647073	0.2502692588644986	0.009458939792177197	0.005886789226542192	39.6573486328125
23.738	2.813478260869565	0.06603846153846155	-0.003983151858524564	0.2510258879436132	0.009406359557252272	0.005915297394575721	38.18207550048828
23.738	2.813478260869565	0.07423076923076924	-0.005292254553610602	0.24884908378844364	0.009329297069055692	0.0058085379385218695	36.75959587097168
23.738	2.813478260869565	0.08242307692307693	-0.0038720351247733043	0.24887128623922575	0.00945640547579686	0.005736628723919085	35.08665466308594
23.738	2.813478260869565	0.09061538461538463	-0.0040969951613491	0.24745723263149366	0.009304771832788255	0.00559637379511317	33.7336483001709
23.738	2.813478260869565	0.09880769230769232	-0.003936817757598051	0.24754957219827328	0.009205672043325003	0.005506017184207239	33.05889129638672
23.738	2.813478260869565	0.10700000000000001	-0.0037771011514579128	0.24722960254419007	0.009018105307066692	0.00539226033681219	31.793670654296875
23.738	2.813478260869565	0.1151923076923077	-0.004616546436642195	0.24604100564092676	0.00913015189733791	0.005318109787620016	31.198266983032227
23.738	2.813478260869565	0.1233846153846154	-0.005709949739735704	0.24437993316851075	0.009095918481110977	0.005497441090917672	30.625362396240234
23.738	2.813478260869565	0.1315769230769231	-0.005279770904703477	0.24483424654272737	0.009013532064713335	0.005588681156475615	30.225910186767578
23.738	2.813478260869565	0.13976923076923078	-0.00669870006333435	0.24462808113099063	0.009109567183335571	0.005654393860711536	29.871822357177734
23.738	2.813478260869565	0.14796153846153848	-0.007526291743324646	0.24651777272597875	0.009085789673812659	0.005471208800715942	29.752838134765625
23.738	2.813478260869565	0.15615384615384617	-0.00936400696128141	0.2489766230253908	0.008912774353652016	0.005401463233581637	29.75881576538086
23.738	2.813478260869565	0.16434615384615386	-0.011185620162454429	0.25054389275030087	0.008762259921480716	0.005384838911042185	29.845232009887695
23.738	2.813478260869565	0.17253846153846156	-0.01503659127982944	0.2537032967756123	0.008681066732664177	0.005230749007015704	29.983823776245117
23.738	2.813478260869565	0.18073076923076925	-0.019467631331894487	0.25586779788176006	0.008533217403253676	0.0051408137007831235	28.770347595214844
23.738	2.813478260869565	0.18892307692307694	-0.024951593086501005	0.25739346696914844	0.008659927914708442	0.0053917930501972775	27.679344177246094
23.738	2.813478260869565	0.19711538461538464	-0.030604693986988486	0.2583037819805146	0.00856936274107711	0.005346879718677554	26.710731506347656
23.738	2.813478260869565	0.20530769230769233	-0.03729458222589535	0.26015909873867044	0.008600736446209978	0.005017683569718101	25.82172203063965
23.738	2.813478260869565	0.21350000000000002	-0.04500977076239088	0.25983172009211564	0.008310892605846108	0.005014905349495665	24.9333553314209
23.738	2.813478260869565	0.22169230769230772	-0.051954015175561835	0.26031067578216616	0.00827314403195521	0.005024824427509019	24.233396530151367
23.738	2.813478260869565	0.2298846153846154	-0.059835940044905334	0.26121535807512386	0.008161273616716109	0.004810364540476652	23.554344177246094
23.738	2.813478260869565	0.2380769230769231	-0.06750014224888026	0.2614015510623742	0.008057390043896561	0.00479180207359644	22.994409561157227
23.738	2.813478260869565	0.2462692307692308	-0.07577352640226118	0.26106475278976404	0.008032241938835385	0.004861595025003718	22.47369384765625
23.738	2.813478260869565	0.25446153846153846	-0.08342658601272042	0.2605923923418312	0.00794055136944694	0.004739609559992043	21.969472885131836
23.738	2.813478260869565	0.2626538461538462	-0.09122460282895595	0.2596101964426618	0.008004209816917457	0.004721220834407671	21.56447982788086
23.738	2.813478260869565	0.2708461538461539	-0.09988391836884528	0.2597678684263235	0.007993728973739005	0.004623633528941334	21.18446159362793
23.738	2.813478260869565	0.27903846153846157	-0.10777848114933333	0.2587216420557515	0.007789425454282933	0.004546657379105205	20.888294219970703
23.738	2.813478260869565	0.28723076923076923	-0.11621717599894366	0.2578182064455168	0.00752519013392742	0.004494900680801696	20.54117202758789
23.738	2.813478260869565	0.29542307692307695	-0.12503102036110103	0.2568573143136736	0.007584602643945282	0.004431618553134943	20.04534912109375
23.738	2.813478260869565	0.3036153846153847	-0.13413406902762925	0.2555685971173049	0.007527535529579419	0.004544633853804755	19.603313446044922
23.738	2.813478260869565	0.31180769230769234	-0.14225461873211315	0.25466247708963324	0.007657426724278248	0.004293138975617037	19.206079483032227
23.738	2.813478260869565	0.32	-0.14974362004068098	0.25373475408841006	0.007351453640682504	0.004109651913449193	18.802352905273438
23.738	2.822173913043478	0.0005	-0.051319185378815746	0.3302939162283027	0.009936038599202753	0.005453463491742787	12.175247192382812
23.738	2.822173913043478	0.008692307692307694	-0.0089686251255614	0.18340458563155873	0.010163456905006184	0.005658492345740431	36.934207916259766
23.738	2.822173913043478	0.016884615384615387	-0.0025644910066318985	0.22699250897252385	0.010371241383704337	0.005843907278743335	43.164913177490234
23.738	2.822173913043478	0.02507692307692308	-0.0018355770199548278	0.22347154192042396	0.010263447715745133	0.0058217000558809535	44.95094299316406
23.738	2.822173913043478	0.03326923076923077	-0.0015999545447982684	0.23274832108812732	0.010104686265601955	0.005582108799219711	46.5244140625
23.738	2.822173913043478	0.041461538461538466	-0.0014324951695230456	0.23430414833148835	0.010009589348504714	0.005621996644572807	42.248294830322266
23.738	2.822173913043478	0.04965384615384616	-0.004182305537345698	0.23943785503527043	0.009948152534155928	0.005536307814873415	40.21002960205078
23.738	2.822173913043478	0.05784615384615385	-0.004559226498189262	0.23809965113198278	0.00985178447513528	0.00544491841856704	37.21338653564453
23.738	2.822173913043478	0.06603846153846155	-0.004627331091272519	0.2394805256512192	0.009783069370244512	0.005441918249684293	35.171058654785156
23.738	2.822173913043478	0.07423076923076924	-0.00532682570079146	0.24144376329105993	0.009609325776698967	0.005413722454020078	34.354244232177734
23.738	2.822173913043478	0.08242307692307693	-0.004457715055065136	0.24134818046779086	0.009709572297088616	0.005414269085682323	33.25720977783203
23.738	2.822173913043478	0.09061538461538463	-0.004493978393466588	0.24219249121634268	0.009549102758306196	0.005428527513520479	32.016021728515625
23.738	2.822173913043478	0.09880769230769232	-0.004286683031560297	0.24242142581170406	0.009713872558328868	0.005355212516487498	31.180328369140625
23.738	2.822173913043478	0.10700000000000001	-0.003533834409897112	0.24273910184877778	0.009633589157417799	0.005311995402265277	30.72931671142578
23.738	2.822173913043478	0.1151923076923077	-0.004857191838937435	0.24214833514112677	0.00965061297447179	0.005422241563322426	30.162261962890625
23.738	2.822173913043478	0.1233846153846154	-0.004512192715342258	0.2427186027212282	0.009767607914907475	0.005464622057464407	29.75941276550293
23.738	2.822173913043478	0.1315769230769231	-0.004112624447198655	0.2409056106111162	0.00946755061323613	0.005344585885592437	29.67456817626953
23.738	2.822173913043478	0.13976923076923078	-0.004319007028899035	0.2430594054834042	0.00951337174272381	0.005478667035312174	29.515859603881836
23.738	2.822173913043478	0.14796153846153848	-0.004686820380230881	0.24225710858995445	0.009556500307444774	0.0053294788358824036	29.60285758972168
23.738	2.822173913043478	0.15615384615384617	-0.006694908779770269	0.24446020184163053	0.009440930188624283	0.005171712345361856	29.84290313720703
23.738	2.822173913043478	0.16434615384615386	-0.008177846227697143	0.24512265943539735	0.009297138364622794	0.005273152273421074	30.212926864624023
23.738	2.822173913043478	0.17253846153846156	-0.010628439602366695	0.24796040444252487	0.009336245469007829	0.005135567463057597	30.22241973876953
23.738	2.822173913043478	0.18073076923076925	-0.014087592315301233	0.249906677168598	0.009354530952891852	0.005264049880029166	28.992042541503906
23.738	2.822173913043478	0.18892307692307694	-0.017896434605231614	0.25221487694742506	0.009375969273120465	0.005191377811931653	28.016345977783203
23.738	2.822173913043478	0.19711538461538464	-0.022238364942481863	0.2518331528766675	0.009096446018239873	0.0052343425692330855	26.935108184814453
23.738	2.822173913043478	0.20530769230769233	-0.027519344176457683	0.25319140840864474	0.00920863331116349	0.004946186352490777	26.061695098876953
23.738	2.822173913043478	0.21350000000000002	-0.033237914751575726	0.2536188651675612	0.009164519215073292	0.004630572936467225	25.24158477783203
23.738	2.822173913043478	0.22169230769230772	-0.03964587730245963	0.2537378420623209	0.009038304878879137	0.004907455961987873	24.515790939331055
23.738	2.822173913043478	0.2298846153846154	-0.045710620478562274	0.2537266164588	0.009069735698505756	0.004755596588692531	23.86193084716797
23.738	2.822173913043478	0.2380769230769231	-0.05236173998222056	0.25409234596655744	0.008831247314752138	0.004731577604310773	23.286056518554688
23.738	2.822173913043478	0.2462692307692308	-0.05950938441440941	0.25371397653408356	0.008925425347851573	0.004824263292606509	22.71708106994629
23.738	2.822173913043478	0.25446153846153846	-0.06618426010594251	0.2530354568157346	0.008735530444400367	0.0046434053380597015	22.249574661254883
23.738	2.822173913043478	0.2626538461538462	-0.07339461770955949	0.25262430110061546	0.008836476886575314	0.004748826799683498	21.800945281982422
23.738	2.822173913043478	0.2708461538461539	-0.08121764204755436	0.25132506967539664	0.008746498451187489	0.0048726982738137425	21.31963348388672
23.738	2.822173913043478	0.27903846153846157	-0.08809014764996474	0.2506111478525196	0.008527717561326753	0.004337849658593014	20.689905166625977
23.738	2.822173913043478	0.28723076923076923	-0.09517310051318502	0.24906822724804956	0.008791412025555802	0.005079151100623831	20.12928009033203
23.738	2.822173913043478	0.29542307692307695	-0.10384673000384366	0.2480044658302956	0.008637239555883181	0.00472249651071065	19.584665298461914
23.738	2.822173913043478	0.3036153846153847	-0.11073349861557376	0.24661567053043262	0.008548528875853993	0.004357208611107074	19.063709259033203
23.738	2.822173913043478	0.31180769230769234	-0.11755711256291684	0.24514458176287787	0.008446176987518234	0.004351247611823915	18.653194427490234
23.738	2.822173913043478	0.32	-0.12447298120705375	0.24315254706613687	0.008310203641058582	0.004455119795314153	18.25701332092285
23.738	2.8308695652173914	0.0005	-0.011135655157249057	0.32028954047434	0.010315813865418627	0.004851363597362858	10.32293701171875
23.738	2.8308695652173914	0.008692307692307694	-0.011476442644470009	0.24412632174077648	0.010405492537211708	0.005177178393450656	32.46529769897461
23.738	2.8308695652173914	0.016884615384615387	-0.010518262216918737	0.264633740850121	0.01075528360913645	0.005080115283310618	45.04761505126953
23.738	2.8308695652173914	0.02507692307692308	-0.012211246747110405	0.2748070751554409	0.010479878012380737	0.004980534314846722	46.942161560058594
23.738	2.8308695652173914	0.03326923076923077	-0.011097311466519159	0.2754428732446471	0.01053979957822471	0.005131851418365244	46.617244720458984
23.738	2.8308695652173914	0.041461538461538466	-0.01200389587837867	0.27371359907603654	0.010338448783771166	0.00495271501363868	45.3145751953125
23.738	2.8308695652173914	0.04965384615384616	-0.012524462374212588	0.2725147901369569	0.01021646161417117	0.005026925778849008	42.376670837402344
23.738	2.8308695652173914	0.05784615384615385	-0.012402946757438027	0.2695795227108835	0.010405486298767166	0.004971041624945801	40.11317825317383
23.738	2.8308695652173914	0.06603846153846155	-0.013503146524791187	0.26741424687685833	0.010275232937472852	0.005177839067288378	38.4571418762207
23.738	2.8308695652173914	0.07423076923076924	-0.012809931095008324	0.26341178082408767	0.010282292174868729	0.005030752956769368	36.79020881652832
23.738	2.8308695652173914	0.08242307692307693	-0.011639546211127706	0.262612786521338	0.010045337448589948	0.005183977220109605	35.512840270996094
23.738	2.8308695652173914	0.09061538461538463	-0.012238025673942499	0.25890588550973237	0.01006768339412272	0.0049766362393953625	34.2056941986084
23.738	2.8308695652173914	0.09880769230769232	-0.011689686183264651	0.2582340419804183	0.010093912772899748	0.005033188339509624	33.348785400390625
23.738	2.8308695652173914	0.10700000000000001	-0.012043199094164316	0.2568221336376454	0.010138529695709584	0.005047607092196731	32.849966049194336
23.738	2.8308695652173914	0.1151923076923077	-0.011793198705804624	0.2542768637024966	0.010171268895087404	0.00493140621867034	31.987783432006836
23.738	2.8308695652173914	0.1233846153846154	-0.011616512113350888	0.25503544166449105	0.010030795466758974	0.0049465352301854126	31.69862937927246
23.738	2.8308695652173914	0.1315769230769231	-0.01204236643864538	0.2554241339838841	0.010159602813422933	0.004996984107394834	31.384634017944336
23.738	2.8308695652173914	0.13976923076923078	-0.01247452264562952	0.2544784820795063	0.009969092289015196	0.004980105889164854	31.23813819885254
23.738	2.8308695652173914	0.14796153846153848	-0.014220776635033586	0.2553086081588878	0.010057313913162566	0.0048705204769579225	31.3974609375
23.738	2.8308695652173914	0.15615384615384617	-0.014794479222314014	0.258551768272813	0.010181860254765376	0.0049706844616159845	30.671417236328125
23.738	2.8308695652173914	0.16434615384615386	-0.018336953828454922	0.2599139384683091	0.009900121704144872	0.0049300692896870335	29.56041145324707
23.738	2.8308695652173914	0.17253846153846156	-0.021280051497271024	0.2616096988913077	0.009926958593591578	0.004809361500658504	28.487770080566406
23.738	2.8308695652173914	0.18073076923076925	-0.02636145438020464	0.26395366253670627	0.009817636780091857	0.004760151651165423	27.364837646484375
23.738	2.8308695652173914	0.18892307692307694	-0.03130893714945246	0.26426096961951706	0.010088077393188143	0.005058917233028713	26.35987663269043
23.738	2.8308695652173914	0.19711538461538464	-0.037139584782863444	0.2641143054643356	0.009753804971218916	0.004771690933804581	25.428184509277344
23.738	2.8308695652173914	0.20530769230769233	-0.043055437829189885	0.26403277286485205	0.010001280029360243	0.004717971629480974	24.672414779663086
23.738	2.8308695652173914	0.21350000000000002	-0.05035293790077135	0.26313802611588866	0.00986801990187915	0.004937061206753745	23.896772384643555
23.738	2.8308695652173914	0.22169230769230772	-0.05773672933516395	0.26245809981053825	0.009792847265368727	0.00456355565353997	23.23731231689453
23.738	2.8308695652173914	0.2298846153846154	-0.06585125411235068	0.262110656082089	0.009623749871119972	0.004576251507617515	22.6906681060791
23.738	2.8308695652173914	0.2380769230769231	-0.07339740800683714	0.2609774062322599	0.009666008773767025	0.0046841375986870475	22.149864196777344
23.738	2.8308695652173914	0.2462692307692308	-0.08073424522311753	0.25966052415605223	0.009609111098827833	0.004785282304982791	21.686338424682617
23.738	2.8308695652173914	0.25446153846153846	-0.0873504807475335	0.257383872967321	0.009750450258573086	0.0043243509438246445	21.294754028320312
23.738	2.8308695652173914	0.2626538461538462	-0.0958586378489933	0.256262775641508	0.009480104749811848	0.0046480905560377485	20.917659759521484
23.738	2.8308695652173914	0.2708461538461539	-0.10397557336591064	0.2544567868363793	0.009663484872052342	0.004489121411457074	20.54214859008789
23.738	2.8308695652173914	0.27903846153846157	-0.11177643773274601	0.252471180065991	0.0095124292955543	0.00467654053699813	19.9415340423584
23.738	2.8308695652173914	0.28723076923076923	-0.11915236910002411	0.2504426333974019	0.009441756836585238	0.004641640282893846	19.439483642578125
23.738	2.8308695652173914	0.29542307692307695	-0.12685546011792603	0.24670113538530616	0.009551183618676996	0.004350111876142605	18.930301666259766
23.738	2.8308695652173914	0.3036153846153847	-0.13568133588854314	0.24497203260019468	0.00972332682914705	0.004415030444492444	18.487367630004883
23.738	2.8308695652173914	0.31180769230769234	-0.14317500649814	0.24285794556287588	0.009547295034748023	0.00458796265766476	18.083629608154297
23.738	2.8308695652173914	0.32	-0.1508216626276492	0.2407280684370315	0.009543641016309085	0.004217519498993197	17.716495513916016
23.738	2.8395652173913044	0.0005	-0.06766034585053536	0.09027626699332617	0.01100184212996446	0.004244272221390048	13.098678588867188
23.738	2.8395652173913044	0.008692307692307694	-0.005759146032877886	0.18612199014548686	0.011471547406155694	0.004327999331567326	35.160484313964844
23.738	2.8395652173913044	0.016884615384615387	-0.0056829270516577934	0.20643022647187959	0.011102917639256516	0.004470754798685478	45.66572570800781
23.738	2.8395652173913044	0.02507692307692308	-0.004824686563643381	0.21784775488946678	0.011052493060490174	0.0042819921739500385	44.726829528808594
23.738	2.8395652173913044	0.03326923076923077	-0.006995518569147437	0.21875211386456134	0.0110471543536197	0.00445472933555718	42.92681121826172
23.738	2.8395652173913044	0.041461538461538466	-0.006206442069433875	0.2228472357114203	0.011128429811387855	0.004521155757689544	41.0113525390625
23.738	2.8395652173913044	0.04965384615384616	-0.00792175994289272	0.22269613251850898	0.011056127495587223	0.004488711883137067	38.43591499328613
23.738	2.8395652173913044	0.05784615384615385	-0.008500556527051856	0.2263996357826233	0.01081574925902109	0.004279330467140778	37.34780502319336
23.738	2.8395652173913044	0.06603846153846155	-0.007456512560290687	0.22733409229499346	0.0107878624483279	0.0042507587658422025	35.0899772644043
23.738	2.8395652173913044	0.07423076923076924	-0.008433038892960583	0.22776968342172743	0.010971739980977216	0.004485191490684203	33.87867736816406
23.738	2.8395652173913044	0.08242307692307693	-0.00834647337706263	0.22820159708353033	0.010848646602744063	0.004644449702347931	32.86459732055664
23.738	2.8395652173913044	0.09061538461538463	-0.00795253663988907	0.23026833320425594	0.010727389594148642	0.004606849270569305	31.874319076538086
23.738	2.8395652173913044	0.09880769230769232	-0.008330635432751215	0.23106274826957612	0.010724520145474944	0.004401036290711241	31.21880340576172
23.738	2.8395652173913044	0.10700000000000001	-0.007253629554427522	0.23277350773667219	0.010635167638212267	0.004441748483092665	30.6575927734375
23.738	2.8395652173913044	0.1151923076923077	-0.00797042260689769	0.23486403876570666	0.010749975158852435	0.004527206236404525	30.591190338134766
23.738	2.8395652173913044	0.1233846153846154	-0.008141915633588553	0.23674443534238232	0.010709090236558153	0.004442599258726432	30.371440887451172
23.738	2.8395652173913044	0.1315769230769231	-0.008922941816632796	0.2378877709459935	0.01073591401183255	0.004504171498430319	30.543712615966797
23.738	2.8395652173913044	0.13976923076923078	-0.01044956650156878	0.24057262605012186	0.01069390508412258	0.004577522063973572	30.77272605895996
23.738	2.8395652173913044	0.14796153846153848	-0.011841170951168763	0.24262028005861475	0.010751711943863174	0.0044669622515495	31.417972564697266
23.738	2.8395652173913044	0.15615384615384617	-0.014369416473797804	0.24634319876702354	0.010730197834045427	0.004509458417744927	30.534040451049805
23.738	2.8395652173913044	0.16434615384615386	-0.01784782140326675	0.24852677655379152	0.010748333149511539	0.004413783089138986	29.319753646850586
23.738	2.8395652173913044	0.17253846153846156	-0.022217677075387805	0.25135176141719195	0.010828963841591061	0.0042869641923272105	28.105043411254883
23.738	2.8395652173913044	0.18073076923076925	-0.026447883520323304	0.25393017476469404	0.010642764350525545	0.0042298620102923165	27.039447784423828
23.738	2.8395652173913044	0.18892307692307694	-0.03209565788261964	0.25404538946111005	0.0107214495710923	0.004432233676652589	26.099855422973633
23.738	2.8395652173913044	0.19711538461538464	-0.03781337403306048	0.25453190916585194	0.010753326237658647	0.004300123230474777	25.172393798828125
23.738	2.8395652173913044	0.20530769230769233	-0.044574347487235856	0.2552575121526818	0.010800042598588726	0.0039969168491113235	24.347646713256836
23.738	2.8395652173913044	0.21350000000000002	-0.0512485642827251	0.2540961589001988	0.010758447135571652	0.004280965200975256	23.648334503173828
23.738	2.8395652173913044	0.22169230769230772	-0.057892705935447056	0.2539403819826175	0.010724708965767082	0.004112554408108476	23.09819984436035
23.738	2.8395652173913044	0.2298846153846154	-0.06512920551713228	0.2529148272708248	0.010875510805978473	0.00414953552099432	22.52496337890625
23.738	2.8395652173913044	0.2380769230769231	-0.07222046399165241	0.25267570651047244	0.01076573449613703	0.004090838561583312	22.016414642333984
23.738	2.8395652173913044	0.2462692307692308	-0.07919013643313494	0.252090463404584	0.01075988511806996	0.004018125020425305	21.600910186767578
23.738	2.8395652173913044	0.25446153846153846	-0.08694054463863418	0.2497244912245112	0.010597593665654473	0.0037874095686757886	21.198884963989258
23.738	2.8395652173913044	0.2626538461538462	-0.09418935921603944	0.24729134550150123	0.010909158465804179	0.0037513717620148166	20.875411987304688
23.738	2.8395652173913044	0.2708461538461539	-0.10075156291168776	0.24612360453909132	0.010649164565884457	0.004029291088499759	20.55718231201172
23.738	2.8395652173913044	0.27903846153846157	-0.10855077563368482	0.24400749620992113	0.01075337706710353	0.0038277200402942095	20.064010620117188
23.738	2.8395652173913044	0.28723076923076923	-0.11652860066436938	0.2421042414848821	0.010703149196469995	0.0038335273628715178	19.51380157470703
23.738	2.8395652173913044	0.29542307692307695	-0.1224544810002865	0.2404199341638481	0.010623840026729666	0.003635775333279141	19.042953491210938
23.738	2.8395652173913044	0.3036153846153847	-0.13117583383429054	0.237513834739144	0.0105617306617993	0.0038238815648577538	18.57080078125
23.738	2.8395652173913044	0.31180769230769234	-0.13757597472860186	0.23480789182531775	0.010509930859361843	0.0037314755863178317	18.205503463745117
23.738	2.8395652173913044	0.32	-0.14512198027303996	0.2327719967020681	0.010706723600233229	0.0035957756470395208	17.82391357421875
23.738	2.8482608695652174	0.0005	0.024793478938875763	0.2743400962697349	0.01209945755384992	0.0032626756264960265	12.688591003417969
23.738	2.8482608695652174	0.008692307692307694	-0.005238719062584726	0.26336650446172605	0.012226575194312653	0.0036582577607670577	39.04510498046875
23.738	2.8482608695652174	0.016884615384615387	-0.01121458100487753	0.2889339329105054	0.012334784355766133	0.003489980560371054	43.73136901855469
23.738	2.8482608695652174	0.02507692307692308	-0.01103250570068457	0.2909458335956534	0.012039503229182694	0.003513623970794057	46.56475067138672
23.738	2.8482608695652174	0.03326923076923077	-0.011733551592137976	0.29124850377360767	0.012032090814303106	0.0035232668003987305	48.0962028503418
23.738	2.8482608695652174	0.041461538461538466	-0.012899774987010622	0.2952890912126364	0.011862284570072965	0.0035863938326615844	41.68278694152832
23.738	2.8482608695652174	0.04965384615384616	-0.013740423049159456	0.29428155526120614	0.011795525892223893	0.0035154855198657508	39.80552291870117
23.738	2.8482608695652174	0.05784615384615385	-0.01397335050379496	0.29152940664507854	0.01185337967094377	0.0037197437889913976	38.8074836730957
23.738	2.8482608695652174	0.06603846153846155	-0.014900077911255208	0.2878487519105407	0.01168010674795944	0.0035124947938525997	36.72757530212402
23.738	2.8482608695652174	0.07423076923076924	-0.014135545085647716	0.283250227937245	0.011784786636595827	0.003741239484469221	35.7479362487793
23.738	2.8482608695652174	0.08242307692307693	-0.014959101758173858	0.28138602147797964	0.011568913915649619	0.003696549616569064	34.65942573547363
23.738	2.8482608695652174	0.09061538461538463	-0.013596956616442382	0.2774109971055424	0.011736571485572115	0.003602531810154772	33.94428062438965
23.738	2.8482608695652174	0.09880769230769232	-0.013669248241790586	0.2776293647579481	0.011691838590205209	0.0037900900544610453	33.050458908081055
23.738	2.8482608695652174	0.10700000000000001	-0.013829933099264592	0.27359314021805814	0.011613928007460726	0.003678786530295251	32.49130630493164
23.738	2.8482608695652174	0.1151923076923077	-0.013596788041109538	0.27528954875806866	0.01155546366156749	0.0038409588420036432	31.940235137939453
23.738	2.8482608695652174	0.1233846153846154	-0.01413349691113575	0.27426395542167303	0.011445475706918326	0.003688524554234635	31.973114013671875
23.738	2.8482608695652174	0.1315769230769231	-0.015728472536112523	0.2727719547027073	0.011651736473925967	0.003620913226452335	31.903398513793945
23.738	2.8482608695652174	0.13976923076923078	-0.01709705316476284	0.27496747343292555	0.011711841600195597	0.003660443721884594	31.115264892578125
23.738	2.8482608695652174	0.14796153846153848	-0.01960606246553763	0.27726504733172064	0.011577040285722075	0.0035228308006158646	29.89948081970215
23.738	2.8482608695652174	0.15615384615384617	-0.024851869580526202	0.2804320215279311	0.011615390567551547	0.0034155451022930515	28.5655574798584
23.738	2.8482608695652174	0.16434615384615386	-0.03000927695371612	0.281316217317626	0.011628130129152689	0.0033535080757714753	27.41307258605957
23.738	2.8482608695652174	0.17253846153846156	-0.03609334004410013	0.2837987300040277	0.01165207494240878	0.0031816105489737836	26.325870513916016
23.738	2.8482608695652174	0.18073076923076925	-0.04325190556534036	0.28511341773290955	0.01155465090423224	0.003141740811635335	25.11905860900879
23.738	2.8482608695652174	0.18892307692307694	-0.050216423206221605	0.28396108699115763	0.011695598214626245	0.002996610005416377	24.29542350769043
23.738	2.8482608695652174	0.19711538461538464	-0.05821749301954807	0.28305728147196535	0.011581596192394952	0.003055935729860135	23.505355834960938
23.738	2.8482608695652174	0.20530769230769233	-0.06645678952642012	0.2823142694983197	0.011787304312237196	0.002918915159992887	22.78822898864746
23.738	2.8482608695652174	0.21350000000000002	-0.07547385286454841	0.28023327636657563	0.011691701094458926	0.0029379336480850043	22.241283416748047
23.738	2.8482608695652174	0.22169230769230772	-0.08389929387633487	0.27931485875634754	0.011616214407594246	0.0027480050755719515	21.6998291015625
23.738	2.8482608695652174	0.2298846153846154	-0.09204971877773094	0.2784454935801617	0.011750492466001027	0.002686701738760103	21.22684097290039
23.738	2.8482608695652174	0.2380769230769231	-0.10105787061248075	0.2758863422268002	0.011903921845680464	0.002718172437955881	20.829334259033203
23.738	2.8482608695652174	0.2462692307692308	-0.10987348286732773	0.2739249121145047	0.011719985794354595	0.0023325346034041346	20.426956176757812
23.738	2.8482608695652174	0.25446153846153846	-0.11808682327089078	0.2723429079768873	0.011714824067041638	0.002439210718360055	20.076425552368164
23.738	2.8482608695652174	0.2626538461538462	-0.12603857853878914	0.2694548825646764	0.011661576286235145	0.0024007324860647085	19.840559005737305
23.738	2.8482608695652174	0.2708461538461539	-0.13506765750152233	0.2666381304118638	0.011840062262228827	0.0024843690398554186	19.59885025024414
23.738	2.8482608695652174	0.27903846153846157	-0.14324481450137605	0.2643163720536066	0.0118790349338382	0.002380318171897424	19.36231803894043
23.738	2.8482608695652174	0.28723076923076923	-0.1519353522038765	0.26166234329277377	0.01175893587582868	0.002225982895008652	19.184036254882812
23.738	2.8482608695652174	0.29542307692307695	-0.15934036194685558	0.25748220012466866	0.011901751247071156	0.002062291463041104	19.065927505493164
23.738	2.8482608695652174	0.3036153846153847	-0.16822987593344554	0.25529517868782897	0.011765804549965873	0.0019109523742730516	18.875289916992188
23.738	2.8482608695652174	0.31180769230769234	-0.17672215379219525	0.25226716117360376	0.011923301758942961	0.001962812668044509	18.50786590576172
23.738	2.8482608695652174	0.32	-0.1836509011037446	0.24860003527234956	0.011926361467258116	0.001664844172474911	18.163896560668945
23.738	2.8569565217391304	0.0005	-0.03310023880540709	-0.10178610434134305	0.012588493925600172	0.0022786621666307616	14.389945983886719
23.738	2.8569565217391304	0.008692307692307694	0.005772300865730832	0.1575676372662857	0.012811373681947697	0.0025267511580148276	39.43079376220703
23.738	2.8569565217391304	0.016884615384615387	0.0059305154348226275	0.1868679931775406	0.01282549246214777	0.002594344046550558	45.22908401489258
23.738	2.8569565217391304	0.02507692307692308	0.003344788772749341	0.19352570706784913	0.012768221885571827	0.002656961756765578	45.11946487426758
23.738	2.8569565217391304	0.03326923076923077	0.00463464525318387	0.19838907678883716	0.012755735345079051	0.0025384534503029082	45.33967590332031
23.738	2.8569565217391304	0.041461538461538466	0.0028347950873399055	0.2018625128762071	0.012734417627459811	0.002565952903001885	41.571956634521484
23.738	2.8569565217391304	0.04965384615384616	0.0025648122114847686	0.20533638206692498	0.0125375050528622	0.0025893766250978927	39.15376091003418
23.738	2.8569565217391304	0.05784615384615385	0.000929261639511765	0.20702650565725836	0.012625697989317501	0.002834834129087749	37.08944511413574
23.738	2.8569565217391304	0.06603846153846155	0.00013686565776140254	0.20865745302484873	0.012397261689368548	0.002591993209851563	34.985586166381836
23.738	2.8569565217391304	0.07423076923076924	0.00034936720599204786	0.20891860993774186	0.012441732397289317	0.0025593411994246614	33.69955635070801
23.738	2.8569565217391304	0.08242307692307693	-0.00028583173793607174	0.21174935419271215	0.01232072355400939	0.002698319019180955	32.49809646606445
23.738	2.8569565217391304	0.09061538461538463	-0.0011820638052523803	0.21270676497601534	0.012212141265045185	0.0025206217546207476	31.707109451293945
23.738	2.8569565217391304	0.09880769230769232	-0.001173690179210227	0.21371213149627305	0.011997697685851825	0.0026117716885829916	31.02103042602539
23.738	2.8569565217391304	0.10700000000000001	-0.002827574684011623	0.21424906860554918	0.01212761044892912	0.0024955240230093824	30.407569885253906
23.738	2.8569565217391304	0.1151923076923077	-0.0034175714865462663	0.21748045761126877	0.012208252646210243	0.002656708905754531	30.02633285522461
23.738	2.8569565217391304	0.1233846153846154	-0.004308396121826564	0.22101102417148966	0.012367156529340062	0.002521409527883554	29.903085708618164
23.738	2.8569565217391304	0.1315769230769231	-0.006682233056393058	0.22250802239217182	0.012154496192793228	0.002485781468834067	29.815200805664062
23.738	2.8569565217391304	0.13976923076923078	-0.008754978958507603	0.2259125242279292	0.012352926829758203	0.0023827179610345075	30.06877326965332
23.738	2.8569565217391304	0.14796153846153848	-0.01153529349504456	0.23036313552879226	0.012373681606511434	0.002347658389034723	30.616718292236328
23.738	2.8569565217391304	0.15615384615384617	-0.014794103594871634	0.23336730953444895	0.012183866994418948	0.00216668184460187	30.92903709411621
23.738	2.8569565217391304	0.16434615384615386	-0.01937748661654616	0.2371618697669878	0.012182099960627833	0.0019628885494338715	29.698471069335938
23.738	2.8569565217391304	0.17253846153846156	-0.024655059428538736	0.2403873279503284	0.012325453539087762	0.0019723584520133113	28.303913116455078
23.738	2.8569565217391304	0.18073076923076925	-0.030894059018816415	0.24540035927656273	0.012460405722284656	0.0018894852776921028	27.101987838745117
23.738	2.8569565217391304	0.18892307692307694	-0.03756577540996553	0.24608931227820147	0.012401581528737163	0.0019819311664232655	26.12673568725586
23.738	2.8569565217391304	0.19711538461538464	-0.044611126658200044	0.24661775956163334	0.012543806675770215	0.001903603454976773	25.244503021240234
23.738	2.8569565217391304	0.20530769230769233	-0.05173188550623202	0.24762828118808272	0.012507497900755716	0.0013429485665878062	24.45755958557129
23.738	2.8569565217391304	0.21350000000000002	-0.059456918372272925	0.2473022944356858	0.012615297156721503	0.0013301176502576789	23.804073333740234
23.738	2.8569565217391304	0.22169230769230772	-0.06646466535222723	0.24792935523400966	0.012425402253270303	0.0011492596957108701	23.21367835998535
23.738	2.8569565217391304	0.2298846153846154	-0.07466802615146159	0.2486148182124453	0.012416179873675728	0.001013590862174543	22.61566162109375
23.738	2.8569565217391304	0.2380769230769231	-0.08204574617613111	0.24819719676997928	0.012576860814493603	0.0008517117571567725	22.146060943603516
23.738	2.8569565217391304	0.2462692307692308	-0.09062784572466462	0.24795307350483153	0.012586994360805012	0.0007236180868016172	21.739322662353516
23.738	2.8569565217391304	0.25446153846153846	-0.09809709931592643	0.2468994484739228	0.012742478294760573	0.0005856589818569904	21.365888595581055
23.738	2.8569565217391304	0.2626538461538462	-0.10636499340724401	0.2464649797030523	0.01239615423162154	0.0006213840763513983	21.005107879638672
23.738	2.8569565217391304	0.2708461538461539	-0.11442778073795341	0.24447594675792228	0.012626771903042924	0.0005470519481647173	20.775394439697266
23.738	2.8569565217391304	0.27903846153846157	-0.1212394628715383	0.24429487738310257	0.012588827073951498	0.0007321692366573389	20.472698211669922
23.738	2.8569565217391304	0.28723076923076923	-0.13101597058586767	0.24180880769534552	0.01253982191411101	0.0002227101165260009	20.29281997680664
23.738	2.8569565217391304	0.29542307692307695	-0.13823566148316763	0.23966251334354577	0.012543735611688226	0.0001395812722960825	19.868595123291016
23.738	2.8569565217391304	0.3036153846153847	-0.14583294330773214	0.23891970103727472	0.01269927530936244	-0.00010484546375140525	19.425430297851562
23.738	2.8569565217391304	0.31180769230769234	-0.1534960632598992	0.2370416979912754	0.012725100401414838	-0.00022321281632160813	19.066865921020508
23.738	2.8569565217391304	0.32	-0.1609080119458568	0.23508901512803096	0.012846806208083447	-0.00035118000106580086	18.682571411132812
23.738	2.8656521739130434	0.0005	-0.05164611771978259	0.3079227439183142	0.01341738783960106	0.0009383455139690273	12.588165283203125
23.738	2.8656521739130434	0.008692307692307694	0.0012938217791187733	0.23998498833359738	0.013617555605291407	0.0013106300165403209	34.992584228515625
23.738	2.8656521739130434	0.016884615384615387	-0.0015161420290397314	0.2671293520490763	0.013668074512941997	0.0013632672271454746	42.92720031738281
23.738	2.8656521739130434	0.02507692307692308	-0.005016286997023671	0.2701265574853351	0.013734628216526299	0.0014121755589314015	43.90653610229492
23.738	2.8656521739130434	0.03326923076923077	-0.004643026693433581	0.2725117371761849	0.013594471483953388	0.001390750979629637	47.023136138916016
23.738	2.8656521739130434	0.041461538461538466	-0.006380131083083894	0.27378319923191097	0.013663948317780861	0.0015245160422083428	45.213218688964844
23.738	2.8656521739130434	0.04965384615384616	-0.007464363748727618	0.27133720852534116	0.013194135843450909	0.001075134676592936	41.00847244262695
23.738	2.8656521739130434	0.05784615384615385	-0.008347497865611937	0.2747009698369708	0.013349751556898234	0.001508793717893351	39.05615234375
23.738	2.8656521739130434	0.06603846153846155	-0.008360063642317679	0.26915870961483374	0.012980450819514194	0.0011947558919829326	37.213605880737305
23.738	2.8656521739130434	0.07423076923076924	-0.008029879491528535	0.2667631499162266	0.013187303369550468	0.0013449304362339915	36.48692321777344
23.738	2.8656521739130434	0.08242307692307693	-0.009077162622508272	0.2660132366364011	0.01301956229994862	0.00136901839317366	34.803842544555664
23.738	2.8656521739130434	0.09061538461538463	-0.009575937731997374	0.26401388546501825	0.012878741487631296	0.0013773498514195737	34.053382873535156
23.738	2.8656521739130434	0.09880769230769232	-0.009387827422831847	0.2606793489684901	0.01281659728215053	0.0012696205553437427	33.313581466674805
23.738	2.8656521739130434	0.10700000000000001	-0.008655263197577949	0.2577804704353693	0.012822520667143709	0.0013966681481598585	32.76711654663086
23.738	2.8656521739130434	0.1151923076923077	-0.00966814905689138	0.2563801270622602	0.012695957989965406	0.0013040316158786812	32.11874198913574
23.738	2.8656521739130434	0.1233846153846154	-0.009814668449620187	0.2564677715945833	0.01267142587756111	0.0013590187605305	31.740642547607422
23.738	2.8656521739130434	0.1315769230769231	-0.01066348048434397	0.25286873210034727	0.012703832450170146	0.0012873632515666175	31.452335357666016
23.738	2.8656521739130434	0.13976923076923078	-0.011333573409773314	0.25371558390370963	0.0128885189406983	0.0013370514873865661	31.49867820739746
23.738	2.8656521739130434	0.14796153846153848	-0.013880709263113262	0.255287501789899	0.012587674935010902	0.0010820435826796948	31.57769012451172
23.738	2.8656521739130434	0.15615384615384617	-0.01767954191361338	0.2580656411783642	0.012805041691998666	0.0011446683013825584	30.572261810302734
23.738	2.8656521739130434	0.16434615384615386	-0.021233544538351908	0.2600996037408949	0.01270182841481892	0.0007844268912929023	29.30791664123535
23.738	2.8656521739130434	0.17253846153846156	-0.026763425062033552	0.2617584725305677	0.012810526856453574	0.0006128246218014598	28.166488647460938
23.738	2.8656521739130434	0.18073076923076925	-0.0332223101048678	0.2636180354886394	0.01266109986232316	0.0003998952202283701	26.903152465820312
23.738	2.8656521739130434	0.18892307692307694	-0.039788594740259434	0.26365090134875147	0.01274174205960428	0.0005610801029735152	25.988901138305664
23.738	2.8656521739130434	0.19711538461538464	-0.047767040284570385	0.26420665118131703	0.012498649617789327	8.906731648779641e-05	25.11186981201172
23.738	2.8656521739130434	0.20530769230769233	-0.05509731195609651	0.2642487311175644	0.012643796593450895	-0.00014336532172166993	24.27118682861328
23.738	2.8656521739130434	0.21350000000000002	-0.06369420235253505	0.26388541243724456	0.012716540485591097	-0.00022344571054552038	23.56025505065918
23.738	2.8656521739130434	0.22169230769230772	-0.07099906693108983	0.26345937239188133	0.01280320286840985	-0.0005275191434716087	22.971023559570312
23.738	2.8656521739130434	0.2298846153846154	-0.08030092462999723	0.264481491154741	0.012729555954312365	-0.000510056608001347	22.433237075805664
23.738	2.8656521739130434	0.2380769230769231	-0.0887742611403575	0.26308555884913676	0.012609024618207579	-0.0008495851590794069	21.890655517578125
23.738	2.8656521739130434	0.2462692307692308	-0.09691423795779537	0.26224864669863857	0.012476768761037477	-0.0008252017829306462	21.494518280029297
23.738	2.8656521739130434	0.25446153846153846	-0.10595019966026135	0.2613934155998079	0.012474246110862681	-0.0013815054484382322	21.083250045776367
23.738	2.8656521739130434	0.2626538461538462	-0.11413072256150023	0.2601963142872348	0.01255139549087568	-0.0013811806142200408	20.80881118774414
23.738	2.8656521739130434	0.2708461538461539	-0.12335047033779681	0.25891063265032543	0.012583045986169113	-0.0015821818345955136	20.454992294311523
23.738	2.8656521739130434	0.27903846153846157	-0.13145849087962214	0.25783733993836333	0.01257798272624392	-0.0017586500152659635	20.233535766601562
23.738	2.8656521739130434	0.28723076923076923	-0.14078282449428203	0.2561046782998043	0.012810445120631692	-0.0018340424000583564	19.998754501342773
23.738	2.8656521739130434	0.29542307692307695	-0.14861235562876662	0.2537084845684755	0.012631553691536158	-0.002098308953917116	19.750865936279297
23.738	2.8656521739130434	0.3036153846153847	-0.15638851444401639	0.25154321897759174	0.012699618511714597	-0.0023330614768343042	19.295108795166016
23.738	2.8656521739130434	0.31180769230769234	-0.16607611845412149	0.2503901887310956	0.012786151057466142	-0.0025789851273473633	18.919843673706055
23.738	2.8656521739130434	0.32	-0.17335663588365685	0.24803577275512612	0.012886377673370968	-0.0028211298334825117	18.566890716552734
23.738	2.8743478260869564	0.0005	-0.19835663588365685	0.24803577275512617	0.01410211947068948	-0.00013227750450122555	9.3931884765625
23.738	2.8743478260869564	0.008692307692307694	0.0035720750538431956	0.13386340947387618	0.014142762950641024	-3.9261686917861225e-05	37.08195114135742
23.738	2.8743478260869564	0.016884615384615387	-0.00045491685085455346	0.1618878763013566	0.014123791620330235	-0.00015085123803447096	41.31257247924805
23.738	2.8743478260869564	0.02507692307692308	-0.00023594704615408953	0.1666855134903965	0.014149921225396912	0.000110566723575808	45.07189178466797
23.738	2.8743478260869564	0.03326923076923077	6.05395879817275e-05	0.1639070037897209	0.013864914615267183	-0.00014291831560236164	44.10103225708008
23.738	2.8743478260869564	0.041461538461538466	-0.0010860883699691177	0.1700294539848738	0.013671532480664321	-0.0001400523311776458	43.470069885253906
23.738	2.8743478260869564	0.04965384615384616	-5.241221180519549e-05	0.1728631859946652	0.013738913435497565	0.00010026638962260778	40.092878341674805
23.738	2.8743478260869564	0.05784615384615385	-0.0018632456684984085	0.177175171054423	0.013595262509386412	1.4430028627589973e-05	37.3900146484375
23.738	2.8743478260869564	0.06603846153846155	-0.002459127458421125	0.1770697427312734	0.013375130996189435	-3.509199571892557e-05	36.15866279602051
23.738	2.8743478260869564	0.07423076923076924	-0.0014363763878621001	0.17883809119042782	0.013325030504207436	-2.811973269876932e-05	34.343400955200195
23.738	2.8743478260869564	0.08242307692307693	-0.0016326962209880812	0.18350738437618055	0.013279837890515605	0.00010455045593255409	33.374860763549805
23.738	2.8743478260869564	0.09061538461538463	-0.0024142357444382713	0.18700465599210508	0.013113191175553113	-4.271083175900254e-05	32.186697006225586
23.738	2.8743478260869564	0.09880769230769232	-0.003081935083243774	0.1895882224731238	0.012893765747151738	3.3414856430063446e-05	31.709638595581055
23.738	2.8743478260869564	0.10700000000000001	-0.0025972061027395715	0.19279930125618983	0.012947896095295841	0.00011880885066177052	30.64345932006836
23.738	2.8743478260869564	0.1151923076923077	-0.0031815483514289625	0.19463798546073519	0.012911266341764382	0.00012567940382202206	30.2657413482666
23.738	2.8743478260869564	0.1233846153846154	-0.00374108005519493	0.19797861071799563	0.012816826575834763	9.079379512688748e-05	29.731555938720703
23.738	2.8743478260869564	0.1315769230769231	-0.004896169158631048	0.20005888430645685	0.012939087753960743	0.00013616484370469872	29.637096405029297
23.738	2.8743478260869564	0.13976923076923078	-0.0062371005041068845	0.20281858403654307	0.01276421412939624	4.2198833350646904e-05	29.655536651611328
23.738	2.8743478260869564	0.14796153846153848	-0.008030261468841737	0.20614556519034785	0.012929837192018682	-0.00015866412737114625	29.7515811920166
23.738	2.8743478260869564	0.15615384615384617	-0.010585511653143743	0.21113966803237771	0.012935702053323554	1.437468294579415e-05	29.996044158935547
23.738	2.8743478260869564	0.16434615384615386	-0.01366223785134015	0.2131515423505006	0.012913865910561808	-0.0002564582730628765	30.15389633178711
23.738	2.8743478260869564	0.17253846153846156	-0.017976143862861033	0.21696628257192413	0.012704645434426247	-0.0007003364315881685	29.999582290649414
23.738	2.8743478260869564	0.18073076923076925	-0.02389093552773648	0.2199961432359684	0.012857271359398395	-0.000553495217027475	28.765134811401367
23.738	2.8743478260869564	0.18892307692307694	-0.029214621541898852	0.22039717416211868	0.01295419121845941	-0.0008405400249467732	27.858518600463867
23.738	2.8743478260869564	0.19711538461538464	-0.035644027779920165	0.22187767107263573	0.012651701681015641	-0.0009746382378490188	26.89508056640625
23.738	2.8743478260869564	0.20530769230769233	-0.041426798890454836	0.22235792953744896	0.012720871098381187	-0.0011461180757724712	25.97648048400879
23.738	2.8743478260869564	0.21350000000000002	-0.04861036474175578	0.22279896307029193	0.01267778227903711	-0.0013807615781275208	25.297758102416992
23.738	2.8743478260869564	0.22169230769230772	-0.05548508005257917	0.22331792972961145	0.012709233741624141	-0.0015787558086231453	24.612062454223633
23.738	2.8743478260869564	0.2298846153846154	-0.06255866759314019	0.22393742715123408	0.01249099653131345	-0.0019207603151926798	24.031265258789062
23.738	2.8743478260869564	0.2380769230769231	-0.06983200514741413	0.22429686731780557	0.012433324064740025	-0.001951926947845136	23.425254821777344
23.738	2.8743478260869564	0.2462692307692308	-0.07709400751272855	0.22339417009648777	0.012667454679710269	-0.002072368530066667	22.983604431152344
23.738	2.8743478260869564	0.25446153846153846	-0.08584656160077014	0.22364038137505415	0.012479555601749267	-0.002144067110622502	22.26712989807129
23.738	2.8743478260869564	0.2626538461538462	-0.09186452888623403	0.22209975198356124	0.012400103614811933	-0.002555998012433321	21.520856857299805
23.738	2.8743478260869564	0.2708461538461539	-0.1006885008959707	0.22134984512342332	0.012658855047459765	-0.002973935414677529	20.915258407592773
23.738	2.8743478260869564	0.27903846153846157	-0.10806803578292051	0.22141113461250406	0.012465502855121357	-0.0030599484410253714	20.35268783569336
23.738	2.8743478260869564	0.28723076923076923	-0.1152517342865703	0.21994619136087323	0.012424925213013797	-0.00322749177484178	19.803308486938477
23.738	2.8743478260869564	0.29542307692307695	-0.12267310073744073	0.21877764417892845	0.012338983763271118	-0.0036749348531338348	19.333223342895508
23.738	2.8743478260869564	0.3036153846153847	-0.13042880756925357	0.21711833263850366	0.012319534917565635	-0.0037911725855701087	18.859630584716797
23.738	2.8743478260869564	0.31180769230769234	-0.13812390164617017	0.21635207290398478	0.012313804829733144	-0.0040160969685893505	18.501256942749023
23.738	2.8743478260869564	0.32	-0.14625058729369736	0.21445531028002052	0.012363037291859617	-0.0042894061052100255	18.113624572753906
23.738	2.8830434782608694	0.0005	-0.0618938263149986	0.13635393756120948	0.014544787064212823	-0.002161743580228892	13.463554382324219
23.738	2.8830434782608694	0.008692307692307694	-0.010758572408748602	0.21902605670183445	0.014637853794134346	-0.0021028531144952995	35.481727600097656
23.738	2.8830434782608694	0.016884615384615387	-0.01588991243560407	0.23496958392351414	0.014573152285282352	-0.0021674399939779114	39.92599105834961
23.738	2.8830434782608694	0.02507692307692308	-0.01601614631880615	0.24505193655058297	0.01452424978173112	-0.001997808256327145	44.44697189331055
23.738	2.8830434782608694	0.03326923076923077	-0.0197003027068505	0.2461662561880008	0.014331011380942438	-0.002153242050916188	41.2044563293457
23.738	2.8830434782608694	0.041461538461538466	-0.018144868801216116	0.24853629293315072	0.014117129561724505	-0.002003266707105095	43.60816192626953
23.738	2.8830434782608694	0.04965384615384616	-0.018165277431587214	0.24820431890360967	0.013827889971876742	-0.0021239831316760376	39.72930145263672
23.738	2.8830434782608694	0.05784615384615385	-0.018162966261486054	0.25412279414407873	0.013826784414742192	-0.001835947398115642	39.435102462768555
23.738	2.8830434782608694	0.06603846153846155	-0.0185894547243216	0.2497737227512892	0.013607295097936924	-0.002000606092236231	37.033273696899414
23.738	2.8830434782608694	0.07423076923076924	-0.017349984052459237	0.24941938687510748	0.01350989447342819	-0.001662613188648941	36.144798278808594
23.738	2.8830434782608694	0.08242307692307693	-0.01616406716067057	0.2513119439061456	0.013362990986566941	-0.0016874018981129862	35.13375473022461
23.738	2.8830434782608694	0.09061538461538463	-0.016220369441604144	0.2514439426708191	0.013006020029293932	-0.0017351539914275415	34.03595542907715
23.738	2.8830434782608694	0.09880769230769232	-0.015504514677619463	0.24926951307534861	0.012949572952563796	-0.001490687582790673	33.03370475769043
23.738	2.8830434782608694	0.10700000000000001	-0.014632632616727514	0.24822013149788064	0.013007555811924004	-0.001425649052550771	32.85947036743164
23.738	2.8830434782608694	0.1151923076923077	-0.013892015894695083	0.24768302945704584	0.012670745896321438	-0.001576820689921454	32.415239334106445
23.738	2.8830434782608694	0.1233846153846154	-0.014152083075774743	0.24909859949221524	0.012936022388303728	-0.001451552069448144	31.90597152709961
23.738	2.8830434782608694	0.1315769230769231	-0.014344987059181469	0.2489743717826127	0.012843956481365791	-0.0013739977481969155	32.06958770751953
23.738	2.8830434782608694	0.13976923076923078	-0.0148087909167464	0.24810207904047957	0.012846469946806792	-0.0013790054293727114	32.06911087036133
23.738	2.8830434782608694	0.14796153846153848	-0.01713447349053811	0.2504679470961559	0.012521713294690012	-0.0017265493097161507	31.076152801513672
23.738	2.8830434782608694	0.15615384615384617	-0.019831528420460272	0.25140937618371695	0.01271971455715993	-0.001569026897742817	29.904766082763672
23.738	2.8830434782608694	0.16434615384615386	-0.023134674983114847	0.252362596457568	0.012567941418855293	-0.0018216266755976315	28.818645477294922
23.738	2.8830434782608694	0.17253846153846156	-0.0283845524368674	0.2527808217968762	0.012546508692629684	-0.002133293186158457	27.63662338256836
23.738	2.8830434782608694	0.18073076923076925	-0.033309516715920195	0.2541405954991554	0.012494066560232341	-0.002203402322807878	26.613187789916992
23.738	2.8830434782608694	0.18892307692307694	-0.03932058777204774	0.25412159316587196	0.012537195124953316	-0.0023525905222376515	25.598236083984375
23.738	2.8830434782608694	0.19711538461538464	-0.04657455716292434	0.2532536951603454	0.012289891625807965	-0.002550970839680221	24.775598526000977
23.738	2.8830434782608694	0.20530769230769233	-0.052926558993161364	0.2528094812802359	0.012362198024999969	-0.0026105133966188663	24.11606216430664
23.738	2.8830434782608694	0.21350000000000002	-0.06015384550696885	0.2516315955217929	0.012052178460971178	-0.002992763304341485	23.480924606323242
23.738	2.8830434782608694	0.22169230769230772	-0.06772924571555755	0.24987820372483707	0.01191422026665283	-0.003280760568399989	22.91473960876465
23.738	2.8830434782608694	0.2298846153846154	-0.07431209877740451	0.24905374502433847	0.011947515624496415	-0.0034425339883953614	22.436851501464844
23.738	2.8830434782608694	0.2380769230769231	-0.08202005293805534	0.2480867226866569	0.011892237768160386	-0.003490055076285709	21.996042251586914
23.738	2.8830434782608694	0.2462692307692308	-0.08907625785142345	0.24558348515253625	0.011648702314293146	-0.003845462201179388	21.595523834228516
23.738	2.8830434782608694	0.25446153846153846	-0.09601660676889498	0.24388050352638285	0.011699785019883627	-0.00401360250662704	21.24628448486328
23.738	2.8830434782608694	0.2626538461538462	-0.10420554085322237	0.24243392192350297	0.01144322544600209	-0.00429871313768429	20.975231170654297
23.738	2.8830434782608694	0.2708461538461539	-0.1118802286946406	0.24031351508461563	0.011535822679530836	-0.004513744925942525	20.441085815429688
23.738	2.8830434782608694	0.27903846153846157	-0.11880940556754603	0.23802980129083134	0.011366866270166292	-0.004813807279013866	19.840686798095703
23.738	2.8830434782608694	0.28723076923076923	-0.12677501939070518	0.23542408864076073	0.011298095399882732	-0.0050889703185431085	19.3081111907959
23.738	2.8830434782608694	0.29542307692307695	-0.13446454174300762	0.232409046489087	0.011123223181286205	-0.005420376118959571	18.8326416015625
23.738	2.8830434782608694	0.3036153846153847	-0.14164252398951088	0.2305869937560457	0.011373777933025544	-0.005624865855158767	18.413928985595703
23.738	2.8830434782608694	0.31180769230769234	-0.1488115877142339	0.22894133346661338	0.011113110508816741	-0.005800251402867854	18.023733139038086
23.738	2.8830434782608694	0.32	-0.15614384161812006	0.22524373971473333	0.011116787039480587	-0.006170596727586126	17.66020393371582
23.738	2.8917391304347824	0.0005	-0.05614384161812008	0.17524373971473337	0.013847669149089087	-0.003955835969370563	13.571273803710938
23.738	2.8917391304347824	0.008692307692307694	-0.013532767170488243	0.17469819032203315	0.013809847116157766	-0.0037815213095156444	33.986778259277344
23.738	2.8917391304347824	0.016884615384615387	-0.012223896412558275	0.19329839138163163	0.013556663488458746	-0.003705541302444415	38.469364166259766
23.738	2.8917391304347824	0.02507692307692308	-0.01208217733141023	0.1947613672936314	0.013529877988458519	-0.0034904242562015225	41.11539077758789
23.738	2.8917391304347824	0.03326923076923077	-0.013002830674610921	0.19654432103279768	0.013400544927468755	-0.00353639010100291	43.349998474121094
23.738	2.8917391304347824	0.041461538461538466	-0.011596709420643635	0.19967288539055517	0.01309432097758562	-0.003536181152962528	41.52250289916992
23.738	2.8917391304347824	0.04965384615384616	-0.011757613003921776	0.19936230694713308	0.012815658939921678	-0.0034667467670046956	39.81802940368652
23.738	2.8917391304347824	0.05784615384615385	-0.011675468845262282	0.20421014577279564	0.012534516398366741	-0.0033287996376778527	38.326412200927734
23.738	2.8917391304347824	0.06603846153846155	-0.010930687826208645	0.2055966283956852	0.012577291429159178	-0.003002470225576078	36.384239196777344
23.738	2.8917391304347824	0.07423076923076924	-0.009997263547619425	0.20638208884273668	0.01236149710709396	-0.002948423076145676	35.014217376708984
23.738	2.8917391304347824	0.08242307692307693	-0.010704514246070817	0.20855549138954166	0.012066446014108978	-0.0027937227038025915	33.9331169128418
23.738	2.8917391304347824	0.09061538461538463	-0.009784324583641776	0.21093860141348938	0.011847390562656247	-0.0024497367550909577	32.93359375
23.738	2.8917391304347824	0.09880769230769232	-0.010781014904613313	0.2134585565341137	0.012065327210933362	-0.0023761864656690265	32.15121269226074
23.738	2.8917391304347824	0.10700000000000001	-0.010380432050054608	0.2167360111895743	0.011749644731032703	-0.0024338527450842844	31.5693302154541
23.738	2.8917391304347824	0.1151923076923077	-0.01111863986468389	0.21920014906043084	0.01164360824850252	-0.0024088006864673482	31.21379280090332
23.738	2.8917391304347824	0.1233846153846154	-0.01240510397317703	0.22294011062713437	0.011684196051735006	-0.0020803309254603486	30.907501220703125
23.738	2.8917391304347824	0.1315769230769231	-0.014048595631791975	0.22460988513139638	0.011501237711579113	-0.0023807863171583987	30.99505615234375
23.738	2.8917391304347824	0.13976923076923078	-0.016611477106601005	0.22839559374935392	0.011662895864971776	-0.0023746183776840995	31.186302185058594
23.738	2.8917391304347824	0.14796153846153848	-0.019955435547536066	0.23168877318082667	0.011453323677406124	-0.002381941090534849	30.786300659179688
23.738	2.8917391304347824	0.15615384615384617	-0.02382201636565111	0.23346252756706048	0.011403583098362499	-0.002680893973334226	29.45846176147461
23.738	2.8917391304347824	0.16434615384615386	-0.029222294793638467	0.23514044048166213	0.011380640805654763	-0.0027770392881535204	28.25160789489746
23.738	2.8917391304347824	0.17253846153846156	-0.035411853169265275	0.23695863663120503	0.011269477844758012	-0.002927263137487442	27.05193328857422
23.738	2.8917391304347824	0.18073076923076925	-0.04228028751557819	0.236640930044593	0.011256727914292653	-0.003058227054159488	26.08243179321289
23.738	2.8917391304347824	0.18892307692307694	-0.049473046498579296	0.2362122111340404	0.011033756781646947	-0.0032954967787174015	25.204910278320312
23.738	2.8917391304347824	0.19711538461538464	-0.05614339095654093	0.2361426848886885	0.01101389821103395	-0.003548086888848172	24.48213768005371
23.738	2.8917391304347824	0.20530769230769233	-0.06303663496973122	0.2351829135759153	0.010761718281513013	-0.0033639591596949132	23.805315017700195
23.738	2.8917391304347824	0.21350000000000002	-0.0708699346624514	0.23439858364559493	0.010745942582228147	-0.00393952643375827	23.220827102661133
23.738	2.8917391304347824	0.22169230769230772	-0.07771657099562226	0.2337394327011174	0.010633059077075	-0.004176338771501958	22.736515045166016
23.738	2.8917391304347824	0.2298846153846154	-0.0850466548592707	0.23151940281426842	0.01061331690979981	-0.0041819957829095375	22.32644271850586
23.738	2.8917391304347824	0.2380769230769231	-0.09233486662962644	0.2309049345265919	0.010388066813535745	-0.004256468220245764	21.91922378540039
23.738	2.8917391304347824	0.2462692307692308	-0.10008640044870742	0.22877672757368772	0.01036543654822393	-0.004607731743994224	21.618959426879883
23.738	2.8917391304347824	0.25446153846153846	-0.10763720508002629	0.22710913466054256	0.010271099363197724	-0.0048856709214015305	21.303668975830078
23.738	2.8917391304347824	0.2626538461538462	-0.11416353242275257	0.22495306959373193	0.010281721954711468	-0.0049599612604981375	20.693504333496094
23.738	2.8917391304347824	0.2708461538461539	-0.12220178489260325	0.2232404284010154	0.010049100662964787	-0.005390543645741521	20.128223419189453
23.738	2.8917391304347824	0.27903846153846157	-0.12894834121568008	0.2220348431348011	0.009966329171239784	-0.005532926540151339	19.580276489257812
23.738	2.8917391304347824	0.28723076923076923	-0.13651467845083784	0.21890928617162847	0.009967153372783463	-0.005841819363025106	19.105573654174805
23.738	2.8917391304347824	0.29542307692307695	-0.143524276980506	0.2160523902340946	0.009930465271465605	-0.006004556125856736	18.641136169433594
23.738	2.8917391304347824	0.3036153846153847	-0.15061959135622807	0.21381007006910333	0.009982951621382189	-0.006196849777945884	18.270275115966797
23.738	2.8917391304347824	0.31180769230769234	-0.15816233430731896	0.21155415605599537	0.009912587455582968	-0.006540618417098016	17.905832290649414
23.738	2.8917391304347824	0.32	-0.16499653181735274	0.2093329506445163	0.00969828951232838	-0.00666476791068599	17.534423828125
23.738	2.9004347826086954	0.0005	0.009460255292022265	0.22292242818357882	0.013181563477831412	-0.0055984516174499765	13.456161499023438
23.738	2.9004347826086954	0.008692307692307694	-0.01416912398043866	0.26212034993650846	0.013323234024496996	-0.005359913328433024	36.4169807434082
23.738	2.9004347826086954	0.016884615384615387	-0.020666314120817257	0.278493040342802	0.012988392708862446	-0.005262622331505257	36.12077331542969
23.738	2.9004347826086954	0.02507692307692308	-0.022936798091459352	0.2746393735604228	0.012643165418563774	-0.005586809358131254	41.699256896972656
23.738	2.9004347826086954	0.03326923076923077	-0.023130629012562097	0.276035166244823	0.012513344681962763	-0.005404833836834957	40.463253021240234
23.738	2.9004347826086954	0.041461538461538466	-0.02479412420327865	0.2771887786388144	0.012273458157848006	-0.004953281635932732	42.25691604614258
23.738	2.9004347826086954	0.04965384615384616	-0.023302780228211525	0.2814055151939139	0.012114556140091813	-0.004867573004828377	39.263662338256836
23.738	2.9004347826086954	0.05784615384615385	-0.023698658011223634	0.2820344676249116	0.011677686145300032	-0.004622250606287128	37.06276321411133
23.738	2.9004347826086954	0.06603846153846155	-0.02125194694783863	0.2805663873427002	0.011611084712672961	-0.004265349253644092	35.96823501586914
23.738	2.9004347826086954	0.07423076923076924	-0.020788558092329323	0.27976705952704095	0.01129879567698875	-0.004017510169165907	34.825294494628906
23.738	2.9004347826086954	0.08242307692307693	-0.01902780394594896	0.2794438740830464	0.010992889889220647	-0.003653243963531746	33.69117546081543
23.738	2.9004347826086954	0.09061538461538463	-0.019598241071810605	0.27762496132734843	0.01095239343205685	-0.003294124470875827	33.094268798828125
23.738	2.9004347826086954	0.09880769230769232	-0.018463455277028057	0.27536983153067074	0.010549905269112056	-0.0034460434467013653	32.683305740356445
23.738	2.9004347826086954	0.10700000000000001	-0.017902450109990694	0.2742631974816419	0.010547051499713082	-0.0030094598170695075	32.059234619140625
23.738	2.9004347826086954	0.1151923076923077	-0.018752481723237884	0.27290801187250013	0.010554878097433926	-0.0028718539271654284	31.818017959594727
23.738	2.9004347826086954	0.1233846153846154	-0.01928771543731452	0.27290031124258685	0.010413758920446364	-0.0027947316577342993	31.81263542175293
23.738	2.9004347826086954	0.1315769230769231	-0.021449575886765132	0.2726471085483479	0.010363570561718757	-0.0027487744920950347	31.784339904785156
23.738	2.9004347826086954	0.13976923076923078	-0.02481762297462589	0.27291827152477144	0.010428429294994952	-0.002905081046531048	30.184038162231445
23.738	2.9004347826086954	0.14796153846153848	-0.02966211137605748	0.2738360959407271	0.010294703439049702	-0.0032338119840424704	28.798072814941406
23.738	2.9004347826086954	0.15615384615384617	-0.03438337987889166	0.27434680430672936	0.010014095560669116	-0.0033250190862268688	27.528024673461914
23.738	2.9004347826086954	0.16434615384615386	-0.04137463565410211	0.27382113137795006	0.010067363642927454	-0.0034174591798767084	26.316465377807617
23.738	2.9004347826086954	0.17253846153846156	-0.0478179779964928	0.27431125825172403	0.009806765169007607	-0.0035694014744519333	25.366098403930664
23.738	2.9004347826086954	0.18073076923076925	-0.05554607539805216	0.27319648729538665	0.009764015061857693	-0.0037331714214912624	24.343685150146484
23.738	2.9004347826086954	0.18892307692307694	-0.0639195006957734	0.2719365751890912	0.009675349877845775	-0.003947577561858184	23.624704360961914
23.738	2.9004347826086954	0.19711538461538464	-0.0704758850511178	0.27085961014226445	0.00953312315211181	-0.003869199603830754	22.921485900878906
23.738	2.9004347826086954	0.20530769230769233	-0.07848056790581617	0.2671759470820634	0.009264325065349556	-0.004095014392956221	22.414352416992188
23.738	2.9004347826086954	0.21350000000000002	-0.08598695208248393	0.2666391699971372	0.009257207748918053	-0.004312692951432782	21.931232452392578
23.738	2.9004347826086954	0.22169230769230772	-0.09444320912426067	0.26449402857062776	0.009136082520574677	-0.004720555759703121	21.461406707763672
23.738	2.9004347826086954	0.2298846153846154	-0.1014287491632831	0.2628534191356475	0.008990518899093261	-0.004658784687634171	21.095504760742188
23.738	2.9004347826086954	0.2380769230769231	-0.10917330091597706	0.26022899404153843	0.008884275131543218	-0.0050624798194426595	20.748777389526367
23.738	2.9004347826086954	0.2462692307692308	-0.11791283828916224	0.2581921075655582	0.008737704245759613	-0.005173302817936292	20.49954605102539
23.738	2.9004347826086954	0.25446153846153846	-0.12492598039807946	0.2560227190329196	0.008610221643157653	-0.005439275203914169	20.208507537841797
23.738	2.9004347826086954	0.2626538461538462	-0.13252580666925165	0.2521157586971087	0.008599679127779987	-0.005767086399389816	20.020536422729492
23.738	2.9004347826086954	0.2708461538461539	-0.14056394559341823	0.24921129222733665	0.008435395456245887	-0.006245913998734986	19.78447914123535
23.738	2.9004347826086954	0.27903846153846157	-0.14750786557991807	0.24714994145918576	0.008391342588655398	-0.006356097346277017	19.641082763671875
23.738	2.9004347826086954	0.28723076923076923	-0.15548552997989606	0.24302886981209998	0.008565216223431496	-0.00669726253718887	19.46202850341797
23.738	2.9004347826086954	0.29542307692307695	-0.16314652778692967	0.24012493643191524	0.008000715756933067	-0.006792160519860554	19.034305572509766
23.738	2.9004347826086954	0.3036153846153847	-0.17002989803743002	0.23815690438927495	0.008168422511085228	-0.0069089796475509035	18.631532669067383
23.738	2.9004347826086954	0.31180769230769234	-0.1773961205764153	0.234348415750669	0.008036184888920097	-0.007342098531944388	18.270612716674805
23.738	2.9004347826086954	0.32	-0.18395750529900573	0.23120886458049872	0.007917165115509698	-0.007449498741834719	17.95435905456543
23.738	2.9091304347826084	0.0005	-0.006609852110452601	0.17535083332056034	0.011966987131552451	-0.005580290332319509	12.730964660644531
23.738	2.9091304347826084	0.008692307692307694	-0.017671215755385557	0.24895633703667255	0.011786983080047567	-0.0054876291545285965	33.22810745239258
23.738	2.9091304347826084	0.016884615384615387	-0.017183099171664357	0.2525866947958329	0.011777714971809374	-0.005417769338782062	38.370662689208984
23.738	2.9091304347826084	0.02507692307692308	-0.01864693560316765	0.25320142431949166	0.011365275432886748	-0.005330281739406171	40.10595703125
23.738	2.9091304347826084	0.03326923076923077	-0.01687822405002178	0.2521610345329146	0.011406230417480817	-0.004995202775742721	40.35215377807617
23.738	2.9091304347826084	0.041461538461538466	-0.018151188527560837	0.24915257353437947	0.010727276098974548	-0.004965163976292475	40.004024505615234
23.738	2.9091304347826084	0.04965384615384616	-0.016765369959403267	0.24626660431523828	0.010564477031929927	-0.004568750976554491	39.588022232055664
23.738	2.9091304347826084	0.05784615384615385	-0.015581563713358788	0.24523547033267	0.010245473209899002	-0.004274408743416079	38.34296226501465
23.738	2.9091304347826084	0.06603846153846155	-0.013970273356399575	0.24013351264101124	0.009751542819873449	-0.004288672390743611	36.27274513244629
23.738	2.9091304347826084	0.07423076923076924	-0.015142525865367658	0.2387374359076939	0.009652631352761683	-0.003627801569244374	34.71981239318848
23.738	2.9091304347826084	0.08242307692307693	-0.014897616954771091	0.23766049462913474	0.009277952607555984	-0.0035811776856109626	33.719512939453125
23.738	2.9091304347826084	0.09061538461538463	-0.015199330938066143	0.23606832056467048	0.00925209495943978	-0.003027370362406204	32.774789810180664
23.738	2.9091304347826084	0.09880769230769232	-0.015273033996817714	0.23581588017874075	0.008988994615588362	-0.002894372268693982	31.898561477661133
23.738	2.9091304347826084	0.10700000000000001	-0.016398545985174894	0.2334603054779631	0.009012959117968207	-0.0028062919344425995	31.208900451660156
23.738	2.9091304347826084	0.1151923076923077	-0.018402141678044878	0.2342540515477421	0.008651148063325776	-0.0027943921772874488	30.65179443359375
23.738	2.9091304347826084	0.1233846153846154	-0.02037691164975311	0.23555029748085946	0.008756985074849614	-0.0026830875448344356	30.42681884765625
23.738	2.9091304347826084	0.1315769230769231	-0.023325625326974922	0.23738496405392834	0.00870782980228835	-0.0026056757799504194	30.448802947998047
23.738	2.9091304347826084	0.13976923076923078	-0.02793588469226533	0.2390115562765295	0.008677044843998756	-0.002511796960306841	30.48155975341797
23.738	2.9091304347826084	0.14796153846153848	-0.03322854926532756	0.2421168552359469	0.008620735953662088	-0.0025738463144562287	29.619171142578125
23.738	2.9091304347826084	0.15615384615384617	-0.04018899198777226	0.2434315806577798	0.008561559056826956	-0.0029461339252321297	28.522294998168945
23.738	2.9091304347826084	0.16434615384615386	-0.04706738261065177	0.24486696707378058	0.00848246498960376	-0.0030883826628979255	27.152786254882812
23.738	2.9091304347826084	0.17253846153846156	-0.05498627654068836	0.24635244098086756	0.008527219915660827	-0.0030612334944435816	26.009469985961914
23.738	2.9091304347826084	0.18073076923076925	-0.0640865112950297	0.24790885733102325	0.008294732711769634	-0.0032172691848330257	25.12367820739746
23.738	2.9091304347826084	0.18892307692307694	-0.07110369845180699	0.24778546593580902	0.008143092647236944	-0.003261434247654239	24.304853439331055
23.738	2.9091304347826084	0.19711538461538464	-0.07944757471854261	0.2471418495376528	0.007920004525851596	-0.0035348307247404682	23.61102867126465
23.738	2.9091304347826084	0.20530769230769233	-0.08803508969738413	0.2459723559282758	0.00796193063424925	-0.003811051808746533	23.094959259033203
23.738	2.9091304347826084	0.21350000000000002	-0.09701574816679295	0.2459885433959209	0.007830422370527723	-0.0039751174335774875	22.58264923095703
23.738	2.9091304347826084	0.22169230769230772	-0.10523298013488469	0.2463198181083382	0.007755696929136814	-0.0040690301040226945	22.06057357788086
23.738	2.9091304347826084	0.2298846153846154	-0.11311423803336848	0.24586767262667125	0.007841209710470634	-0.004235718685089103	21.723339080810547
23.738	2.9091304347826084	0.2380769230769231	-0.12159086444808087	0.24390720976963656	0.007617029527507289	-0.0043432138376711775	21.361820220947266
23.738	2.9091304347826084	0.2462692307692308	-0.1302690630072906	0.24256906377132997	0.007558290373930399	-0.004680183309588003	21.071199417114258
23.738	2.9091304347826084	0.25446153846153846	-0.13799435396140364	0.24150624068435295	0.007509012339845111	-0.004738626351380401	20.808324813842773
23.738	2.9091304347826084	0.2626538461538462	-0.14604169688173024	0.23904887672407793	0.0074668806818010795	-0.005187176768012188	20.55325698852539
23.738	2.9091304347826084	0.2708461538461539	-0.15457646888411739	0.23759664466605332	0.007352666902315775	-0.0052418651854009525	20.34281349182129
23.738	2.9091304347826084	0.27903846153846157	-0.16270673956627626	0.23544325719093478	0.007307518608158654	-0.005433015944238418	20.18598747253418
23.738	2.9091304347826084	0.28723076923076923	-0.17097435970650748	0.2331640492822846	0.007121033910266812	-0.005706097824915202	19.782609939575195
23.738	2.9091304347826084	0.29542307692307695	-0.178689707889372	0.2299623725227395	0.007060898439677538	-0.006186721944570659	19.337003707885742
23.738	2.9091304347826084	0.3036153846153847	-0.18674096280106947	0.22804678108996826	0.007040469522890693	-0.006334046078516063	18.967403411865234
23.738	2.9091304347826084	0.31180769230769234	-0.19399692000266563	0.22584472647595988	0.006967533285770392	-0.006645887787633352	18.615829467773438
23.738	2.9091304347826084	0.32	-0.20234629951082458	0.22383315628744022	0.006801639476812726	-0.007118389464617291	18.308074951171875
23.738	2.917826086956522	0.0005	-0.300772097628939	0.1789065382478322	0.010104636341698876	-0.00371074761534136	11.929885864257812
23.738	2.917826086956522	0.008692307692307694	-0.021914675753939093	0.20883817887283224	0.010168553070658037	-0.003813386747751693	35.35192108154297
23.738	2.917826086956522	0.016884615384615387	-0.022081581310524304	0.23008054064172123	0.010030147533003275	-0.003710518564694114	39.673492431640625
23.738	2.917826086956522	0.02507692307692308	-0.02216131528494104	0.23511554785851424	0.0097934155340779	-0.0036176668778891627	45.19118881225586
23.738	2.917826086956522	0.03326923076923077	-0.021890996299955695	0.23807825633171983	0.009671722091383592	-0.0034605137971470256	43.03152847290039
23.738	2.917826086956522	0.041461538461538466	-0.018386457687850813	0.24235675540544802	0.009033875489776168	-0.0031227216727727344	40.7462215423584
23.738	2.917826086956522	0.04965384615384616	-0.01898352635526261	0.24658553358890822	0.008909813944446343	-0.0030169264118710495	37.782958984375
23.738	2.917826086956522	0.05784615384615385	-0.01786910743885836	0.2499329627563875	0.008805805365381926	-0.0028733944371741216	36.11607551574707
23.738	2.917826086956522	0.06603846153846155	-0.016699457182224608	0.24803308184050726	0.00871245924019065	-0.002601181400911143	34.81166648864746
23.738	2.917826086956522	0.07423076923076924	-0.015154668480475416	0.24840229469524308	0.008293224639138225	-0.002362575120811833	33.811763763427734
23.738	2.917826086956522	0.08242307692307693	-0.015126913815495847	0.2488105088264262	0.008002540324107927	-0.0020233190134056602	32.5745849609375
23.738	2.917826086956522	0.09061538461538463	-0.013255206065244331	0.24767166009361855	0.008092183997271584	-0.0016158933627955672	31.71718978881836
23.738	2.917826086956522	0.09880769230769232	-0.014268195707225751	0.2473570226019018	0.0077530347593803475	-0.0015741044011079073	31.291797637939453
23.738	2.917826086956522	0.10700000000000001	-0.01398937113943095	0.2453405468052023	0.0077770259286718945	-0.0015484291692260035	30.614364624023438
23.738	2.917826086956522	0.1151923076923077	-0.014132993814422887	0.2455695757622989	0.007664422235896101	-0.001392038230922275	30.274616241455078
23.738	2.917826086956522	0.1233846153846154	-0.016083379415226286	0.24487831706667998	0.007762877346024363	-0.001229617406359261	30.23720932006836
23.738	2.917826086956522	0.1315769230769231	-0.01753097562993796	0.24384754349033097	0.007680339558342147	-0.0013495180689360715	30.162540435791016
23.738	2.917826086956522	0.13976923076923078	-0.021058206480824515	0.2449143504784231	0.007771364866983654	-0.0012703365724166299	30.36512565612793
23.738	2.917826086956522	0.14796153846153848	-0.024118676443481007	0.24663437894217421	0.007677802823071411	-0.001512159264312863	31.018949508666992
23.738	2.917826086956522	0.15615384615384617	-0.029168006881968234	0.2486997454254677	0.007632562911182519	-0.001599899889472021	29.77397918701172
23.738	2.917826086956522	0.16434615384615386	-0.03481515794353478	0.2489722709988499	0.007641516416181262	-0.0017639948793175288	28.537250518798828
23.738	2.917826086956522	0.17253846153846156	-0.041891882680647086	0.25047492791905634	0.007393674396582797	-0.0019258705538476926	27.21980094909668
23.738	2.917826086956522	0.18073076923076925	-0.04877720019505842	0.2511712251556857	0.007312496382492086	-0.0020831453264833657	26.22661590576172
23.738	2.917826086956522	0.18892307692307694	-0.057114645593923805	0.25159353036817284	0.007287399034971345	-0.0023048788851204693	25.286643981933594
23.738	2.917826086956522	0.19711538461538464	-0.06519042899565149	0.25141573604580136	0.007376759516856725	-0.0026209750028786984	24.433162689208984
23.738	2.917826086956522	0.20530769230769233	-0.07325021097169568	0.2518386135847506	0.007325481999276054	-0.002863377827001629	23.792470932006836
23.738	2.917826086956522	0.21350000000000002	-0.08067139589659249	0.2525387869196676	0.007194893354124177	-0.003035296314378016	23.18228530883789
23.738	2.917826086956522	0.22169230769230772	-0.08885216673336302	0.2524662151912891	0.007055014385534639	-0.003007072914560522	22.666872024536133
23.738	2.917826086956522	0.2298846153846154	-0.09731597880202075	0.2525172310246674	0.00710762492455636	-0.003058377318237345	22.1943416595459
23.738	2.917826086956522	0.2380769230769231	-0.10536147618661246	0.2513784818222305	0.006921423755780082	-0.0033826980600595922	21.776565551757812
23.738	2.917826086956522	0.2462692307692308	-0.11365937395714767	0.2506919306515739	0.006839661902227473	-0.0037822214925785037	21.444461822509766
23.738	2.917826086956522	0.25446153846153846	-0.12132320009863905	0.24977194173054168	0.006737092424263964	-0.004026724400165363	21.08852195739746
23.738	2.917826086956522	0.2626538461538462	-0.12974923946189662	0.2481883429785013	0.006815875264069918	-0.00422171368658265	20.860061645507812
23.738	2.917826086956522	0.2708461538461539	-0.13805868238436955	0.24727824841185808	0.0066966486346132685	-0.004552516063079926	20.626253128051758
23.738	2.917826086956522	0.27903846153846157	-0.146522270724186	0.24489015121713592	0.006590980500084299	-0.004711122626116228	20.397031784057617
23.738	2.917826086956522	0.28723076923076923	-0.15417448340680448	0.24298327276286297	0.006459937797706112	-0.004957142838423712	20.185760498046875
23.738	2.917826086956522	0.29542307692307695	-0.1617468586594486	0.2405126365961825	0.006362659464110979	-0.005090149137212615	19.852989196777344
23.738	2.917826086956522	0.3036153846153847	-0.16992169331597773	0.23862025067334447	0.00655817438707257	-0.005335888447261138	19.416900634765625
23.738	2.917826086956522	0.31180769230769234	-0.17683701211503128	0.23568066997467932	0.006258373200916165	-0.005680054535677528	19.04129981994629
23.738	2.917826086956522	0.32	-0.18575193973434678	0.23435342516949703	0.006209645781240416	-0.006078613424748939	18.67998504638672
23.738	2.926521739130435	0.0005	-0.057980057254336415	0.08702651735129134	0.009325126819061572	-0.0009160632817536243	11.448127746582031
23.738	2.926521739130435	0.008692307692307694	-0.02134578099636302	0.18936943746065904	0.009073556358621448	-0.0010539764373390095	33.86150360107422
23.738	2.926521739130435	0.016884615384615387	-0.01773500024975065	0.22175044632492213	0.00900811047341462	-0.0010863314715776728	42.55229949951172
23.738	2.926521739130435	0.02507692307692308	-0.022299522462262425	0.224103883919641	0.00880760897933484	-0.0012250672797257725	41.495880126953125
23.738	2.926521739130435	0.03326923076923077	-0.01975041015349201	0.22759666502043563	0.00873854982263125	-0.0011476885781725279	41.66645050048828
23.738	2.926521739130435	0.041461538461538466	-0.019126075955623163	0.2263469636649877	0.008363081824139012	-0.0010756932821699575	42.153831481933594
23.738	2.926521739130435	0.04965384615384616	-0.01975833840300318	0.23186986514848917	0.008225405863125132	-0.001056311720154915	39.84800720214844
23.738	2.926521739130435	0.05784615384615385	-0.019349416365856277	0.2303990875752645	0.007827961503813582	-0.0013394362936015277	38.91507148742676
23.738	2.926521739130435	0.06603846153846155	-0.019038434719676128	0.22609951043594656	0.007719209691170242	-0.0009295918061110853	36.93424987792969
23.738	2.926521739130435	0.07423076923076924	-0.018055017171116756	0.22629924118808448	0.007572691692924188	-0.0007067190925494572	35.69022750854492
23.738	2.926521739130435	0.08242307692307693	-0.018586786249341652	0.22472893451630122	0.007517711664853313	-0.000637335345441891	34.016605377197266
23.738	2.926521739130435	0.09061538461538463	-0.019393133885149138	0.22394823669454542	0.007292231303990077	-0.0005439275416843117	33.33735656738281
23.738	2.926521739130435	0.09880769230769232	-0.02047302900549606	0.22099495903529223	0.0071412703669641205	-0.00025726225790050896	32.745018005371094
23.738	2.926521739130435	0.10700000000000001	-0.020181409808993283	0.21932571060395123	0.007059196013603219	-0.0003598743065533807	31.893997192382812
23.738	2.926521739130435	0.1151923076923077	-0.02160869667232032	0.221353797385453	0.007365612049290327	-9.329051884448594e-05	31.16830825805664
23.738	2.926521739130435	0.1233846153846154	-0.022710315677523567	0.22000837452149274	0.007234863410068199	-0.00021066307972814952	30.929851531982422
23.738	2.926521739130435	0.1315769230769231	-0.024488226016820356	0.22034689407089747	0.007198680059574237	-2.222164221548243e-05	30.748538970947266
23.738	2.926521739130435	0.13976923076923078	-0.02713516561621543	0.2222630997605306	0.007205871153056339	-0.0002709356519100791	30.619417190551758
23.738	2.926521739130435	0.14796153846153848	-0.029666101244089416	0.22419540364157042	0.007142419740617787	-0.00041443391329876644	30.6605167388916
23.738	2.926521739130435	0.15615384615384617	-0.033798797830974205	0.22597022168621653	0.007147421903724619	-0.00031633066379682293	30.668542861938477
23.738	2.926521739130435	0.16434615384615386	-0.038137053808432006	0.22789063578815055	0.007231196185481247	-0.0007589122288815869	29.538787841796875
23.738	2.926521739130435	0.17253846153846156	-0.04442240165410087	0.23033405072540375	0.007107070257052752	-0.000900198689671599	28.391721725463867
23.738	2.926521739130435	0.18073076923076925	-0.050943436674819695	0.23142772761612637	0.007004135916588863	-0.0010373844487811734	27.299962997436523
23.738	2.926521739130435	0.18892307692307694	-0.057888534121261354	0.2331668063762734	0.0068528990805160825	-0.0012291805310896723	26.35788345336914
23.738	2.926521739130435	0.19711538461538464	-0.06552576011234057	0.23281133556867667	0.006930268601629805	-0.00140090688038888	25.493844985961914
23.738	2.926521739130435	0.20530769230769233	-0.07289918612876073	0.2328808757023765	0.006891624965794348	-0.0015198273982536298	24.746946334838867
23.738	2.926521739130435	0.21350000000000002	-0.08144047254716433	0.23337754694804996	0.006770288078553002	-0.0018796974245491706	24.123130798339844
23.738	2.926521739130435	0.22169230769230772	-0.08902153877833249	0.23361116337213728	0.0064794663916129674	-0.0021611412879723644	23.5550537109375
23.738	2.926521739130435	0.2298846153846154	-0.09683129265467687	0.23294891659349307	0.006753695448726663	-0.0023002157506734253	23.045162200927734
23.738	2.926521739130435	0.2380769230769231	-0.10564534008299054	0.23324416466818293	0.006502574529561403	-0.0025526386839910013	22.546457290649414
23.738	2.926521739130435	0.2462692307692308	-0.11392120931180752	0.23305538050688912	0.006375131713987519	-0.002673882491361774	22.157629013061523
23.738	2.926521739130435	0.25446153846153846	-0.12217062429175338	0.23248957337553705	0.006378115397940579	-0.0027486829823455366	21.827564239501953
23.738	2.926521739130435	0.2626538461538462	-0.1303396844747439	0.2307207747179605	0.006292882072028997	-0.003224485671302825	21.41802215576172
23.738	2.926521739130435	0.2708461538461539	-0.13762098131636405	0.22965918573473526	0.006377033920779474	-0.003286782813751923	20.869218826293945
23.738	2.926521739130435	0.27903846153846157	-0.14669233443790825	0.2276875834272773	0.006434190580057704	-0.0035737124724143396	20.35297393798828
23.738	2.926521739130435	0.28723076923076923	-0.15474062589057555	0.22610755366558896	0.006299634673634035	-0.003933556414453629	19.84650230407715
23.738	2.926521739130435	0.29542307692307695	-0.16297715644320077	0.22426511505292213	0.006030978935133579	-0.004130242099317581	19.428287506103516
23.738	2.926521739130435	0.3036153846153847	-0.1710423129321117	0.22236938477704998	0.0058394600150702405	-0.004350531174978031	19.029014587402344
23.738	2.926521739130435	0.31180769230769234	-0.18015755618444765	0.22091239941604443	0.005998563001869796	-0.004675980524453125	18.649738311767578
23.738	2.926521739130435	0.32	-0.18776741834636426	0.21846816825076243	0.006015581102029556	-0.004905491220214898	18.315143585205078
23.738	2.935217391304348	0.0005	-0.04323616221709754	0.0704212890394382	0.0077319909014321965	0.0009846885830629194	13.662971496582031
23.738	2.935217391304348	0.008692307692307694	-0.0236735214309266	0.10267570926029002	0.00803497296148064	0.0010665292000171943	35.00118637084961
23.738	2.935217391304348	0.016884615384615387	-0.023189809389176058	0.1237304347722209	0.007849359805176141	0.0012474040730412893	43.12749481201172
23.738	2.935217391304348	0.02507692307692308	-0.024613252458319156	0.13509076470585274	0.007634604198996134	0.0010013126145682148	43.38478469848633
23.738	2.935217391304348	0.03326923076923077	-0.023084720493450842	0.14550914461800557	0.007608972377769564	0.0009950133786499078	44.05082702636719
23.738	2.935217391304348	0.041461538461538466	-0.023220934451917974	0.15410307256282674	0.007377923890984705	0.0007875815733480111	43.44841003417969
23.738	2.935217391304348	0.04965384615384616	-0.023448247015795978	0.1630777228218519	0.007271924797595794	0.0010299355736343601	39.00666618347168
23.738	2.935217391304348	0.05784615384615385	-0.022362626467685526	0.17310535925231096	0.007050729653340741	0.0007147136071426177	37.53035926818848
23.738	2.935217391304348	0.06603846153846155	-0.022966317466560617	0.17557019109782723	0.007076683217670528	0.0009781383586815516	36.17184257507324
23.738	2.935217391304348	0.07423076923076924	-0.02107216002093807	0.18228168888064616	0.006880598084587486	0.001118455251455016	34.5013542175293
23.738	2.935217391304348	0.08242307692307693	-0.021083313165902808	0.1852970463515523	0.007012079034809369	0.0011716649457611502	33.73613739013672
23.738	2.935217391304348	0.09061538461538463	-0.019921766285550147	0.18836579041920187	0.00681517148628446	0.0011108455893208173	32.48295021057129
23.738	2.935217391304348	0.09880769230769232	-0.020114764487514796	0.192220278840186	0.0067329465326764456	0.0011401312406883251	31.829139709472656
23.738	2.935217391304348	0.10700000000000001	-0.020706703849280778	0.19222736701988613	0.006664398501990812	0.0010548981993701923	31.49443817138672
23.738	2.935217391304348	0.1151923076923077	-0.01945967931314797	0.19752693519615566	0.006594509328434906	0.0010794378156542288	31.00045394897461
23.738	2.935217391304348	0.1233846153846154	-0.02062761066259626	0.1980430462547914	0.006881064097641661	0.0012481467251102018	30.848514556884766
23.738	2.935217391304348	0.1315769230769231	-0.021415140756981407	0.2004761730471032	0.006740478951333721	0.0010446909862500612	31.073558807373047
23.738	2.935217391304348	0.13976923076923078	-0.022977565878646404	0.2028079240733164	0.006884759249447786	0.0010082613886453818	31.052749633789062
23.738	2.935217391304348	0.14796153846153848	-0.024461497614502864	0.20422129024566263	0.007121931682564723	0.0011143757101792062	31.5390682220459
23.738	2.935217391304348	0.15615384615384617	-0.026961963622603804	0.20735350798362057	0.006723299399465039	0.0007427289181948047	31.944625854492188
23.738	2.935217391304348	0.16434615384615386	-0.03067748218560227	0.2099690246860932	0.006858485453610682	0.0006541165622095524	30.655630111694336
23.738	2.935217391304348	0.17253846153846156	-0.03535777942838493	0.21192608746774944	0.006869173258109524	0.00022512099871217255	29.3389892578125
23.738	2.935217391304348	0.18073076923076925	-0.04063800678727445	0.21349073896368656	0.006714554645531614	-7.995484325822223e-05	28.209758758544922
23.738	2.935217391304348	0.18892307692307694	-0.046649272515831675	0.2137940677790212	0.006637677791087304	-0.00031996853962063996	27.18191146850586
23.738	2.935217391304348	0.19711538461538464	-0.05232290582744295	0.215226465347614	0.006654967493671648	-0.0005163758031031932	26.35579490661621
23.738	2.935217391304348	0.20530769230769233	-0.05852786981513613	0.21336717759298157	0.006510889427414682	-0.0006852204664028103	25.656124114990234
23.738	2.935217391304348	0.21350000000000002	-0.06521172878228948	0.21383263449863993	0.006413822458066824	-0.0010416422801543565	24.881324768066406
23.738	2.935217391304348	0.22169230769230772	-0.07189598036357181	0.2147021706262695	0.0063934931073701025	-0.0012247409143872246	24.2628173828125
23.738	2.935217391304348	0.2298846153846154	-0.07838563636005547	0.21534258479962784	0.006377994136673019	-0.001492619135143982	23.764888763427734
23.738	2.935217391304348	0.2380769230769231	-0.0860115898249339	0.21426785887662053	0.006196860205144852	-0.001577301122580834	23.314292907714844
23.738	2.935217391304348	0.2462692307692308	-0.0923918544929754	0.21415638722693187	0.006303720439286937	-0.001835170544553858	22.843582153320312
23.738	2.935217391304348	0.25446153846153846	-0.09933974739143628	0.21353497828978218	0.006102597355170677	-0.0019083649268295446	22.060447692871094
23.738	2.935217391304348	0.2626538461538462	-0.10677857947694275	0.21207532717919989	0.006125422480893325	-0.0022302610256090052	21.3350830078125
23.738	2.935217391304348	0.2708461538461539	-0.11378648296066687	0.21112932044140031	0.006065366301829927	-0.0025548054962498358	20.729969024658203
23.738	2.935217391304348	0.27903846153846157	-0.12130355086364014	0.21002448667306672	0.006097538767592338	-0.0026631178028153285	20.173770904541016
23.738	2.935217391304348	0.28723076923076923	-0.1283028566060599	0.20792773470138615	0.00594695917187229	-0.002968833754614682	19.649555206298828
23.738	2.935217391304348	0.29542307692307695	-0.1346732866790622	0.20558313623450641	0.005894192305247127	-0.003300245820734335	19.170949935913086
23.738	2.935217391304348	0.3036153846153847	-0.14268837163800213	0.20431358805858651	0.005759835011819664	-0.0032410240885078993	18.723201751708984
23.738	2.935217391304348	0.31180769230769234	-0.1506927415113809	0.20311128386952215	0.005839451480248525	-0.0035583941175141693	18.346275329589844
23.738	2.935217391304348	0.32	-0.1569634864656168	0.20052202328065638	0.0056250007239368885	-0.004096178059300245	17.946874618530273
23.738	2.943913043478261	0.0005	-0.08352598646561682	0.3575532732806563	0.0076915088690084525	0.0030839014208672343	11.134971618652344
23.738	2.943913043478261	0.008692307692307694	-0.02044304430856439	0.13481007294453917	0.008075900372220557	0.00355473374716753	36.104923248291016
23.738	2.943913043478261	0.016884615384615387	-0.020926409665486534	0.1812026575366431	0.0077170380686876735	0.003176232037820034	39.506412506103516
23.738	2.943913043478261	0.02507692307692308	-0.020997613681817275	0.18722260058539322	0.0077262891650104444	0.0030352310788374593	42.78272247314453
23.738	2.943913043478261	0.03326923076923077	-0.02167793794060939	0.19182275543416982	0.007647473987243487	0.003055339087558312	45.24143981933594
23.738	2.943913043478261	0.041461538461538466	-0.02430101671012066	0.19735592834861249	0.0076263688411353035	0.0028838144544544534	43.75764083862305
23.738	2.943913043478261	0.04965384615384616	-0.023276795453745336	0.2046408614909765	0.007376483327333827	0.0025861147467502836	41.23301124572754
23.738	2.943913043478261	0.05784615384615385	-0.022792201283738475	0.20894896687417625	0.0071724908177857065	0.0024808045916395773	39.29761505126953
23.738	2.943913043478261	0.06603846153846155	-0.023888484928176273	0.20726873764246112	0.007065443604253202	0.002524879537984637	38.5645751953125
23.738	2.943913043478261	0.07423076923076924	-0.023351180336323104	0.2084643896162917	0.007190198156907083	0.002467584375956866	36.61242485046387
23.738	2.943913043478261	0.08242307692307693	-0.022941110531684482	0.21058445153352218	0.006996454536919638	0.0022180455787442965	35.17104721069336
23.738	2.943913043478261	0.09061538461538463	-0.023489987197519033	0.21246892426714958	0.0069766700101802515	0.0021882404101838853	34.55743980407715
23.738	2.943913043478261	0.09880769230769232	-0.024033010468903604	0.21231902416098447	0.006930856257607761	0.0022894167833727667	34.03724670410156
23.738	2.943913043478261	0.10700000000000001	-0.02446678088255963	0.21282382948871237	0.006763227329141758	0.002057629637551039	33.08866882324219
23.738	2.943913043478261	0.1151923076923077	-0.02501019518915369	0.2131486687287688	0.006670379659794883	0.0019456884549486344	32.520389556884766
23.738	2.943913043478261	0.1233846153846154	-0.02563724258584768	0.21579397471825126	0.006943022161736046	0.002131422270931074	32.63215446472168
23.738	2.943913043478261	0.1315769230769231	-0.026962913611399537	0.21671532127976895	0.006678009009987018	0.0020392326690744345	32.438419342041016
23.738	2.943913043478261	0.13976923076923078	-0.028681083285462976	0.2200701270707551	0.006861040576556995	0.0018951053608394935	32.32236099243164
23.738	2.943913043478261	0.14796153846153848	-0.03115650574591507	0.2228682333684615	0.006978984647054147	0.001649681524514304	30.933765411376953
23.738	2.943913043478261	0.15615384615384617	-0.03472543989640477	0.22459410627227677	0.006797416349496611	0.0014745745217903446	29.92865753173828
23.738	2.943913043478261	0.16434615384615386	-0.03979664271040169	0.226811320871936	0.006805360855656741	0.0013379404238373538	28.689424514770508
23.738	2.943913043478261	0.17253846153846156	-0.044519522186222876	0.22842249116597663	0.0066571916530306675	0.0008122572676324648	27.6422119140625
23.738	2.943913043478261	0.18073076923076925	-0.05082308733506911	0.2287342195480523	0.006597316610906494	0.0007405265465348303	26.61227035522461
23.738	2.943913043478261	0.18892307692307694	-0.05749806057624045	0.22815984016770252	0.006616831872212467	0.000513570857382866	25.717681884765625
23.738	2.943913043478261	0.19711538461538464	-0.06452183563620419	0.2269561381732126	0.006432396332254389	0.0002337780729908781	24.937870025634766
23.738	2.943913043478261	0.20530769230769233	-0.07133625462460061	0.22624592205184102	0.006072636315596274	5.295755166194989e-05	24.316926956176758
23.738	2.943913043478261	0.21350000000000002	-0.0788164926803708	0.22589785378295418	0.006348346223407415	2.802228951604256e-05	23.70738410949707
23.738	2.943913043478261	0.22169230769230772	-0.08627661015579154	0.22452994748891872	0.006137708698899523	-0.0004496340223780021	23.22001838684082
23.738	2.943913043478261	0.2298846153846154	-0.09337416129509599	0.22407780725043341	0.0060465358069190355	-0.0007263640513984669	22.7834529876709
23.738	2.943913043478261	0.2380769230769231	-0.10086114600065625	0.22241968441222965	0.006068533603000799	-0.0005866371317421993	22.382774353027344
23.738	2.943913043478261	0.2462692307692308	-0.10840592638752183	0.22057080276558946	0.005948438728636355	-0.001081319773434835	22.01586151123047
23.738	2.943913043478261	0.25446153846153846	-0.1160182938333577	0.21874226229106375	0.005869016157884063	-0.0013090701611060563	21.308223724365234
23.738	2.943913043478261	0.2626538461538462	-0.12246819632614675	0.2176685921697898	0.005656575992514031	-0.0014204492481780942	20.619522094726562
23.738	2.943913043478261	0.2708461538461539	-0.13048488846663778	0.21477564869808613	0.005725825087909239	-0.0013978567827848476	20.067180633544922
23.738	2.943913043478261	0.27903846153846157	-0.1371296758249834	0.2126794437119124	0.00563404430737841	-0.0016726314196944159	19.518341064453125
23.738	2.943913043478261	0.28723076923076923	-0.14591585790080808	0.20955864377858907	0.0055607487097111	-0.002102872489001574	19.048561096191406
23.738	2.943913043478261	0.29542307692307695	-0.15326072956013967	0.20730986107747557	0.0054034242712466445	-0.002595083055734892	18.653282165527344
23.738	2.943913043478261	0.3036153846153847	-0.1604978854047717	0.2052965971845984	0.005359424263627031	-0.0024181587436259986	18.22129249572754
23.738	2.943913043478261	0.31180769230769234	-0.1688535407517579	0.20254694168739795	0.005537635155452614	-0.002696241332928999	17.857372283935547
23.738	2.943913043478261	0.32	-0.17539192832601333	0.20060635312744252	0.005258231928379452	-0.0031659153063843632	17.54353141784668
23.738	2.952608695652174	0.0005	-0.07562540502813715	0.12549707932681614	0.006926449924543417	0.004321436381508111	8.293106079101562
23.738	2.952608695652174	0.008692307692307694	-0.021077243271889867	0.09106607438349001	0.007229830225112836	0.004308527861636168	34.92135238647461
23.738	2.952608695652174	0.016884615384615387	-0.010152956876578509	0.10616341122709982	0.007224036899862197	0.004446908410722918	42.24554443359375
23.738	2.952608695652174	0.02507692307692308	-0.012106317154854303	0.12193812367819318	0.007336609267016186	0.004265151861272736	43.627525329589844
23.738	2.952608695652174	0.03326923076923077	-0.013315238552649803	0.13284586433428544	0.006910584056989549	0.003920509721569777	45.29351806640625
23.738	2.952608695652174	0.041461538461538466	-0.015123768396256076	0.13892555145072252	0.007005841909093261	0.0037260037968847594	41.92560577392578
23.738	2.952608695652174	0.04965384615384616	-0.016052959078837983	0.1494319621055663	0.007034238241232636	0.0038210494425277137	38.81389808654785
23.738	2.952608695652174	0.05784615384615385	-0.015651041676205457	0.1566253157031066	0.006924239447914222	0.0035749796809742785	36.71079635620117
23.738	2.952608695652174	0.06603846153846155	-0.01603521780525141	0.16136441874891955	0.006826007097776666	0.003416810927859981	35.32576370239258
23.738	2.952608695652174	0.07423076923076924	-0.0164067471575089	0.1673495492939055	0.007008484563709271	0.0035002398556518077	34.10332107543945
23.738	2.952608695652174	0.08242307692307693	-0.016865261962413464	0.17240082462610365	0.006748870648595535	0.0033769175167382404	33.07304763793945
23.738	2.952608695652174	0.09061538461538463	-0.01699376409592394	0.174902784273667	0.006725185840775289	0.0031981857920019606	32.40445518493652
23.738	2.952608695652174	0.09880769230769232	-0.01733464454951053	0.17972619701985793	0.006661521654617919	0.0033036936964559605	31.740074157714844
23.738	2.952608695652174	0.10700000000000001	-0.018230291104510535	0.18286855688283518	0.006684102245966654	0.003117217837087634	31.447757720947266
23.738	2.952608695652174	0.1151923076923077	-0.01849585875957083	0.18706626884917948	0.006759852650638035	0.0029110640561481674	31.347890853881836
23.738	2.952608695652174	0.1233846153846154	-0.01988829801544007	0.1907557596342887	0.006785151736779583	0.0030178274582953035	31.509315490722656
23.738	2.952608695652174	0.1315769230769231	-0.02177282351463028	0.194091717196665	0.006676565162628023	0.002801680209147326	31.790996551513672
23.738	2.952608695652174	0.13976923076923078	-0.023917383378330402	0.19911815408854106	0.006866705503018622	0.002715476471981224	32.59279251098633
23.738	2.952608695652174	0.14796153846153848	-0.02609818606292784	0.202290240931001	0.006776207322657155	0.002507201221938437	31.49605369567871
23.738	2.952608695652174	0.15615384615384617	-0.030057756509677985	0.20589561588971642	0.006851095902204561	0.0022293196182504374	30.161540985107422
23.738	2.952608695652174	0.16434615384615386	-0.03467639128798574	0.207678156520382	0.006595624495257262	0.002126517727317371	29.003007888793945
23.738	2.952608695652174	0.17253846153846156	-0.03974188904821907	0.2099342108666188	0.0065226997688748725	0.0017530164454446517	27.863128662109375
23.738	2.952608695652174	0.18073076923076925	-0.04584663259088352	0.21171349525739158	0.006446559721343648	0.001528787409232741	26.875741958618164
23.738	2.952608695652174	0.18892307692307694	-0.05161563651277046	0.2107239997456427	0.00635376163598347	0.001186435315080576	25.980016708374023
23.738	2.952608695652174	0.19711538461538464	-0.058156109698075484	0.21137412283988036	0.0063415175418054595	0.0010842537485345563	25.255413055419922
23.738	2.952608695652174	0.20530769230769233	-0.06488012854811184	0.21003159705915186	0.006247217001792321	0.0009143813213072081	24.61620330810547
23.738	2.952608695652174	0.21350000000000002	-0.07092654535067656	0.20962228271137157	0.006015906441478555	0.0006977115742662645	24.099349975585938
23.738	2.952608695652174	0.22169230769230772	-0.07757659112569462	0.20999019168838326	0.006008710671465642	0.0004946596945407287	23.536558151245117
23.738	2.952608695652174	0.2298846153846154	-0.08392410215893267	0.20928649287031842	0.005891689830203578	8.28736704398677e-05	23.118511199951172
23.738	2.952608695652174	0.2380769230769231	-0.09122220140853403	0.20829899701582144	0.0058218672219928725	0.00023136118624199448	22.758466720581055
23.738	2.952608695652174	0.2462692307692308	-0.09806909334892705	0.20722187222580996	0.005569611941563484	-9.331443808230543e-05	22.36232566833496
23.738	2.952608695652174	0.25446153846153846	-0.10422124570722799	0.20592810991065202	0.005571969208278107	-0.00023470967009155044	21.59996795654297
23.738	2.952608695652174	0.2626538461538462	-0.11201697033030436	0.20505018753845378	0.0054450877767142445	-0.0005905172684276601	20.910335540771484
23.738	2.952608695652174	0.2708461538461539	-0.11784861516044555	0.201961255438145	0.005457232261405085	-0.0008724985046177549	20.331661224365234
23.738	2.952608695652174	0.27903846153846157	-0.1265139235102261	0.20141791535168735	0.005529525803184883	-0.0008085393011646321	19.795969009399414
23.738	2.952608695652174	0.28723076923076923	-0.132866205918851	0.1997659918535485	0.005288019617718599	-0.0012510035494364225	19.32935905456543
23.738	2.952608695652174	0.29542307692307695	-0.13907458797680833	0.19725530310859749	0.005331378265882711	-0.0015193047246415312	18.848886489868164
23.738	2.952608695652174	0.3036153846153847	-0.14585595975282292	0.19422705546347277	0.005079322612764633	-0.0015296065732885635	18.428943634033203
23.738	2.952608695652174	0.31180769230769234	-0.15235239769845846	0.19205752750481117	0.0052697426260183205	-0.0018901343982912083	18.066089630126953
23.738	2.952608695652174	0.32	-0.16003320280161332	0.1905934298868022	0.005020738470612493	-0.0021404548442498835	17.722925186157227
23.738	2.961304347826087	0.0005	0.00029838618192247306	0.30240563102911333	0.007536736168195351	0.00485958308540174	13.289688110351562
23.738	2.961304347826087	0.008692307692307694	-0.007618927823713013	0.21045692355285045	0.007757836208143742	0.0049913139747152745	34.53407287597656
23.738	2.961304347826087	0.016884615384615387	-0.011967984425739757	0.2321709131293918	0.007714193503157475	0.004934076205136341	36.32979202270508
23.738	2.961304347826087	0.02507692307692308	-0.012951642950286382	0.23381996316828724	0.007765388134826678	0.004582712593292208	46.523582458496094
23.738	2.961304347826087	0.03326923076923077	-0.014523185719956859	0.2363990311882733	0.007706958934847984	0.0045189933506322305	47.034454345703125
23.738	2.961304347826087	0.041461538461538466	-0.015149534945134444	0.24071585974671472	0.0075471996632199894	0.004457107650580442	42.72119331359863
23.738	2.961304347826087	0.04965384615384616	-0.015577065904266578	0.23978035935652733	0.0074800365720298235	0.00428919500014186	40.461185455322266
23.738	2.961304347826087	0.05784615384615385	-0.01647561784518455	0.24230540284407615	0.007456959684163591	0.0041302443289394225	38.48992919921875
23.738	2.961304347826087	0.06603846153846155	-0.016103179731748393	0.23841210589533568	0.007374705475280932	0.004204370457023088	37.258975982666016
23.738	2.961304347826087	0.07423076923076924	-0.01676847394503436	0.23685101451736468	0.007549647371190276	0.004150915480778193	36.01458740234375
23.738	2.961304347826087	0.08242307692307693	-0.01738282001990609	0.23423266844509694	0.007422617863506706	0.0038596505215563455	35.16060447692871
23.738	2.961304347826087	0.09061538461538463	-0.01802763191585864	0.2329290976945134	0.007181363318085507	0.0037302495990443807	34.23361396789551
23.738	2.961304347826087	0.09880769230769232	-0.01777014103664183	0.23083239202224876	0.0071981734551914535	0.0036670000391721344	33.412057876586914
23.738	2.961304347826087	0.10700000000000001	-0.01895468472449207	0.22914443611935942	0.00722358547832541	0.003518063481434025	33.03129577636719
23.738	2.961304347826087	0.1151923076923077	-0.01956035088487706	0.22865772631250936	0.007284355745608784	0.0035167628813981126	32.88046646118164
23.738	2.961304347826087	0.1233846153846154	-0.021120772739841105	0.22952058640326362	0.007194387641777951	0.003494866523841301	32.76133346557617
23.738	2.961304347826087	0.1315769230769231	-0.023590356596714313	0.231974326635422	0.007221139016699205	0.00350742414844887	32.45011520385742
23.738	2.961304347826087	0.13976923076923078	-0.027127968142185314	0.23456559283545572	0.00734245885585714	0.0033101909764949432	31.04768943786621
23.738	2.961304347826087	0.14796153846153848	-0.030975976569488604	0.23693012769104313	0.007195854349203534	0.003324599837460828	29.625991821289062
23.738	2.961304347826087	0.15615384615384617	-0.036092805701236685	0.23849410584989922	0.006905260345631017	0.0029053272332398364	28.525392532348633
23.738	2.961304347826087	0.16434615384615386	-0.04232355363632055	0.24057374669595563	0.00681239840969137	0.002855902434248008	27.286609649658203
23.738	2.961304347826087	0.17253846153846156	-0.04982994851645063	0.24242411980957906	0.006959570585968713	0.0026788849710207554	26.258684158325195
23.738	2.961304347826087	0.18073076923076925	-0.05722656606884735	0.2424974905315081	0.006696682595788099	0.0024249614668199865	25.26220703125
23.738	2.961304347826087	0.18892307692307694	-0.06516157765471611	0.2404865843928688	0.00655942411303311	0.002137513010327278	24.52702522277832
23.738	2.961304347826087	0.19711538461538464	-0.07326954350463816	0.24066580722582656	0.006345013241511702	0.0018826059244027053	23.809547424316406
23.738	2.961304347826087	0.20530769230769233	-0.08064313551766572	0.23961133283455055	0.006359679479496486	0.0018482492876507961	23.23526382446289
23.738	2.961304347826087	0.21350000000000002	-0.08929248981117024	0.23868316235862025	0.006227704377009181	0.0015921224996521283	22.691125869750977
23.738	2.961304347826087	0.22169230769230772	-0.0971880397101374	0.23836278010535333	0.006102581579608024	0.0013426532485338438	22.234947204589844
23.738	2.961304347826087	0.2298846153846154	-0.10547663662369056	0.23710982542129372	0.0059210681782927484	0.001338667111221826	21.829242706298828
23.738	2.961304347826087	0.2380769230769231	-0.11384694669182105	0.23595413010211802	0.005946592439545233	0.001199745861700608	21.50952911376953
23.738	2.961304347826087	0.2462692307692308	-0.12252396074327306	0.2341703763801628	0.005883955378239155	0.0009886974886136666	21.181507110595703
23.738	2.961304347826087	0.25446153846153846	-0.13034163182131994	0.2314138545969836	0.005868147356347499	0.0006166071088725769	20.96905517578125
23.738	2.961304347826087	0.2626538461538462	-0.1393049477953146	0.2309966880555673	0.005642739452814133	0.00048692273730764786	20.706649780273438
23.738	2.961304347826087	0.2708461538461539	-0.14726080515581727	0.2286053575623025	0.005586835831546672	0.0004373861265296911	20.21921157836914
23.738	2.961304347826087	0.27903846153846157	-0.15501281164149716	0.2252575874285337	0.00557159655219465	0.00016797302058016184	19.705385208129883
23.738	2.961304347826087	0.28723076923076923	-0.16354281279634686	0.22241842685252017	0.005601161771178054	0.00030440263740778926	19.298004150390625
23.738	2.961304347826087	0.29542307692307695	-0.17193998553123216	0.22053451416333392	0.0055446388653896785	-0.00028073657947011655	18.87842559814453
23.738	2.961304347826087	0.3036153846153847	-0.17902658025125393	0.2184102263480932	0.005164712771070007	-0.000437007251338811	18.49090003967285
23.738	2.961304347826087	0.31180769230769234	-0.18690605030748594	0.2150976001652687	0.005034958958562743	-0.00048325684608194403	18.139745712280273
23.738	2.961304347826087	0.32	-0.19505933740003162	0.21255836878061282	0.0052046384796218936	-0.0007802286147757084	17.81972312927246
23.738	2.97	0.0005	0.12056588953126543	0.3297450816136759	0.00753882501077412	0.005303079470405052	14.863616943359375
23.738	2.97	0.008692307692307694	0.0008985988231716224	0.11648801977388093	0.007944645699476473	0.005268083708544753	34.97035217285156
23.738	2.97	0.016884615384615387	-0.00583418699593901	0.14223601045157597	0.007906105262074744	0.005382503665407261	43.02287673950195
23.738	2.97	0.02507692307692308	-0.0028979847082650596	0.1441585910513608	0.0077909426699963695	0.005214147987817091	46.454811096191406
23.738	2.97	0.03326923076923077	-0.002363116467908612	0.14931594254519626	0.0077861005816859735	0.005048208666039251	44.39981460571289
23.738	2.97	0.041461538461538466	-0.0038218704625746554	0.15664564013784582	0.00786696278154325	0.004725004865029555	40.84965896606445
23.738	2.97	0.04965384615384616	-0.003366797809807829	0.15771046461720858	0.007517905644998576	0.004648410539137622	38.14671325683594
23.738	2.97	0.05784615384615385	-0.006760874387543744	0.16101920256485902	0.007184143341270962	0.004415393028994761	36.637367248535156
23.738	2.97	0.06603846153846155	-0.004804668939561718	0.16317464230889442	0.007855338269538437	0.004758345483896752	35.036949157714844
23.738	2.97	0.07423076923076924	-0.008148327492112445	0.1646311358934223	0.007643409714975235	0.0043656916069448	33.717947006225586
23.738	2.97	0.08242307692307693	-0.008507850300961402	0.16689779033806218	0.007524971955737153	0.004354554609694693	32.60909843444824
23.738	2.97	0.09061538461538463	-0.010063660087548509	0.16880059654981594	0.007684876701061053	0.00434044497584754	31.668731689453125
23.738	2.97	0.09880769230769232	-0.010785632895790358	0.171104662708647	0.007528552441779447	0.004302501811486332	31.309738159179688
23.738	2.97	0.10700000000000001	-0.01239960742101168	0.1720070025217633	0.007714872546837704	0.004140800968576991	30.81951332092285
23.738	2.97	0.1151923076923077	-0.01289850528270101	0.17561660285898553	0.007475820713405391	0.003873773024594378	30.475271224975586
23.738	2.97	0.1233846153846154	-0.015663040467425084	0.1774574232643085	0.007587459597523683	0.00397664781476717	30.471050262451172
23.738	2.97	0.1315769230769231	-0.016678220251342215	0.18157835650711113	0.007583088958904301	0.004036215662382397	30.73304557800293
23.738	2.97	0.13976923076923078	-0.019669138643948772	0.18551692066541778	0.007465434770251021	0.004036957978379474	30.934337615966797
23.738	2.97	0.14796153846153848	-0.023475009607736824	0.19005633551557777	0.0074627701820441416	0.003867254817047961	31.69904327392578
23.738	2.97	0.15615384615384617	-0.028013640232038575	0.19315568261943053	0.007172440043618444	0.003504466038975218	31.281641006469727
23.738	2.97	0.16434615384615386	-0.03304812925385703	0.19704416433266894	0.007083108694391448	0.003578835422740078	29.835948944091797
23.738	2.97	0.17253846153846156	-0.04007624918054712	0.20039841096620375	0.006920531178988934	0.0034096254231365977	28.514110565185547
23.738	2.97	0.18073076923076925	-0.04641229505983571	0.20224376042931408	0.007129842375895126	0.0032625567547217883	27.45319938659668
23.738	2.97	0.18892307692307694	-0.05230873334554413	0.20288106800614925	0.00684793090664282	0.0032278052962641424	26.597061157226562
23.738	2.97	0.19711538461538464	-0.06083158878651369	0.20257017662113352	0.006672943092221816	0.0028745056367614633	25.795555114746094
23.738	2.97	0.20530769230769233	-0.06787382664666436	0.20437792636982915	0.006615028262408868	0.0026092695659161863	25.013147354125977
23.738	2.97	0.21350000000000002	-0.075322712298618	0.20497640678835652	0.006631353968291856	0.0029400687380092515	24.35237693786621
23.738	2.97	0.22169230769230772	-0.08275601169590568	0.20571480853904012	0.00633383287949885	0.0023829469930824344	23.8978271484375
23.738	2.97	0.2298846153846154	-0.09057131028025872	0.20691325002397382	0.0062199259715385756	0.002288646374557344	23.344032287597656
23.738	2.97	0.2380769230769231	-0.09885102863995816	0.20590661347367306	0.006140921842687505	0.0021832193755161283	22.962215423583984
23.738	2.97	0.2462692307692308	-0.10703332142451435	0.20621687002633352	0.0060568028185437	0.0019468769597258799	22.496259689331055
23.738	2.97	0.25446153846153846	-0.1146328926592138	0.20602897199898107	0.005882932230741728	0.0018456123363654248	21.938304901123047
23.738	2.97	0.2626538461538462	-0.12229144509729273	0.2051540296885065	0.005853512591354043	0.0016586596956063384	21.23089027404785
23.738	2.97	0.2708461538461539	-0.13072730679960262	0.2047187343396359	0.005747074835345457	0.0014453623401600969	20.690515518188477
23.738	2.97	0.27903846153846157	-0.13968047240014458	0.2034501426136699	0.0058428571671003465	0.001574390599312718	20.155948638916016
23.738	2.97	0.28723076923076923	-0.14701985202155227	0.2016026848774486	0.00574289735005443	0.0012775896129530063	19.674137115478516
23.738	2.97	0.29542307692307695	-0.15509260042854617	0.19957202960542006	0.005489352967195625	0.0010233323664666936	19.20810890197754
23.738	2.97	0.3036153846153847	-0.16323570033506665	0.19831539294821626	0.005664851524141876	0.0009421776200919144	18.814451217651367
23.738	2.97	0.31180769230769234	-0.17071931021834136	0.19716054611611097	0.005531291127223354	0.0006674257111302818	18.4757137298584
23.738	2.97	0.32	-0.17879481265605537	0.19510605545995552	0.00538705375674571	0.0006467929254216946	18.153162002563477
23.738	2.978695652173913	0.0005	0.013038683437694688	0.19793198319433059	0.008482021048436117	0.0055060551064019915	14.653656005859375
23.738	2.978695652173913	0.008692307692307694	-0.007695947133255999	0.20558604617083825	0.008538684834381294	0.005712920124291286	34.586585998535156
23.738	2.978695652173913	0.016884615384615387	-0.0017183582412729653	0.2105836099054888	0.008624075223203244	0.005817552206400801	42.02076721191406
23.738	2.978695652173913	0.02507692307692308	-0.007104784295156005	0.22457918908960917	0.008481941000840987	0.0055413955483700275	47.14544677734375
23.738	2.978695652173913	0.03326923076923077	-0.01096245128617794	0.22908691361797257	0.008527049170096994	0.00566147872757107	45.304283142089844
23.738	2.978695652173913	0.041461538461538466	-0.010334326118282309	0.23099396383256765	0.008448321573287638	0.005390087255289238	42.19901084899902
23.738	2.978695652173913	0.04965384615384616	-0.011541795428893789	0.23381106137164992	0.0082196732930939	0.005147074370672293	39.47539138793945
23.738	2.978695652173913	0.05784615384615385	-0.011522784814524682	0.23456568468614206	0.008311386201627635	0.005143969040916114	38.25054168701172
23.738	2.978695652173913	0.06603846153846155	-0.01023317457577887	0.23061364148529906	0.008222389686259102	0.004969065255490853	36.017486572265625
23.738	2.978695652173913	0.07423076923076924	-0.012217857650767295	0.22831875307970417	0.00825976619257306	0.004978027043791343	35.151344299316406
23.738	2.978695652173913	0.08242307692307693	-0.012675518207770985	0.22568640171744134	0.008004087086233243	0.0048572912932577025	34.249237060546875
23.738	2.978695652173913	0.09061538461538463	-0.012397876838741103	0.22350874776680227	0.007944927210077739	0.004811860366317232	33.249515533447266
23.738	2.978695652173913	0.09880769230769232	-0.012702238062529988	0.22009484367240684	0.008193097710837404	0.004646944832265629	32.80058670043945
23.738	2.978695652173913	0.10700000000000001	-0.013690570097542713	0.21889411243960447	0.008073302864504282	0.004476292488597537	32.07247734069824
23.738	2.978695652173913	0.1151923076923077	-0.01427161491068829	0.21671243193993273	0.007897939215539216	0.004468910690676881	31.642122268676758
23.738	2.978695652173913	0.1233846153846154	-0.015259083298988894	0.21482266637177566	0.007866739929369534	0.004374285669583875	31.38559341430664
23.738	2.978695652173913	0.1315769230769231	-0.0168016914529661	0.214280729403628	0.007973855710798993	0.004568911524003298	31.448741912841797
23.738	2.978695652173913	0.13976923076923078	-0.019483180674891805	0.21558170796272733	0.008046428497881977	0.004667834362552851	31.557668685913086
23.738	2.978695652173913	0.14796153846153848	-0.021200295664243585	0.2168235583793744	0.00792541043089972	0.004344133891445752	31.95766258239746
23.738	2.978695652173913	0.15615384615384617	-0.02576090106253598	0.21862597492980415	0.008094611625524308	0.004682245525243479	30.614253997802734
23.738	2.978695652173913	0.16434615384615386	-0.03205489038127363	0.2197083047802461	0.007673622600930359	0.004013215357131827	29.234867095947266
23.738	2.978695652173913	0.17253846153846156	-0.03856406984093216	0.22182324702636014	0.007546218557479406	0.0034853048647488826	28.03250503540039
23.738	2.978695652173913	0.18073076923076925	-0.045308984091050566	0.22252495898007627	0.007361979868517337	0.003934747241451677	26.87963104248047
23.738	2.978695652173913	0.18892307692307694	-0.0525323135911348	0.22172103365962464	0.007313280835564344	0.0036804000655685917	25.98767852783203
23.738	2.978695652173913	0.19711538461538464	-0.06136420910645747	0.22215261655007557	0.007300789752087264	0.003627139815729722	25.139780044555664
23.738	2.978695652173913	0.20530769230769233	-0.06903141898094681	0.2213718774168876	0.007244521593718495	0.0035053689117959296	24.43856430053711
23.738	2.978695652173913	0.21350000000000002	-0.07741360091333982	0.22174070346670396	0.0069961857056276165	0.0031604844992572257	23.774656295776367
23.738	2.978695652173913	0.22169230769230772	-0.085152262656109	0.22126911332167848	0.007104504759938936	0.00313503649743018	23.23680305480957
23.738	2.978695652173913	0.2298846153846154	-0.0938276367246116	0.22145815826036905	0.006827295687565128	0.0029823037279371675	22.776538848876953
23.738	2.978695652173913	0.2380769230769231	-0.10290807079877862	0.221247182687542	0.006746717539037635	0.002961408541481785	22.278690338134766
23.738	2.978695652173913	0.2462692307692308	-0.11073628966309865	0.21997737228476494	0.006554966702508095	0.0028025342129279936	21.97610092163086
23.738	2.978695652173913	0.25446153846153846	-0.11974481527240846	0.2195119658268725	0.006527586175559241	0.002469460834149937	21.61518669128418
23.738	2.978695652173913	0.2626538461538462	-0.12820369924256939	0.2183882470331939	0.006519248509545062	0.0026638769828154704	21.046871185302734
23.738	2.978695652173913	0.2708461538461539	-0.1364454573710665	0.21684640164240973	0.006379103426121359	0.002473793666986656	20.4760799407959
23.738	2.978695652173913	0.27903846153846157	-0.14475540283520072	0.21483181084260122	0.0061991101016564045	0.0023801154521559016	19.925979614257812
23.738	2.978695652173913	0.28723076923076923	-0.1542810540405318	0.21272269494585463	0.006247675234985655	0.0023426142414743876	19.467206954956055
23.738	2.978695652173913	0.29542307692307695	-0.16210686109411493	0.21116814285115704	0.006279629760124301	0.001978588314177381	19.014589309692383
23.738	2.978695652173913	0.3036153846153847	-0.17233140196046984	0.20943150853650488	0.006244772022427468	0.0019833161732856815	18.637527465820312
23.738	2.978695652173913	0.31180769230769234	-0.1789015687138108	0.2075075075848543	0.006053496648393269	0.0018017997796124245	18.26167869567871
23.738	2.978695652173913	0.32	-0.18793638218867453	0.20503258000859553	0.005968135384693088	0.0016755917644405544	17.96481704711914
23.738	2.987391304347826	0.0005	-0.07543638218867454	0.3300325800085954	0.00879766438321116	0.0053316684775455495	14.336471557617188
23.738	2.987391304347826	0.008692307692307694	0.0015435149887120738	0.136956189369978	0.009237365553938053	0.005756912888585477	37.9275016784668
23.738	2.987391304347826	0.016884615384615387	0.0024332427413678165	0.15716271757353995	0.00898029282413734	0.005775455120686505	42.78306579589844
23.738	2.987391304347826	0.02507692307692308	0.00476270769967001	0.16396247845278386	0.00892196632646335	0.005474352758113356	47.30359649658203
23.738	2.987391304347826	0.03326923076923077	0.0016610778935528478	0.16629344653838202	0.008867647651070332	0.005361106741195957	43.946937561035156
23.738	2.987391304347826	0.041461538461538466	0.0019456531138330464	0.16729352647788354	0.008768209299862384	0.005221586315559083	40.70582962036133
23.738	2.987391304347826	0.04965384615384616	0.00023488441986775185	0.1687297609131383	0.00871702153561714	0.005183777276817637	37.450565338134766
23.738	2.987391304347826	0.05784615384615385	-0.00202713485854556	0.1675794182612511	0.008918618569706499	0.005134779196248881	35.80004692077637
23.738	2.987391304347826	0.06603846153846155	-0.00215569124601685	0.16703873771979225	0.008609378013117067	0.004909085545398692	34.63168907165527
23.738	2.987391304347826	0.07423076923076924	-0.003467022415826574	0.16815208588018504	0.00867651871107341	0.005034486316492757	33.16764831542969
23.738	2.987391304347826	0.08242307692307693	-0.005600845788250222	0.16756070563792663	0.00861268290106117	0.004785413094886922	32.114450454711914
23.738	2.987391304347826	0.09061538461538463	-0.0068742013058529046	0.16729255290491404	0.008834862312783031	0.004981468729295682	31.103496551513672
23.738	2.987391304347826	0.09880769230769232	-0.007454047296649359	0.16666821898205367	0.00872510941298279	0.004898421355887321	30.747846603393555
23.738	2.987391304347826	0.10700000000000001	-0.010160961726667873	0.16756787417351426	0.008551799512035729	0.0047496783114132895	30.164409637451172
23.738	2.987391304347826	0.1151923076923077	-0.010384283194305894	0.16862858166813066	0.008248230666406389	0.004745855546020167	29.67662811279297
23.738	2.987391304347826	0.1233846153846154	-0.011945856029077762	0.16989277805658023	0.008646615085216268	0.004717365773675528	29.578632354736328
23.738	2.987391304347826	0.1315769230769231	-0.014233982229515304	0.1723155954805199	0.008664748786121574	0.0047207014423554655	29.769216537475586
23.738	2.987391304347826	0.13976923076923078	-0.01663290901192345	0.17439072013681006	0.00839917484271076	0.004608336081636598	29.99643325805664
23.738	2.987391304347826	0.14796153846153848	-0.019250487594920283	0.17712359925086607	0.008295402510421247	0.004459288527772063	30.525012969970703
23.738	2.987391304347826	0.15615384615384617	-0.02264545169070743	0.18025639637804822	0.008215566163371824	0.004410731231876984	31.102813720703125
23.738	2.987391304347826	0.16434615384615386	-0.02710037550038806	0.18219968317085988	0.008111070508027507	0.004390433088330436	30.99303436279297
23.738	2.987391304347826	0.17253846153846156	-0.03276173893443457	0.18457374916421362	0.007997211790642314	0.004332411025686655	29.741912841796875
23.738	2.987391304347826	0.18073076923076925	-0.039495135735135106	0.18649597679856333	0.008064606832339035	0.004183572651388589	28.473403930664062
23.738	2.987391304347826	0.18892307692307694	-0.04610353920922759	0.18641555411401306	0.00775831284173459	0.004016489369693019	27.58889389038086
23.738	2.987391304347826	0.19711538461538464	-0.05228961916122811	0.18592112733465901	0.007672702143291681	0.0038982203143097375	26.683090209960938
23.738	2.987391304347826	0.20530769230769233	-0.059706848724225936	0.186106817037289	0.007729675140318285	0.003956105324201572	25.917320251464844
23.738	2.987391304347826	0.21350000000000002	-0.06648783150471615	0.18656434690977897	0.007331065118153023	0.003618837318857043	25.230390548706055
23.738	2.987391304347826	0.22169230769230772	-0.07376130133729644	0.18650126724400024	0.007422577397203245	0.0035158760462427794	24.639877319335938
23.738	2.987391304347826	0.2298846153846154	-0.08079827002679563	0.18679300935158377	0.007220894530986217	0.00342584951594481	24.1192684173584
23.738	2.987391304347826	0.2380769230769231	-0.0889974921157744	0.18677814347321367	0.0074244035377015235	0.0035229288940313718	23.185081481933594
23.738	2.987391304347826	0.2462692307692308	-0.09664268076903393	0.18619413096895407	0.0071757047305291925	0.003432352025416128	22.372940063476562
23.738	2.987391304347826	0.25446153846153846	-0.10399785319659423	0.1859027576023549	0.007013496571622993	0.003316531175332134	21.594263076782227
23.738	2.987391304347826	0.2626538461538462	-0.11138931651065322	0.1852685784776723	0.006936143559520665	0.0032071743031195045	20.91829490661621
23.738	2.987391304347826	0.2708461538461539	-0.11986295421073412	0.18453187251882908	0.006971753563781553	0.0029066772409435384	20.312715530395508
23.738	2.987391304347826	0.27903846153846157	-0.12803632061394132	0.1837434619287988	0.006843328338184114	0.0031993444869081126	19.76572036743164
23.738	2.987391304347826	0.28723076923076923	-0.13670752088936244	0.18234244879288874	0.00689488677155959	0.0028942885675413746	19.30711555480957
23.738	2.987391304347826	0.29542307692307695	-0.14351683249310743	0.18085365732159447	0.00679822049981633	0.0026586790749455348	18.86849021911621
23.738	2.987391304347826	0.3036153846153847	-0.1525009808898632	0.17912499124906772	0.006654541670043925	0.002597630108927981	18.42476463317871
23.738	2.987391304347826	0.31180769230769234	-0.1598895600268862	0.1780014999665347	0.006556896477099994	0.0025871189349498365	18.065942764282227
23.738	2.987391304347826	0.32	-0.1674989257305346	0.17600682532723735	0.006462078610697182	0.0024831364184211783	17.711095809936523
23.738	2.996086956521739	0.0005	-0.017489755555935932	0.12600092297728846	0.00949816965663934	0.00532230705340056	13.618408203125
23.738	2.996086956521739	0.008692307692307694	-0.01746626538717397	0.18816956956227832	0.00990200309467048	0.005638445980192169	36.69261932373047
23.738	2.996086956521739	0.016884615384615387	-0.011497510523458238	0.21911184797002525	0.009704748662843626	0.005541339445931579	43.41884231567383
23.738	2.996086956521739	0.02507692307692308	-0.012199510187764872	0.2217399359674618	0.009727235081791291	0.005448816561425325	46.84519577026367
23.738	2.996086956521739	0.03326923076923077	-0.013058621838735462	0.22183802051989	0.009711096139225814	0.005234704663915358	43.85183334350586
23.738	2.996086956521739	0.041461538461538466	-0.012312272580572829	0.21965584908820618	0.009621756634328606	0.0050886147755194264	41.24447441101074
23.738	2.996086956521739	0.04965384615384616	-0.014216911651135374	0.22158073216259527	0.009443593679555	0.005172529658637012	38.2241325378418
23.738	2.996086956521739	0.05784615384615385	-0.014714636221003684	0.2183205073669279	0.009465392466120336	0.005209124317878031	36.61590766906738
23.738	2.996086956521739	0.06603846153846155	-0.014758254900050307	0.21959953363684065	0.009269869171780822	0.005074656347986228	35.265464782714844
23.738	2.996086956521739	0.07423076923076924	-0.01565200117621751	0.21439185506432618	0.009161671444267352	0.005029192018926682	34.45639228820801
23.738	2.996086956521739	0.08242307692307693	-0.0146062853673491	0.2129083014163311	0.009139918144184678	0.004994262675422264	33.669769287109375
23.738	2.996086956521739	0.09061538461538463	-0.014993563256225377	0.2092575707704723	0.009118415826789614	0.005141417922818124	32.7242546081543
23.738	2.996086956521739	0.09880769230769232	-0.014507072567007331	0.20572811888986828	0.009227593859417264	0.004935738123393544	32.3099250793457
23.738	2.996086956521739	0.10700000000000001	-0.014351598328735034	0.20450988846632168	0.009206584032372043	0.004912435722691228	31.750713348388672
23.738	2.996086956521739	0.1151923076923077	-0.014243419760306542	0.20333552221249693	0.009019775106897967	0.004724291059274851	31.438201904296875
23.738	2.996086956521739	0.1233846153846154	-0.015523201993241944	0.20183605246636976	0.008975234661926242	0.004860690340211346	31.413698196411133
23.738	2.996086956521739	0.1315769230769231	-0.015827726000029636	0.2014114666897334	0.009071316193772995	0.0047488940453907415	31.625844955444336
23.738	2.996086956521739	0.13976923076923078	-0.017396828397782064	0.2017942110251445	0.009065051939314832	0.004983779795766703	32.08960723876953
23.738	2.996086956521739	0.14796153846153848	-0.020174921303746575	0.20333822727671333	0.00897513119613907	0.004765013652350346	31.517902374267578
23.738	2.996086956521739	0.15615384615384617	-0.02295170798873652	0.2040155312465734	0.008856931608177113	0.004802734894271313	30.328641891479492
23.738	2.996086956521739	0.16434615384615386	-0.02849846254832039	0.20464737860282112	0.00866703778095932	0.004621877156125591	29.12789535522461
23.738	2.996086956521739	0.17253846153846156	-0.03331492301805804	0.20558584071957667	0.008446522647990305	0.00430704517467562	27.855304718017578
23.738	2.996086956521739	0.18073076923076925	-0.04002890270932505	0.20591777414345339	0.008540799425226094	0.004328083987377208	26.890941619873047
23.738	2.996086956521739	0.18892307692307694	-0.046078890639198206	0.20495630008197543	0.008516712729227646	0.004693404619797412	25.969371795654297
23.738	2.996086956521739	0.19711538461538464	-0.05278897755919864	0.20371007724881957	0.008267885683349966	0.004254671616092986	25.31410789489746
23.738	2.996086956521739	0.20530769230769233	-0.05920681307465679	0.20312544837927296	0.00840340244721779	0.0041496384067019046	24.670427322387695
23.738	2.996086956521739	0.21350000000000002	-0.0660579219955437	0.2033798700180448	0.008054108277335444	0.004152826451977143	23.98889923095703
23.738	2.996086956521739	0.22169230769230772	-0.0733799677969969	0.20201963630832082	0.008298565389029363	0.0039278876844806455	23.51267433166504
23.738	2.996086956521739	0.2298846153846154	-0.08018673887529668	0.2016828442328709	0.00806090656568904	0.0038651865223985095	23.0953426361084
23.738	2.996086956521739	0.2380769230769231	-0.08821876186232347	0.20104609734132947	0.007997341877299734	0.00403879445248116	22.63463020324707
23.738	2.996086956521739	0.2462692307692308	-0.09488260122121947	0.1988181957266726	0.0076359214516433	0.0036373200839195682	21.95431137084961
23.738	2.996086956521739	0.25446153846153846	-0.10251740541852859	0.1973910256753533	0.00770663794634493	0.00388559726571906	21.162731170654297
23.738	2.996086956521739	0.2626538461538462	-0.10986108149919749	0.19526077061626151	0.007703703671237238	0.0037048896764761054	20.50326919555664
23.738	2.996086956521739	0.2708461538461539	-0.11761787311226218	0.1943767397987192	0.007659589575147039	0.0033892762604525546	19.899580001831055
23.738	2.996086956521739	0.27903846153846157	-0.1246444923406801	0.19200616751502986	0.007524723232259922	0.0034703709347129385	19.400571823120117
23.738	2.996086956521739	0.28723076923076923	-0.13292347057832957	0.18963878151142283	0.007562932717056348	0.003558403507077168	18.90912628173828
23.738	2.996086956521739	0.29542307692307695	-0.140347583354391	0.1870725093368326	0.0073851903154835445	0.003267714899011986	18.450199127197266
23.738	2.996086956521739	0.3036153846153847	-0.1479932648548259	0.185188688147429	0.007302918826665239	0.0032792136489721707	18.03908348083496
23.738	2.996086956521739	0.31180769230769234	-0.1555041281609392	0.18256225143639337	0.007358768321976364	0.0030011243853156587	17.701677322387695
23.738	2.996086956521739	0.32	-0.1623077091863906	0.1804845696323175	0.007213756678650219	0.0029388381226969334	17.35097885131836
23.738	3.004782608695652	0.0005	0.0178465566494906	0.4270804125823636	0.010136616182940855	0.005025859073517438	13.778045654296875
23.738	3.004782608695652	0.008692307692307694	-0.007100013746932741	0.15683462210079613	0.010362185797855056	0.005169681140562342	38.444122314453125
23.738	3.004782608695652	0.016884615384615387	5.998359009032979e-06	0.18043602295299954	0.010369066268974129	0.0050772535430429235	44.55598068237305
23.738	3.004782608695652	0.02507692307692308	-0.003000278093852571	0.1875009715125485	0.010190737985400992	0.005175043897104467	46.77959442138672
23.738	3.004782608695652	0.03326923076923077	-0.0007188957078619915	0.188661485621327	0.010229519483254765	0.004977707131357747	43.76542663574219
23.738	3.004782608695652	0.041461538461538466	-0.0021246639943795324	0.18695190003103535	0.010181787258898078	0.004992537223489142	41.05145835876465
23.738	3.004782608695652	0.04965384615384616	-0.002177328795857922	0.18648438671565576	0.010175715004187201	0.005027941596204509	36.95107650756836
23.738	3.004782608695652	0.05784615384615385	-0.004399546415328173	0.18472824080822567	0.009927221927660898	0.004981612594530569	35.75845146179199
23.738	3.004782608695652	0.06603846153846155	-0.004871888347218868	0.18196050684059545	0.009877799360197998	0.004911469869477266	34.437705993652344
23.738	3.004782608695652	0.07423076923076924	-0.006023445510398942	0.18008355116854352	0.010007561041901192	0.005131383514829027	33.24553680419922
23.738	3.004782608695652	0.08242307692307693	-0.007352704255353076	0.17772638071856622	0.01006457741160463	0.00496782879049403	32.38851356506348
23.738	3.004782608695652	0.09061538461538463	-0.008598745953128463	0.17639110790838453	0.009865717981976755	0.00484118473297753	31.479589462280273
23.738	3.004782608695652	0.09880769230769232	-0.00940880644664949	0.17587461120812375	0.009877681238678823	0.0047087975676690305	30.817079544067383
23.738	3.004782608695652	0.10700000000000001	-0.009283074335201511	0.17571705710219715	0.009895625282870862	0.004848984568054283	30.69223403930664
23.738	3.004782608695652	0.1151923076923077	-0.01052919784634743	0.17798354121102436	0.009743750298576452	0.004722852781453249	30.319969177246094
23.738	3.004782608695652	0.1233846153846154	-0.011946452130371665	0.1794788010249887	0.009710353326800647	0.004812145531543204	30.419376373291016
23.738	3.004782608695652	0.1315769230769231	-0.013804259617621042	0.18026843181057317	0.009627837442811869	0.004760608731077589	30.55619239807129
23.738	3.004782608695652	0.13976923076923078	-0.016894716939618113	0.18336076269080614	0.009732470280297917	0.004705264856489165	31.094202041625977
23.738	3.004782608695652	0.14796153846153848	-0.02012577955746953	0.18481999123797965	0.009488870439197706	0.004663750647612928	31.363239288330078
23.738	3.004782608695652	0.15615384615384617	-0.024175258327790536	0.1877781527291673	0.00951663358133176	0.0046237420149721105	30.030345916748047
23.738	3.004782608695652	0.16434615384615386	-0.02976592186359473	0.18867853076909988	0.009280708949843598	0.004564238378860195	28.999387741088867
23.738	3.004782608695652	0.17253846153846156	-0.03583254257661958	0.18959832856872508	0.009281871992452598	0.004378653939268882	27.784854888916016
23.738	3.004782608695652	0.18073076923076925	-0.04219383467368229	0.1900299009394146	0.009261799018854627	0.0043314408857630235	26.89019775390625
23.738	3.004782608695652	0.18892307692307694	-0.04899371188309656	0.18858011884731946	0.009128575168348568	0.00445074420325769	26.069717407226562
23.738	3.004782608695652	0.19711538461538464	-0.05531733670156595	0.1873294831704768	0.009044338998281661	0.004439499466535903	25.38149070739746
23.738	3.004782608695652	0.20530769230769233	-0.062173688638512706	0.18824986813679467	0.008995586414598307	0.0042679844559282785	24.807016372680664
23.738	3.004782608695652	0.21350000000000002	-0.06865694482091322	0.18646961895547476	0.008879731036232925	0.004105725745801628	24.261022567749023
23.738	3.004782608695652	0.22169230769230772	-0.07625311917862002	0.1863896101635743	0.009004870207671982	0.004199910246324568	23.748830795288086
23.738	3.004782608695652	0.2298846153846154	-0.0822713763197333	0.18612610994995124	0.008996246411511777	0.004005154725545267	23.377490997314453
23.738	3.004782608695652	0.2380769230769231	-0.09080732272231223	0.18421850869636874	0.008760223702388714	0.004199332585384593	22.500043869018555
23.738	3.004782608695652	0.2462692307692308	-0.09814995276791713	0.1836746839457297	0.008760260884785959	0.003924512771990251	21.675989151000977
23.738	3.004782608695652	0.25446153846153846	-0.10616473955601469	0.180329749753222	0.008833688555726828	0.0039050266513720104	20.993690490722656
23.738	3.004782608695652	0.2626538461538462	-0.11284852741086869	0.18040835552638224	0.008689529409751623	0.0037385028291134427	20.326953887939453
23.738	3.004782608695652	0.2708461538461539	-0.11958706546601433	0.1781815532864633	0.008520396141407535	0.0037639534554948385	19.75322914123535
23.738	3.004782608695652	0.27903846153846157	-0.12719514997287878	0.17627372223274076	0.0085265067860627	0.003715943811774035	19.274181365966797
23.738	3.004782608695652	0.28723076923076923	-0.13535245911761407	0.17458574514226266	0.008612313174796254	0.0036270853490648954	18.792123794555664
23.738	3.004782608695652	0.29542307692307695	-0.14227449009372486	0.17171032083654475	0.008516047935353387	0.0035661549797419904	18.38699722290039
23.738	3.004782608695652	0.3036153846153847	-0.15040237938697082	0.17027135154433248	0.008378718532239642	0.003549081544252334	17.990306854248047
23.738	3.004782608695652	0.31180769230769234	-0.1573045683518574	0.16794747398610388	0.008443295736404696	0.003387746373490488	17.633466720581055
23.738	3.004782608695652	0.32	-0.16419748789226268	0.16545511768574983	0.008217610672061105	0.003356466553065902	17.322010040283203
23.738	3.013478260869565	0.0005	0.048198251707195286	0.25259419632047037	0.010837261278463602	0.004389026388173252	12.437728881835938
23.738	3.013478260869565	0.008692307692307694	-0.00929079423791731	0.18092664583372514	0.011176729301330238	0.00474794560760728	39.596134185791016
23.738	3.013478260869565	0.016884615384615387	-0.008228217298655496	0.19492360507972858	0.011092091899006225	0.004809606470018652	42.95393371582031
23.738	3.013478260869565	0.02507692307692308	-0.006231426752204333	0.19862192105782733	0.010872155619397734	0.004482613999581879	45.062889099121094
23.738	3.013478260869565	0.03326923076923077	-0.005297596615835237	0.20466161843502775	0.010849655639247419	0.004518104459813691	39.91814422607422
23.738	3.013478260869565	0.041461538461538466	-0.007589381051345873	0.20500768225753563	0.010757800899698838	0.004463117740098601	39.112552642822266
23.738	3.013478260869565	0.04965384615384616	-0.008300057829162707	0.2061627118564211	0.010670961310750484	0.004461893034633031	36.522525787353516
23.738	3.013478260869565	0.05784615384615385	-0.007900157077342379	0.20629783197797458	0.010798295440616116	0.0045779095126561135	35.032196044921875
23.738	3.013478260869565	0.06603846153846155	-0.009127892015038431	0.20291198287476053	0.010640800855906471	0.004552143193424634	33.78408432006836
23.738	3.013478260869565	0.07423076923076924	-0.00904320085357399	0.20197799426631158	0.010519407440942452	0.004544231807349595	32.856035232543945
23.738	3.013478260869565	0.08242307692307693	-0.008875455054800072	0.20146095915300985	0.010501661931772259	0.00467754075260611	32.064903259277344
23.738	3.013478260869565	0.09061538461538463	-0.008437745548456457	0.1993144609649964	0.010405003322894376	0.004453494979982571	31.551198959350586
23.738	3.013478260869565	0.09880769230769232	-0.008782545010347401	0.19798213213991334	0.010487618465295126	0.004538799259610531	30.993640899658203
23.738	3.013478260869565	0.10700000000000001	-0.00897852787633661	0.19624224024202647	0.010449903888247968	0.004571122063937654	30.5775146484375
23.738	3.013478260869565	0.1151923076923077	-0.008872405764434967	0.1964546423017231	0.010794515965126516	0.004626612311842909	30.42713737487793
23.738	3.013478260869565	0.1233846153846154	-0.010007039782379306	0.197037170416042	0.010339014163100974	0.004367731950317534	30.5308837890625
23.738	3.013478260869565	0.1315769230769231	-0.011205614471730832	0.19738250588822615	0.010317073843788858	0.004518435895969176	30.860380172729492
23.738	3.013478260869565	0.13976923076923078	-0.014001953777334908	0.1977865449290426	0.010506790208700725	0.004652631959814768	31.835247039794922
23.738	3.013478260869565	0.14796153846153848	-0.01774724896911097	0.20017383291528368	0.010440056003222453	0.004428694415094426	30.60927391052246
23.738	3.013478260869565	0.15615384615384617	-0.022797446932485775	0.2015378197312203	0.010229201693486728	0.004332965570410233	29.29013442993164
23.738	3.013478260869565	0.16434615384615386	-0.028209057405433127	0.20292880927509038	0.01016481923582396	0.004226768681911945	28.00937843322754
23.738	3.013478260869565	0.17253846153846156	-0.034317089166948166	0.20413760408586307	0.010216203540599447	0.004220817615683916	27.03733253479004
23.738	3.013478260869565	0.18073076923076925	-0.04062427079487435	0.2044704108352925	0.010121002345183962	0.004124541778774062	26.097606658935547
23.738	3.013478260869565	0.18892307692307694	-0.04737676223456702	0.20345008864236655	0.009973717706523468	0.0039723008792952805	25.368732452392578
23.738	3.013478260869565	0.19711538461538464	-0.05440750164278625	0.20306130262319122	0.009914839863509252	0.003996596169091606	24.697154998779297
23.738	3.013478260869565	0.20530769230769233	-0.0608674850248329	0.2023266012218664	0.009816310759597791	0.00411798552832237	24.11807632446289
23.738	3.013478260869565	0.21350000000000002	-0.06761068961849136	0.20179245419771175	0.010161775877352668	0.004174271148619929	23.612197875976562
23.738	3.013478260869565	0.22169230769230772	-0.07434173318823498	0.1996024412472616	0.009745346464145922	0.0038153139828585748	23.23116683959961
23.738	3.013478260869565	0.2298846153846154	-0.08252939694235492	0.20086687765922523	0.009914300264099809	0.003951949070691392	22.777774810791016
23.738	3.013478260869565	0.2380769230769231	-0.08951204539215496	0.19927241877295185	0.009809768500435264	0.00382842323032285	22.41781997680664
23.738	3.013478260869565	0.2462692307692308	-0.09658012185271898	0.19793328474835017	0.009738063753338163	0.003765887599172608	21.972654342651367
23.738	3.013478260869565	0.25446153846153846	-0.10412266908110725	0.1965008306097528	0.009588058859740097	0.00338072121316933	21.22001838684082
23.738	3.013478260869565	0.2626538461538462	-0.11203168962880633	0.1943780901542467	0.009550060238038827	0.0033817573080784013	20.552204132080078
23.738	3.013478260869565	0.2708461538461539	-0.11873446405139879	0.19288056220747046	0.00970297872921591	0.0033368319788952367	19.964862823486328
23.738	3.013478260869565	0.27903846153846157	-0.12668364136822519	0.19160297623467148	0.009384512352903085	0.003459730852007939	19.42373275756836
23.738	3.013478260869565	0.28723076923076923	-0.13354947681415827	0.18899643688792817	0.009627037289354653	0.0034568536519680323	18.975666046142578
23.738	3.013478260869565	0.29542307692307695	-0.14076735177492833	0.18573337414464727	0.009445238866854732	0.0034610637166076963	18.544273376464844
23.738	3.013478260869565	0.3036153846153847	-0.14781892969164637	0.1840138347751326	0.009519922448661046	0.0035098941181638853	18.15982437133789
23.738	3.013478260869565	0.31180769230769234	-0.15489291263635838	0.1812804808539203	0.009508743922602878	0.003199986202082858	17.789575576782227
23.738	3.013478260869565	0.32	-0.16211670517347385	0.17956939526385196	0.009403007149550622	0.0032023313848699737	17.468891143798828
23.738	3.022173913043478	0.0005	-0.11316661663757327	0.1422890836830149	0.011268631801287269	0.0037145202062052324	12.880294799804688
23.738	3.022173913043478	0.008692307692307694	0.0028486628417515253	0.18995036021721462	0.011328279828232334	0.003697031641724205	39.636104583740234
23.738	3.022173913043478	0.016884615384615387	0.002301232130884477	0.21545952681832853	0.011466178985976294	0.0037515494839968195	45.974693298339844
23.738	3.022173913043478	0.02507692307692308	0.002844125764130903	0.21648774624251665	0.011200098441774345	0.003634404026815045	47.16994857788086
23.738	3.022173913043478	0.03326923076923077	-0.0002822093799120704	0.21173434734725305	0.011299460157197455	0.0037814467873651383	44.93999481201172
23.738	3.022173913043478	0.041461538461538466	-0.0014032106980091884	0.21201754372947768	0.011234313329508042	0.0036789101631115265	40.91890335083008
23.738	3.022173913043478	0.04965384615384616	-0.002576375939728785	0.21043858205928995	0.011246644662478954	0.003833187502291981	37.855995178222656
23.738	3.022173913043478	0.05784615384615385	-0.001803424949467631	0.20756571290736686	0.011277197612934003	0.0039641816255475	35.93417549133301
23.738	3.022173913043478	0.06603846153846155	-0.003714465275116714	0.20318161245856114	0.01121174276317896	0.0037529544956718744	34.2993221282959
23.738	3.022173913043478	0.07423076923076924	-0.004482687937507082	0.1974915761047673	0.0110568176603453	0.00392904804257836	33.54585266113281
23.738	3.022173913043478	0.08242307692307693	-0.005877125693603148	0.19474651214778238	0.010888568797007506	0.003627696059725567	32.54850769042969
23.738	3.022173913043478	0.09061538461538463	-0.006011118874219824	0.19410197926509842	0.011068907958815398	0.0038199942466574225	31.557226181030273
23.738	3.022173913043478	0.09880769230769232	-0.007371501592159326	0.1894661025126077	0.010928611011604368	0.003961683008890085	30.93614959716797
23.738	3.022173913043478	0.10700000000000001	-0.008777740729890616	0.18775512125355126	0.010992441250811606	0.0038288972350040886	30.466041564941406
23.738	3.022173913043478	0.1151923076923077	-0.010290564356289653	0.1883681030572665	0.011038362003362744	0.0036740647307442606	30.147735595703125
23.738	3.022173913043478	0.1233846153846154	-0.012239209228951211	0.18919148765590776	0.010872173270800966	0.004059081018150521	30.087169647216797
23.738	3.022173913043478	0.1315769230769231	-0.014404137461803896	0.1899249369601026	0.011029382528279955	0.00396638619167641	30.349925994873047
23.738	3.022173913043478	0.13976923076923078	-0.017661791177431295	0.19050774697103098	0.011050137078048704	0.003908202423552558	30.8304500579834
23.738	3.022173913043478	0.14796153846153848	-0.022453798224648637	0.19364243269670323	0.010952125703937254	0.003732825572879383	31.075824737548828
23.738	3.022173913043478	0.15615384615384617	-0.028024369349202324	0.1965717014740737	0.010969212592166024	0.003485977689898125	29.712249755859375
23.738	3.022173913043478	0.16434615384615386	-0.03505619453402442	0.1971307125757964	0.010797101317252943	0.0035921169671384286	28.37428092956543
23.738	3.022173913043478	0.17253846153846156	-0.04235881046510012	0.1982632764509223	0.010787718758474663	0.0034953389032013216	27.30413818359375
23.738	3.022173913043478	0.18073076923076925	-0.04946449515877002	0.19796966691315598	0.010725032450018403	0.0033417931889859224	26.359580993652344
23.738	3.022173913043478	0.18892307692307694	-0.057603140631124275	0.19741635532951163	0.010838377711830289	0.003436323136376398	25.579998016357422
23.738	3.022173913043478	0.19711538461538464	-0.06599819686519248	0.1979856771777327	0.010609017250304196	0.003373043155844739	24.805240631103516
23.738	3.022173913043478	0.20530769230769233	-0.07374172469621577	0.19750123056927843	0.010591446643489348	0.003163482945721212	24.264892578125
23.738	3.022173913043478	0.21350000000000002	-0.08108279591446799	0.19729723031977345	0.01052077418452029	0.0031285826916169256	23.660619735717773
23.738	3.022173913043478	0.22169230769230772	-0.08985487948425167	0.19752191666974842	0.010952356582182476	0.003267891630101799	23.259733200073242
23.738	3.022173913043478	0.2298846153846154	-0.09720009197886234	0.19739995737928084	0.010772945141475235	0.003115055718346348	22.785324096679688
23.738	3.022173913043478	0.2380769230769231	-0.10594597801844509	0.19696116068709543	0.010799377844183996	0.003190292720516506	22.43821907043457
23.738	3.022173913043478	0.2462692307692308	-0.11390249175618089	0.19497836593483825	0.010923743305854093	0.0030261032394419338	21.863338470458984
23.738	3.022173913043478	0.25446153846153846	-0.12248660744017889	0.19463003977904603	0.010792922571066173	0.0028365215021701187	21.189931869506836
23.738	3.022173913043478	0.2626538461538462	-0.1303887483325639	0.19334635826863444	0.010752942147034492	0.002846409840629638	20.538877487182617
23.738	3.022173913043478	0.2708461538461539	-0.13810770643912912	0.1917266284296091	0.010598961930268899	0.0025438793599200306	20.004262924194336
23.738	3.022173913043478	0.27903846153846157	-0.14803902667159421	0.18998173108179814	0.010750995788735791	0.002794847807573607	19.531492233276367
23.738	3.022173913043478	0.28723076923076923	-0.15615592400687023	0.1884428900046716	0.010701297163817966	0.0027663408543958496	19.074180603027344
23.738	3.022173913043478	0.29542307692307695	-0.16405884917290273	0.18550883892524486	0.010728194182174172	0.0023904403617902004	18.627307891845703
23.738	3.022173913043478	0.3036153846153847	-0.17183379298472162	0.18405680931239818	0.01056696847417417	0.0023657779486915788	18.251134872436523
23.738	3.022173913043478	0.31180769230769234	-0.17927418603026624	0.18190632457911465	0.01070545206402759	0.0024037312160293768	17.89188575744629
23.738	3.022173913043478	0.32	-0.18764247946347082	0.17973525948442037	0.010688589258094829	0.002349931458295435	17.5989933013916
23.738	3.030869565217391	0.0005	-0.08412685818876109	0.28715712181843334	0.01197161106978516	0.0024090673818255443	8.640419006347656
23.738	3.030869565217391	0.008692307692307694	0.0007696109274498274	0.12843443505085522	0.012350181376453634	0.002899879737284601	40.50273513793945
23.738	3.030869565217391	0.016884615384615387	-0.0018358386823869675	0.15809544256886218	0.0124728406347034	0.002900354738582275	41.7961311340332
23.738	3.030869565217391	0.02507692307692308	-0.004258829447194731	0.15909146090116955	0.012300598912983005	0.0029099949604305337	44.950706481933594
23.738	3.030869565217391	0.03326923076923077	-0.006044163518804853	0.16241858505373485	0.012201968935036018	0.002827493118423201	43.143165588378906
23.738	3.030869565217391	0.041461538461538466	-0.00400655573621901	0.16331222025510825	0.012054334496709666	0.002711320041965275	38.916996002197266
23.738	3.030869565217391	0.04965384615384616	-0.004828584392912883	0.1667471879896827	0.012160940444143831	0.0029417787274766223	37.30162239074707
23.738	3.030869565217391	0.05784615384615385	-0.006016453740544806	0.1656251110871441	0.011705617509349007	0.002834486099713678	35.710886001586914
23.738	3.030869565217391	0.06603846153846155	-0.006269287718992402	0.16261815836042537	0.012012852425327228	0.002819176708275923	34.26417922973633
23.738	3.030869565217391	0.07423076923076924	-0.006254764238752089	0.159511638454666	0.011834991556228856	0.0030339301623413563	33.267005920410156
23.738	3.030869565217391	0.08242307692307693	-0.00703340004391389	0.16120583260234186	0.011877776272789926	0.0030467498399772406	32.39994430541992
23.738	3.030869565217391	0.09061538461538463	-0.007842306748792495	0.1584766949964308	0.011760902418323217	0.0030758511673406002	31.84123420715332
23.738	3.030869565217391	0.09880769230769232	-0.007840333872157816	0.15897062706397835	0.011838926570825793	0.002807010863053522	31.04570960998535
23.738	3.030869565217391	0.10700000000000001	-0.008668373141411893	0.1582865929606544	0.01181987767422809	0.0031758497990638864	30.48932647705078
23.738	3.030869565217391	0.1151923076923077	-0.010134829650479904	0.15867851034755048	0.0117774533814588	0.0032831790854659796	30.338199615478516
23.738	3.030869565217391	0.1233846153846154	-0.010394217166715382	0.16002391733878274	0.011656471042225496	0.0029577510355956386	30.21063995361328
23.738	3.030869565217391	0.1315769230769231	-0.012425759843556202	0.16165162807535371	0.011645177432511589	0.0030526444091300725	30.380046844482422
23.738	3.030869565217391	0.13976923076923078	-0.014182073810245258	0.16324400030132233	0.011871191554139866	0.0030590035855759404	30.780250549316406
23.738	3.030869565217391	0.14796153846153848	-0.01721822340145277	0.16620216950829925	0.011806896644387712	0.003024754198179917	31.728944778442383
23.738	3.030869565217391	0.15615384615384617	-0.022779045828103486	0.16832701081295715	0.011630693393503769	0.0027944628761538614	31.41675567626953
23.738	3.030869565217391	0.16434615384615386	-0.027852789946443562	0.17083997825230687	0.01160693868912991	0.0026509497059265686	30.121868133544922
23.738	3.030869565217391	0.17253846153846156	-0.033571009556877376	0.1743856846328687	0.011580906360344203	0.002520323548493755	28.871234893798828
23.738	3.030869565217391	0.18073076923076925	-0.04073516466841364	0.1742915544914741	0.011574878061463852	0.0023405479659877404	27.869232177734375
23.738	3.030869565217391	0.18892307692307694	-0.048316101262446634	0.17610900760592796	0.011684050874890845	0.002839669309715633	26.84830665588379
23.738	3.030869565217391	0.19711538461538464	-0.054528557204742124	0.17619649682857005	0.011531312415623766	0.0023558104727408238	26.11884307861328
23.738	3.030869565217391	0.20530769230769233	-0.061510552673701355	0.17698125323478037	0.011738951207490815	0.0020652328608711107	25.478931427001953
23.738	3.030869565217391	0.21350000000000002	-0.06843103186498664	0.1774060931543407	0.011564876577364217	0.0022437787543871136	24.85282325744629
23.738	3.030869565217391	0.22169230769230772	-0.07616125435839677	0.17895510052540875	0.011586371768504484	0.0019065337152873133	24.324106216430664
23.738	3.030869565217391	0.2298846153846154	-0.08308314507032653	0.17960846803003383	0.01161399549752304	0.0020533413243433688	23.829864501953125
23.738	3.030869565217391	0.2380769230769231	-0.09120416716398203	0.17902801467822074	0.011655283765205162	0.0018458022540683054	23.067554473876953
23.738	3.030869565217391	0.2462692307692308	-0.0979550561618787	0.17910951312750265	0.01171618300802212	0.0017942512700058221	22.211091995239258
23.738	3.030869565217391	0.25446153846153846	-0.1064443001299348	0.17872696464280502	0.011718316257949394	0.0016057667527759386	21.46814727783203
23.738	3.030869565217391	0.2626538461538462	-0.1140281388066266	0.178486820574448	0.011709211671827532	0.001889934690033394	20.764202117919922
23.738	3.030869565217391	0.2708461538461539	-0.12229910804848412	0.17922938082699516	0.01165987394848783	0.0013313082605954586	20.193952560424805
23.738	3.030869565217391	0.27903846153846157	-0.1298843927211616	0.17733544463624099	0.01184030804107907	0.001424919870823539	19.64980697631836
23.738	3.030869565217391	0.28723076923076923	-0.13789724167394676	0.17571547162585743	0.011871057364456745	0.0013057329936778466	19.159143447875977
23.738	3.030869565217391	0.29542307692307695	-0.14507996739130205	0.17388907168670448	0.011797323718034122	0.0011723885091847097	18.705656051635742
23.738	3.030869565217391	0.3036153846153847	-0.1531501881034486	0.17210557215430372	0.01171211245965979	0.001154668950784582	18.312204360961914
23.738	3.030869565217391	0.31180769230769234	-0.1605410673086439	0.16986383936591498	0.011704909022151794	0.0007528804532462904	17.902748107910156
23.738	3.030869565217391	0.32	-0.1689405903631339	0.17002517422447738	0.011912310386690547	0.0008022554661067161	17.60967254638672
23.738	3.0395652173913046	0.0005	-0.07979264114438395	0.19730178555260233	0.013067418391391885	0.0016489579560725952	13.142959594726562
23.738	3.0395652173913046	0.008692307692307694	0.0008942127071051627	0.1641784290329979	0.013169043686849694	0.0017301528979185043	38.12855911254883
23.738	3.0395652173913046	0.016884615384615387	-0.002181370572027678	0.20968738072677118	0.013044651949016607	0.0018316860685302259	42.046539306640625
23.738	3.0395652173913046	0.02507692307692308	-0.003964848832067961	0.20795323723121148	0.012914140539791896	0.0018107193223698163	46.862510681152344
23.738	3.0395652173913046	0.03326923076923077	-0.000922425038157475	0.20402415269152682	0.013086441428077798	0.0019076084551124537	44.6651496887207
23.738	3.0395652173913046	0.041461538461538466	-0.0012212389496096651	0.2027258355348962	0.012890176004640217	0.0018956640888427084	40.422075271606445
23.738	3.0395652173913046	0.04965384615384616	-0.003954194889219054	0.2004057252509696	0.012902367890256849	0.0019469018771269071	38.39810371398926
23.738	3.0395652173913046	0.05784615384615385	-0.0037560364521096075	0.19939068204397048	0.012625808102921937	0.0017403834813330427	36.73332595825195
23.738	3.0395652173913046	0.06603846153846155	-0.005501797259552533	0.192828780901928	0.012318232585704303	0.0017000748784220877	35.08551788330078
23.738	3.0395652173913046	0.07423076923076924	-0.006911925622029361	0.1865384616193665	0.012516483276848909	0.0020271028217572562	33.920148849487305
23.738	3.0395652173913046	0.08242307692307693	-0.008117903698934368	0.1858293958709879	0.012564254071706542	0.0020509887425732704	33.00850296020508
23.738	3.0395652173913046	0.09061538461538463	-0.008181388373253988	0.18271134151176796	0.012305749870381402	0.001996093759202569	32.1134147644043
23.738	3.0395652173913046	0.09880769230769232	-0.009176201012758952	0.17946634177396525	0.01235288427734198	0.0021308717418764833	31.59596824645996
23.738	3.0395652173913046	0.10700000000000001	-0.010578941857016225	0.17780959797409293	0.012248531904250584	0.001914409520115891	31.267467498779297
23.738	3.0395652173913046	0.1151923076923077	-0.012079158810254233	0.17724143958529243	0.012358813692205647	0.002125174441856085	30.972244262695312
23.738	3.0395652173913046	0.1233846153846154	-0.014107930968341356	0.1769261357112318	0.01235246662808763	0.002096566219254908	30.625566482543945
23.738	3.0395652173913046	0.1315769230769231	-0.01514585108170872	0.17579466674887861	0.012200299795447192	0.0019271313997688932	30.82891273498535
23.738	3.0395652173913046	0.13976923076923078	-0.017149399216784753	0.17705210047396266	0.012361314868255553	0.002313613037675291	31.19257354736328
23.738	3.0395652173913046	0.14796153846153848	-0.021621859075300988	0.17957720982056943	0.012445597223379384	0.001937920185455947	31.93910026550293
23.738	3.0395652173913046	0.15615384615384617	-0.026344401148005535	0.18119122594988452	0.012313732729510382	0.0018793643050077163	31.05589485168457
23.738	3.0395652173913046	0.16434615384615386	-0.031819085453960276	0.18250183148819493	0.0122364863246026	0.0015587446097771538	29.669300079345703
23.738	3.0395652173913046	0.17253846153846156	-0.03877477088301699	0.18384356195446028	0.01211010324840317	0.0014996764489030553	28.495162963867188
23.738	3.0395652173913046	0.18073076923076925	-0.045757369712878034	0.1840732028756042	0.011953049363409891	0.0012359516224155214	27.49738311767578
23.738	3.0395652173913046	0.18892307692307694	-0.05339190538598338	0.18391156513718895	0.012159165737712268	0.0012329857119402873	26.53519630432129
23.738	3.0395652173913046	0.19711538461538464	-0.06044000193771766	0.1832177144206879	0.01209717544795255	0.0008967266044783342	25.80491828918457
23.738	3.0395652173913046	0.20530769230769233	-0.06762196270112743	0.18298280387761123	0.012241763113382265	0.0009640968122085261	25.116130828857422
23.738	3.0395652173913046	0.21350000000000002	-0.07532144407280121	0.18197306634473434	0.012250116403793643	0.0007996710797499871	24.460487365722656
23.738	3.0395652173913046	0.22169230769230772	-0.08382974127864563	0.18282741615847856	0.012244369942691832	0.0007359241115239453	23.87844467163086
23.738	3.0395652173913046	0.2298846153846154	-0.09133461735571206	0.182437885244338	0.01228439146814922	0.000518364339296986	23.469341278076172
23.738	3.0395652173913046	0.2380769230769231	-0.10054959049287124	0.18085882717485963	0.012490533221242085	0.0005218290208653083	22.610523223876953
23.738	3.0395652173913046	0.2462692307692308	-0.10873964420082033	0.18042238227889185	0.012178456859684914	0.00013294463688329634	21.796146392822266
23.738	3.0395652173913046	0.25446153846153846	-0.11654248653756172	0.18006643735394667	0.012318110946801356	0.00021180471290701007	21.085342407226562
23.738	3.0395652173913046	0.2626538461538462	-0.12484211884618798	0.1793559085119914	0.012205194762336504	-0.00010292102297044443	20.421733856201172
23.738	3.0395652173913046	0.2708461538461539	-0.13244518259778215	0.1776961304968272	0.012283879114747574	-0.00027171253832293946	19.87721061706543
23.738	3.0395652173913046	0.27903846153846157	-0.1406945105382072	0.17621118594465712	0.012459649620328457	-0.0001906716683281315	19.359874725341797
23.738	3.0395652173913046	0.28723076923076923	-0.14864264323569998	0.17428409238850628	0.012329155105666671	-0.000669772328867457	18.901872634887695
23.738	3.0395652173913046	0.29542307692307695	-0.1569300008277088	0.1719203706859987	0.012398399754127716	-0.0007298918632751389	18.460397720336914
23.738	3.0395652173913046	0.3036153846153847	-0.1659443931866581	0.17043532662793548	0.012333512977123384	-0.000995537078622486	18.068132400512695
23.738	3.0395652173913046	0.31180769230769234	-0.1743657550987	0.16877579366556866	0.012366688122277397	-0.0012140990049852671	17.743186950683594
23.738	3.0395652173913046	0.32	-0.18091688678268897	0.1658319886608382	0.012347321471382514	-0.0012654688495127367	17.39049530029297
23.738	3.0482608695652176	0.0005	-0.04766493365768901	0.13651069959833823	0.013927831895919857	0.0005128294907739731	14.340797424316406
23.738	3.0482608695652176	0.008692307692307694	0.0016753154375231264	0.09955739949792533	0.013890998548661928	0.0003752392649152428	37.59294891357422
23.738	3.0482608695652176	0.016884615384615387	-0.0045495977090928945	0.1252111291207343	0.013949648117066612	0.0007716141614854952	43.43296813964844
23.738	3.0482608695652176	0.02507692307692308	-0.00344488932064514	0.1382732353799016	0.013923584003258225	0.0003280569912112058	42.809112548828125
23.738	3.0482608695652176	0.03326923076923077	-0.006048098339352418	0.1349190257184178	0.013723442042349538	0.00031975033677775005	41.993553161621094
23.738	3.0482608695652176	0.041461538461538466	-0.004241345404483987	0.13574229086859785	0.013411773243031729	0.0003883603651143757	38.884613037109375
23.738	3.0482608695652176	0.04965384615384616	-0.004847128873692619	0.13967137101087868	0.013215183906956019	0.00041717782970874476	37.07771873474121
23.738	3.0482608695652176	0.05784615384615385	-0.006866766042597939	0.13801596199057414	0.013180676844838032	0.0005689219557382392	35.250295639038086
23.738	3.0482608695652176	0.06603846153846155	-0.00732813213062747	0.1360619591498123	0.013153750944145302	0.0006268522697439557	34.283912658691406
23.738	3.0482608695652176	0.07423076923076924	-0.008107179018683217	0.1354561818210657	0.013177153187245052	0.0006266294682077235	33.25907516479492
23.738	3.0482608695652176	0.08242307692307693	-0.009198895643479605	0.1369628806045528	0.012967710843144239	0.000732772445935766	32.67721176147461
23.738	3.0482608695652176	0.09061538461538463	-0.009255489220507857	0.1373725462137388	0.01284841958340532	0.000642049802043162	31.86672592163086
23.738	3.0482608695652176	0.09880769230769232	-0.009981133094843133	0.1371477533493225	0.012775779615275509	0.0006874142030553526	31.52090835571289
23.738	3.0482608695652176	0.10700000000000001	-0.010582597977336159	0.13721231616922067	0.012829929258622558	0.0006768219826951594	31.21347999572754
23.738	3.0482608695652176	0.1151923076923077	-0.011532805182671267	0.1398823558099855	0.012730346665747117	0.0007247556511713809	31.29476547241211
23.738	3.0482608695652176	0.1233846153846154	-0.01260250981489764	0.14108018886980234	0.012720803563896876	0.0008308727147750982	31.178573608398438
23.738	3.0482608695652176	0.1315769230769231	-0.01458549497241722	0.14119786850859045	0.01266293326605955	0.0005727820734450976	31.549678802490234
23.738	3.0482608695652176	0.13976923076923078	-0.017559194677224815	0.14430868914951767	0.01277149483047105	0.0006782741056072467	32.14423370361328
23.738	3.0482608695652176	0.14796153846153848	-0.0204532325286242	0.14735687983484302	0.012851151597245905	0.0006528602671865274	33.25617980957031
23.738	3.0482608695652176	0.15615384615384617	-0.024704893163133082	0.1500457724666382	0.012726585583677034	0.0005336679674204219	31.958637237548828
23.738	3.0482608695652176	0.16434615384615386	-0.02979588845612728	0.15296429776726722	0.012518955268657936	0.0002557661301956259	30.625391006469727
23.738	3.0482608695652176	0.17253846153846156	-0.034962317106675606	0.15447123448965241	0.01278833196429061	0.0002026084237435118	29.38962173461914
23.738	3.0482608695652176	0.18073076923076925	-0.04050608834330122	0.1561812793080079	0.01276120161801101	6.656861604947942e-05	28.420076370239258
23.738	3.0482608695652176	0.18892307692307694	-0.0462674629994868	0.15569129596243403	0.012526367140080326	5.05017891647275e-05	27.57916831970215
23.738	3.0482608695652176	0.19711538461538464	-0.052256719510870964	0.15644148201446192	0.01251511086676102	-0.00029113368572315177	26.852399826049805
23.738	3.0482608695652176	0.20530769230769233	-0.05952268813164809	0.15713430330853118	0.01280377530211764	-0.0006243416940286698	26.097135543823242
23.738	3.0482608695652176	0.21350000000000002	-0.0648580427873919	0.15668293440617692	0.01283260049250158	-0.0006905916338745434	25.642173767089844
23.738	3.0482608695652176	0.22169230769230772	-0.07154625178264334	0.15634725720960277	0.012561387197178286	-0.0009050711901933746	24.793399810791016
23.738	3.0482608695652176	0.2298846153846154	-0.07842270527520959	0.15679647469231617	0.012689402869995418	-0.0011015438376331809	23.65532875061035
23.738	3.0482608695652176	0.2380769230769231	-0.08545676907052399	0.15659096158026084	0.012662061455382526	-0.001176438306501617	22.6991024017334
23.738	3.0482608695652176	0.2462692307692308	-0.09190137962506706	0.15685036027163562	0.01266404250867886	-0.0014959823291469524	21.825885772705078
23.738	3.0482608695652176	0.25446153846153846	-0.09925100960258998	0.15523676091103134	0.01270845892841358	-0.0017874774987383236	21.074462890625
23.738	3.0482608695652176	0.2626538461538462	-0.10540482875381268	0.1548522547934788	0.012412132670898546	-0.001839663014737139	20.391653060913086
23.738	3.0482608695652176	0.2708461538461539	-0.1122679444584311	0.15399789907966047	0.01260756298306789	-0.002205405427008129	19.772804260253906
23.738	3.0482608695652176	0.27903846153846157	-0.11932178075381228	0.15285541850604342	0.01280551806503483	-0.002059285497812864	19.246929168701172
23.738	3.0482608695652176	0.28723076923076923	-0.12655017767827603	0.15104934162419043	0.012739644059366959	-0.0025810498549214845	18.79972267150879
23.738	3.0482608695652176	0.29542307692307695	-0.1339828652271383	0.14917687644893407	0.012729431563674478	-0.0026805429143218857	18.322458267211914
23.738	3.0482608695652176	0.3036153846153847	-0.14033602542988105	0.147859242516539	0.012644611443544212	-0.0028307555157911775	17.928152084350586
23.738	3.0482608695652176	0.31180769230769234	-0.14727949259033501	0.1460860235051642	0.012686505004682054	-0.003087542590404563	17.568422317504883
23.738	3.0482608695652176	0.32	-0.15521264290802955	0.14379935174464298	0.012643837011361115	-0.0035637976770204003	17.2399959564209
23.738	3.0569565217391306	0.0005	-0.0954528311606033	0.17030465887590795	0.01476116298226415	-0.0011531299381431631	14.151344299316406
23.738	3.0569565217391306	0.008692307692307694	-0.004937509294925454	0.17992848032816794	0.01448435209066119	-0.001088190273725356	35.43157958984375
23.738	3.0569565217391306	0.016884615384615387	-0.012930738984093684	0.19228225763596452	0.014482496869549527	-0.0011094577967995438	40.66218566894531
23.738	3.0569565217391306	0.02507692307692308	-0.009707236348137867	0.19452586587227744	0.014275585600238835	-0.0011646783172139684	42.318695068359375
23.738	3.0569565217391306	0.03326923076923077	-0.010288846326772075	0.19589028340603548	0.014233675529467433	-0.0012099286842570047	41.8421516418457
23.738	3.0569565217391306	0.041461538461538466	-0.009757793640789067	0.1951884313207048	0.014170058241910793	-0.0010627312315580693	41.506004333496094
23.738	3.0569565217391306	0.04965384615384616	-0.010148181157170528	0.19358330191250583	0.013941252746746942	-0.0009376882174238958	38.84853553771973
23.738	3.0569565217391306	0.05784615384615385	-0.011080879943226988	0.19301614229049951	0.013603977545756948	-0.001115997953895336	37.27619171142578
23.738	3.0569565217391306	0.06603846153846155	-0.010913695342212973	0.1885327510936543	0.01347365015932462	-0.0010136485933636774	36.31574821472168
23.738	3.0569565217391306	0.07423076923076924	-0.011376266128689107	0.1855467237932965	0.013451056886948103	-0.0009157655416523986	35.0868034362793
23.738	3.0569565217391306	0.08242307692307693	-0.010974248395336134	0.18279860929169978	0.013308785823857153	-0.0008772729602750822	34.40154838562012
23.738	3.0569565217391306	0.09061538461538463	-0.011588911236298542	0.1807085498846444	0.013157784868154823	-0.0006648800078036619	33.3151798248291
23.738	3.0569565217391306	0.09880769230769232	-0.011223289212759223	0.17909116907053724	0.01292810632431731	-0.0008155235970261146	33.37083435058594
23.738	3.0569565217391306	0.10700000000000001	-0.011960798641629675	0.17984051811341456	0.012906904460665558	-0.000702540236881597	32.56060600280762
23.738	3.0569565217391306	0.1151923076923077	-0.012853123759813768	0.17911280630920343	0.012998663645877866	-0.00043379182665718866	32.44781494140625
23.738	3.0569565217391306	0.1233846153846154	-0.014403566425934718	0.17981548695639488	0.012798237809140014	-0.0007177168471059945	32.629812240600586
23.738	3.0569565217391306	0.1315769230769231	-0.01615651252762523	0.17952797771809867	0.012849202534480929	-0.000810286106016653	32.98968505859375
23.738	3.0569565217391306	0.13976923076923078	-0.019030839945874095	0.18140034633448532	0.012838427384512558	-0.0007048808887134533	32.06375503540039
23.738	3.0569565217391306	0.14796153846153848	-0.023472112335487107	0.18249140864973934	0.012810178333644447	-0.0010324145852834716	30.577747344970703
23.738	3.0569565217391306	0.15615384615384617	-0.029016279782768394	0.18425658852199508	0.012687125603254117	-0.0010558321688407333	29.32563018798828
23.738	3.0569565217391306	0.16434615384615386	-0.03513555113166937	0.1836875049082351	0.012721602301343282	-0.001305932260142886	28.081411361694336
23.738	3.0569565217391306	0.17253846153846156	-0.04075755780503519	0.18493186069296427	0.012452664073015384	-0.0014441630505779334	27.139001846313477
23.738	3.0569565217391306	0.18073076923076925	-0.04852274175654496	0.1846546775836023	0.012433460928782666	-0.0018120872952904839	26.26696014404297
23.738	3.0569565217391306	0.18892307692307694	-0.054699864349897855	0.1828157829978757	0.01257945022696819	-0.0016662583722631367	25.573902130126953
23.738	3.0569565217391306	0.19711538461538464	-0.06121659737044195	0.1820111735650592	0.0123501608137528	-0.002180845836612026	24.93492889404297
23.738	3.0569565217391306	0.20530769230769233	-0.06863634147949169	0.1805598863189698	0.01226644954782729	-0.002267909719965321	24.41423797607422
23.738	3.0569565217391306	0.21350000000000002	-0.07555630825221782	0.1793282034850766	0.012343146947899876	-0.002667453591719172	23.954669952392578
23.738	3.0569565217391306	0.22169230769230772	-0.08267583389624648	0.1778995150094136	0.012277202256813453	-0.002809053966596759	23.47661590576172
23.738	3.0569565217391306	0.2298846153846154	-0.08965327547721261	0.1775480893067299	0.012172022756918744	-0.0030819197792260017	22.847118377685547
23.738	3.0569565217391306	0.2380769230769231	-0.09743922626457806	0.17589493185274582	0.012086813774780835	-0.0031541451745659356	21.985210418701172
23.738	3.0569565217391306	0.2462692307692308	-0.10442312740578946	0.17393075622145365	0.012198615706845772	-0.0032863338843681367	21.206439971923828
23.738	3.0569565217391306	0.25446153846153846	-0.11106572039279315	0.17133628026013903	0.011949008762797428	-0.003806894581253667	20.547903060913086
23.738	3.0569565217391306	0.2626538461538462	-0.11863363572213773	0.17065678280721597	0.011806215036943516	-0.004075958514421737	19.943021774291992
23.738	3.0569565217391306	0.2708461538461539	-0.1264320994152106	0.16870726589567375	0.011973478388557165	-0.004157044012517229	19.39651870727539
23.738	3.0569565217391306	0.27903846153846157	-0.1335379539366533	0.1663281285929138	0.011946515685434176	-0.004440374971945215	18.901004791259766
23.738	3.0569565217391306	0.28723076923076923	-0.14070730155796463	0.16376387586163255	0.01161598211048195	-0.004645152414623468	18.45634651184082
23.738	3.0569565217391306	0.29542307692307695	-0.1482954578706687	0.16021671069132057	0.011988418500533681	-0.005051667091559577	18.041854858398438
23.738	3.0569565217391306	0.3036153846153847	-0.1562821105631575	0.1584121598952427	0.011672752524083712	-0.005232885549251592	17.66299819946289
23.738	3.0569565217391306	0.31180769230769234	-0.1631703990089282	0.15573091247090837	0.011887678921931818	-0.00547347031506263	17.336864471435547
23.738	3.0569565217391306	0.32	-0.16976807067633948	0.15373917571440793	0.01178988971981353	-0.005556267461814176	17.02889633178711
23.738	3.0656521739130436	0.0005	0.02494274731495072	0.08833930762074413	0.014600194442329389	-0.0031833824757069376	14.903633117675781
23.738	3.0656521739130436	0.008692307692307694	-0.008714843309961652	0.10012639562759926	0.014680767300462052	-0.003224777377998299	35.113929748535156
23.738	3.0656521739130436	0.016884615384615387	-0.0021219973932136054	0.13286760847244797	0.014614873106144125	-0.003073132078616227	39.09346008300781
23.738	3.0656521739130436	0.02507692307692308	-0.006962702774145676	0.13157953932555677	0.01428969358056825	-0.003290498124587352	42.42544174194336
23.738	3.0656521739130436	0.03326923076923077	-0.007967591450252609	0.1343600847353255	0.0142030933180623	-0.0031884788704015033	40.922306060791016
23.738	3.0656521739130436	0.041461538461538466	-0.008825597789422681	0.1377358207056286	0.01401388427541143	-0.0031424376325385655	40.18712615966797
23.738	3.0656521739130436	0.04965384615384616	-0.008693091448680575	0.1419862648049357	0.01365148497723986	-0.0029209019856746544	37.81949996948242
23.738	3.0656521739130436	0.05784615384615385	-0.009623002233587995	0.14167874382574974	0.013320227976587025	-0.002830572663190917	36.430850982666016
23.738	3.0656521739130436	0.06603846153846155	-0.0101822890067928	0.13911231161792692	0.013170843318525487	-0.002782030556653164	34.59940528869629
23.738	3.0656521739130436	0.07423076923076924	-0.00923344990764637	0.13905845394357036	0.012939460229404832	-0.0026587008388147945	33.93748664855957
23.738	3.0656521739130436	0.08242307692307693	-0.01103711766367671	0.13973326297883332	0.012721267130269297	-0.00231911754004129	32.749799728393555
23.738	3.0656521739130436	0.09061538461538463	-0.011377849644516304	0.14102831722784176	0.012708254648695256	-0.0021556200117970412	32.074880599975586
23.738	3.0656521739130436	0.09880769230769232	-0.011873723036144567	0.14127091781783235	0.01240308826883834	-0.0021202812447080736	31.79705810546875
23.738	3.0656521739130436	0.10700000000000001	-0.013242048474271401	0.1411082192535914	0.012279614327042745	-0.002072063164920929	31.51424217224121
23.738	3.0656521739130436	0.1151923076923077	-0.012972312869746795	0.1446437659885204	0.01215104193109207	-0.0021915957856119724	31.333415985107422
23.738	3.0656521739130436	0.1233846153846154	-0.01479134361109162	0.1469227047774779	0.012279598830780574	-0.0019464331912796896	31.549453735351562
23.738	3.0656521739130436	0.1315769230769231	-0.017335811951852964	0.149214111134097	0.012214747437672315	-0.002092071824973725	32.13607406616211
23.738	3.0656521739130436	0.13976923076923078	-0.02107410644589481	0.1511773284597666	0.012079564492790093	-0.0023598734828407628	32.22877883911133
23.738	3.0656521739130436	0.14796153846153848	-0.02592363903518209	0.1537482592186507	0.01234331958276641	-0.0023689456681825717	30.782634735107422
23.738	3.0656521739130436	0.15615384615384617	-0.031567586720166685	0.1558140449832764	0.01203325386843819	-0.002449022839045258	29.502140045166016
23.738	3.0656521739130436	0.16434615384615386	-0.036403207849380045	0.15581476844486328	0.012133052527068066	-0.002503635440570407	28.48978614807129
23.738	3.0656521739130436	0.17253846153846156	-0.04216651307109706	0.15804594694909807	0.011834856359673147	-0.002962755723695435	27.61953353881836
23.738	3.0656521739130436	0.18073076923076925	-0.0480842368273806	0.15838465327670034	0.011744036662066137	-0.0030185216653881323	26.878732681274414
23.738	3.0656521739130436	0.18892307692307694	-0.05475485246970645	0.15773964905889115	0.011429832341463553	-0.0032477016751618314	26.158357620239258
23.738	3.0656521739130436	0.19711538461538464	-0.06091692119557745	0.15786774027117773	0.011453840993380583	-0.003388865174622907	25.583816528320312
23.738	3.0656521739130436	0.20530769230769233	-0.06699098946014753	0.15758491748318315	0.011315589562187851	-0.00370017267221601	25.08607292175293
23.738	3.0656521739130436	0.21350000000000002	-0.07289607454851685	0.15708088471192527	0.011517496488783393	-0.0036806435292590103	24.753925323486328
23.738	3.0656521739130436	0.22169230769230772	-0.07933181515520156	0.15715471827252542	0.011184513714657979	-0.004040737187932586	24.004304885864258
23.738	3.0656521739130436	0.2298846153846154	-0.08565335858704241	0.15681414342080013	0.011351069392625335	-0.004221403710302115	22.997228622436523
23.738	3.0656521739130436	0.2380769230769231	-0.09179688799035414	0.15620713661757285	0.011330594282557113	-0.004572955724701318	22.127368927001953
23.738	3.0656521739130436	0.2462692307692308	-0.09798848633494842	0.15458882250224226	0.011127725964496899	-0.004628584290014257	21.321704864501953
23.738	3.0656521739130436	0.25446153846153846	-0.10499721401287035	0.15328772063436824	0.010849074714923728	-0.005141681030829205	20.706148147583008
23.738	3.0656521739130436	0.2626538461538462	-0.11180644997078718	0.15243453685613248	0.010926012343833676	-0.00530042633737321	20.067415237426758
23.738	3.0656521739130436	0.2708461538461539	-0.11872261017755664	0.1508838428870068	0.010961631041499664	-0.005452077118695346	19.536685943603516
23.738	3.0656521739130436	0.27903846153846157	-0.12429902397356345	0.1484955085066677	0.0107186929751326	-0.005910640045783113	19.00713348388672
23.738	3.0656521739130436	0.28723076923076923	-0.13119633181393334	0.1465728147103223	0.010698077649357604	-0.005937181860223973	18.587566375732422
23.738	3.0656521739130436	0.29542307692307695	-0.13821875879705475	0.14469882719398036	0.010495903315967755	-0.006078635515893438	18.162464141845703
23.738	3.0656521739130436	0.3036153846153847	-0.1447193568402581	0.1428287281113912	0.010871210684641563	-0.006430436601639656	17.78009605407715
23.738	3.0656521739130436	0.31180769230769234	-0.15004803981444298	0.14097181595047098	0.01059066587965034	-0.0068158210480571	17.452442169189453
23.738	3.0656521739130436	0.32	-0.15722452618372357	0.1381825026021406	0.010487732335073888	-0.007242103471348115	17.135848999023438
23.738	3.0743478260869566	0.0005	-0.0048513434101334855	0.3736977096543713	0.014616725561959917	-0.005547345352727209	14.349113464355469
23.738	3.0743478260869566	0.008692307692307694	-0.01844412348362539	0.18956946731857463	0.014528254110772413	-0.005561583910545779	35.02427673339844
23.738	3.0743478260869566	0.016884615384615387	-0.014696817557689878	0.20290682405545815	0.01462767899600605	-0.0052593579755214545	38.219356536865234
23.738	3.0743478260869566	0.02507692307692308	-0.014996775430618638	0.21080585600779664	0.01419906220283648	-0.00545564641438185	39.90000915527344
23.738	3.0743478260869566	0.03326923076923077	-0.017081060451446896	0.2090057212297739	0.013930257012483183	-0.005225264697080354	39.89618682861328
23.738	3.0743478260869566	0.041461538461538466	-0.014685121084322097	0.20725926370855238	0.013509399553609386	-0.005305825588466231	40.38697052001953
23.738	3.0743478260869566	0.04965384615384616	-0.015367890419757401	0.2063447734193194	0.013309415579737058	-0.004783842209880335	38.73841857910156
23.738	3.0743478260869566	0.05784615384615385	-0.015184443425037587	0.20595155100762277	0.012889023559568103	-0.0046627939493274085	37.3109245300293
23.738	3.0743478260869566	0.06603846153846155	-0.014356129766325157	0.20072602390444744	0.012547166392233054	-0.004129103101229671	35.62093925476074
23.738	3.0743478260869566	0.07423076923076924	-0.013946969507777237	0.19472168222018663	0.012165252531759038	-0.004026874027920681	34.77751541137695
23.738	3.0743478260869566	0.08242307692307693	-0.013532133634027686	0.19530216908621156	0.012065826422784663	-0.003564044579835856	33.41168975830078
23.738	3.0743478260869566	0.09061538461538463	-0.0136083602680011	0.19268374531835805	0.011855768233104877	-0.003411022889836479	33.01442909240723
23.738	3.0743478260869566	0.09880769230769232	-0.012792541064147487	0.1893249364134718	0.011577272556056537	-0.0033478145010897645	32.23494338989258
23.738	3.0743478260869566	0.10700000000000001	-0.013460830316791654	0.18909473262662152	0.011300596085852021	-0.003577166863629481	31.79960060119629
23.738	3.0743478260869566	0.1151923076923077	-0.01450450114357506	0.18927025447314322	0.011405475168780007	-0.0034423134979400323	31.708585739135742
23.738	3.0743478260869566	0.1233846153846154	-0.017257399353276075	0.18872776625959747	0.011192161435199629	-0.0034185959570395396	31.837352752685547
23.738	3.0743478260869566	0.1315769230769231	-0.020647913272135276	0.1886656105346127	0.011214094757086165	-0.0032478272001371794	32.09897804260254
23.738	3.0743478260869566	0.13976923076923078	-0.02556849155446174	0.18868471093616318	0.011162864364085284	-0.003292656585434087	30.564924240112305
23.738	3.0743478260869566	0.14796153846153848	-0.030941151702338222	0.18947392214122083	0.011209013093273927	-0.003172330086120383	29.207263946533203
23.738	3.0743478260869566	0.15615384615384617	-0.03839330022738256	0.19062282139002193	0.01091879084731856	-0.003635377490720684	27.868595123291016
23.738	3.0743478260869566	0.16434615384615386	-0.04567943474241496	0.19052392421992576	0.010895655010025672	-0.0038142097047042327	26.924251556396484
23.738	3.0743478260869566	0.17253846153846156	-0.05241402426220499	0.18993027467326018	0.01060294323138719	-0.00373990563257245	26.070600509643555
23.738	3.0743478260869566	0.18073076923076925	-0.059610674216335396	0.18950719964372104	0.010419594457021054	-0.004166571212154085	25.273029327392578
23.738	3.0743478260869566	0.18892307692307694	-0.06766621038589415	0.18819580511802914	0.01036426314934578	-0.004144064966447195	24.623594284057617
23.738	3.0743478260869566	0.19711538461538464	-0.0750366868115774	0.1875013209992154	0.010097871745868806	-0.004410992413624267	24.134849548339844
23.738	3.0743478260869566	0.20530769230769233	-0.08216185997049885	0.185271647304809	0.01002920337374325	-0.00464250980810935	23.775484085083008
23.738	3.0743478260869566	0.21350000000000002	-0.08927795034922073	0.18499155566863962	0.009832341569438848	-0.0047171599471016335	23.271072387695312
23.738	3.0743478260869566	0.22169230769230772	-0.09791610560476163	0.1837332922831768	0.009717968620970113	-0.005211423673916859	22.964277267456055
23.738	3.0743478260869566	0.2298846153846154	-0.10504108042815093	0.18268698705329986	0.00959366329983861	-0.005364551187240563	22.66859245300293
23.738	3.0743478260869566	0.2380769230769231	-0.11209006601038875	0.18134628780745907	0.009685491007931358	-0.0055052768415139765	21.939945220947266
23.738	3.0743478260869566	0.2462692307692308	-0.12020084069846168	0.17920582950784902	0.009541890004038944	-0.005904583890104483	21.174386978149414
23.738	3.0743478260869566	0.25446153846153846	-0.12737113345584283	0.17770843103826903	0.009398141812971883	-0.006029581468713993	20.573457717895508
23.738	3.0743478260869566	0.2626538461538462	-0.13474941032432328	0.17571851698595042	0.009450983597253434	-0.006260061146984958	19.968952178955078
23.738	3.0743478260869566	0.2708461538461539	-0.14284173326991806	0.17464526532131192	0.00943825412314291	-0.0065051864855365455	19.44548797607422
23.738	3.0743478260869566	0.27903846153846157	-0.15009161492636702	0.1714580186201111	0.00922721437254986	-0.006967277663760545	19.01195526123047
23.738	3.0743478260869566	0.28723076923076923	-0.1571383261092873	0.1695117577905385	0.009196618730675617	-0.007024170308112594	18.539602279663086
23.738	3.0743478260869566	0.29542307692307695	-0.16466727575087214	0.16666566649055514	0.009104654200450934	-0.00737680315872806	18.14374351501465
23.738	3.0743478260869566	0.3036153846153847	-0.17197117982342716	0.16465312024488632	0.009082204396213826	-0.007447936008280729	17.814558029174805
23.738	3.0743478260869566	0.31180769230769234	-0.1791775193481175	0.1619607105577041	0.008895015849680388	-0.008071699039725194	17.48647689819336
23.738	3.0743478260869566	0.32	-0.1860085200317502	0.15882550688434896	0.00892981792268057	-0.008263930551056908	17.18773078918457
23.738	3.0830434782608696	0.0005	-0.06842600812989469	0.2271812579219466	0.012219250350526463	-0.0069905130200098925	10.763679504394531
23.738	3.0830434782608696	0.008692307692307694	-0.014850610148563932	0.17195983341403798	0.012572799890707066	-0.006608611326093064	34.31431579589844
23.738	3.0830434782608696	0.016884615384615387	-0.0178908464967338	0.18640717925041705	0.012049353622059694	-0.0069359108132695125	37.05475997924805
23.738	3.0830434782608696	0.02507692307692308	-0.0183667075124634	0.18294014534218023	0.011962950258640997	-0.0068210090748608235	40.62278747558594
23.738	3.0830434782608696	0.03326923076923077	-0.01805622316547406	0.17548357409237839	0.01159693230513422	-0.0065918839761072105	39.2971076965332
23.738	3.0830434782608696	0.041461538461538466	-0.017041178566385245	0.1806573795742341	0.011151407217427009	-0.006412008205261526	39.63816261291504
23.738	3.0830434782608696	0.04965384615384616	-0.015631854034243345	0.1766921421955094	0.010970149009984831	-0.005866673487252156	37.73203086853027
23.738	3.0830434782608696	0.05784615384615385	-0.01630383071763634	0.172425610054506	0.010506436802662842	-0.005390101645405973	35.99146842956543
23.738	3.0830434782608696	0.06603846153846155	-0.017679631461335422	0.1680881314391624	0.010394682335330512	-0.004926000727169623	34.474082946777344
23.738	3.0830434782608696	0.07423076923076924	-0.016652357575608144	0.16202593377802438	0.01013433503379781	-0.004479593797878125	33.350276947021484
23.738	3.0830434782608696	0.08242307692307693	-0.017014473674012067	0.16124276152823036	0.009983229533912789	-0.0041363694083030676	32.3218936920166
23.738	3.0830434782608696	0.09061538461538463	-0.018811732527924424	0.16018913618300026	0.00973507925363618	-0.0038902249637486922	31.518054962158203
23.738	3.0830434782608696	0.09880769230769232	-0.019170519706917646	0.1551827140805489	0.009478567173700261	-0.0037581365855440026	30.90285301208496
23.738	3.0830434782608696	0.10700000000000001	-0.020889002082062607	0.15350410572264253	0.009609641361963387	-0.0035302559937231207	30.579795837402344
23.738	3.0830434782608696	0.1151923076923077	-0.022235168064197425	0.15538878178587756	0.009662963968217751	-0.003415552704722803	30.43474578857422
23.738	3.0830434782608696	0.1233846153846154	-0.02561324107385976	0.1566655539874044	0.00956925403100825	-0.003258757689149651	30.497276306152344
23.738	3.0830434782608696	0.1315769230769231	-0.028513822531511912	0.15636678136317625	0.009539481724856093	-0.0032439177500459544	31.05293083190918
23.738	3.0830434782608696	0.13976923076923078	-0.033920356830766336	0.15791333898334395	0.00951431387941212	-0.0032434740645284734	31.655864715576172
23.738	3.0830434782608696	0.14796153846153848	-0.04064777794934429	0.15857348656017195	0.009471701256847346	-0.0034929606700997685	30.681955337524414
23.738	3.0830434782608696	0.15615384615384617	-0.04744823900515181	0.1598245454636416	0.009368751615260596	-0.0036252106621204303	29.20517921447754
23.738	3.0830434782608696	0.16434615384615386	-0.054950017943028034	0.1609067856949768	0.009270232633626547	-0.003708313507274392	28.141801834106445
23.738	3.0830434782608696	0.17253846153846156	-0.06180045859333329	0.16075023677084382	0.009118920030715285	-0.0038122651071847845	27.19976806640625
23.738	3.0830434782608696	0.18073076923076925	-0.06982592988357778	0.16058922921820662	0.008868414072304345	-0.004160988389652983	26.43020248413086
23.738	3.0830434782608696	0.18892307692307694	-0.07720899778948064	0.16048932661815668	0.009071160100285877	-0.004366130597189369	25.731040954589844
23.738	3.0830434782608696	0.19711538461538464	-0.08523623027223538	0.16123667169770542	0.008932798391355712	-0.004438252950634887	25.147232055664062
23.738	3.0830434782608696	0.20530769230769233	-0.09173606903928046	0.15998000784400107	0.00876108813433743	-0.0048304874065563125	24.710735321044922
23.738	3.0830434782608696	0.21350000000000002	-0.09857156546490912	0.15997146649840477	0.008558303705783261	-0.005048267400784	24.27467155456543
23.738	3.0830434782608696	0.22169230769230772	-0.10595777125539155	0.16058091823994178	0.008919292071502355	-0.005130889790675186	23.90519142150879
23.738	3.0830434782608696	0.2298846153846154	-0.11403075210320829	0.15997116577266918	0.00854095959013939	-0.005370407240937881	22.998050689697266
23.738	3.0830434782608696	0.2380769230769231	-0.12018914149295604	0.15914549260845146	0.0086267662930863	-0.005496420720129892	22.095142364501953
23.738	3.0830434782608696	0.2462692307692308	-0.12740851439582493	0.15812844846992347	0.008634102855789423	-0.005861350941751654	21.43402862548828
23.738	3.0830434782608696	0.25446153846153846	-0.13599644850227188	0.15687121878171645	0.008438900156130774	-0.006143847599294502	20.756473541259766
23.738	3.0830434782608696	0.2626538461538462	-0.14303398763048603	0.1558044787848213	0.008398119957115781	-0.00634149897997119	20.18831443786621
23.738	3.0830434782608696	0.2708461538461539	-0.14956858650330343	0.15401794051286477	0.008365048972951582	-0.006629701507687803	19.618234634399414
23.738	3.0830434782608696	0.27903846153846157	-0.15762930385317542	0.15150688155554878	0.00834150048400627	-0.00695857233816	19.13388442993164
23.738	3.0830434782608696	0.28723076923076923	-0.1649790282921156	0.1500608512451588	0.00814933630998805	-0.007187260598302459	18.73450469970703
23.738	3.0830434782608696	0.29542307692307695	-0.17312828086157128	0.1487811096031844	0.008212595224371415	-0.007418592251726608	18.357566833496094
23.738	3.0830434782608696	0.3036153846153847	-0.1795004107467018	0.1464256746611834	0.008202574619163672	-0.007817826030898494	17.96149444580078
23.738	3.0830434782608696	0.31180769230769234	-0.1853727654031597	0.14386719930090902	0.008239739739174863	-0.008160030461388298	17.636972427368164
23.738	3.0830434782608696	0.32	-0.1946753152123771	0.14146673659899228	0.008071540363262783	-0.008387433986447645	17.338930130004883
23.738	3.0917391304347825	0.0005	-0.025925401337887302	0.050841833547489515	0.010937069096754149	-0.006011903260516917	14.543617248535156
23.738	3.0917391304347825	0.008692307692307694	-0.021521856498081023	0.1882214136297231	0.011167322965839718	-0.005669563376434598	36.07864761352539
23.738	3.0917391304347825	0.016884615384615387	-0.026204948403589293	0.19497765179043344	0.010816895794114979	-0.005493388584912099	38.34846878051758
23.738	3.0917391304347825	0.02507692307692308	-0.028479364976934957	0.20132990234782625	0.010669381718135553	-0.005549233533113514	39.9343376159668
23.738	3.0917391304347825	0.03326923076923077	-0.023812479284323593	0.19930718083399807	0.010114994480519012	-0.005430851648432328	39.788291931152344
23.738	3.0917391304347825	0.041461538461538466	-0.023315134403027436	0.1974103498132853	0.009764831856067288	-0.005129022421567859	39.40035629272461
23.738	3.0917391304347825	0.04965384615384616	-0.021458723899639983	0.19483406421262311	0.009476757659648208	-0.00479659719555928	38.40978240966797
23.738	3.0917391304347825	0.05784615384615385	-0.019833877441204927	0.19171711083966775	0.009301963172512407	-0.004339677088454139	36.929443359375
23.738	3.0917391304347825	0.06603846153846155	-0.019822214453678422	0.18593115543829747	0.00898940290988309	-0.003960582629562169	34.91630554199219
23.738	3.0917391304347825	0.07423076923076924	-0.01943850359247237	0.18252069687353925	0.008751741112584727	-0.0035556918337457987	33.66196250915527
23.738	3.0917391304347825	0.08242307692307693	-0.01891775774137288	0.17868787616374446	0.00872851118915319	-0.003218597445201766	32.6631965637207
23.738	3.0917391304347825	0.09061538461538463	-0.019419084585469055	0.17346220452221592	0.008435851759574554	-0.0030518026557087713	31.841176986694336
23.738	3.0917391304347825	0.09880769230769232	-0.019784264735143466	0.17126437172176798	0.008449270882599053	-0.002850771294951729	31.466020584106445
23.738	3.0917391304347825	0.10700000000000001	-0.01958669501572232	0.16903431235235533	0.008541178514062123	-0.002824416587843162	31.039108276367188
23.738	3.0917391304347825	0.1151923076923077	-0.02184898633621587	0.1664888740247177	0.008462679338569468	-0.0028512081517460233	30.957233428955078
23.738	3.0917391304347825	0.1233846153846154	-0.024353701829921456	0.16585958681672375	0.008510307350999788	-0.002492441259475499	30.92888641357422
23.738	3.0917391304347825	0.1315769230769231	-0.02768066970364843	0.16619014806920923	0.008340680056423327	-0.0026820008210092687	31.2807674407959
23.738	3.0917391304347825	0.13976923076923078	-0.032339199948717826	0.1673638350387689	0.008365485623545346	-0.0027933802919699875	31.892261505126953
23.738	3.0917391304347825	0.14796153846153848	-0.03824598333743055	0.16752558231254802	0.008424093444464927	-0.002939598882339572	30.49142837524414
23.738	3.0917391304347825	0.15615384615384617	-0.04502391920580706	0.16802677751892764	0.008303492481750947	-0.003092543303380073	29.184864044189453
23.738	3.0917391304347825	0.16434615384615386	-0.05162623332037767	0.1681684175264235	0.007964039367321457	-0.003272624892876768	28.130741119384766
23.738	3.0917391304347825	0.17253846153846156	-0.059225234465368	0.16736878785213033	0.008153776068580339	-0.00342298134109314	27.181398391723633
23.738	3.0917391304347825	0.18073076923076925	-0.06718371885838864	0.16850291261925288	0.008073212484701577	-0.003604182079168086	26.22611427307129
23.738	3.0917391304347825	0.18892307692307694	-0.07399029874253032	0.16763543718970303	0.0077980563694252485	-0.0039208461295558595	25.681367874145508
23.738	3.0917391304347825	0.19711538461538464	-0.08126999245035407	0.16765385409361605	0.007894371401412865	-0.004015089520332542	24.993398666381836
23.738	3.0917391304347825	0.20530769230769233	-0.08900022667842863	0.16688232998839506	0.00783968095259821	-0.004234648977914905	24.535812377929688
23.738	3.0917391304347825	0.21350000000000002	-0.09689880897572678	0.1666012206177168	0.00777978866835111	-0.00433565003855421	24.071002960205078
23.738	3.0917391304347825	0.22169230769230772	-0.10343384627781875	0.16682713702980828	0.0076502585924928	-0.004666131304094667	23.671459197998047
23.738	3.0917391304347825	0.2298846153846154	-0.11123964542062555	0.1659450561325268	0.0077054515382215735	-0.004850129670723326	22.733972549438477
23.738	3.0917391304347825	0.2380769230769231	-0.11968644605081591	0.16538890536835807	0.007519277372939847	-0.005097777152454734	21.957351684570312
23.738	3.0917391304347825	0.2462692307692308	-0.12583840162556678	0.1624341731142106	0.007738749579603186	-0.005372932792429134	21.2376708984375
23.738	3.0917391304347825	0.25446153846153846	-0.1337906388013444	0.16145200156102352	0.0075105099152972905	-0.005697616623085138	20.578067779541016
23.738	3.0917391304347825	0.2626538461538462	-0.14132062941469672	0.16040397918815574	0.007485178436032863	-0.0060198135147329045	20.025135040283203
23.738	3.0917391304347825	0.2708461538461539	-0.14855771834198284	0.15916963488008765	0.007358567363597896	-0.006319880451897873	19.504682540893555
23.738	3.0917391304347825	0.27903846153846157	-0.15636705567920406	0.1564055972986051	0.007333157385481964	-0.006821771546507037	19.05617332458496
23.738	3.0917391304347825	0.28723076923076923	-0.1650396792626289	0.15460006094573764	0.006909909605063939	-0.006866106636713044	18.596664428710938
23.738	3.0917391304347825	0.29542307692307695	-0.17199314978762661	0.15204065914041384	0.007283293252719992	-0.007229071407627326	18.21782112121582
23.738	3.0917391304347825	0.3036153846153847	-0.1786788286471298	0.15039475410668485	0.007138735401013596	-0.007367388771959225	17.854223251342773
23.738	3.0917391304347825	0.31180769230769234	-0.18674104901193883	0.14734292067079174	0.0070835113549315935	-0.007713855786201302	17.51791763305664
23.738	3.0917391304347825	0.32	-0.19350951271971523	0.14489651453749203	0.006975168207012887	-0.008031339553100142	17.229183197021484
23.738	3.1004347826086955	0.0005	-0.14331424822939398	0.14333191161111852	0.009635014103427366	-0.0037721104611145254	10.356513977050781
23.738	3.1004347826086955	0.008692307692307694	-0.02098641125443894	0.13720152608969935	0.009327167391760795	-0.003960893819044858	36.390995025634766
23.738	3.1004347826086955	0.016884615384615387	-0.023822778239639776	0.16159525512349987	0.00921957108935579	-0.0037740401261779984	38.44075012207031
23.738	3.1004347826086955	0.02507692307692308	-0.02283946213963379	0.16559789071458447	0.009028848946036927	-0.003578598875192315	39.84579086303711
23.738	3.1004347826086955	0.03326923076923077	-0.021755939104584357	0.16520263145345315	0.008571067406951755	-0.0036357078254946815	40.28950500488281
23.738	3.1004347826086955	0.041461538461538466	-0.021684888852248237	0.16502476735037347	0.008134155009970829	-0.0034878116840696737	39.27029228210449
23.738	3.1004347826086955	0.04965384615384616	-0.021613711779425192	0.1626501515507378	0.00810333702685712	-0.003130079662703145	37.06376647949219
23.738	3.1004347826086955	0.05784615384615385	-0.02289872868866686	0.16091013308611285	0.007748635765895717	-0.0031680299382138	34.909881591796875
23.738	3.1004347826086955	0.06603846153846155	-0.022379973446438352	0.15664358623322613	0.007537363634997807	-0.002659854231904792	34.23209571838379
23.738	3.1004347826086955	0.07423076923076924	-0.024312276946218018	0.15121902175157148	0.0074828516954408755	-0.0023396896075977337	32.970279693603516
23.738	3.1004347826086955	0.08242307692307693	-0.02560638617149115	0.14715994097201904	0.007376358503652772	-0.002110891693805911	31.657569885253906
23.738	3.1004347826086955	0.09061538461538463	-0.025575137318880573	0.14528171051203093	0.007388532650484736	-0.0020101205437780436	31.47378921508789
23.738	3.1004347826086955	0.09880769230769232	-0.027190756594497642	0.14448437683510268	0.007378510038593024	-0.001699843142206473	31.165071487426758
23.738	3.1004347826086955	0.10700000000000001	-0.029340849613506283	0.1424879051022478	0.007193173484752123	-0.001620710759972382	30.939064025878906
23.738	3.1004347826086955	0.1151923076923077	-0.029917077236297412	0.14302793154731058	0.007145304055371306	-0.0017147128953539806	30.54928970336914
23.738	3.1004347826086955	0.1233846153846154	-0.03331384684932498	0.14442128883912825	0.007488320350490325	-0.0015860184037948353	30.88447380065918
23.738	3.1004347826086955	0.1315769230769231	-0.03618369286859777	0.14470928437033237	0.007485587846548094	-0.0015927955090819243	31.371845245361328
23.738	3.1004347826086955	0.13976923076923078	-0.04096180852948125	0.14551668597807682	0.00755687679206252	-0.0016879974027847004	32.017757415771484
23.738	3.1004347826086955	0.14796153846153848	-0.045157209834814034	0.14789491470394228	0.007751374710772627	-0.0019445754449565929	31.2274169921875
23.738	3.1004347826086955	0.15615384615384617	-0.052009034562575246	0.1484752761725206	0.007467108998517724	-0.002184957440362979	29.8851318359375
23.738	3.1004347826086955	0.16434615384615386	-0.05834258488800054	0.1489026167689953	0.007125513461634035	-0.0025546566294676987	28.77184295654297
23.738	3.1004347826086955	0.17253846153846156	-0.06583295157988021	0.14924497446157564	0.007275059307849951	-0.0027177886159504647	27.78445053100586
23.738	3.1004347826086955	0.18073076923076925	-0.07312612494796913	0.15017643225258742	0.007210428447925589	-0.0027913671653320995	27.02088165283203
23.738	3.1004347826086955	0.18892307692307694	-0.07978725259194355	0.14917025993587193	0.007011040513262781	-0.0032374319640209944	26.25184440612793
23.738	3.1004347826086955	0.19711538461538464	-0.0868264553416727	0.14854400361897163	0.007085722082533266	-0.0032836881074429242	25.73299789428711
23.738	3.1004347826086955	0.20530769230769233	-0.09325191530363733	0.14797017754764477	0.006976714113619999	-0.0036904076785786496	25.263019561767578
23.738	3.1004347826086955	0.21350000000000002	-0.0995868816761624	0.14786839128282203	0.007142572830429446	-0.0038783176415391266	24.847286224365234
23.738	3.1004347826086955	0.22169230769230772	-0.1071355354239178	0.1479626451550577	0.006874162049365721	-0.004196760205087289	23.90156364440918
23.738	3.1004347826086955	0.2298846153846154	-0.1142166466177561	0.14687012277725464	0.006903117625212642	-0.004444621047188922	22.999372482299805
23.738	3.1004347826086955	0.2380769230769231	-0.12132809747967108	0.14629961956300766	0.006872335659683581	-0.004657727787780153	22.147371292114258
23.738	3.1004347826086955	0.2462692307692308	-0.1282592744304914	0.14547434394347147	0.0067115924817714966	-0.004968293087840414	21.428157806396484
23.738	3.1004347826086955	0.25446153846153846	-0.13483354793573954	0.14380838300433604	0.006606812338159738	-0.005174088808462216	20.77889633178711
23.738	3.1004347826086955	0.2626538461538462	-0.1426336464554533	0.1427071603827227	0.0067373194793593095	-0.005437087819083393	20.172475814819336
23.738	3.1004347826086955	0.2708461538461539	-0.14958482299067508	0.1401516170631094	0.006583761875263035	-0.005704299939767209	19.66029167175293
23.738	3.1004347826086955	0.27903846153846157	-0.15686386633139165	0.1390786696973962	0.006605284959265021	-0.006283639321194813	19.17925453186035
23.738	3.1004347826086955	0.28723076923076923	-0.16368729560507242	0.13699686684467632	0.0065821268742083635	-0.006277421692153193	18.732410430908203
23.738	3.1004347826086955	0.29542307692307695	-0.17023214981762472	0.13392583405420916	0.006481060144382348	-0.006572941959542034	18.313499450683594
23.738	3.1004347826086955	0.3036153846153847	-0.17746703504179498	0.13212492365801332	0.006526841701692315	-0.006739844626748197	17.97113800048828
23.738	3.1004347826086955	0.31180769230769234	-0.18512451013229025	0.13023947147783732	0.0060825274017261045	-0.006938226447267187	17.625282287597656
23.738	3.1004347826086955	0.32	-0.19086223528155558	0.127149658292349	0.006308225191754889	-0.007550457372565904	17.331106185913086
23.738	3.1091304347826085	0.0005	0.009137759202631998	0.0021496625670195503	0.008554361957635526	-0.0010038224462078516	9.551544189453125
23.738	3.1091304347826085	0.008692307692307694	-0.027909934422468023	0.06718734736770463	0.00853083159849863	-0.0009936162687797252	38.92304229736328
23.738	3.1091304347826085	0.016884615384615387	-0.025316238428497215	0.11049643910741075	0.008253069069064378	-0.0010395038198790772	44.01356506347656
23.738	3.1091304347826085	0.02507692307692308	-0.025809735191513524	0.11853762559901518	0.008263820117167356	-0.0011137980526424278	43.359649658203125
23.738	3.1091304347826085	0.03326923076923077	-0.026225118470837114	0.12019299932133003	0.007943850391779719	-0.0012005252518744033	40.33162307739258
23.738	3.1091304347826085	0.041461538461538466	-0.024708752884988416	0.13027983740746568	0.007514247318773601	-0.0009334603986226851	40.83939552307129
23.738	3.1091304347826085	0.04965384615384616	-0.025154030856698276	0.13366349061676053	0.007487488480903817	-0.0008300644280678446	39.37642288208008
23.738	3.1091304347826085	0.05784615384615385	-0.025563907703304776	0.13705711708212812	0.007213479504037466	-0.0007080115965174868	36.66106414794922
23.738	3.1091304347826085	0.06603846153846155	-0.025216890957410497	0.13583190586647637	0.00705944261466864	-0.0007154136772541664	35.54966354370117
23.738	3.1091304347826085	0.07423076923076924	-0.025003543814848227	0.13853446146237347	0.0069872359130800565	-0.0006175873259152861	34.44859313964844
23.738	3.1091304347826085	0.08242307692307693	-0.025359046340910678	0.1369960060169379	0.006925551799618531	-0.0003062935644365473	33.14849853515625
23.738	3.1091304347826085	0.09061538461538463	-0.024716983756972438	0.1362107729598338	0.006739111803639192	-0.0004060046148988243	32.46399116516113
23.738	3.1091304347826085	0.09880769230769232	-0.025211292165787852	0.13632726601799183	0.006786032069706662	-0.0002676152295448943	32.033470153808594
23.738	3.1091304347826085	0.10700000000000001	-0.025783830769614303	0.13575433022716588	0.006621358835246069	-0.0003505612736255495	31.470050811767578
23.738	3.1091304347826085	0.1151923076923077	-0.026926308328074404	0.13797906079354272	0.006796327289297938	-0.00042130961164014345	31.404273986816406
23.738	3.1091304347826085	0.1233846153846154	-0.02830097117417653	0.13859396797660964	0.006810996260132403	-0.00010901109280178232	31.70740509033203
23.738	3.1091304347826085	0.1315769230769231	-0.031156445100739866	0.14017358678804023	0.006774487849012916	-0.0006612528836270726	32.16726493835449
23.738	3.1091304347826085	0.13976923076923078	-0.03421910559975739	0.14261645269163503	0.006719429583487845	-0.0007610355523623913	32.3696403503418
23.738	3.1091304347826085	0.14796153846153848	-0.0390018568631177	0.1445858427560607	0.006675006127432458	-0.0009400312613844202	30.930410385131836
23.738	3.1091304347826085	0.15615384615384617	-0.044091480902946484	0.14630210811781674	0.0065890649911092	-0.0012951606637961572	29.875211715698242
23.738	3.1091304347826085	0.16434615384615386	-0.049885248444712704	0.14544650247575086	0.006325176028073049	-0.0017239579947563102	28.795255661010742
23.738	3.1091304347826085	0.17253846153846156	-0.055113748731663484	0.14732387457417873	0.006547133730415527	-0.001950826171680053	27.87413215637207
23.738	3.1091304347826085	0.18073076923076925	-0.06199549137198916	0.14811396044453667	0.0063455821419973624	-0.002003221701648461	27.03974723815918
23.738	3.1091304347826085	0.18892307692307694	-0.06771938240671152	0.14872927949538509	0.006382918476153019	-0.002138533240216467	26.45623016357422
23.738	3.1091304347826085	0.19711538461538464	-0.07326582734625736	0.14738945427375033	0.00627701002267851	-0.0026336085826333096	25.976224899291992
23.738	3.1091304347826085	0.20530769230769233	-0.07883135772684825	0.14814600032062425	0.006077469643093816	-0.0028192246124721307	25.454084396362305
23.738	3.1091304347826085	0.21350000000000002	-0.08448675687825616	0.14747323042779698	0.005938983422231387	-0.003039984414511213	24.827999114990234
23.738	3.1091304347826085	0.22169230769230772	-0.09039276953256065	0.147731325990255	0.006096410221573302	-0.003227289204926723	23.67405128479004
23.738	3.1091304347826085	0.2298846153846154	-0.0964021577481721	0.14755392383876637	0.00598833444742368	-0.003530441214578864	22.86888313293457
23.738	3.1091304347826085	0.2380769230769231	-0.10344098139040528	0.1461815993144663	0.005950719171554652	-0.003718172815942205	21.958351135253906
23.738	3.1091304347826085	0.2462692307692308	-0.1097231643551926	0.14530061391082916	0.0058679688033897994	-0.003723683378856631	21.224323272705078
23.738	3.1091304347826085	0.25446153846153846	-0.11549486332088363	0.14364918549212946	0.005704642571712525	-0.004236672385090144	20.584209442138672
23.738	3.1091304347826085	0.2626538461538462	-0.122420735661682	0.14331366442743068	0.005652198148803932	-0.004417673192150771	19.996265411376953
23.738	3.1091304347826085	0.2708461538461539	-0.12861734506054734	0.14160947793533718	0.005583784904890265	-0.004876927084940088	19.465717315673828
23.738	3.1091304347826085	0.27903846153846157	-0.13443090846783423	0.13919556010678621	0.005786698788593738	-0.0048456612167691844	18.964685440063477
23.738	3.1091304347826085	0.28723076923076923	-0.14055697612645862	0.13730830667755486	0.005371074174123448	-0.005289298004846315	18.508056640625
23.738	3.1091304347826085	0.29542307692307695	-0.1477636662981921	0.13452909783209588	0.005364740873740755	-0.005765914222271453	18.134098052978516
23.738	3.1091304347826085	0.3036153846153847	-0.1538610971264232	0.13232366725951983	0.005415672708807414	-0.006209136879492386	17.8072452545166
23.738	3.1091304347826085	0.31180769230769234	-0.16085842426043637	0.13112221773863383	0.005274039168182658	-0.006175414256590254	17.466461181640625
23.738	3.1091304347826085	0.32	-0.16691457151543987	0.1286521119453067	0.005209663424978219	-0.006559341770075357	17.15239906311035
23.738	3.117826086956522	0.0005	0.08247527808773618	0.17896939492002667	0.00766866957616266	0.0008160013971476774	12.716682434082031
23.738	3.117826086956522	0.008692307692307694	-0.013656499299463514	0.0808839047689656	0.008072848878923893	0.0012327904733903214	38.5084228515625
23.738	3.117826086956522	0.016884615384615387	-0.018840759589579585	0.10469875353283382	0.007704067712307064	0.0011500865200142832	41.5177116394043
23.738	3.117826086956522	0.02507692307692308	-0.01518170849601426	0.11037042071549238	0.007553067413453173	0.0010413107933874297	41.089927673339844
23.738	3.117826086956522	0.03326923076923077	-0.02020050413521653	0.12086489446426082	0.007502299319264147	0.0009119283408503201	44.90061950683594
23.738	3.117826086956522	0.041461538461538466	-0.019439001136065254	0.12707856114722382	0.0074214732740410004	0.0009626474837554294	40.9096565246582
23.738	3.117826086956522	0.04965384615384616	-0.02072413703631776	0.13137908049540414	0.006985464341311766	0.0006786567270077311	38.743980407714844
23.738	3.117826086956522	0.05784615384615385	-0.023884319754625453	0.1339787451119689	0.006938439553675296	0.0009108057851457514	36.90505790710449
23.738	3.117826086956522	0.06603846153846155	-0.026431902598897713	0.13224823822151557	0.006758719880860469	0.0008308337106549559	34.780731201171875
23.738	3.117826086956522	0.07423076923076924	-0.025159116935292977	0.1334342574037208	0.006692522868513067	0.0009299293622583759	34.00787162780762
23.738	3.117826086956522	0.08242307692307693	-0.02657912532643488	0.13408993420075316	0.006699711733278404	0.0010882379634616938	32.75994682312012
23.738	3.117826086956522	0.09061538461538463	-0.027669437703053263	0.13289189481060643	0.006606078705669376	0.0009826860415281815	32.47019577026367
23.738	3.117826086956522	0.09880769230769232	-0.029405772903016835	0.13497519742373532	0.006465357856711223	0.0007985058514927061	31.654829025268555
23.738	3.117826086956522	0.10700000000000001	-0.028977335077258828	0.13320931196936564	0.0063353322086067265	0.0006356057323168059	31.360301971435547
23.738	3.117826086956522	0.1151923076923077	-0.031214236215073413	0.13698343731741902	0.006609551758799081	0.0011542569458137288	31.733470916748047
23.738	3.117826086956522	0.1233846153846154	-0.03298770163984947	0.13897487432043548	0.006416799649659302	0.0007058823488131924	31.913808822631836
23.738	3.117826086956522	0.1315769230769231	-0.036485162118533414	0.1388810051685387	0.006645774836784634	0.0006424124327149513	32.397573471069336
23.738	3.117826086956522	0.13976923076923078	-0.03887282888919793	0.14262531102142664	0.006373954013711435	0.00042994242173746634	32.11332702636719
23.738	3.117826086956522	0.14796153846153848	-0.04372785379572516	0.14449010847296184	0.006478733310273507	0.0002677511639177522	30.778844833374023
23.738	3.117826086956522	0.15615384615384617	-0.04859292958325449	0.14676881078324844	0.006346493237281645	-0.00015426414651358234	29.661930084228516
23.738	3.117826086956522	0.16434615384615386	-0.05441831885299392	0.14744998593508823	0.006122350003209176	-0.0005042805147837716	28.593399047851562
23.738	3.117826086956522	0.17253846153846156	-0.059732641414019544	0.14745865505814176	0.005949682426992583	-0.0006604970437236628	27.815975189208984
23.738	3.117826086956522	0.18073076923076925	-0.0655092130681521	0.14792353823562487	0.005998874875871382	-0.000990167483778581	27.035226821899414
23.738	3.117826086956522	0.18892307692307694	-0.07122889805513181	0.14787024670207516	0.00583716528174156	-0.0012914175039196478	26.487873077392578
23.738	3.117826086956522	0.19711538461538464	-0.07750798176902096	0.14672652651482837	0.005857394831124607	-0.0015534249990578417	25.96641731262207
23.738	3.117826086956522	0.20530769230769233	-0.08403082705668907	0.14767139685879999	0.005534876372345521	-0.0018309253380193852	25.46458625793457
23.738	3.117826086956522	0.21350000000000002	-0.08954619383483603	0.14761715187976593	0.005627316012668283	-0.0021176716539906947	25.072235107421875
23.738	3.117826086956522	0.22169230769230772	-0.09570638788908196	0.14702718603710171	0.005570543557529485	-0.002206048323085409	24.033897399902344
23.738	3.117826086956522	0.2298846153846154	-0.10129256414614773	0.1467080980170099	0.005569428730431793	-0.00242695898903777	23.082199096679688
23.738	3.117826086956522	0.2380769230769231	-0.10887313102660828	0.14503935783623406	0.0054968584973320985	-0.002928359024500506	22.20636749267578
23.738	3.117826086956522	0.2462692307692308	-0.11479889191894997	0.14411779556274126	0.004837947855886868	-0.0032020980872222507	21.42440414428711
23.738	3.117826086956522	0.25446153846153846	-0.12126324624031057	0.1432521764919133	0.005254517795785052	-0.0033354115293424483	20.76049041748047
23.738	3.117826086956522	0.2626538461538462	-0.1275251929039185	0.14173883145590788	0.005086838152718175	-0.0035463428456693072	20.177244186401367
23.738	3.117826086956522	0.2708461538461539	-0.13434956834500034	0.1407608576433301	0.004854936744530476	-0.0038938555039691267	19.60951805114746
23.738	3.117826086956522	0.27903846153846157	-0.14082534687048426	0.13815028078710798	0.00497025703630535	-0.004051581283061869	19.13425064086914
23.738	3.117826086956522	0.28723076923076923	-0.14748113976246346	0.13639506630456208	0.0050334385846745044	-0.004549931525226272	18.690025329589844
23.738	3.117826086956522	0.29542307692307695	-0.1524413649124526	0.1350391304851151	0.004721493541662526	-0.004601361747221746	18.31973648071289
23.738	3.117826086956522	0.3036153846153847	-0.16045412265092274	0.1318963547953395	0.004853184247284889	-0.005073409799187842	17.959794998168945
23.738	3.117826086956522	0.31180769230769234	-0.16601047146428377	0.1306312121754763	0.004787178977743296	-0.005575238482046926	17.602447509765625
23.738	3.117826086956522	0.32	-0.1721361713036057	0.12939045483200057	0.004586083860782379	-0.0055380722293794545	17.29995346069336
23.738	3.126521739130435	0.0005	-0.026052464686250377	0.10478566044895152	0.007304204815703606	0.002626619701495826	15.599929809570312
23.738	3.126521739130435	0.008692307692307694	-0.016868660461073808	0.036015184437392156	0.007661388384936291	0.002995613432231492	38.80248260498047
23.738	3.126521739130435	0.016884615384615387	-0.01792877387973106	0.05139990723878092	0.007559499143101104	0.0028339787124751965	43.57511901855469
23.738	3.126521739130435	0.02507692307692308	-0.01673031329021881	0.06278997238591495	0.00724607305104188	0.002649458852527445	47.46280288696289
23.738	3.126521739130435	0.03326923076923077	-0.021502137577482178	0.07024760155029294	0.00715553435214575	0.002528146070988427	45.98628616333008
23.738	3.126521739130435	0.041461538461538466	-0.019140151000902675	0.07963987352115733	0.0070590472201136935	0.002370735950142246	41.83598327636719
23.738	3.126521739130435	0.04965384615384616	-0.020007987241961858	0.08807948479684224	0.0068313388771774515	0.0021983875428922923	39.34636306762695
23.738	3.126521739130435	0.05784615384615385	-0.021170195858695413	0.09315689677627914	0.006806525223996548	0.0023737690042871544	37.78603935241699
23.738	3.126521739130435	0.06603846153846155	-0.021322835367874108	0.09195637060351822	0.006693938722860517	0.0021813820276790465	36.349700927734375
23.738	3.126521739130435	0.07423076923076924	-0.021439990904883348	0.09581484692193719	0.006681730064200487	0.0021505990802282455	34.76191711425781
23.738	3.126521739130435	0.08242307692307693	-0.021297611878318592	0.09899137931745	0.0065663344508711	0.002135083829507791	33.56399726867676
23.738	3.126521739130435	0.09061538461538463	-0.02142724434385996	0.09998924423809591	0.006415755721831288	0.002098398508412927	32.94392204284668
23.738	3.126521739130435	0.09880769230769232	-0.02155812275602471	0.10329285042928027	0.006431600664701926	0.002030139586756362	32.398075103759766
23.738	3.126521739130435	0.10700000000000001	-0.021759079165704236	0.10532689598592151	0.006539975674757902	0.0020031994148363855	32.08998489379883
23.738	3.126521739130435	0.1151923076923077	-0.022523642393391864	0.10840552925132466	0.006588999106828799	0.0018161030269433923	31.917091369628906
23.738	3.126521739130435	0.1233846153846154	-0.024645520063679958	0.11383195995353411	0.006480140965653795	0.0018859501107394406	32.127519607543945
23.738	3.126521739130435	0.1315769230769231	-0.02617290709846846	0.11645710912473485	0.006303951987422953	0.0015647734725318118	32.54678726196289
23.738	3.126521739130435	0.13976923076923078	-0.02865413413286957	0.12037207379349232	0.006773490085934485	0.0015522780108941491	33.20627975463867
23.738	3.126521739130435	0.14796153846153848	-0.032005822769142885	0.12477781208394711	0.006313155357962933	0.0011062363329647847	32.11339569091797
23.738	3.126521739130435	0.15615384615384617	-0.03620558913557124	0.1262476423910842	0.006285277444409118	0.0010225200078867222	30.871368408203125
23.738	3.126521739130435	0.16434615384615386	-0.04098796826610105	0.130577428397344	0.006250477739628011	0.0008476977124064981	29.74545669555664
23.738	3.126521739130435	0.17253846153846156	-0.046921247786933046	0.13258132532061412	0.005960618442874006	0.00030545183729378475	28.93319320678711
23.738	3.126521739130435	0.18073076923076925	-0.051573101508521894	0.13547256479793557	0.0058275392203451515	0.0001340284984652945	28.08816909790039
23.738	3.126521739130435	0.18892307692307694	-0.056564080250147336	0.13471762843561713	0.005721963111224587	-6.24681063223292e-05	27.519947052001953
23.738	3.126521739130435	0.19711538461538464	-0.06248635305736734	0.13689102045915913	0.005547536547325555	-0.00034353905472612296	26.983627319335938
23.738	3.126521739130435	0.20530769230769233	-0.06764732031796647	0.1375531896921235	0.005447898415738351	-0.00044634859572538493	26.19767189025879
23.738	3.126521739130435	0.21350000000000002	-0.07340378313803447	0.13885498853867842	0.005340224136190742	-0.0007981647236229486	24.877887725830078
23.738	3.126521739130435	0.22169230769230772	-0.07912622176498244	0.13899888927937615	0.00535318610932966	-0.0011459059038185756	23.787460327148438
23.738	3.126521739130435	0.2298846153846154	-0.0853480150869296	0.13901256745773288	0.005307468402060683	-0.0011627822308964296	22.8104248046875
23.738	3.126521739130435	0.2380769230769231	-0.09104390634282075	0.1399415252504449	0.00505621298332874	-0.0014193675703138005	21.937013626098633
23.738	3.126521739130435	0.2462692307692308	-0.09713713454418954	0.1394632572014741	0.005065934861779105	-0.001583327532396827	21.200057983398438
23.738	3.126521739130435	0.25446153846153846	-0.10368185836867103	0.13891310751035751	0.004826024177766095	-0.002008295850917598	20.54718017578125
23.738	3.126521739130435	0.2626538461538462	-0.11061896906774396	0.13848477230543327	0.00470878445742277	-0.0021688580150557558	19.938175201416016
23.738	3.126521739130435	0.2708461538461539	-0.11517395223515997	0.1364609992798454	0.005052670606922514	-0.0021139798224453833	19.382522583007812
23.738	3.126521739130435	0.27903846153846157	-0.12244552930594724	0.13549988327660903	0.004681684780662924	-0.0027574500235289542	18.92222023010254
23.738	3.126521739130435	0.28723076923076923	-0.12879092601433031	0.13443583165287168	0.0046489101951654585	-0.002873107138344756	18.46918487548828
23.738	3.126521739130435	0.29542307692307695	-0.13424715724613148	0.13275732405242632	0.004597447971561315	-0.0030153431703969272	18.07137107849121
23.738	3.126521739130435	0.3036153846153847	-0.14185013933706686	0.13200520381861275	0.004512109220663066	-0.0032565220992229332	17.69391441345215
23.738	3.126521739130435	0.31180769230769234	-0.14841696343232866	0.13017553418181285	0.0043008112814271054	-0.0036577838210294774	17.362167358398438
23.738	3.126521739130435	0.32	-0.15425058507371492	0.12859539815847743	0.004250222397556132	-0.004109469842752087	17.076793670654297
23.738	3.135217391304348	0.0005	0.08355155393201064	0.14734387375422592	0.0077750986415484275	0.0037972326000868433	13.017295837402344
23.738	3.135217391304348	0.008692307692307694	-0.011439748558223738	0.09308209396906965	0.007880645463012915	0.004017447063304716	33.942020416259766
23.738	3.135217391304348	0.016884615384615387	-0.010275085883223012	0.11746082212551331	0.008031816706930418	0.0038486111616090877	44.434303283691406
23.738	3.135217391304348	0.02507692307692308	-0.008787778673468652	0.11463846791369214	0.007991234163669588	0.0036981384143270507	44.691505432128906
23.738	3.135217391304348	0.03326923076923077	-0.01266769878730041	0.1204545092659195	0.007661941295587472	0.003295699111165676	42.42128372192383
23.738	3.135217391304348	0.041461538461538466	-0.012557926957379765	0.1249106031715477	0.00743739561315627	0.0034269976211159575	41.16012191772461
23.738	3.135217391304348	0.04965384615384616	-0.013566854125202449	0.12695267880538944	0.007554006530143532	0.003355325335833074	39.27290153503418
23.738	3.135217391304348	0.05784615384615385	-0.01718683318872617	0.12859616741462784	0.007293914987857492	0.0030525598813770528	36.12009239196777
23.738	3.135217391304348	0.06603846153846155	-0.019194928292973507	0.12533651749528185	0.007312153853271365	0.0029971884743250445	35.41590118408203
23.738	3.135217391304348	0.07423076923076924	-0.019320872907383914	0.12350083152688285	0.007328630240200662	0.003054084356995504	34.01133346557617
23.738	3.135217391304348	0.08242307692307693	-0.02099186826203632	0.12593738446868197	0.00704638792823534	0.0030419805846722443	32.96117401123047
23.738	3.135217391304348	0.09061538461538463	-0.021692297491446765	0.12497928049739106	0.007212367647900659	0.0028690686697718437	32.40171432495117
23.738	3.135217391304348	0.09880769230769232	-0.022719339169622557	0.12608882733691623	0.007100400571948482	0.0027559540789713665	32.008670806884766
23.738	3.135217391304348	0.10700000000000001	-0.022971328282789513	0.1269734864363088	0.006912491501486524	0.0027099339442333676	31.65968894958496
23.738	3.135217391304348	0.1151923076923077	-0.02527132484817333	0.1300727058674454	0.006873398767117775	0.0024472097351367376	31.6649169921875
23.738	3.135217391304348	0.1233846153846154	-0.026836773042915547	0.13352129017070524	0.006949047451523854	0.002692741898742347	32.022464752197266
23.738	3.135217391304348	0.1315769230769231	-0.02935394211282582	0.13400670751821114	0.007014809808890237	0.002705227567826157	32.56430435180664
23.738	3.135217391304348	0.13976923076923078	-0.03326402834401559	0.13898292493927392	0.006757412699982481	0.0024516909675231097	33.06499481201172
23.738	3.135217391304348	0.14796153846153848	-0.037526045971213444	0.14062474269514932	0.006748480498604983	0.0021295319052284855	31.784221649169922
23.738	3.135217391304348	0.15615384615384617	-0.042460915724410284	0.14179381490314408	0.006626742639160291	0.0021320465955056538	30.490734100341797
23.738	3.135217391304348	0.16434615384615386	-0.048162348143160894	0.1443776904878069	0.006287124924523029	0.0016055451290509111	29.31608772277832
23.738	3.135217391304348	0.17253846153846156	-0.054605541272725294	0.1454235612559336	0.006315612792205292	0.001571562690360338	28.518657684326172
23.738	3.135217391304348	0.18073076923076925	-0.06101983331879069	0.14535991737774964	0.0061870493373686	0.0011688707912800287	27.680288314819336
23.738	3.135217391304348	0.18892307692307694	-0.06791087050058144	0.1462399794845473	0.006070508795219728	0.001089726301670568	26.9260196685791
23.738	3.135217391304348	0.19711538461538464	-0.07429196310820718	0.1457547605294016	0.005876355639713154	0.0006390861682869617	26.385841369628906
23.738	3.135217391304348	0.20530769230769233	-0.08114366720779292	0.1472581494609775	0.005735558484968067	0.0008291012443645069	25.804771423339844
23.738	3.135217391304348	0.21350000000000002	-0.0875676083227103	0.14676597046302128	0.00547390820393217	0.0001883040186842766	25.000213623046875
23.738	3.135217391304348	0.22169230769230772	-0.09468377603566697	0.14751013040178879	0.005688532549642961	0.0002759355694357615	23.83731460571289
23.738	3.135217391304348	0.2298846153846154	-0.10240042738965204	0.1472693807688491	0.005667569136590204	-0.0001740560015059157	22.833587646484375
23.738	3.135217391304348	0.2380769230769231	-0.10917273283353499	0.14713074204148213	0.005403003114138584	-0.00027159226860017007	22.022375106811523
23.738	3.135217391304348	0.2462692307692308	-0.11665323128550373	0.14623699088230818	0.005372044728124188	-0.00039685138421186934	21.26158905029297
23.738	3.135217391304348	0.25446153846153846	-0.124566762292709	0.14584960068169198	0.0050720416180914055	-0.0007284752084296545	20.562091827392578
23.738	3.135217391304348	0.2626538461538462	-0.1315653730075087	0.14478345976822923	0.005430668199619834	-0.0006916179872390103	19.954809188842773
23.738	3.135217391304348	0.2708461538461539	-0.13907744139297604	0.1440463647828184	0.0050227246132013605	-0.00117055495960717	19.383275985717773
23.738	3.135217391304348	0.27903846153846157	-0.14642376950806674	0.14278297073903745	0.00502028637418764	-0.0013793962111292414	18.924766540527344
23.738	3.135217391304348	0.28723076923076923	-0.15382081966537245	0.14018737090079592	0.004940822629208476	-0.0015315702563597556	18.481470108032227
23.738	3.135217391304348	0.29542307692307695	-0.16084849457655975	0.13830127698918793	0.004713256262452957	-0.0019411750389654314	18.069860458374023
23.738	3.135217391304348	0.3036153846153847	-0.16873280314203953	0.13715811023508473	0.004619479936859601	-0.0021734321237918456	17.718303680419922
23.738	3.135217391304348	0.31180769230769234	-0.17562892626402685	0.13495266861542216	0.004602604002604474	-0.002505418532109522	17.391523361206055
23.738	3.135217391304348	0.32	-0.18144979842719405	0.1323558983739148	0.00448716358066849	-0.002697758506325779	17.09398078918457
23.738	3.143913043478261	0.0005	-0.06897497542914716	0.23855516290028195	0.007667039987721896	0.0038753101627721385	11.389083862304688
23.738	3.143913043478261	0.008692307692307694	-0.007577422938912774	0.050506990903211674	0.008107653157746007	0.004226110826255288	38.25163650512695
23.738	3.143913043478261	0.016884615384615387	-0.00904531844672527	0.06096383904774291	0.007946847492545688	0.0041993861171138	44.6123046875
23.738	3.143913043478261	0.02507692307692308	-0.010382420688539402	0.0635475026789735	0.007947937624284434	0.004131904748759828	47.621238708496094
23.738	3.143913043478261	0.03326923076923077	-0.012896797076801862	0.07322761531286948	0.007902733025129317	0.003987104039082902	44.64414596557617
23.738	3.143913043478261	0.041461538461538466	-0.013950960653856943	0.07981187026560552	0.007662332457024258	0.003765613911918287	41.346195220947266
23.738	3.143913043478261	0.04965384615384616	-0.01628564046944397	0.0800143695305707	0.00758130002939981	0.0037485878111230943	38.73467445373535
23.738	3.143913043478261	0.05784615384615385	-0.01617555877725345	0.08547165121244693	0.007319464649580021	0.0035158475347604745	37.300859451293945
23.738	3.143913043478261	0.06603846153846155	-0.01697367502325897	0.08540570404265967	0.007430519381440369	0.00370905746409037	35.703121185302734
23.738	3.143913043478261	0.07423076923076924	-0.017617467771710214	0.0860866856191024	0.0074566331338932375	0.003487612124694452	34.848711013793945
23.738	3.143913043478261	0.08242307692307693	-0.018381953220309062	0.08608231399093719	0.007248912163391106	0.0035081131277130287	34.072147369384766
23.738	3.143913043478261	0.09061538461538463	-0.019551015067340173	0.08676557497938128	0.00731147459926583	0.0036229209687539694	33.03343963623047
23.738	3.143913043478261	0.09880769230769232	-0.020492049067765306	0.08943523591487978	0.00723441483149295	0.003391159261453576	32.573455810546875
23.738	3.143913043478261	0.10700000000000001	-0.02125500756643696	0.09188649227480711	0.007176500001680007	0.0031259231906083018	32.330238342285156
23.738	3.143913043478261	0.1151923076923077	-0.02217757922427261	0.09551540572188763	0.007239764034040171	0.0031834591875017234	32.50793266296387
23.738	3.143913043478261	0.1233846153846154	-0.02392542430526015	0.09746124494930927	0.00714841869040961	0.003041286652610131	32.47074317932129
23.738	3.143913043478261	0.1315769230769231	-0.02679792877434091	0.10079021653767653	0.006903892275147748	0.0028819841391769796	33.136173248291016
23.738	3.143913043478261	0.13976923076923078	-0.029605147565326548	0.105342903462257	0.0071173440624212455	0.002995669211188918	34.211483001708984
23.738	3.143913043478261	0.14796153846153848	-0.03377288921883598	0.10983815400071414	0.00707124764823187	0.0027671604275135674	33.337167739868164
23.738	3.143913043478261	0.15615384615384617	-0.03915027564459954	0.11266633687311317	0.00686411907545678	0.0027005126074674548	32.07442665100098
23.738	3.143913043478261	0.16434615384615386	-0.04495581912876581	0.11543206272882872	0.00658488025604325	0.0021135779634807346	30.91989517211914
23.738	3.143913043478261	0.17253846153846156	-0.050655117232302226	0.11883465856628009	0.006416060423136194	0.002151664759383233	29.7869930267334
23.738	3.143913043478261	0.18073076923076925	-0.05686318685481887	0.119794681522413	0.0062581260355938475	0.001773850331615348	28.937814712524414
23.738	3.143913043478261	0.18892307692307694	-0.06258001846442561	0.1203042652861912	0.006291984447090024	0.001724607543998178	28.097021102905273
23.738	3.143913043478261	0.19711538461538464	-0.06961441221071504	0.1224791534459799	0.006251826068715881	0.0017192457960060936	27.17762565612793
23.738	3.143913043478261	0.20530769230769233	-0.07569672616430419	0.122821667371373	0.006013259165296152	0.0013762139911659276	25.708412170410156
23.738	3.143913043478261	0.21350000000000002	-0.08213777048988169	0.12401849508721816	0.005811970822445544	0.0011933513361736515	24.41073989868164
23.738	3.143913043478261	0.22169230769230772	-0.08894675516059701	0.12568840308183732	0.005761019788251326	0.0010922659142618908	23.28931427001953
23.738	3.143913043478261	0.2298846153846154	-0.09664620130730446	0.12586093085385297	0.0059170605762392	0.0008262928172865327	22.33622932434082
23.738	3.143913043478261	0.2380769230769231	-0.10355208566430638	0.1265367221351175	0.0055789679632925575	0.0009913290597563262	21.558570861816406
23.738	3.143913043478261	0.2462692307692308	-0.11097769780543665	0.12656783274726158	0.0053170271229009405	0.00045944615381297827	20.788766860961914
23.738	3.143913043478261	0.25446153846153846	-0.11733334493118369	0.12645687389888016	0.005239489997647938	0.0004754681164325401	20.10962677001953
23.738	3.143913043478261	0.2626538461538462	-0.1251809655245676	0.12564745225247137	0.005224881967030012	-3.878002562672107e-05	19.55451202392578
23.738	3.143913043478261	0.2708461538461539	-0.13279903654374825	0.1252523258522644	0.005238392631710442	-0.0001055433476586485	19.028032302856445
23.738	3.143913043478261	0.27903846153846157	-0.14004195465722757	0.12408625654548197	0.005137125742955927	-0.00039140535805920105	18.544363021850586
23.738	3.143913043478261	0.28723076923076923	-0.147648979661336	0.12216901040569902	0.005105005182452478	-0.00048035890841817766	18.10396957397461
23.738	3.143913043478261	0.29542307692307695	-0.1558121416153891	0.12106979542686822	0.0051493874895079325	-0.0007988632247352792	17.746257781982422
23.738	3.143913043478261	0.3036153846153847	-0.16283619895875842	0.11932695487730888	0.005051117464160229	-0.0010367992477523273	17.398605346679688
23.738	3.143913043478261	0.31180769230769234	-0.1695211172878781	0.11872261425696995	0.005020824116396882	-0.0011268516716991545	17.07254409790039
23.738	3.143913043478261	0.32	-0.17784760696413382	0.11748575755728158	0.004795873477833057	-0.0014381446894577822	16.79947280883789
23.738	3.152608695652174	0.0005	-0.013786492374948557	0.20108489164645396	0.00808088489586924	0.004478507709310902	14.403358459472656
23.738	3.152608695652174	0.008692307692307694	-0.00645507989602365	0.13855980252378977	0.008154172372567409	0.004599137972647256	34.96512985229492
23.738	3.152608695652174	0.016884615384615387	-0.0084158342905549	0.15765846585386795	0.008278457308803524	0.0045054717519981465	44.54440689086914
23.738	3.152608695652174	0.02507692307692308	-0.008895402706822174	0.15636867145827016	0.008092434606027092	0.004350477285908459	45.12779235839844
23.738	3.152608695652174	0.03326923076923077	-0.007475329335558022	0.15629604269074948	0.008191406965255443	0.004472198364903058	45.45036315917969
23.738	3.152608695652174	0.041461538461538466	-0.009927233016677	0.15259443464475758	0.008018447012392403	0.004392430191831389	40.21498680114746
23.738	3.152608695652174	0.04965384615384616	-0.01088485614079962	0.1495601991077054	0.00788716818536266	0.0042508726813257226	37.21735954284668
23.738	3.152608695652174	0.05784615384615385	-0.014903989316988542	0.14736961640320778	0.007835525865840435	0.0041273825666512266	36.85054016113281
23.738	3.152608695652174	0.06603846153846155	-0.015152434852396424	0.14337892048587558	0.0078000038773836135	0.0038725705197866513	35.395084381103516
23.738	3.152608695652174	0.07423076923076924	-0.01587757977553685	0.13952207361515023	0.0077055894971919435	0.004034137619976693	33.97222709655762
23.738	3.152608695652174	0.08242307692307693	-0.017505316349516045	0.1375649732112328	0.007666687322269109	0.004014020872827194	32.88132667541504
23.738	3.152608695652174	0.09061538461538463	-0.018628163484563826	0.13353950113436835	0.007624751740086885	0.003823294983057158	32.4975700378418
23.738	3.152608695652174	0.09880769230769232	-0.01989794983540881	0.13120907444549046	0.0075780478563781985	0.0037910248206471683	31.937549591064453
23.738	3.152608695652174	0.10700000000000001	-0.020803715018521622	0.13062358416037853	0.007656728842825761	0.0037851750022136004	31.695375442504883
23.738	3.152608695652174	0.1151923076923077	-0.0223513233077896	0.13242205528978068	0.007577047975919227	0.00385902530641797	31.872900009155273
23.738	3.152608695652174	0.1233846153846154	-0.025196755035263217	0.13321552386215468	0.00781379618059854	0.003611454837062774	32.21250915527344
23.738	3.152608695652174	0.1315769230769231	-0.02840556918481105	0.1337886438773332	0.0073207044515946045	0.0033085344687955502	32.695640563964844
23.738	3.152608695652174	0.13976923076923078	-0.033427920936897296	0.1358349752175948	0.007320013534875563	0.003344130495973479	33.086002349853516
23.738	3.152608695652174	0.14796153846153848	-0.03809480196379247	0.13730688341163047	0.007485957844338065	0.00329228457745169	31.655513763427734
23.738	3.152608695652174	0.15615384615384617	-0.044123346838399656	0.13738111410136417	0.007091364877866465	0.002933487660580661	30.344196319580078
23.738	3.152608695652174	0.16434615384615386	-0.05090598362986733	0.13794098090226842	0.007213377466475371	0.003053181845010712	29.283292770385742
23.738	3.152608695652174	0.17253846153846156	-0.057766036314573256	0.1377606632104407	0.00697759101760953	0.00298444179261774	28.26823616027832
23.738	3.152608695652174	0.18073076923076925	-0.06450100809567172	0.13908364063417394	0.006581392987673682	0.002543597797024286	27.333011627197266
23.738	3.152608695652174	0.18892307692307694	-0.07136262178652489	0.13800338318860006	0.006533574464684212	0.00243066084089025	26.70232391357422
23.738	3.152608695652174	0.19711538461538464	-0.07893490718388665	0.13702848041316656	0.006528247955728957	0.0022417430565695247	26.04644012451172
23.738	3.152608695652174	0.20530769230769233	-0.08553161969184903	0.13698528090949588	0.006433445200254534	0.0022025900715770264	25.521835327148438
23.738	3.152608695652174	0.21350000000000002	-0.09276354959011103	0.1374527914309077	0.006329670001232038	0.0019430932475396848	24.290048599243164
23.738	3.152608695652174	0.22169230769230772	-0.0997911370709541	0.13643216666291874	0.006299151547081744	0.0018929255328866126	23.17594337463379
23.738	3.152608695652174	0.2298846153846154	-0.10890379169732356	0.1361760119767062	0.006068809644845623	0.0017521800003335595	22.270429611206055
23.738	3.152608695652174	0.2380769230769231	-0.11571639188680607	0.13550414694988355	0.005953822299265445	0.0014639556620791644	21.486024856567383
23.738	3.152608695652174	0.2462692307692308	-0.12389733181326283	0.13443324985346028	0.006106711060605806	0.0011636911497403656	20.742307662963867
23.738	3.152608695652174	0.25446153846153846	-0.13107155323951142	0.1331484214439077	0.005711749819060417	0.0012635148467593862	20.122894287109375
23.738	3.152608695652174	0.2626538461538462	-0.1392815417022913	0.1312665471550094	0.005706002899189811	0.0009835486413106423	19.531705856323242
23.738	3.152608695652174	0.2708461538461539	-0.1469974390351011	0.13009108293200772	0.005483383918981085	0.0005110914677399266	19.02411460876465
23.738	3.152608695652174	0.27903846153846157	-0.15479494993195417	0.12870746010149958	0.005701823482808123	0.0006787233818203527	18.57505989074707
23.738	3.152608695652174	0.28723076923076923	-0.16263236251330038	0.12620451889143136	0.005342836650372372	6.501803518286894e-05	18.13869285583496
23.738	3.152608695652174	0.29542307692307695	-0.17038634015848886	0.12371692691140618	0.005434793390115547	0.0002566658842613073	17.74911880493164
23.738	3.152608695652174	0.3036153846153847	-0.17767043569843308	0.12129473834266227	0.0053772650445282	-2.2490432013764548e-06	17.422779083251953
23.738	3.152608695652174	0.31180769230769234	-0.18529259044521984	0.11976184576397333	0.005236680912415175	-0.0003057910054996009	17.130233764648438
23.738	3.152608695652174	0.32	-0.19277998615700012	0.11748724783070508	0.0051837818643349414	-0.0006218517804517185	16.83517074584961
23.738	3.161304347826087	0.0005	-0.06350841805171327	0.14500932173810804	0.008568080228334905	0.004578020446921986	13.688011169433594
23.738	3.161304347826087	0.008692307692307694	-0.008688742772863368	0.07233384266270228	0.008716317835168434	0.005050244243589191	38.119850158691406
23.738	3.161304347826087	0.016884615384615387	-0.010631077470616635	0.10806670534320084	0.008941099527540027	0.005060540623119912	44.75707244873047
23.738	3.161304347826087	0.02507692307692308	-0.009805569531754788	0.11260100426979272	0.008708628866982284	0.004910188101305859	46.36964416503906
23.738	3.161304347826087	0.03326923076923077	-0.010338406121318377	0.11016468078151355	0.008535003230879383	0.004768430000043369	42.080787658691406
23.738	3.161304347826087	0.041461538461538466	-0.011918702298886065	0.1098394234945011	0.008435431701529382	0.004698952975442316	40.4898738861084
23.738	3.161304347826087	0.04965384615384616	-0.011806879734854895	0.10323010189814914	0.008296242449379718	0.004411160592527685	37.97426986694336
23.738	3.161304347826087	0.05784615384615385	-0.014160322305121296	0.099915624270558	0.008284713488266642	0.00435853690657628	35.976945877075195
23.738	3.161304347826087	0.06603846153846155	-0.015520822163977495	0.09590697945129835	0.008284940067998684	0.00436184038084908	34.602569580078125
23.738	3.161304347826087	0.07423076923076924	-0.0169461314476802	0.09265043417824156	0.008188008842312685	0.0044323233397759905	33.47564506530762
23.738	3.161304347826087	0.08242307692307693	-0.017770970324404445	0.08987122158420927	0.00818465661782785	0.004442317450818019	32.40092849731445
23.738	3.161304347826087	0.09061538461538463	-0.018712104909939527	0.08737814883078837	0.008009678923830012	0.004216587988433158	31.99896812438965
23.738	3.161304347826087	0.09880769230769232	-0.02004195098569073	0.08816307665861599	0.008260029794022062	0.0040229830683737155	31.301616668701172
23.738	3.161304347826087	0.10700000000000001	-0.021418588952171056	0.08780228975459675	0.007852981465206039	0.0038665748387965086	31.377174377441406
23.738	3.161304347826087	0.1151923076923077	-0.021807851776490368	0.0905026993853759	0.00806764510901989	0.004089129714621966	31.228191375732422
23.738	3.161304347826087	0.1233846153846154	-0.02485440981187518	0.09164025472222115	0.007976312867952834	0.0039055399462740426	31.54808807373047
23.738	3.161304347826087	0.1315769230769231	-0.02775114010807253	0.09350735624560605	0.007886517955136164	0.0040298874145554145	32.03943634033203
23.738	3.161304347826087	0.13976923076923078	-0.031233303945252075	0.09682287166600567	0.007842006237193716	0.003959592996722531	32.78825569152832
23.738	3.161304347826087	0.14796153846153848	-0.035860001014286054	0.09923352506251525	0.0077695925473995325	0.0037248033613360076	32.706993103027344
23.738	3.161304347826087	0.15615384615384617	-0.04121863550759978	0.10116238811991628	0.007417076370754821	0.003769656141747029	31.630311965942383
23.738	3.161304347826087	0.16434615384615386	-0.04600372930761931	0.10252022896387278	0.007243096117915717	0.003399419159966844	30.327959060668945
23.738	3.161304347826087	0.17253846153846156	-0.0519940865174313	0.10437877897710793	0.007096955513177392	0.0033204283259402187	29.446346282958984
23.738	3.161304347826087	0.18073076923076925	-0.057732143966656504	0.10624454686295468	0.007122737819870535	0.0033771313659308995	28.703218460083008
23.738	3.161304347826087	0.18892307692307694	-0.0629354233704463	0.10622179442235316	0.00711025592549734	0.0031737249964572324	28.119245529174805
23.738	3.161304347826087	0.19711538461538464	-0.06907934834854235	0.1071585097563085	0.006849575883574019	0.0029233677850125034	26.547452926635742
23.738	3.161304347826087	0.20530769230769233	-0.07488549275695831	0.10785459134877703	0.00671758137293021	0.0027244375260097736	25.13241195678711
23.738	3.161304347826087	0.21350000000000002	-0.08135906047935218	0.10811550881658039	0.006756759839179931	0.0024735915349056318	24.006893157958984
23.738	3.161304347826087	0.22169230769230772	-0.08688262235189406	0.10909923886824685	0.006279966450591224	0.0023087335019199807	22.949138641357422
23.738	3.161304347826087	0.2298846153846154	-0.09422069085846713	0.11031193163278091	0.006387615396004751	0.0024629857241934786	22.00890350341797
23.738	3.161304347826087	0.2380769230769231	-0.10027957731942702	0.10907221118020402	0.006116166016789267	0.0022952647417669335	21.231822967529297
23.738	3.161304347826087	0.2462692307692308	-0.10592358166697746	0.10771265663083683	0.0062571254835968124	0.002487468312389883	20.520427703857422
23.738	3.161304347826087	0.25446153846153846	-0.11357205437233306	0.10810320968477005	0.006093627231921999	0.001929579047455964	19.878787994384766
23.738	3.161304347826087	0.2626538461538462	-0.11981080870513838	0.10761298530490913	0.005864625038548836	0.0018028668551694597	19.316919326782227
23.738	3.161304347826087	0.2708461538461539	-0.12749798879862795	0.10674646521441483	0.005903708338365246	0.0015727154682197335	18.84568977355957
23.738	3.161304347826087	0.27903846153846157	-0.1328998123507194	0.10476699322378616	0.005951751530099126	0.0017381173418458183	18.373567581176758
23.738	3.161304347826087	0.28723076923076923	-0.1407774260598538	0.1028263095914484	0.005871262144730811	0.0012859975277125077	17.954999923706055
23.738	3.161304347826087	0.29542307692307695	-0.14790023712956585	0.10125262363898616	0.005694406051272913	0.0010520077468855488	17.598068237304688
23.738	3.161304347826087	0.3036153846153847	-0.15458952336156048	0.10037768705832818	0.005586590775716998	0.0011123528007536982	17.261075973510742
23.738	3.161304347826087	0.31180769230769234	-0.16170378934069818	0.09908920859575135	0.005670369792575897	0.0008752061187059466	16.947540283203125
23.738	3.161304347826087	0.32	-0.16817395505849578	0.09676371617331174	0.005592983336034177	0.0007573044875406494	16.70094871520996
23.738	3.17	0.0005	-0.020444462870995786	0.17819682164206174	0.009243106099458512	0.004862002399786396	13.83306884765625
23.738	3.17	0.008692307692307694	-0.017124045993018235	0.12780661122030582	0.009565587400194909	0.004996389539783157	38.260047912597656
23.738	3.17	0.016884615384615387	-0.007846702243018238	0.16940817372030587	0.009457084028811484	0.004968959937469741	45.65840148925781
23.738	3.17	0.02507692307692308	-0.009826695637361422	0.16132802944427832	0.009549074647778006	0.004979227175136736	43.12109375
23.738	3.17	0.03326923076923077	-0.010968800724999329	0.16125494167006113	0.009154466660523145	0.0046541834428363345	40.3209342956543
23.738	3.17	0.041461538461538466	-0.011269893588082211	0.15695468410647007	0.00920018327588972	0.004649528978535066	38.88795471191406
23.738	3.17	0.04965384615384616	-0.012640430426694892	0.15155023859469807	0.008939337686671055	0.0046046551531442464	36.62895584106445
23.738	3.17	0.05784615384615385	-0.014761540978356224	0.14599147163528206	0.008981011946181484	0.004631846493849777	34.810264587402344
23.738	3.17	0.06603846153846155	-0.01518401870052419	0.14042935691970593	0.008724097836258535	0.004403511868132523	33.236867904663086
23.738	3.17	0.07423076923076924	-0.015768514553484932	0.13362217141026783	0.00908448155243759	0.00467931492572582	32.23162841796875
23.738	3.17	0.08242307692307693	-0.01577256562624077	0.1287824738689481	0.008662997495357306	0.004485141622373184	31.30682373046875
23.738	3.17	0.09061538461538463	-0.017098023094965872	0.12688985361563293	0.00870750338376991	0.00438356940159298	30.796161651611328
23.738	3.17	0.09880769230769232	-0.01663887490623034	0.12365583418608533	0.008537713303059875	0.004406175967792195	30.336301803588867
23.738	3.17	0.10700000000000001	-0.01790989662159569	0.12301349771181941	0.008637402190008407	0.004272190804130762	30.121074676513672
23.738	3.17	0.1151923076923077	-0.0192074234625053	0.1224531952708903	0.008565776332845533	0.004350765016551554	30.1153507232666
23.738	3.17	0.1233846153846154	-0.020518743528957332	0.12306221466957956	0.008375881429394326	0.004169907062004744	30.576494216918945
23.738	3.17	0.1315769230769231	-0.023244064932708752	0.1237618594407844	0.008412416038963973	0.004424764672197804	31.026779174804688
23.738	3.17	0.13976923076923078	-0.027313616970872	0.12531688359269658	0.008448104671127886	0.004212773463729292	31.897613525390625
23.738	3.17	0.14796153846153848	-0.032055598697610224	0.12545850670153078	0.008168828119904789	0.0040654246847197945	31.179248809814453
23.738	3.17	0.15615384615384617	-0.03698031038060766	0.12589603925207146	0.008022948954805657	0.004066513175322098	30.004291534423828
23.738	3.17	0.16434615384615386	-0.04177255155704521	0.1258576160563245	0.007734051844974768	0.00380955608669477	29.061565399169922
23.738	3.17	0.17253846153846156	-0.04815082972822318	0.1260734581596772	0.007697036268549655	0.0037364467544893625	28.23189353942871
23.738	3.17	0.18073076923076925	-0.05434751649340221	0.12667132215328467	0.00740077423677934	0.0034833211585709734	27.502700805664062
23.738	3.17	0.18892307692307694	-0.06048100457969094	0.1261822975156484	0.007334347715262931	0.0034933143065490665	26.839981079101562
23.738	3.17	0.19711538461538464	-0.06599521802249336	0.12508500431753974	0.0073388946736546	0.0033854812706991316	26.404953002929688
23.738	3.17	0.20530769230769233	-0.0716494652702237	0.1249813059799145	0.007101806464385468	0.0033008443682788894	25.53948974609375
23.738	3.17	0.21350000000000002	-0.07707212856282117	0.12533081929746795	0.006994119876733146	0.003308432613408749	24.301475524902344
23.738	3.17	0.22169230769230772	-0.08358931521747376	0.12475415969046641	0.007087155077103786	0.00303536580454989	23.24848747253418
23.738	3.17	0.2298846153846154	-0.0893285661949273	0.12441021229849357	0.006977552975435923	0.0031584604086560904	22.306514739990234
23.738	3.17	0.2380769230769231	-0.0966143851122343	0.12303303196743186	0.00683325260485146	0.0027039127860575786	21.49938201904297
23.738	3.17	0.2462692307692308	-0.10213563282870311	0.12272619898405168	0.006614197153398726	0.00304789873476921	20.75094985961914
23.738	3.17	0.25446153846153846	-0.10963889470533031	0.12203222437412106	0.006663464674934236	0.0027096221579654472	20.141265869140625
23.738	3.17	0.2626538461538462	-0.11583908571139473	0.12083784917951189	0.006712319426137697	0.0024296861956592947	19.52863311767578
23.738	3.17	0.2708461538461539	-0.12272367531642808	0.11954894893453083	0.006449959682490883	0.002259087771357577	19.020296096801758
23.738	3.17	0.27903846153846157	-0.12900319162965307	0.11747011722647212	0.006508455331852016	0.0023510376654776663	18.544414520263672
23.738	3.17	0.28723076923076923	-0.13522728233226494	0.1154427251294294	0.006239387602028723	0.0023194119881118566	18.143457412719727
23.738	3.17	0.29542307692307695	-0.14228251583269713	0.11347995639476383	0.006344677101891314	0.0020701162799751354	17.781097412109375
23.738	3.17	0.3036153846153847	-0.14910845367737796	0.11138166288206156	0.00623653453550436	0.0018012765792091703	17.405282974243164
23.738	3.17	0.31180769230769234	-0.15576429783052786	0.11042679359864645	0.0060820269319752825	0.0016488228882356273	17.115659713745117
23.738	3.17	0.32	-0.16124418849743	0.10836382906612216	0.0058535977886582345	0.0017813014872065445	16.81623077392578
