base_if_frequency_mhz	lo_frequency_ghz	if_amplitude	g	phi	I_offset	Q_offset	sfdr_db
19.422	2.57	0.01	0.01348876953125	0.24362792968749997	0.008075728203545286	0.002945303955289344	38.01176452636719
19.422	2.57	0.02526315789473684	0.007853138124250557	0.25842291723121613	0.008090857529652228	0.002624671769297291	44.5234375
19.422	2.57	0.04052631578947368	0.009870263715715718	0.2636243865015398	0.007801791352073006	0.002409113815305894	49.405426025390625
19.422	2.57	0.05578947368421053	0.009793775538379328	0.2695842306741991	0.007664755495067316	0.002279241677810783	47.104068756103516
19.422	2.57	0.07105263157894737	0.010315828780109067	0.26973793317168143	0.007546682461258118	0.002179695633880905	46.47362518310547
19.422	2.57	0.0863157894736842	0.011223185961240438	0.27558975947697895	0.00758431477923887	0.0019433139183680688	43.982072830200195
19.422	2.57	0.10157894736842105	0.012104064043739671	0.27737798433455696	0.007309683461504847	0.0021282821010251015	41.67593765258789
19.422	2.57	0.11684210526315789	0.010526078459047426	0.2797242422706754	0.007384795905533335	0.002231875019847061	40.1356315612793
19.422	2.57	0.13210526315789473	0.009324065453965774	0.2814982168168678	0.0070385454693042545	0.0023678246295644	38.076772689819336
19.422	2.57	0.1473684210526316	0.006259455760521062	0.28438823221395026	0.006957421056981189	0.002362756426227034	36.84258842468262
19.422	2.57	0.16263157894736843	0.0035112400972524215	0.28884073627359574	0.0071180070571103034	0.002600595420734946	35.15715408325195
19.422	2.57	0.17789473684210527	-0.0006017477931965615	0.2939969430695287	0.0069708197582400815	0.0021429913843448653	33.026018142700195
19.422	2.57	0.1931578947368421	-0.007936190788685214	0.3010498227569274	0.007018888383495921	0.0018077217427262138	31.12822914123535
19.422	2.57	0.20842105263157895	-0.017349051995923383	0.3099016185558372	0.006980892475176464	0.0016864367132980126	29.261384963989258
19.422	2.57	0.2236842105263158	-0.02917248800859687	0.3193354440653326	0.006694141900168125	0.0011849442781250667	27.446195602416992
19.422	2.57	0.23894736842105263	-0.0421412780973771	0.3277963457545826	0.006665122958941316	0.0008019864704139829	25.965919494628906
19.422	2.57	0.25421052631578944	-0.056049195761172343	0.33483363393882004	0.006644700573471829	0.0006317714488802907	24.70621109008789
19.422	2.57	0.2694736842105263	-0.07043893047639563	0.34183588143625937	0.006519049352182605	0.0005058268103140131	23.710529327392578
19.422	2.57	0.2847368421052632	-0.08447933204224889	0.3471742147799661	0.006373408519468472	2.51032485598915e-05	22.854780197143555
19.422	2.57	0.3	-0.09936817924414845	0.35303605901076207	0.006185034519100741	-0.0004288841670822388	22.130661010742188
19.422	2.5801694915254236	0.01	0.0080929816428843	0.26005783769300883	0.006970919749298632	0.005237773542807237	38.85297775268555
19.422	2.5801694915254236	0.02526315789473684	0.006001806325120016	0.27373719009569597	0.006898300830504769	0.004837209186706795	46.59986877441406
19.422	2.5801694915254236	0.04052631578947368	0.004055798119706193	0.2707883754651877	0.006944032720854769	0.004841905276925001	48.250343322753906
19.422	2.5801694915254236	0.05578947368421053	0.004761613046984159	0.2753295104771927	0.006861630556755134	0.004394471188285553	44.98498344421387
19.422	2.5801694915254236	0.07105263157894737	0.002837268149713953	0.2755621876388861	0.006997915520155746	0.004312940453175163	43.793596267700195
19.422	2.5801694915254236	0.0863157894736842	0.003152783487284057	0.2753224243020187	0.007041661586668284	0.004217551691337198	42.506248474121094
19.422	2.5801694915254236	0.10157894736842105	0.0034510704902324814	0.2774387697725674	0.0069151042622300945	0.003954006696832571	41.05860900878906
19.422	2.5801694915254236	0.11684210526315789	0.002154754422267825	0.2777812346515988	0.0067644801411911515	0.0037807260589391815	38.57609748840332
19.422	2.5801694915254236	0.13210526315789473	0.002789685764478446	0.27675412243607433	0.006851532157520079	0.0035573478178792923	38.064701080322266
19.422	2.5801694915254236	0.1473684210526316	0.002369564010027926	0.27847798959579134	0.006634760530057382	0.0037104944540544975	36.55221176147461
19.422	2.5801694915254236	0.16263157894736843	0.00039831156117109585	0.28123756963055396	0.006942680812461366	0.003899591692928111	35.079999923706055
19.422	2.5801694915254236	0.17789473684210527	-0.0010748419680689423	0.28457627492481363	0.0068956842953763016	0.003677587238465236	33.52069854736328
19.422	2.5801694915254236	0.1931578947368421	-0.0054587270927513405	0.2895264925177773	0.006714267676464462	0.0031836015607310114	31.75485610961914
19.422	2.5801694915254236	0.20842105263157895	-0.012303716222794523	0.295760901738576	0.006715479012812668	0.003137846095914545	29.807353973388672
19.422	2.5801694915254236	0.2236842105263158	-0.021816096401982926	0.30312112954595516	0.006612506072477039	0.002496931268597426	27.933435440063477
19.422	2.5801694915254236	0.23894736842105263	-0.032922179757826964	0.31239969807827306	0.006543320618791688	0.0025166461718802977	26.364561080932617
19.422	2.5801694915254236	0.25421052631578944	-0.046500607772065834	0.3186229593126068	0.006393600150548004	0.0018515447034181736	25.06488609313965
19.422	2.5801694915254236	0.2694736842105263	-0.05972017624302446	0.32610859256875346	0.006298658670928411	0.0017998126156775005	23.997352600097656
19.422	2.5801694915254236	0.2847368421052632	-0.07315228992378019	0.33191125683134537	0.006101935790389998	0.0011710017960802246	23.139211654663086
19.422	2.5801694915254236	0.3	-0.08792648443489946	0.3380282000847825	0.005990353234883415	0.0009241959145260245	22.396608352661133
19.422	2.5903389830508474	0.01	0.011322478787008166	0.23212943665913427	0.00782863989628388	0.006153157515643764	33.94001388549805
19.422	2.5903389830508474	0.02526315789473684	0.004787420927067299	0.23550795273709213	0.007509997899450843	0.005816169930498579	44.083736419677734
19.422	2.5903389830508474	0.04052631578947368	0.0035611667120689612	0.24070019380392604	0.007588646209229928	0.005496635395223154	46.68946075439453
19.422	2.5903389830508474	0.05578947368421053	0.005395991175095012	0.24593628740648535	0.007534630130000159	0.005329290438651685	42.79935836791992
19.422	2.5903389830508474	0.07105263157894737	0.00596102234594004	0.2486910993490627	0.0073028263426081754	0.004935868054683842	41.40944290161133
19.422	2.5903389830508474	0.0863157894736842	0.005875011373785707	0.25171444634715134	0.007289569826140506	0.004832459705988178	40.42514419555664
19.422	2.5903389830508474	0.10157894736842105	0.00509237057462436	0.2530947894958372	0.00735457811508837	0.004678931974097389	38.46137046813965
19.422	2.5903389830508474	0.11684210526315789	0.004104158102330832	0.2547593581251858	0.007280608139014073	0.004535646213746982	36.77200126647949
19.422	2.5903389830508474	0.13210526315789473	0.0035517388435835837	0.2554418498004379	0.007375895544785831	0.004372825673342166	36.118408203125
19.422	2.5903389830508474	0.1473684210526316	0.0016089598336400694	0.2585407096130383	0.007165448575645513	0.004575326289775264	34.440948486328125
19.422	2.5903389830508474	0.16263157894736843	-0.00044018915545003637	0.26138152071213794	0.006976171756062485	0.004274997291647314	33.09821319580078
19.422	2.5903389830508474	0.17789473684210527	-0.00410000678424532	0.26614959770810764	0.0068915884191739826	0.004196129683204737	31.679039001464844
19.422	2.5903389830508474	0.1931578947368421	-0.007545939295994876	0.26979704035163105	0.007097164465093593	0.0042442256197601416	30.231449127197266
19.422	2.5903389830508474	0.20842105263157895	-0.013972124292957414	0.27761820891589106	0.0070402470437674735	0.0040254418741733945	28.60163116455078
19.422	2.5903389830508474	0.2236842105263158	-0.023653534773011065	0.2843645531888661	0.007122822166127613	0.003553323535370563	27.048322677612305
19.422	2.5903389830508474	0.23894736842105263	-0.03285983339293096	0.29173466541035764	0.007057244903115083	0.0036385449759018776	25.74371337890625
19.422	2.5903389830508474	0.25421052631578944	-0.044859023349190175	0.2965439005053024	0.006673888395596756	0.0028428261943100226	24.633363723754883
19.422	2.5903389830508474	0.2694736842105263	-0.05748112830688994	0.30344209822326706	0.0063410470253419966	0.002741079063334893	23.585796356201172
19.422	2.5903389830508474	0.2847368421052632	-0.06811333543510925	0.3075369936527107	0.006204544574442082	0.0025057453313602302	22.858957290649414
19.422	2.5903389830508474	0.3	-0.08192724731131341	0.31176776526771866	0.006075065421018187	0.002168911872597251	22.162635803222656
19.422	2.600508474576271	0.01	0.016226431207115526	0.24308950292760984	0.007814486373077294	0.006553875735731078	33.98871994018555
19.422	2.600508474576271	0.02526315789473684	0.015144276644481298	0.24692875752491594	0.0075213278861723425	0.006410430156012409	46.673728942871094
19.422	2.600508474576271	0.04052631578947368	0.01205420529228257	0.2543397378435888	0.007395691862950454	0.006113263897879331	45.924007415771484
19.422	2.600508474576271	0.05578947368421053	0.011772929843917094	0.26360896387197175	0.007470833885565638	0.006038448593227769	42.739688873291016
19.422	2.600508474576271	0.07105263157894737	0.010845051101787639	0.2676724625797398	0.007482107217185668	0.005647687491711223	41.110069274902344
19.422	2.600508474576271	0.0863157894736842	0.00998949415647115	0.2715835822675764	0.0074047669105879056	0.00549987191187171	40.31597137451172
19.422	2.600508474576271	0.10157894736842105	0.007977478148896287	0.2739064202495321	0.007474382800762541	0.005234162096138847	38.4962272644043
19.422	2.600508474576271	0.11684210526315789	0.009681419970948287	0.2772768185325369	0.007587566203184664	0.005097745557812347	36.7340030670166
19.422	2.600508474576271	0.13210526315789473	0.007212230015387476	0.27898387583134243	0.007419652415727315	0.0051051902019897035	36.091360092163086
19.422	2.600508474576271	0.1473684210526316	0.006306795279938036	0.28121075525277583	0.007391731974081381	0.0051415035175538665	34.59865951538086
19.422	2.600508474576271	0.16263157894736843	0.005317748766533133	0.28472910488094194	0.007194577074807168	0.005022459634860008	33.053829193115234
19.422	2.600508474576271	0.17789473684210527	0.002043284602278996	0.289640453874187	0.007159698228093586	0.005154627376920579	31.1098575592041
19.422	2.600508474576271	0.1931578947368421	-0.0030749723913127904	0.2941679635523423	0.007211465335382052	0.004853140327010512	29.418943405151367
19.422	2.600508474576271	0.20842105263157895	-0.010072938771998986	0.3010288682563095	0.007211497621716369	0.00456892197614859	27.77690887451172
19.422	2.600508474576271	0.2236842105263158	-0.01960581824642872	0.3073684639890926	0.007120014093382797	0.004257743194090505	26.125431060791016
19.422	2.600508474576271	0.23894736842105263	-0.031065961287218898	0.3147024251951448	0.0070707760451599625	0.003918368558117105	24.742023468017578
19.422	2.600508474576271	0.25421052631578944	-0.04413266605782725	0.3203197626922416	0.006885057842550106	0.003614576203625706	23.5578556060791
19.422	2.600508474576271	0.2694736842105263	-0.058174197255367516	0.32666104436216864	0.007004308795325578	0.003492953759968165	22.57657814025879
19.422	2.600508474576271	0.2847368421052632	-0.07152362794325767	0.33103741659385255	0.006460474271802176	0.0032413273244573217	21.821441650390625
19.422	2.600508474576271	0.3	-0.08634223255825077	0.3358050786907086	0.006317656465302602	0.0028929149038838587	21.107255935668945
19.422	2.610677966101695	0.01	0.0222863948231532	0.23819736958564025	0.008225280128718895	0.006994440976081574	38.80528259277344
19.422	2.610677966101695	0.02526315789473684	0.017850664842684445	0.24638142109931216	0.008035384136147862	0.006813583904650752	43.63325881958008
19.422	2.610677966101695	0.04052631578947368	0.017668028760512048	0.256477882425196	0.008160932209865713	0.006886764748767758	46.25445556640625
19.422	2.610677966101695	0.05578947368421053	0.016824579019644854	0.265141690206532	0.008000037772416377	0.006397876449528127	44.13863754272461
19.422	2.610677966101695	0.07105263157894737	0.01521633611185794	0.26686194923983186	0.00791638933171181	0.006288670857912081	40.00486755371094
19.422	2.610677966101695	0.0863157894736842	0.013980989045317669	0.2666105404162988	0.007975224393980187	0.005973822830761568	40.58072280883789
19.422	2.610677966101695	0.10157894736842105	0.013058434872742188	0.267786134839265	0.007928633282084633	0.005967718965042192	38.38075828552246
19.422	2.610677966101695	0.11684210526315789	0.010501267880986822	0.2676080257997125	0.007958636923943994	0.005858504276159923	37.13811492919922
19.422	2.610677966101695	0.13210526315789473	0.007728864745091088	0.27006729947330643	0.007781990437000634	0.00603695828596142	35.57966613769531
19.422	2.610677966101695	0.1473684210526316	0.005277528880411083	0.2730863832188002	0.007784172525714799	0.005734310740027098	34.15225028991699
19.422	2.610677966101695	0.16263157894736843	0.0013979354750841926	0.2765444677996708	0.007521135417711778	0.0057328529792238965	32.79968070983887
19.422	2.610677966101695	0.17789473684210527	-0.0032370824292814768	0.28452902269278973	0.007715002604449642	0.005433120450407572	30.78961944580078
19.422	2.610677966101695	0.1931578947368421	-0.010043238862512556	0.2922306005223286	0.0076074061318497565	0.005504671357911167	28.988792419433594
19.422	2.610677966101695	0.20842105263157895	-0.018734999819419597	0.30124693568767313	0.00759308121404618	0.005297641012627936	27.329437255859375
19.422	2.610677966101695	0.2236842105263158	-0.029961896317526555	0.309884173591082	0.007207831396127656	0.004919051091899234	25.71980094909668
19.422	2.610677966101695	0.23894736842105263	-0.04180959062408815	0.31753826786202916	0.007341941704263509	0.004821962164321517	24.39445686340332
19.422	2.610677966101695	0.25421052631578944	-0.05543428780269035	0.3231375650726034	0.007191744485950353	0.004812335736592432	23.29022979736328
19.422	2.610677966101695	0.2694736842105263	-0.069100672082536	0.3295848504609304	0.0069892352915480625	0.0044741939688296645	22.381847381591797
19.422	2.610677966101695	0.2847368421052632	-0.08269639529560714	0.3351097861043849	0.006721978959237817	0.004165099261725258	21.612380981445312
19.422	2.610677966101695	0.3	-0.09562419077470216	0.3384119032709687	0.00659245358524364	0.0039715105089641635	20.97119903564453
19.422	2.620847457627119	0.01	0.0254122910825977	0.21026988018442078	0.008995134128676512	0.006832819931701307	39.69099426269531
19.422	2.620847457627119	0.02526315789473684	0.02442134357492662	0.2216057342173707	0.008878078401503047	0.00673964719718942	47.90675354003906
19.422	2.620847457627119	0.04052631578947368	0.024527840514075687	0.23113358373286305	0.008920703671523875	0.006710013190745666	49.85310745239258
19.422	2.620847457627119	0.05578947368421053	0.022274279510219014	0.24222915503749776	0.008732093825151017	0.00650877837083971	44.41449737548828
19.422	2.620847457627119	0.07105263157894737	0.02232152565612871	0.25116744873090135	0.008770467939015859	0.006247526696420383	41.60520362854004
19.422	2.620847457627119	0.0863157894736842	0.021014372233743247	0.25703067572763616	0.008915019024701258	0.006284180135943022	41.601261138916016
19.422	2.620847457627119	0.10157894736842105	0.01992643325412593	0.2643064009637404	0.008847283990406008	0.006056537962284396	40.23344421386719
19.422	2.620847457627119	0.11684210526315789	0.018836447393381438	0.2689343176142378	0.008874300137707177	0.006152690392727133	38.821292877197266
19.422	2.620847457627119	0.13210526315789473	0.018170520617253553	0.27494800468853864	0.008524965367528024	0.005946611849883774	37.268442153930664
19.422	2.620847457627119	0.1473684210526316	0.01649228765773618	0.2796742039735581	0.008516348727830091	0.006051583510176412	36.275779724121094
19.422	2.620847457627119	0.16263157894736843	0.013607322789416048	0.28646502653908	0.008410665688440845	0.006064150929366348	34.24692916870117
19.422	2.620847457627119	0.17789473684210527	0.008787500803977583	0.2944028288435938	0.008404696129893205	0.006067957892402613	32.11698341369629
19.422	2.620847457627119	0.1931578947368421	0.0011370109895056392	0.3046625874954437	0.008126256191409555	0.00579331702042675	29.69259262084961
19.422	2.620847457627119	0.20842105263157895	-0.008639170831274403	0.3142375050596124	0.008195432760059268	0.005674912172391322	27.870849609375
19.422	2.620847457627119	0.2236842105263158	-0.02223123201484511	0.324636510081319	0.007998786311731827	0.005357451975777628	25.932518005371094
19.422	2.620847457627119	0.23894736842105263	-0.03686745971736454	0.33376720016901196	0.007892917898659424	0.005414860781873754	24.561925888061523
19.422	2.620847457627119	0.25421052631578944	-0.05162411847077085	0.34076905481812214	0.00781640124994951	0.005235499338501483	23.303878784179688
19.422	2.620847457627119	0.2694736842105263	-0.06831510898582413	0.3488705320126995	0.00779880468842961	0.0052792267007097824	22.365636825561523
19.422	2.620847457627119	0.2847368421052632	-0.08344917942695096	0.3547412689618453	0.0074114265710851935	0.004939694292284722	21.572166442871094
19.422	2.620847457627119	0.3	-0.09937886342040504	0.3601757613014002	0.00750459512684408	0.0046877901273781305	20.90889549255371
19.422	2.6310169491525426	0.01	0.022708615217290264	0.218061884958627	0.010007546961165799	0.006561060990885192	36.9655647277832
19.422	2.6310169491525426	0.02526315789473684	0.01903464922552454	0.23222655825189834	0.010050074004562289	0.0063630005094886255	47.24845504760742
19.422	2.6310169491525426	0.04052631578947368	0.01927109258141551	0.23737053075299763	0.009666816005870299	0.006452290563836281	48.438758850097656
19.422	2.6310169491525426	0.05578947368421053	0.016835190960058897	0.2459473817418999	0.009747358282925733	0.006340032777145416	45.148250579833984
19.422	2.6310169491525426	0.07105263157894737	0.017100717061994515	0.2454467119206502	0.009849847434612044	0.006490134723528489	42.072166442871094
19.422	2.6310169491525426	0.0863157894736842	0.016712128791441305	0.24677962904365144	0.009514005284359462	0.006198218382998994	41.961822509765625
19.422	2.6310169491525426	0.10157894736842105	0.015247983882618235	0.24497026659350254	0.009510279415147711	0.006169119437192455	39.41084289550781
19.422	2.6310169491525426	0.11684210526315789	0.013908485204504297	0.2466102995704081	0.00942136057742905	0.005996992666707264	38.60985565185547
19.422	2.6310169491525426	0.13210526315789473	0.012923206017721303	0.2454872400466005	0.009338511014127474	0.0062440261446660445	37.313161849975586
19.422	2.6310169491525426	0.1473684210526316	0.01106308773685609	0.24572005233549166	0.009333103070419822	0.006138945555962775	36.536590576171875
19.422	2.6310169491525426	0.16263157894736843	0.008408084780402843	0.2503077074010438	0.00918435288491171	0.005968335641923545	34.53061294555664
19.422	2.6310169491525426	0.17789473684210527	0.004842084259987095	0.25773447317009623	0.008900366812489794	0.006048203512694237	32.65411376953125
19.422	2.6310169491525426	0.1931578947368421	-0.0014187938915220595	0.26770643789658555	0.00922592731393854	0.00631166199550008	30.83487892150879
19.422	2.6310169491525426	0.20842105263157895	-0.009505507120362437	0.27725991928472415	0.00893303142101251	0.005994787371532045	28.87409019470215
19.422	2.6310169491525426	0.2236842105263158	-0.020943085642007704	0.2888334123271893	0.008784406019814575	0.0057898028988749555	27.155590057373047
19.422	2.6310169491525426	0.23894736842105263	-0.032951653237724775	0.29820459695022417	0.0087149816698835	0.0059474196942066624	25.772655487060547
19.422	2.6310169491525426	0.25421052631578944	-0.046169662960587464	0.30592537141618453	0.008570377729021496	0.005730831832483279	24.622587203979492
19.422	2.6310169491525426	0.2694736842105263	-0.05992229433801625	0.31494792873253236	0.008562194715606528	0.005668661356179844	23.545839309692383
19.422	2.6310169491525426	0.2847368421052632	-0.074385267883212	0.3213530303345895	0.008282797125599496	0.0053914033340383034	22.707672119140625
19.422	2.6310169491525426	0.3	-0.08812564679554549	0.3266633522079961	0.008096180855324799	0.005301815971560885	22.068744659423828
19.422	2.641186440677966	0.01	0.028339289937700348	0.17924432273373778	0.010323319647256586	0.005853769862969522	38.47045135498047
19.422	2.641186440677966	0.02526315789473684	0.029440612176578673	0.19906474111634562	0.01001340364704452	0.005739941349444286	45.62934875488281
19.422	2.641186440677966	0.04052631578947368	0.027426159672351735	0.20962688004223418	0.010163382962496362	0.0058290468298819375	48.17817687988281
19.422	2.641186440677966	0.05578947368421053	0.02552090912303533	0.21928960358349392	0.010043946885187584	0.005891729855632349	45.334224700927734
19.422	2.641186440677966	0.07105263157894737	0.025282803375186576	0.22666004373317372	0.0099127813043247	0.005835282062882079	43.85639953613281
19.422	2.641186440677966	0.0863157894736842	0.025082361412380072	0.2356539952874675	0.009797640590573378	0.005821538815045249	42.74242973327637
19.422	2.641186440677966	0.10157894736842105	0.023649727676221984	0.24103412030141608	0.00978749399410439	0.0058650726156807345	39.96310997009277
19.422	2.641186440677966	0.11684210526315789	0.023032744426977867	0.2465166032852426	0.009778468963656256	0.0057045659077070415	37.53480911254883
19.422	2.641186440677966	0.13210526315789473	0.020806256307564608	0.24977782809016164	0.009614065497867294	0.00590426366492413	35.615421295166016
19.422	2.641186440677966	0.1473684210526316	0.019330939565193803	0.2530999763266315	0.009921479039990248	0.005958976736646421	34.81753158569336
19.422	2.641186440677966	0.16263157894736843	0.01646622534869104	0.257346795066416	0.009655018757153692	0.0058997513894450265	34.53822708129883
19.422	2.641186440677966	0.17789473684210527	0.01387393680894612	0.2626807778120672	0.009597557401922007	0.005841046503378421	33.61936569213867
19.422	2.641186440677966	0.1931578947368421	0.008211182633150727	0.27014564001834823	0.009351674663807782	0.005782430741732718	31.508777618408203
19.422	2.641186440677966	0.20842105263157895	0.000385839976918032	0.2777496231947788	0.009616722063445816	0.005637454406930166	29.566219329833984
19.422	2.641186440677966	0.2236842105263158	-0.009956829416828034	0.28660482235704543	0.009549352459770195	0.005724969800918887	27.781219482421875
19.422	2.641186440677966	0.23894736842105263	-0.02229281794787726	0.2957265570727453	0.00944190480954521	0.005645809202877144	26.232614517211914
19.422	2.641186440677966	0.25421052631578944	-0.03529250752688727	0.3023405805197821	0.009453943699466134	0.00571001546794838	24.915990829467773
19.422	2.641186440677966	0.2694736842105263	-0.05066493514948479	0.3095362537691003	0.009174296677533823	0.005404606167766191	23.849716186523438
19.422	2.641186440677966	0.2847368421052632	-0.06479410921730891	0.31554608475922374	0.009098411501763822	0.0055229689473217485	22.982526779174805
19.422	2.641186440677966	0.3	-0.07900597938843862	0.321007145108122	0.009078654501791085	0.005219223729205658	22.25914764404297
19.422	2.6513559322033897	0.01	0.015006772693760221	0.24458503658457428	0.011163589692369188	0.005314994963215249	35.84952163696289
19.422	2.6513559322033897	0.02526315789473684	0.021634471825426656	0.25344577415090647	0.011083235523874666	0.005200632790480119	43.77085494995117
19.422	2.6513559322033897	0.04052631578947368	0.013666712249731868	0.25961559822027236	0.010856968906811655	0.00508140594550119	44.645809173583984
19.422	2.6513559322033897	0.05578947368421053	0.013602964069331293	0.261877697697502	0.010582703965466775	0.005332577125935729	42.8221435546875
19.422	2.6513559322033897	0.07105263157894737	0.01141573586651147	0.2589513361366804	0.010563864729922316	0.005263240238005781	40.48530578613281
19.422	2.6513559322033897	0.0863157894736842	0.010033138982588658	0.25825381301402695	0.01066812396748206	0.0053490828208540555	40.04205322265625
19.422	2.6513559322033897	0.10157894736842105	0.009226794963802538	0.2535986039467163	0.010712251378574691	0.005586498512517102	37.96034049987793
19.422	2.6513559322033897	0.11684210526315789	0.008018177337214358	0.2520916016410698	0.010476401027660242	0.005398781555982258	37.191261291503906
19.422	2.6513559322033897	0.13210526315789473	0.007181702050878584	0.24839541844796958	0.010582710215698024	0.005609660709824481	36.61638069152832
19.422	2.6513559322033897	0.1473684210526316	0.006317457309604604	0.24770676625204513	0.010645367174169073	0.005352018592320915	35.296836853027344
19.422	2.6513559322033897	0.16263157894736843	0.005337828973603175	0.24997107276911606	0.010196442254983465	0.00535520317779979	33.790483474731445
19.422	2.6513559322033897	0.17789473684210527	0.0020424221294491132	0.2545551990236925	0.010587066601065653	0.0056514236515773225	32.15207099914551
19.422	2.6513559322033897	0.1931578947368421	-0.002733590581777826	0.2609142005521643	0.01038349923902444	0.005365273162167403	30.19862174987793
19.422	2.6513559322033897	0.20842105263157895	-0.009516663755670092	0.26819629500265263	0.010648234178659233	0.005499088922202862	28.456972122192383
19.422	2.6513559322033897	0.2236842105263158	-0.018366137395963676	0.27682910065037414	0.010404087731460685	0.005143980561364277	26.835601806640625
19.422	2.6513559322033897	0.23894736842105263	-0.0295012590557348	0.2839330981285512	0.010486911343309625	0.005311672637198191	25.37682342529297
19.422	2.6513559322033897	0.25421052631578944	-0.04107888653865424	0.29020886657191647	0.010468628419243904	0.005219370447720414	24.29779052734375
19.422	2.6513559322033897	0.2694736842105263	-0.053430940952129136	0.29549037565962827	0.010322952576357059	0.0052103712620132836	23.298473358154297
19.422	2.6513559322033897	0.2847368421052632	-0.06641588820146248	0.3012181512516776	0.010190557428254393	0.005154572799450324	22.51245880126953
19.422	2.6513559322033897	0.3	-0.07938491668553874	0.3060873682581673	0.010086312233244871	0.004967898810895587	21.829364776611328
19.422	2.6615254237288135	0.01	0.02005692223355248	0.18400953655011004	0.011590507169112398	0.004329034898500093	38.12306213378906
19.422	2.6615254237288135	0.02526315789473684	0.022617142487567223	0.21408203593293695	0.011428465199032452	0.004236231883397076	46.49153518676758
19.422	2.6615254237288135	0.04052631578947368	0.025436969913241014	0.22760005416885049	0.01147247001048371	0.004258120564944545	48.67913818359375
19.422	2.6615254237288135	0.05578947368421053	0.022423978797334494	0.23868162543195562	0.011448490954882835	0.004299051473316707	44.738677978515625
19.422	2.6615254237288135	0.07105263157894737	0.02041998162883079	0.24576193819203668	0.011312255370468805	0.004449852707401835	41.61103630065918
19.422	2.6615254237288135	0.0863157894736842	0.019776547579269166	0.2525416937741384	0.011318989941467182	0.004413138385746102	41.11299514770508
19.422	2.6615254237288135	0.10157894736842105	0.017863537157128802	0.2588051136202112	0.011362922558744128	0.00453048673874109	38.198978424072266
19.422	2.6615254237288135	0.11684210526315789	0.01632968539713743	0.26500417554124245	0.011265133356625837	0.0044476895919895445	35.776241302490234
19.422	2.6615254237288135	0.13210526315789473	0.013533383168361005	0.26763987512545334	0.01130330270538696	0.004587899508680536	35.10702133178711
19.422	2.6615254237288135	0.1473684210526316	0.010734186458249426	0.2710836895233594	0.011414568713707808	0.004585027602160648	34.750675201416016
19.422	2.6615254237288135	0.16263157894736843	0.0071965240964899915	0.2772921637651077	0.01147201608256897	0.004613289138058545	33.37533760070801
19.422	2.6615254237288135	0.17789473684210527	0.0027086017395603636	0.2837965647185253	0.01149074265569456	0.004562232371006841	31.232725143432617
19.422	2.6615254237288135	0.1931578947368421	-0.004952560967230131	0.29177598784927133	0.011700492983907535	0.0044510366931154715	29.069801330566406
19.422	2.6615254237288135	0.20842105263157895	-0.014572552310666275	0.2996304057594298	0.01145204975031989	0.004069293665809513	27.215770721435547
19.422	2.6615254237288135	0.2236842105263158	-0.026654735258627243	0.3079787640194209	0.01138802361760641	0.0039050626822179626	25.564556121826172
19.422	2.6615254237288135	0.23894736842105263	-0.040384898731419164	0.3147103813213417	0.011495295498885703	0.0038776013137001323	24.176176071166992
19.422	2.6615254237288135	0.25421052631578944	-0.05515397562580948	0.31955110736642767	0.011486594384992652	0.003711839318605403	23.01259994506836
19.422	2.6615254237288135	0.2694736842105263	-0.06977559320237821	0.3242484595148312	0.011743050331724219	0.003848499328119436	22.123924255371094
19.422	2.6615254237288135	0.2847368421052632	-0.08476859348750887	0.328809918624836	0.011656504821160272	0.003475532666536884	21.395103454589844
19.422	2.6615254237288135	0.3	-0.09960284539641447	0.332910159921164	0.011432732381301974	0.003148387821577336	20.75531768798828
19.422	2.6716949152542373	0.01	0.01843334847277861	0.22275295246043922	0.012569145442096415	0.0036436436927239193	39.64873123168945
19.422	2.6716949152542373	0.02526315789473684	0.018752372776059067	0.25141133337036764	0.012388139371739845	0.0036038747897831564	47.98955535888672
19.422	2.6716949152542373	0.04052631578947368	0.018123991939380225	0.25552440846412305	0.01243037645797085	0.003549518668391492	44.880279541015625
19.422	2.6716949152542373	0.05578947368421053	0.014788405667665806	0.262641220483499	0.012108276726192566	0.003692209558665857	44.17387008666992
19.422	2.6716949152542373	0.07105263157894737	0.015578183105951266	0.2606069324911117	0.012096658160847604	0.0035111258208141245	41.474802017211914
19.422	2.6716949152542373	0.0863157894736842	0.014311883116003683	0.2616995972626795	0.011875943651360448	0.0036313863872871294	40.49470901489258
19.422	2.6716949152542373	0.10157894736842105	0.013179036911439712	0.26116582991545545	0.011805630724923848	0.003777677522766387	39.05261039733887
19.422	2.6716949152542373	0.11684210526315789	0.012408858748131746	0.2621509746696191	0.012257390583621021	0.0041940250942113155	37.29677200317383
19.422	2.6716949152542373	0.13210526315789473	0.010766108637654535	0.263418714567213	0.011805187892840293	0.0038405578249077546	36.07888603210449
19.422	2.6716949152542373	0.1473684210526316	0.009000652079885084	0.26709637539419595	0.011522942303652929	0.003290026307542741	35.08466339111328
19.422	2.6716949152542373	0.16263157894736843	0.005692792291255241	0.27363908519429103	0.012011658669361717	0.0036940183451670775	33.09116172790527
19.422	2.6716949152542373	0.17789473684210527	0.0009433747417903911	0.2845076304957824	0.012118683224743652	0.0031844597640693414	30.757598876953125
19.422	2.6716949152542373	0.1931578947368421	-0.008215315023264632	0.29493865799414587	0.012236156595912526	0.003147167712040903	28.613636016845703
19.422	2.6716949152542373	0.20842105263157895	-0.018948293605646833	0.304458196277494	0.012472882448940997	0.0029089614472015118	26.727741241455078
19.422	2.6716949152542373	0.2236842105263158	-0.03147936708118198	0.3142191593216451	0.01248066551908901	0.0024677624771599124	25.118602752685547
19.422	2.6716949152542373	0.23894736842105263	-0.045118700965748416	0.32221022137014044	0.012383564399830379	0.0021329620016827524	23.844253540039062
19.422	2.6716949152542373	0.25421052631578944	-0.05977186825151928	0.3277647144458475	0.012463499592310126	0.001989350641865312	22.754762649536133
19.422	2.6716949152542373	0.2694736842105263	-0.07354029530219175	0.33364178116379617	0.01255271915456968	0.0016104294767500366	21.919614791870117
19.422	2.6716949152542373	0.2847368421052632	-0.08826526778978233	0.3394584511851083	0.012636799465799712	0.0013484540269968228	21.179950714111328
19.422	2.6716949152542373	0.3	-0.10140009223253232	0.3423070184226694	0.01275209993825258	0.0010378928022231567	20.643692016601562
19.422	2.681864406779661	0.01	0.032172295462780144	0.16285450377423183	0.013772940501755433	0.002009834630445821	38.20172119140625
19.422	2.681864406779661	0.02526315789473684	0.027209135156564864	0.19225052700299636	0.013513908046249636	0.0018712462905405673	49.52217483520508
19.422	2.681864406779661	0.04052631578947368	0.027449426607195404	0.2021191790969849	0.013631946618881799	0.002022195868289983	48.14882278442383
19.422	2.681864406779661	0.05578947368421053	0.0237223690310159	0.2140038758786202	0.013390611985617827	0.0019349881693661542	46.40140724182129
19.422	2.681864406779661	0.07105263157894737	0.02472414429575588	0.22115090790109634	0.01320208684139604	0.0018508464322868174	42.65294647216797
19.422	2.681864406779661	0.0863157894736842	0.02228507565377664	0.22826809516197927	0.013284241848008116	0.0021130611509780307	40.45670127868652
19.422	2.681864406779661	0.10157894736842105	0.02027474900750827	0.23577759709230545	0.012925412132311485	0.0018736730614383132	37.487030029296875
19.422	2.681864406779661	0.11684210526315789	0.018820839729592316	0.24088801439872864	0.013076822074502578	0.00202927874570567	35.775814056396484
19.422	2.681864406779661	0.13210526315789473	0.016825095825329546	0.24616167918800305	0.013080118723378505	0.002251072081443777	34.36836624145508
19.422	2.681864406779661	0.1473684210526316	0.013271158577840907	0.25315706959597684	0.01307178429031162	0.001966445085632157	34.30596160888672
19.422	2.681864406779661	0.16263157894736843	0.009323087287334855	0.2621970826185813	0.013133933742007936	0.001709833083655694	33.514747619628906
19.422	2.681864406779661	0.17789473684210527	0.0011663671072065667	0.2752327721026162	0.013269942200133696	0.0014064253164668928	31.0751953125
19.422	2.681864406779661	0.1931578947368421	-0.008723894893887958	0.2872348283500137	0.013208734027432393	0.0008542589117986496	29.084264755249023
19.422	2.681864406779661	0.20842105263157895	-0.020655235950049818	0.3001597719481384	0.013100458812880262	0.0004043654092619236	27.18385124206543
19.422	2.681864406779661	0.2236842105263158	-0.03431258447244469	0.3098879743456354	0.013391409309333777	0.0002447537069205035	25.664947509765625
19.422	2.681864406779661	0.23894736842105263	-0.04879930861070457	0.3196634966969004	0.01328951361455916	-0.0003440072043641779	24.321186065673828
19.422	2.681864406779661	0.25421052631578944	-0.06427416600172284	0.32671978549913266	0.013299512295698377	-0.000452933246992532	23.335182189941406
19.422	2.681864406779661	0.2694736842105263	-0.07975610095301242	0.3337031518607765	0.013290572365223446	-0.0010813901593003511	22.39956283569336
19.422	2.681864406779661	0.2847368421052632	-0.09514300242291361	0.3398359251008734	0.013322776334245237	-0.00145843562269263	21.690473556518555
19.422	2.681864406779661	0.3	-0.10932058750991169	0.3438022569905924	0.013047257878534783	-0.0019105061587975593	21.128894805908203
19.422	2.692033898305085	0.01	0.013183900511783864	0.20095357595363467	0.013883335332539916	0.00016307574684508268	38.84248352050781
19.422	2.692033898305085	0.02526315789473684	0.015334682313685621	0.22974290796208957	0.0139198043034785	0.0001600459929835993	48.23477554321289
19.422	2.692033898305085	0.04052631578947368	0.015272430533572978	0.23639503268908216	0.013636695136702667	0.00026387258827928716	48.38544845581055
19.422	2.692033898305085	0.05578947368421053	0.012605760449573344	0.23730833379934985	0.013427580174712607	0.00014114766062395988	45.53752517700195
19.422	2.692033898305085	0.07105263157894737	0.012500221519973443	0.23731817419193602	0.013453546648524127	0.00040657594989237884	44.233638763427734
19.422	2.692033898305085	0.0863157894736842	0.011427945806865715	0.2376722882268162	0.013154853617451508	0.0005199555326550973	42.97172164916992
19.422	2.692033898305085	0.10157894736842105	0.010664313362433706	0.23873843602770045	0.012956419457877122	0.00020956892201933684	40.51756477355957
19.422	2.692033898305085	0.11684210526315789	0.010672016862463926	0.24072261497179293	0.01283697177553283	0.000379799974975264	38.25358200073242
19.422	2.692033898305085	0.13210526315789473	0.010342269155015628	0.24180480339199312	0.012679257604954135	9.215854769019724e-05	36.588134765625
19.422	2.692033898305085	0.1473684210526316	0.009083154226454632	0.2452666480128078	0.012632252958727115	0.00028029413763165103	35.89911460876465
19.422	2.692033898305085	0.16263157894736843	0.008114333300745409	0.252243367004076	0.012614784295445356	-8.080103477964623e-05	34.7904167175293
19.422	2.692033898305085	0.17789473684210527	0.002827635672315456	0.2604040310012178	0.012821750054828338	-0.0004469852676058414	32.654462814331055
19.422	2.692033898305085	0.1931578947368421	-0.004678046904132269	0.2721897599047052	0.013063260397867748	-0.0006868743497554458	30.370098114013672
19.422	2.692033898305085	0.20842105263157895	-0.014597392050177353	0.2835735558059068	0.012989600142301529	-0.0011362046600217487	28.369953155517578
19.422	2.692033898305085	0.2236842105263158	-0.026493427251534692	0.2941702702140842	0.01278522790177539	-0.0016889837953561946	26.706388473510742
19.422	2.692033898305085	0.23894736842105263	-0.039605241162868746	0.30335268070332966	0.012852614163424269	-0.002493136077206416	25.350234985351562
19.422	2.692033898305085	0.25421052631578944	-0.05431808576563239	0.3110638337150987	0.01271199499274506	-0.0028305699715850063	24.20858383178711
19.422	2.692033898305085	0.2694736842105263	-0.06825677162618995	0.31925889350252984	0.012467026246443741	-0.003186446498958772	23.23572540283203
19.422	2.692033898305085	0.2847368421052632	-0.08315187913017034	0.32699426597694703	0.012505276610719745	-0.0035718014706635727	22.483095169067383
19.422	2.692033898305085	0.3	-0.09739123565727534	0.3319763850538323	0.012321222632351398	-0.003988155579796012	21.86176872253418
19.422	2.7022033898305082	0.01	0.017546809868875465	0.1736063012996795	0.01423951038298871	-0.0010552101944540215	40.19415283203125
19.422	2.7022033898305082	0.02526315789473684	0.013295064944415564	0.191303723307496	0.013938039874240683	-0.0011036744439934156	41.82423782348633
19.422	2.7022033898305082	0.04052631578947368	0.012668963667100831	0.2015725939857209	0.013887973873821347	-0.0013708949801025854	47.53705596923828
19.422	2.7022033898305082	0.05578947368421053	0.011160433751685713	0.20872495843362945	0.013765843514804251	-0.001180781199239542	46.60505294799805
19.422	2.7022033898305082	0.07105263157894737	0.009724283806980953	0.21219032288118866	0.013292771776125041	-0.001295372812090284	44.21522331237793
19.422	2.7022033898305082	0.0863157894736842	0.009448727386964954	0.21733362059027128	0.0134667329304849	-0.000904971963244102	42.43971633911133
19.422	2.7022033898305082	0.10157894736842105	0.0092095897799222	0.22174630480954838	0.013152839242721034	-0.000936022775938699	39.03266143798828
19.422	2.7022033898305082	0.11684210526315789	0.009815682939798967	0.22587619782794682	0.012644433943125682	-0.0009590699315362293	37.464738845825195
19.422	2.7022033898305082	0.13210526315789473	0.007752293987570254	0.22843238108040131	0.012769605757518324	-0.0006614430734812194	35.85713005065918
19.422	2.7022033898305082	0.1473684210526316	0.006731833653585881	0.23346780102811823	0.012979756737895552	-0.0008801873728602446	35.27248764038086
19.422	2.7022033898305082	0.16263157894736843	0.003026235770239773	0.2400350259536509	0.012734198754450178	-0.0009914755669198595	34.30244064331055
19.422	2.7022033898305082	0.17789473684210527	-0.00259864617531067	0.24802180388137743	0.01273746024050458	-0.001267576335859165	32.28126907348633
19.422	2.7022033898305082	0.1931578947368421	-0.01049905416714838	0.25814283761206125	0.01263246059885212	-0.0018119607480030283	30.04088020324707
19.422	2.7022033898305082	0.20842105263157895	-0.0202623449514056	0.26823649983181047	0.01248330888627227	-0.002015409553022883	28.2609806060791
19.422	2.7022033898305082	0.2236842105263158	-0.03236873888097651	0.27792099634444706	0.012493242686384187	-0.0024955696016456283	26.644044876098633
19.422	2.7022033898305082	0.23894736842105263	-0.0448969401470491	0.2864231729289145	0.012085119358294948	-0.0028948298415403355	25.454565048217773
19.422	2.7022033898305082	0.25421052631578944	-0.058745497416424444	0.2927169522429152	0.011871158273596078	-0.0035637196158453542	24.388652801513672
19.422	2.7022033898305082	0.2694736842105263	-0.0721568557481691	0.29885206696953226	0.01181933644346659	-0.004192472869322398	23.427635192871094
19.422	2.7022033898305082	0.2847368421052632	-0.08548412308415884	0.3040353986222658	0.01140274106131477	-0.004550446142207688	22.722126007080078
19.422	2.7022033898305082	0.3	-0.09867698517015687	0.30819853225465754	0.011218725384380032	-0.005278638461624057	22.103225708007812
19.422	2.712372881355932	0.01	0.013675958250253301	0.24447678008790946	0.013337234211787369	-0.003916509678527921	38.86140441894531
19.422	2.712372881355932	0.02526315789473684	0.007412924903048977	0.2598166669739772	0.01322866528596351	-0.004209666579749958	41.5356559753418
19.422	2.712372881355932	0.04052631578947368	0.00853240084955598	0.26246068707968573	0.013028587096362699	-0.0037581407159565797	47.10802459716797
19.422	2.712372881355932	0.05578947368421053	0.006837417605613716	0.26348907879855027	0.012843906236857919	-0.0035651935186923646	44.90187072753906
19.422	2.712372881355932	0.07105263157894737	0.007875774739000335	0.2627201575177854	0.012068962858452291	-0.0033334847469735774	43.95161819458008
19.422	2.712372881355932	0.0863157894736842	0.008671104748714568	0.26310688290645656	0.011819746411097154	-0.003051808760630035	40.807796478271484
19.422	2.712372881355932	0.10157894736842105	0.00817114745843843	0.2630852130706192	0.011886197448333148	-0.002653990532970292	38.42626190185547
19.422	2.712372881355932	0.11684210526315789	0.008631697050444455	0.26493258813893783	0.011338314550535935	-0.0026400482387399986	36.729034423828125
19.422	2.712372881355932	0.13210526315789473	0.008441389105431407	0.2650988728044031	0.011262877329938116	-0.0024156510204599293	36.13384819030762
19.422	2.712372881355932	0.1473684210526316	0.007136020283363431	0.26674673256961984	0.0111656465080902	-0.002169838112644951	35.62360763549805
19.422	2.712372881355932	0.16263157894736843	0.0043270183212402785	0.27233784648401704	0.011346809143638479	-0.0023976577410459257	33.234928131103516
19.422	2.712372881355932	0.17789473684210527	-0.0016591353041772203	0.27904997561986605	0.011237406583300918	-0.002524237502398121	30.931514739990234
19.422	2.712372881355932	0.1931578947368421	-0.009937765465880627	0.2863445664548426	0.011132179656213726	-0.002970838164707158	28.746360778808594
19.422	2.712372881355932	0.20842105263157895	-0.021116314711113363	0.29405862895616974	0.01110800042610685	-0.003388296903998826	26.888334274291992
19.422	2.712372881355932	0.2236842105263158	-0.03295690116784874	0.3016303616765017	0.010943591165000946	-0.0034764548855984014	25.408893585205078
19.422	2.712372881355932	0.23894736842105263	-0.04656516910767015	0.3082713048809695	0.010836062694165996	-0.0040836320260078775	24.096193313598633
19.422	2.712372881355932	0.25421052631578944	-0.060193484772789	0.3133814432337262	0.010443179249830271	-0.004713906941739967	23.02646255493164
19.422	2.712372881355932	0.2694736842105263	-0.07385723994670032	0.31879882525964287	0.010168616874422158	-0.005297044151517128	22.26460838317871
19.422	2.712372881355932	0.2847368421052632	-0.0873967456617166	0.32247276178523554	0.010081268421187273	-0.005491067776743817	21.64578628540039
19.422	2.712372881355932	0.3	-0.10139510362474916	0.3257559783294883	0.009816878536393714	-0.006310122035500854	21.088396072387695
19.422	2.722542372881356	0.01	0.0112762597289801	0.24502410362512733	0.012306565634325611	-0.004079599301411463	39.23487854003906
19.422	2.722542372881356	0.02526315789473684	0.01484415722319306	0.26446804604931373	0.012107713116700796	-0.003910850774531658	42.41560363769531
19.422	2.722542372881356	0.04052631578947368	0.010698747488003731	0.26031575963337344	0.011773652872023834	-0.0035325447372036526	45.974430084228516
19.422	2.722542372881356	0.05578947368421053	0.009944961407608728	0.25703950788193763	0.011256059456811435	-0.0033678430007231643	43.470529556274414
19.422	2.722542372881356	0.07105263157894737	0.011619231874510083	0.25497032876192977	0.010700642667481768	-0.0030006638785803506	41.06849670410156
19.422	2.722542372881356	0.0863157894736842	0.011626014883085522	0.2555004941958135	0.010407028461667824	-0.002559502243210495	37.639822006225586
19.422	2.722542372881356	0.10157894736842105	0.010813808786280667	0.2550754242164477	0.010191754395236376	-0.002055739271717082	36.103647232055664
19.422	2.722542372881356	0.11684210526315789	0.009324392830841924	0.25575163618657837	0.009738730434927888	-0.0021185262783914496	34.87458801269531
19.422	2.722542372881356	0.13210526315789473	0.007543847772705579	0.25668112373776253	0.009680013345295467	-0.0017227142978667104	34.06414031982422
19.422	2.722542372881356	0.1473684210526316	0.003258934153256507	0.2616965847255236	0.00974295590838594	-0.0017744880622925989	34.45332717895508
19.422	2.722542372881356	0.16263157894736843	-0.0027130631838049547	0.26930841305812503	0.00954437211824299	-0.0020110417582740545	32.142831802368164
19.422	2.722542372881356	0.17789473684210527	-0.011959804075635945	0.27960637661973153	0.009697421784704553	-0.002348612143201882	29.758609771728516
19.422	2.722542372881356	0.1931578947368421	-0.022786068198706246	0.28911599928939247	0.009683786468934554	-0.0024618718182797513	27.72590446472168
19.422	2.722542372881356	0.20842105263157895	-0.035859910066755665	0.2981199734160577	0.009641695874922876	-0.0026025474830041733	26.053707122802734
19.422	2.722542372881356	0.2236842105263158	-0.05041694132069051	0.30672145542050877	0.008878949268503942	-0.0035613855078517036	24.734600067138672
19.422	2.722542372881356	0.23894736842105263	-0.06388557144364268	0.31385361895957203	0.009002198886101622	-0.003816381094356705	23.522541046142578
19.422	2.722542372881356	0.25421052631578944	-0.07790293718827668	0.31768459043927366	0.008586779566346604	-0.004345322933362331	22.655792236328125
19.422	2.722542372881356	0.2694736842105263	-0.09218148898894085	0.32263493547299826	0.008659198138727741	-0.004838402287417556	21.87195587158203
19.422	2.722542372881356	0.2847368421052632	-0.10542505011057597	0.3258260292824354	0.008223749274419646	-0.005191826650067932	21.319435119628906
19.422	2.722542372881356	0.3	-0.11952914306406981	0.32889191594233236	0.007980498236771686	-0.005934641893273474	20.783184051513672
19.422	2.7327118644067796	0.01	0.014267472834539321	0.25984947469343855	0.011068916181762995	-0.0036643938008780945	37.60856246948242
19.422	2.7327118644067796	0.02526315789473684	0.017543767304372702	0.28055058803667743	0.010780357262070838	-0.0034801339640268994	42.97671127319336
19.422	2.7327118644067796	0.04052631578947368	0.01668682420988568	0.28201581046204827	0.01048769385020018	-0.0034212027652784217	45.386627197265625
19.422	2.7327118644067796	0.05578947368421053	0.01710787142057904	0.28243948027711174	0.010030580933085152	-0.002993977582474732	43.658592224121094
19.422	2.7327118644067796	0.07105263157894737	0.01754087735555311	0.27901351784884776	0.009629183061172454	-0.002529512081549835	41.09568405151367
19.422	2.7327118644067796	0.0863157894736842	0.018260553520870762	0.2793365040487466	0.009000661743760076	-0.0021733445656208607	38.537240982055664
19.422	2.7327118644067796	0.10157894736842105	0.01846283577926749	0.2795768759521657	0.008964839191406632	-0.0020115032725103624	36.43346405029297
19.422	2.7327118644067796	0.11684210526315789	0.016677938778165875	0.28286029594903883	0.008625789408123079	-0.0014498752221621942	34.77406692504883
19.422	2.7327118644067796	0.13210526315789473	0.014794991388459886	0.2840820609477235	0.008438346210614841	-0.0013816928573165668	34.001529693603516
19.422	2.7327118644067796	0.1473684210526316	0.011895388635509712	0.28886114230298726	0.008478886197436227	-0.0012140002890051731	34.2647762298584
19.422	2.7327118644067796	0.16263157894736843	0.004976685594892855	0.2960387485170881	0.008558748623086608	-0.0012971424069720453	33.045793533325195
19.422	2.7327118644067796	0.17789473684210527	-0.0043369903453933	0.30730001083722697	0.008368988193363798	-0.0014779622630117215	30.23243522644043
19.422	2.7327118644067796	0.1931578947368421	-0.016276748567827036	0.31760083663395733	0.008240778331786307	-0.00212857191872492	27.995765686035156
19.422	2.7327118644067796	0.20842105263157895	-0.031191894501455122	0.32885966303876735	0.008403833378307479	-0.002394787762522212	25.989791870117188
19.422	2.7327118644067796	0.2236842105263158	-0.0463780916986363	0.33820862125287204	0.008003654389668682	-0.002797984541165391	24.5360050201416
19.422	2.7327118644067796	0.23894736842105263	-0.06203863964266216	0.3459277678016605	0.008070614799840505	-0.003463664506815538	23.33352279663086
19.422	2.7327118644067796	0.25421052631578944	-0.07721690171248352	0.35119843685217506	0.007896485224524174	-0.003958524566368133	22.3895320892334
19.422	2.7327118644067796	0.2694736842105263	-0.09348126475020263	0.35637278624830016	0.0074315143251858055	-0.004368647976624479	21.618778228759766
19.422	2.7327118644067796	0.2847368421052632	-0.10839216570395649	0.3609016589130106	0.0073093210242290586	-0.004754367555686377	20.956947326660156
19.422	2.7327118644067796	0.3	-0.12398171638720437	0.3645680836327656	0.007106004540116761	-0.005059664938560788	20.463218688964844
19.422	2.7428813559322034	0.01	-0.005810410335830002	0.23981605102349168	0.008874690937826578	-0.0009291243670478024	35.8001594543457
19.422	2.7428813559322034	0.02526315789473684	0.0018555707836686074	0.2372531874342273	0.008800628119082818	-0.000990285762561391	46.14544677734375
19.422	2.7428813559322034	0.04052631578947368	0.003028502834790797	0.2368144220909486	0.008628442582143165	-0.0008951234721801221	46.34389877319336
19.422	2.7428813559322034	0.05578947368421053	0.004899698905008001	0.23419723016908608	0.008221304697384755	-0.0008300096469222534	45.015459060668945
19.422	2.7428813559322034	0.07105263157894737	0.0065974293329942426	0.23092170647600355	0.007904900100642391	-0.0005340381439575743	43.37429618835449
19.422	2.7428813559322034	0.0863157894736842	0.008219864230887781	0.23046591026839633	0.007740815376194706	-0.0004232852834262894	39.86190223693848
19.422	2.7428813559322034	0.10157894736842105	0.008513859065331145	0.22895196368322382	0.0073782288739432985	-0.00011456378862265883	37.34547996520996
19.422	2.7428813559322034	0.11684210526315789	0.008733639830804985	0.23092639147639882	0.007175403247423176	8.95608927210413e-05	35.374141693115234
19.422	2.7428813559322034	0.13210526315789473	0.007326196505497196	0.2337268243807875	0.007039676864276707	0.00021034184171320013	34.72420883178711
19.422	2.7428813559322034	0.1473684210526316	0.004833574414782823	0.23822998927591027	0.007116999266197972	0.0004066158696982568	34.30265808105469
19.422	2.7428813559322034	0.16263157894736843	0.001303436264037636	0.24572713431226945	0.0070978819612786724	6.269473847837851e-05	34.96102523803711
19.422	2.7428813559322034	0.17789473684210527	-0.0054604015970112895	0.2570533223440769	0.007356711664108319	5.297601753213944e-05	33.123565673828125
19.422	2.7428813559322034	0.1931578947368421	-0.014986779826062249	0.26906199319511315	0.0073035772075240165	-0.00035883345536162354	30.565502166748047
19.422	2.7428813559322034	0.20842105263157895	-0.027730876226336687	0.28213011762365015	0.007302541306652443	-0.0007961060438442323	28.521343231201172
19.422	2.7428813559322034	0.2236842105263158	-0.041115017484184356	0.2929901256875509	0.007036428276045434	-0.0013477448373388839	26.82280731201172
19.422	2.7428813559322034	0.23894736842105263	-0.05480893726205455	0.3019193201975341	0.007222551854516063	-0.0018036225843544493	25.439634323120117
19.422	2.7428813559322034	0.25421052631578944	-0.06983335407137403	0.3108518699120525	0.006902777585912303	-0.002175529716460399	24.380329132080078
19.422	2.7428813559322034	0.2694736842105263	-0.08452624471544752	0.31945814284791985	0.00659895767351594	-0.002494392023967261	23.435504913330078
19.422	2.7428813559322034	0.2847368421052632	-0.09813100719815979	0.3247157856709403	0.0064884692841348825	-0.0032181722817374234	22.716754913330078
19.422	2.7428813559322034	0.3	-0.11244310917521386	0.32972320925251275	0.006179580940774995	-0.003458986495236866	22.164278030395508
19.422	2.753050847457627	0.01	-0.0008741804439888329	0.22501156035735098	0.008397792610829144	0.0023118008480907887	35.73657989501953
19.422	2.753050847457627	0.02526315789473684	-0.00044335331226408173	0.23618931023547413	0.008210625028057639	0.0020808648503391303	47.23391342163086
19.422	2.753050847457627	0.04052631578947368	8.988471299433681e-05	0.24012189108258414	0.00792612532703335	0.0018788341673059564	45.90605926513672
19.422	2.753050847457627	0.05578947368421053	0.0024120957713390273	0.24415318720936138	0.007868772448884634	0.0019851054897622646	46.28021240234375
19.422	2.753050847457627	0.07105263157894737	0.005159380057150731	0.2446617045718748	0.0075551719163487	0.0017208653934681786	44.50404739379883
19.422	2.753050847457627	0.0863157894736842	0.006179464659331926	0.24644416024404744	0.007288694040537008	0.0020025437689178784	40.86450958251953
19.422	2.753050847457627	0.10157894736842105	0.005902635176736979	0.24727298221056068	0.007063099272019895	0.0017455124366557188	38.738487243652344
19.422	2.753050847457627	0.11684210526315789	0.005870041793370496	0.2495144086058275	0.007156116405344283	0.002053196855096894	36.76211166381836
19.422	2.753050847457627	0.13210526315789473	0.005012849362209468	0.25183205789198126	0.006900437299004469	0.0019324611045632555	35.731252670288086
19.422	2.753050847457627	0.1473684210526316	0.0030445433879833423	0.25465040073517936	0.007101120980372945	0.001866452331728012	35.213409423828125
19.422	2.753050847457627	0.16263157894736843	0.0009176100197379131	0.26038960008484013	0.00717997564269277	0.0019454246593450782	35.01233673095703
19.422	2.753050847457627	0.17789473684210527	-0.004331294226207679	0.2665759651255706	0.007121856611537949	0.0016859846394828798	33.83468246459961
19.422	2.753050847457627	0.1931578947368421	-0.011438035108722763	0.27686949858411203	0.006944585202909791	0.0011489872546251488	31.33740234375
19.422	2.753050847457627	0.20842105263157895	-0.022151162474583718	0.285941443277002	0.007005394946718722	0.0008053469744725378	29.10308074951172
19.422	2.753050847457627	0.2236842105263158	-0.034332868080637305	0.29544906104321433	0.0068474065114175415	0.0003212680200583831	27.430936813354492
19.422	2.753050847457627	0.23894736842105263	-0.04855976847266193	0.30501421714999294	0.006925264209854653	-0.00011206016268359619	25.84127426147461
19.422	2.753050847457627	0.25421052631578944	-0.06318516710429495	0.3117130831850138	0.006624115391747332	-0.0007796322278237169	24.717384338378906
19.422	2.753050847457627	0.2694736842105263	-0.07804414375108706	0.3188116055191405	0.006489761981348565	-0.0010939203746509812	23.692766189575195
19.422	2.753050847457627	0.2847368421052632	-0.09275923792352331	0.3248482146286381	0.006294071217823887	-0.0014973498266776532	22.858997344970703
19.422	2.753050847457627	0.3	-0.10753243285776479	0.33001199223659694	0.00627192535962205	-0.001927362938459242	22.262006759643555
19.422	2.763220338983051	0.01	-0.016795090023292082	0.18383937337063014	0.00743163791658446	0.003946167487459741	35.98433303833008
19.422	2.763220338983051	0.02526315789473684	-0.0028893510529423615	0.19950496214527796	0.007038134146119425	0.00353917057292491	47.81133270263672
19.422	2.763220338983051	0.04052631578947368	-0.002844608219799699	0.1995171345029063	0.007293478098932258	0.0035852832397846087	47.86445617675781
19.422	2.763220338983051	0.05578947368421053	-0.002502861923295047	0.20828316677584824	0.007262390389903704	0.003452300784779817	46.49158477783203
19.422	2.763220338983051	0.07105263157894737	-0.0023258446964798223	0.21073624417408882	0.007015440865232266	0.0031086989828241884	43.97550582885742
19.422	2.763220338983051	0.0863157894736842	7.361553536688829e-05	0.21454470599111256	0.006716532522367438	0.0028950935519402444	41.546504974365234
19.422	2.763220338983051	0.10157894736842105	0.0007549242177636631	0.2172163126904811	0.006766911788398524	0.003017061407315505	38.339637756347656
19.422	2.763220338983051	0.11684210526315789	0.0007878699401052019	0.2188494833100881	0.006859545994283847	0.0029838764273792465	36.38937759399414
19.422	2.763220338983051	0.13210526315789473	0.001130358071823908	0.22239359176038442	0.0068766818683610575	0.002997839444788216	35.787485122680664
19.422	2.763220338983051	0.1473684210526316	-0.0004443540904494496	0.22807826935569403	0.0064933657998875495	0.0028958931319268168	36.006404876708984
19.422	2.763220338983051	0.16263157894736843	-0.003143678094510504	0.23306777931467162	0.0070118165764765095	0.0029467414510145618	35.54075050354004
19.422	2.763220338983051	0.17789473684210527	-0.006371439172306544	0.24000418706786908	0.006983809256115296	0.0023914136631356386	33.41514587402344
19.422	2.763220338983051	0.1931578947368421	-0.012754361223532651	0.24822113098257498	0.006841994837300919	0.00214667900789167	31.097305297851562
19.422	2.763220338983051	0.20842105263157895	-0.020836163585890504	0.2563339105618532	0.006797901675595968	0.0016377647762779272	29.126041412353516
19.422	2.763220338983051	0.2236842105263158	-0.032434964593384845	0.2655289514500061	0.006732986744596674	0.001147243123618448	27.41183090209961
19.422	2.763220338983051	0.23894736842105263	-0.04424957688719603	0.27295916728087843	0.006789401900592308	0.0009057111506122447	25.934720993041992
19.422	2.763220338983051	0.25421052631578944	-0.05715582226806891	0.2791072416066347	0.006532031201136958	0.0003812743507792589	24.840930938720703
19.422	2.763220338983051	0.2694736842105263	-0.07021810052505331	0.2839326299703136	0.006347789106662935	-0.00013707332995677992	23.901432037353516
19.422	2.763220338983051	0.2847368421052632	-0.08250599762283413	0.2902400722999962	0.006193308013832797	-0.000494148963985937	23.152860641479492
19.422	2.763220338983051	0.3	-0.09573777107613313	0.294432177241463	0.005940706979169992	-0.0010238136968437196	22.450450897216797
19.422	2.7733898305084743	0.01	0.017212791237663828	0.2019842054159635	0.007328372449235248	0.0056219689825811586	36.22663879394531
19.422	2.7733898305084743	0.02526315789473684	0.008993355240356521	0.21391140664231717	0.007111261765685746	0.0052162389149028295	45.92267608642578
19.422	2.7733898305084743	0.04052631578947368	0.009910084362756803	0.22195625113558706	0.007221203702947937	0.005096594240779567	46.82439422607422
19.422	2.7733898305084743	0.05578947368421053	0.009374773742426238	0.22967645923993307	0.006933776439637543	0.004646960051665825	45.81742477416992
19.422	2.7733898305084743	0.07105263157894737	0.008976520564948479	0.2336151041454239	0.006906952852482589	0.004510631544231209	42.22761344909668
19.422	2.7733898305084743	0.0863157894736842	0.006657101944921343	0.24036288635179037	0.006924255260132864	0.004123403220269604	39.65681266784668
19.422	2.7733898305084743	0.10157894736842105	0.006280373043165345	0.24303535831495054	0.006847595319227231	0.004134949551481665	37.191118240356445
19.422	2.7733898305084743	0.11684210526315789	0.004220306320831913	0.24785200882105954	0.0068772402318880745	0.0039872384801890315	35.73805046081543
19.422	2.7733898305084743	0.13210526315789473	0.002522612613876149	0.252358717077727	0.00680878663394227	0.0038762581399164756	35.260751724243164
19.422	2.7733898305084743	0.1473684210526316	-0.0008283819358155277	0.25904334064325163	0.006924239051877829	0.003979725572355196	35.04526710510254
19.422	2.7733898305084743	0.16263157894736843	-0.004215275526838227	0.2662057256575065	0.006891106295160883	0.0037573404339725923	33.04512023925781
19.422	2.7733898305084743	0.17789473684210527	-0.011011123835980505	0.27574338211451044	0.006828250990242651	0.00345191813815135	30.641870498657227
19.422	2.7733898305084743	0.1931578947368421	-0.020761055336354615	0.28352223509462365	0.007025690051473049	0.0028860063343275136	28.523193359375
19.422	2.7733898305084743	0.20842105263157895	-0.03269705830609644	0.29172938042791374	0.0069374324997577615	0.002367789660732608	26.599157333374023
19.422	2.7733898305084743	0.2236842105263158	-0.04678847966135699	0.3010283391242222	0.006545875404521923	0.00208989921482343	25.09664535522461
19.422	2.7733898305084743	0.23894736842105263	-0.062075200671118075	0.30790795048413144	0.0066222529565218595	0.001455345528907668	23.80185890197754
19.422	2.7733898305084743	0.25421052631578944	-0.07727052830516448	0.31266187953054153	0.0064846436778462895	0.0012328306431647455	22.813404083251953
19.422	2.7733898305084743	0.2694736842105263	-0.09179664910945838	0.3178821505035825	0.006380581944838594	0.0009686377580131586	21.978647232055664
19.422	2.7733898305084743	0.2847368421052632	-0.10667059107392825	0.32191091630259455	0.0059930934654238936	0.0005478497841859076	21.316389083862305
19.422	2.7733898305084743	0.3	-0.12191673309340652	0.3251459101232569	0.005703403031278343	-0.0001427171183333255	20.77664566040039
19.422	2.7835593220338986	0.01	0.013489761047218475	0.19104556832638186	0.007718727723183593	0.006170250068675975	38.76620864868164
19.422	2.7835593220338986	0.02526315789473684	0.011263517894700696	0.1905596431114246	0.007499678224592532	0.0060222842083188285	44.666656494140625
19.422	2.7835593220338986	0.04052631578947368	0.008418082494323666	0.19922050227638105	0.0073707421769249395	0.005564507249021822	48.45306396484375
19.422	2.7835593220338986	0.05578947368421053	0.009993333837052396	0.20653810051031168	0.007396200627288593	0.005414196480381482	45.81977653503418
19.422	2.7835593220338986	0.07105263157894737	0.010657690788995935	0.21274472099656688	0.007330069877621494	0.00514165306628755	41.02071762084961
19.422	2.7835593220338986	0.0863157894736842	0.010187959214947289	0.21569913915835623	0.007216616921345998	0.004893755663220609	38.436065673828125
19.422	2.7835593220338986	0.10157894736842105	0.010099074603333242	0.2196139156144329	0.007406490901633343	0.004951357310237227	36.329010009765625
19.422	2.7835593220338986	0.11684210526315789	0.009170947942168087	0.225093039358295	0.007442522412985944	0.004818894454509948	34.88581085205078
19.422	2.7835593220338986	0.13210526315789473	0.00850765492008776	0.23072255721661913	0.007167211642683049	0.004589765037925619	34.395423889160156
19.422	2.7835593220338986	0.1473684210526316	0.005545481852588808	0.23874261863992263	0.007314234238380858	0.004714561172693442	35.229774475097656
19.422	2.7835593220338986	0.16263157894736843	0.0014416089275457026	0.24848844930992176	0.007481732839257428	0.004338307905152483	33.375091552734375
19.422	2.7835593220338986	0.17789473684210527	-0.0052590668326516245	0.2584883581060426	0.007241784832790659	0.004178417853420232	30.69955825805664
19.422	2.7835593220338986	0.1931578947368421	-0.01592007302797086	0.27001355420799367	0.00698943417164484	0.0036648813372710753	28.59749412536621
19.422	2.7835593220338986	0.20842105263157895	-0.02829205685838418	0.2805272389543616	0.006781816962846655	0.0033297566969384225	26.591171264648438
19.422	2.7835593220338986	0.2236842105263158	-0.04112723991119595	0.28971209823413757	0.006816874294689485	0.003020323354893482	25.165245056152344
19.422	2.7835593220338986	0.23894736842105263	-0.05570646261466494	0.29820388321588054	0.006425921771823053	0.002697035386835342	23.9051456451416
19.422	2.7835593220338986	0.25421052631578944	-0.06911201139582149	0.30231298384079947	0.0065708531431468145	0.0023214276024635188	22.95829200744629
19.422	2.7835593220338986	0.2694736842105263	-0.08455315788877954	0.3091191562713147	0.006391434207470115	0.0020031475286171416	22.140514373779297
19.422	2.7835593220338986	0.2847368421052632	-0.09734872230464418	0.31221436148099835	0.006346202641502484	0.0016656442279161412	21.539030075073242
19.422	2.7835593220338986	0.3	-0.11109184232592442	0.3151059751078843	0.005821952193723289	0.00119349937443237	21.023954391479492
19.422	2.793728813559322	0.01	0.025208292332889064	0.16134814067337497	0.008095952941680251	0.00658708292654116	39.944358825683594
19.422	2.793728813559322	0.02526315789473684	0.023456684816108565	0.1778033559123409	0.007908131453045595	0.0062206575563384554	44.749473571777344
19.422	2.793728813559322	0.04052631578947368	0.021403778893767912	0.1856300684231635	0.007934191545614092	0.006124178416400143	48.95366668701172
19.422	2.793728813559322	0.05578947368421053	0.019384212596236787	0.19487691545666416	0.007861935881078815	0.005720922535061483	44.53664016723633
19.422	2.793728813559322	0.07105263157894737	0.018842898113547883	0.20308704847277365	0.007799266260555418	0.005638347365783208	40.265262603759766
19.422	2.793728813559322	0.0863157894736842	0.017097904709993922	0.2070886467191692	0.007801499359358533	0.005500627044665471	38.469688415527344
19.422	2.793728813559322	0.10157894736842105	0.015563783626820378	0.2129653087709919	0.007805601568175145	0.005343012277977165	36.23105812072754
19.422	2.793728813559322	0.11684210526315789	0.01378159326948547	0.21936251884418356	0.007614059993279758	0.005018689156518873	34.739248275756836
19.422	2.793728813559322	0.13210526315789473	0.011313461880016558	0.22610715744177629	0.0076959065758656076	0.005127948313969355	34.16621398925781
19.422	2.793728813559322	0.1473684210526316	0.007479690952822674	0.23479670793647756	0.007671513404829023	0.005166316151359326	34.08966064453125
19.422	2.793728813559322	0.16263157894736843	0.0023898577321228697	0.24684064571236608	0.007677311182858958	0.005026772210191685	33.535600662231445
19.422	2.793728813559322	0.17789473684210527	-0.005612514080980638	0.2616690396331718	0.007442265210154927	0.004724158616783844	30.74839210510254
19.422	2.793728813559322	0.1931578947368421	-0.018087716734766897	0.27681319147905137	0.007276108581318691	0.004332199384503632	28.647539138793945
19.422	2.793728813559322	0.20842105263157895	-0.03290514934175896	0.2903070286628817	0.007151447079639847	0.004354199479311174	26.725486755371094
19.422	2.793728813559322	0.2236842105263158	-0.049266827333276336	0.3029774902176896	0.00712202694091358	0.0035563022840025263	25.110153198242188
19.422	2.793728813559322	0.23894736842105263	-0.06563848124330411	0.31239338471126665	0.0069349154404957595	0.0036476393793665263	23.92478370666504
19.422	2.793728813559322	0.25421052631578944	-0.0818692181958571	0.32044080309134776	0.006844870985909283	0.0031795097892263506	22.930644989013672
19.422	2.793728813559322	0.2694736842105263	-0.09737440113514532	0.32767118679885554	0.006552377695910602	0.002942560317553205	22.132604598999023
19.422	2.793728813559322	0.2847368421052632	-0.1131912649883969	0.33317922064570976	0.006522335146868341	0.0028921882667254837	21.447154998779297
19.422	2.793728813559322	0.3	-0.12757630926918573	0.3369196829907227	0.006265299097825527	0.002602955815158129	21.005598068237305
19.422	2.8038983050847457	0.01	0.016245365316156647	0.16781964875381475	0.008808821427024797	0.006526820979977188	39.401878356933594
19.422	2.8038983050847457	0.02526315789473684	0.018473148519281647	0.17929120637100224	0.008623359651770572	0.006370225928091954	46.57345199584961
19.422	2.8038983050847457	0.04052631578947368	0.015856891089090983	0.18615302002952228	0.008823832869180608	0.006344382685617594	49.51702880859375
19.422	2.8038983050847457	0.05578947368421053	0.014683059566626229	0.19401064447090755	0.008590610124170906	0.00600831979054171	43.745296478271484
19.422	2.8038983050847457	0.07105263157894737	0.015492132456013842	0.19896444302947058	0.008428663067324843	0.0060054265967859535	39.7935848236084
19.422	2.8038983050847457	0.0863157894736842	0.015902844595844533	0.20326950064025837	0.008310206064406696	0.005854178740966205	38.15136909484863
19.422	2.8038983050847457	0.10157894736842105	0.01570464383171	0.2051000061501191	0.008526897176131904	0.005795364459617883	35.870121002197266
19.422	2.8038983050847457	0.11684210526315789	0.01484480054409303	0.20726122460890567	0.008406425502677041	0.0057448503884668396	33.98069953918457
19.422	2.8038983050847457	0.13210526315789473	0.014260531892656015	0.21152589328101828	0.008216083001851539	0.005563713657349192	33.38139724731445
19.422	2.8038983050847457	0.1473684210526316	0.012439606711855747	0.21599441961132915	0.00820431945167046	0.005457842174515938	33.270416259765625
19.422	2.8038983050847457	0.16263157894736843	0.009618849131716855	0.22389488630218224	0.008042594396647916	0.005333209334363824	33.548248291015625
19.422	2.8038983050847457	0.17789473684210527	0.004024849656476143	0.23508126214368058	0.007996098326657812	0.005372818984048107	33.58925437927246
19.422	2.8038983050847457	0.1931578947368421	-0.0038541100992329066	0.2462609683023292	0.008194268352418002	0.005102479320973118	31.061243057250977
19.422	2.8038983050847457	0.20842105263157895	-0.014884381457378939	0.25769706041132334	0.007856185159206622	0.005001772120798701	28.967626571655273
19.422	2.8038983050847457	0.2236842105263158	-0.02788930062322899	0.2694923934609623	0.007623371502217183	0.004682334016898515	27.12698745727539
19.422	2.8038983050847457	0.23894736842105263	-0.04183879910504468	0.27954695305626315	0.007399838439192973	0.004567980455776497	25.685733795166016
19.422	2.8038983050847457	0.25421052631578944	-0.05649575168772382	0.2879827662360013	0.007408903039999115	0.004238331131556174	24.5213680267334
19.422	2.8038983050847457	0.2694736842105263	-0.07062507179764262	0.2952555104722192	0.007076938274510315	0.004086406925889713	23.62268829345703
19.422	2.8038983050847457	0.2847368421052632	-0.08593296546430731	0.30348732693893843	0.007002045836719994	0.003926358129521326	22.816137313842773
19.422	2.8038983050847457	0.3	-0.09915702233673011	0.30857700929556753	0.006825446222223187	0.003545040248556259	22.219070434570312
19.422	2.8140677966101695	0.01	0.0268968473875436	0.14399524555121312	0.009740751455833082	0.0063576988477582275	39.23454666137695
19.422	2.8140677966101695	0.02526315789473684	0.020575512548676407	0.159906347846135	0.00938341939689068	0.006066962825484973	46.48204803466797
19.422	2.8140677966101695	0.04052631578947368	0.016893146663933947	0.16379056821207916	0.009277149099438796	0.006012833518352592	46.07546615600586
19.422	2.8140677966101695	0.05578947368421053	0.016777568144876638	0.17181784394254032	0.009466565968109169	0.005974504264768214	43.19307327270508
19.422	2.8140677966101695	0.07105263157894737	0.015731915852207817	0.17626246460770312	0.009218488884536795	0.00579244869025386	40.00992202758789
19.422	2.8140677966101695	0.0863157894736842	0.014044027699056714	0.18096846259337573	0.00917020387697262	0.005769588488035549	37.76059913635254
19.422	2.8140677966101695	0.10157894736842105	0.012103121275873527	0.18617506240809178	0.009169359423989384	0.005601015810867683	36.05497741699219
19.422	2.8140677966101695	0.11684210526315789	0.011110195341717406	0.1910506408209875	0.00906691821322399	0.005638196844853369	34.44724464416504
19.422	2.8140677966101695	0.13210526315789473	0.008936912410973526	0.19525444958993088	0.009034828652996808	0.005615529951779746	33.64713096618652
19.422	2.8140677966101695	0.1473684210526316	0.006941771584643932	0.20037094226275418	0.008991875096582757	0.00564836815557925	33.414289474487305
19.422	2.8140677966101695	0.16263157894736843	0.004426486867560952	0.2079041043499562	0.008964744750303167	0.0055123283478852175	33.929304122924805
19.422	2.8140677966101695	0.17789473684210527	-0.0009205474808355633	0.21885349636799878	0.009015394700874986	0.005496777809657091	33.74276161193848
19.422	2.8140677966101695	0.1931578947368421	-0.00855296316540135	0.23084247972060185	0.008756046012136596	0.005527856287350796	31.29591178894043
19.422	2.8140677966101695	0.20842105263157895	-0.020130959279321	0.2420706214811136	0.008728266314902481	0.00535008865001998	29.09054183959961
19.422	2.8140677966101695	0.2236842105263158	-0.0331757739855376	0.25247706633167266	0.008532375808497918	0.004743593315734441	27.4022216796875
19.422	2.8140677966101695	0.23894736842105263	-0.04758596004846108	0.26099714008064134	0.008337982908049619	0.0050227535030813045	25.885478973388672
19.422	2.8140677966101695	0.25421052631578944	-0.062085067942416174	0.2701366195139683	0.008149452216909167	0.00476927598250034	24.76727294921875
19.422	2.8140677966101695	0.2694736842105263	-0.07724506831323152	0.2787954243748657	0.008130759058308505	0.004428368841696962	23.768583297729492
19.422	2.8140677966101695	0.2847368421052632	-0.09176199643475177	0.28528560938785574	0.007998972984983302	0.004454002933859325	23.04741859436035
19.422	2.8140677966101695	0.3	-0.10598663977774497	0.29054621765569955	0.0077942472304632585	0.004412748810251967	22.457918167114258
19.422	2.8242372881355933	0.01	0.026260626395617735	0.17551745781854894	0.010155681048381882	0.0057642148041525156	39.94490432739258
19.422	2.8242372881355933	0.02526315789473684	0.017836847621641068	0.2016389005401635	0.010028545494468724	0.0053887752338526934	44.22791290283203
19.422	2.8242372881355933	0.04052631578947368	0.017074320898029436	0.20758961528109726	0.009977081675650853	0.005558412380462296	43.30361557006836
19.422	2.8242372881355933	0.05578947368421053	0.015045188055011852	0.21226190417575058	0.009856827598422541	0.005419904734655912	40.337459564208984
19.422	2.8242372881355933	0.07105263157894737	0.015948129990067283	0.21589296443117997	0.009933515228900389	0.0057722183964059	36.81111145019531
19.422	2.8242372881355933	0.0863157894736842	0.016127154965958002	0.21756188422751394	0.009921944323346858	0.005427252082800649	35.345733642578125
19.422	2.8242372881355933	0.10157894736842105	0.014430768692227303	0.21942246715621347	0.009766574593727387	0.0054891118886174275	33.44650459289551
19.422	2.8242372881355933	0.11684210526315789	0.013569072090149152	0.22175770724566446	0.009918362685003148	0.0055284460518435306	32.65491485595703
19.422	2.8242372881355933	0.13210526315789473	0.011885241402933195	0.22212029244315462	0.009610680601199923	0.005455522776841717	32.101627349853516
19.422	2.8242372881355933	0.1473684210526316	0.009952159983958864	0.22575308678411066	0.009616735988184289	0.005382829624917833	32.31147384643555
19.422	2.8242372881355933	0.16263157894736843	0.00628782746380218	0.23107436977764256	0.009705148861380311	0.0053479948437411134	33.49173355102539
19.422	2.8242372881355933	0.17789473684210527	0.0013947656923848286	0.23897193350640858	0.009710003409404321	0.005553549770392643	31.79781723022461
19.422	2.8242372881355933	0.1931578947368421	-0.006895090167256361	0.24746134559196947	0.009524384675737255	0.005202294581594695	29.377185821533203
19.422	2.8242372881355933	0.20842105263157895	-0.017915365088865466	0.25675113893931434	0.00944835594942529	0.0050710422319225	27.46422576904297
19.422	2.8242372881355933	0.2236842105263158	-0.03088090109266652	0.2644844774757752	0.009447746963414515	0.005072421692368104	25.895246505737305
19.422	2.8242372881355933	0.23894736842105263	-0.044073029649002816	0.2711236480471647	0.009313386370419863	0.0050357363934592225	24.644630432128906
19.422	2.8242372881355933	0.25421052631578944	-0.05824701079784418	0.27650315742190745	0.009283199592252593	0.004832066545189441	23.59125518798828
19.422	2.8242372881355933	0.2694736842105263	-0.0720985170608618	0.2817660378217306	0.009051637863965106	0.005061367924484507	22.80055809020996
19.422	2.8242372881355933	0.2847368421052632	-0.08625082162226601	0.28617190527774394	0.008957770811909679	0.0045701865469010925	22.114917755126953
19.422	2.8242372881355933	0.3	-0.09924966447516914	0.28986966866640745	0.0088099319454677	0.004405629533672184	21.55711555480957
19.422	2.834406779661017	0.01	0.024001381765160576	0.13123719501881315	0.010883497697461251	0.005041664414564751	40.72270202636719
19.422	2.834406779661017	0.02526315789473684	0.02311278033751924	0.15211104247252175	0.01083858855162767	0.005031627940981869	46.2563591003418
19.422	2.834406779661017	0.04052631578947368	0.020971539264008517	0.16235711119311638	0.010790821881413084	0.005185750475878995	45.47582244873047
19.422	2.834406779661017	0.05578947368421053	0.01784431310037536	0.16986899257112997	0.010533739628839044	0.004978115211610094	40.05132293701172
19.422	2.834406779661017	0.07105263157894737	0.01674561280543515	0.17488577150704152	0.010651357767711669	0.005034357613753615	37.6496524810791
19.422	2.834406779661017	0.0863157894736842	0.014887703828689099	0.1816884500583918	0.010522024206148856	0.004956234039950448	35.7320671081543
19.422	2.834406779661017	0.10157894736842105	0.013383537599410323	0.18762502718436808	0.010559477668135189	0.0049470292203736615	33.64502716064453
19.422	2.834406779661017	0.11684210526315789	0.011796138163922085	0.19440108965783648	0.01033660125663631	0.0048336891858966596	33.03152847290039
19.422	2.834406779661017	0.13210526315789473	0.010243939189681042	0.2014728478773721	0.010667962400207889	0.005066881454105934	32.2820987701416
19.422	2.834406779661017	0.1473684210526316	0.0071792347369936445	0.21019143755383501	0.010336599326049157	0.005162805971813083	32.7979793548584
19.422	2.834406779661017	0.16263157894736843	0.002396188578042996	0.22120396132935172	0.010480852984872044	0.005146351282107711	33.22149848937988
19.422	2.834406779661017	0.17789473684210527	-0.005942358174886693	0.23190018172730092	0.010439023996402837	0.004834701654997256	30.56789779663086
19.422	2.834406779661017	0.1931578947368421	-0.01824429958023546	0.24355683653287535	0.010592611320111469	0.004941880994088092	28.401147842407227
19.422	2.834406779661017	0.20842105263157895	-0.03246034502944685	0.2566197786265865	0.010180559628292249	0.004499701568133857	26.36699867248535
19.422	2.834406779661017	0.2236842105263158	-0.04754029403402246	0.264859534662205	0.010105339394322517	0.00462701294206404	24.918292999267578
19.422	2.834406779661017	0.23894736842105263	-0.0626613596449909	0.27320478464031445	0.010375437822022365	0.004547474728787575	23.723623275756836
19.422	2.834406779661017	0.25421052631578944	-0.07765369106593542	0.27887673911178684	0.010218197347403916	0.0043384717570183525	22.881378173828125
19.422	2.834406779661017	0.2694736842105263	-0.09293643690524737	0.2834961094497298	0.010419846700533116	0.004409359078134125	22.15375518798828
19.422	2.834406779661017	0.2847368421052632	-0.10663638885943331	0.28783941544355507	0.010134102303054119	0.004173128308000866	21.54941177368164
19.422	2.834406779661017	0.3	-0.12220556859446335	0.2911984252041617	0.010132175884241555	0.004293651502561328	21.05754852294922
19.422	2.8445762711864404	0.01	0.022921398406767473	0.1677922030009359	0.011815676344299544	0.003971979112142501	38.82421112060547
19.422	2.8445762711864404	0.02526315789473684	0.02892761540963612	0.1909827609576314	0.011820919606362681	0.0039719118966173965	45.118438720703125
19.422	2.8445762711864404	0.04052631578947368	0.026848450427794074	0.2010883790470689	0.011712657468262043	0.0041829597579295845	43.25702667236328
19.422	2.8445762711864404	0.05578947368421053	0.024187517886750727	0.2111137800095586	0.011626316702596813	0.0040010840758101605	38.8426628112793
19.422	2.8445762711864404	0.07105263157894737	0.022866650910699927	0.21527265032815415	0.011313128364337451	0.004084509393999415	36.04487609863281
19.422	2.8445762711864404	0.0863157894736842	0.021148299173191155	0.21881880295619555	0.011623453261339504	0.00433308169912998	33.83633613586426
19.422	2.8445762711864404	0.10157894736842105	0.020995626810177123	0.22312008852245468	0.011522567523062946	0.004225611517988015	32.60797309875488
19.422	2.8445762711864404	0.11684210526315789	0.01800700497285482	0.22699284229783026	0.011435669316862735	0.004168377724697183	31.608585357666016
19.422	2.8445762711864404	0.13210526315789473	0.016028485789387675	0.23095496002678206	0.011368725846536877	0.004117778628614156	31.267166137695312
19.422	2.8445762711864404	0.1473684210526316	0.011945109737529604	0.23762229044549543	0.011226091471506269	0.004072902229650484	31.4317626953125
19.422	2.8445762711864404	0.16263157894736843	0.005408678126945342	0.24940936003439504	0.011519348948966699	0.003936649274233334	32.15377235412598
19.422	2.8445762711864404	0.17789473684210527	-0.004236310052261512	0.26268098537438	0.01163485205265544	0.0037851727811544188	29.488866806030273
19.422	2.8445762711864404	0.1931578947368421	-0.016577329938442457	0.2745403802461156	0.01161891805565856	0.0035729304804208405	27.28946304321289
19.422	2.8445762711864404	0.20842105263157895	-0.031185850150600748	0.28488394441867093	0.011621323362295804	0.003349720469301331	25.62840461730957
19.422	2.8445762711864404	0.2236842105263158	-0.04656135993251652	0.2935535923584397	0.011574382517021331	0.003430361076829526	24.192386627197266
19.422	2.8445762711864404	0.23894736842105263	-0.06227973042229265	0.30112455599075505	0.011501514187141033	0.003394057793270136	23.15477752685547
19.422	2.8445762711864404	0.25421052631578944	-0.07721825275598977	0.30647006244686753	0.011770909761428073	0.0034118282887395856	22.282373428344727
19.422	2.8445762711864404	0.2694736842105263	-0.09256458633840972	0.3106668712425451	0.011574962111073707	0.002827349117655345	21.62220573425293
19.422	2.8445762711864404	0.2847368421052632	-0.10654748271895821	0.3148704362932838	0.011701703973784618	0.0030162499532924874	21.030437469482422
19.422	2.8445762711864404	0.3	-0.12140560482490123	0.3175121124064097	0.011691912277666996	0.002609524083959684	20.543893814086914
19.422	2.8547457627118646	0.01	0.02467288638603635	0.10570943906656609	0.012871459664376597	0.0029564196648381637	40.92675018310547
19.422	2.8547457627118646	0.02526315789473684	0.024098158255440594	0.12154633719925914	0.012480252763845637	0.0027940753691611366	46.70191955566406
19.422	2.8547457627118646	0.04052631578947368	0.0212824592369026	0.12833490847130455	0.012563964996144785	0.003111033207528809	43.80393981933594
19.422	2.8547457627118646	0.05578947368421053	0.01811697459901837	0.13796867186958298	0.012277542859584937	0.0030474654588717284	41.05680274963379
19.422	2.8547457627118646	0.07105263157894737	0.017595705063023957	0.14408022635111237	0.012286446996951472	0.0028117742981719164	37.73154258728027
19.422	2.8547457627118646	0.0863157894736842	0.01713029784051457	0.15019348696300416	0.012150212758207688	0.0029624207537578716	35.82499313354492
19.422	2.8547457627118646	0.10157894736842105	0.015853320848170833	0.15833050944862143	0.012219526008820682	0.003072905070594155	33.948904037475586
19.422	2.8547457627118646	0.11684210526315789	0.013205047719591224	0.16647936254999607	0.012170112396973983	0.003051771452134455	32.68942642211914
19.422	2.8547457627118646	0.13210526315789473	0.012300381337057822	0.17441826352448558	0.012106624653655439	0.003024939909788994	32.06622505187988
19.422	2.8547457627118646	0.1473684210526316	0.009159957107905722	0.18389679722606436	0.01213133695216128	0.002762695779252734	31.93014907836914
19.422	2.8547457627118646	0.16263157894736843	0.0036133310636559867	0.19689026365916312	0.012304563727748234	0.0025475725923534438	32.91827583312988
19.422	2.8547457627118646	0.17789473684210527	-0.004216043954244033	0.2126573178549117	0.012509453719003423	0.0023886244820424114	32.33617401123047
19.422	2.8547457627118646	0.1931578947368421	-0.016469046560717758	0.2270509628875525	0.01257825721656445	0.002278853086314536	29.96389389038086
19.422	2.8547457627118646	0.20842105263157895	-0.030263570637810985	0.24103524642178034	0.012708264008971813	0.0019779043395437117	27.903993606567383
19.422	2.8547457627118646	0.2236842105263158	-0.04533465421254142	0.2528493338117198	0.01259230243904813	0.0016418677501610977	26.323394775390625
19.422	2.8547457627118646	0.23894736842105263	-0.05963799391565181	0.26274236531062456	0.012811833358351716	0.0012132216108274806	25.17380142211914
19.422	2.8547457627118646	0.25421052631578944	-0.0755286660863701	0.27185449471590284	0.012667069923951344	0.0010528167362953748	24.097034454345703
19.422	2.8547457627118646	0.2694736842105263	-0.08983948121638129	0.2788663421016321	0.012699601398964535	0.0006831933505739584	23.335765838623047
19.422	2.8547457627118646	0.2847368421052632	-0.10440763142973403	0.28577406342003675	0.01271263085597175	0.00041129537297239873	22.67283058166504
19.422	2.8547457627118646	0.3	-0.11837726590305783	0.29004870216224526	0.01270808124002494	0.00023694958089241452	22.190879821777344
19.422	2.864915254237288	0.01	0.02614703345030336	0.14789547930333954	0.013555125415743562	0.001402727406838218	36.019805908203125
19.422	2.864915254237288	0.02526315789473684	0.024934185635408144	0.1785689857518506	0.013613165766739283	0.0014533306679538264	47.1350212097168
19.422	2.864915254237288	0.04052631578947368	0.02097056700300215	0.18259927776737334	0.013500712217225576	0.0014248501347594307	43.26192092895508
19.422	2.864915254237288	0.05578947368421053	0.016965252686401585	0.1919510071361643	0.013388604378721563	0.0013260991965636962	39.71172904968262
19.422	2.864915254237288	0.07105263157894737	0.016702037748398915	0.1938410068080575	0.013094956360349855	0.001509816284278646	37.15645980834961
19.422	2.864915254237288	0.0863157894736842	0.014104652221265676	0.19794246989463327	0.012825104287837438	0.001521047560573278	35.40695571899414
19.422	2.864915254237288	0.10157894736842105	0.013241570096345821	0.19953119163932342	0.012872054531307164	0.001559184050412071	33.545156478881836
19.422	2.864915254237288	0.11684210526315789	0.011791064642232592	0.20313217668173145	0.01277081055430564	0.0014960924618352457	32.72667694091797
19.422	2.864915254237288	0.13210526315789473	0.010141157677292716	0.20583091454024044	0.012809611112711318	0.0017127483335914358	32.16494369506836
19.422	2.864915254237288	0.1473684210526316	0.0073739279352674336	0.21057002897914429	0.012713538616266992	0.0014613799256155738	32.24489212036133
19.422	2.864915254237288	0.16263157894736843	0.0030993699649764623	0.221062924915661	0.012813164722594823	0.0011438311824067565	33.1588134765625
19.422	2.864915254237288	0.17789473684210527	-0.00531454616860054	0.23173303106645304	0.013046477769514463	0.0009136990189917908	32.18429756164551
19.422	2.864915254237288	0.1931578947368421	-0.01641745733498164	0.24420995738086473	0.012958499105936652	0.0006246479809024087	29.649211883544922
19.422	2.864915254237288	0.20842105263157895	-0.02990992976286993	0.2559566690788623	0.013040995133726252	0.00019512673076769538	27.757661819458008
19.422	2.864915254237288	0.2236842105263158	-0.04467677489805587	0.26700914129592757	0.013115060377551568	-0.00015448745637604896	26.239086151123047
19.422	2.864915254237288	0.23894736842105263	-0.059978202632140314	0.27676941613877476	0.013184199611767339	-0.0007577707988837697	24.913795471191406
19.422	2.864915254237288	0.25421052631578944	-0.075509054512834	0.283542845397408	0.013002167275870318	-0.0011076318184557868	23.976171493530273
19.422	2.864915254237288	0.2694736842105263	-0.09019042974394581	0.2903412895293674	0.012819927649678438	-0.001856149141071146	23.19485855102539
19.422	2.864915254237288	0.2847368421052632	-0.1042466354934575	0.296674736032053	0.012951962933487719	-0.0020993373071693557	22.50379180908203
19.422	2.864915254237288	0.3	-0.12014272678932938	0.3024910505470123	0.012972723708565798	-0.0024461308965843835	21.91946792602539
19.422	2.875084745762712	0.01	0.014465197051633563	0.09673236776742916	0.0141693642885775	-0.0003107379736090924	37.16108322143555
19.422	2.875084745762712	0.02526315789473684	0.014749093671194678	0.1155637709383503	0.014072143480845463	-0.00028208672697496777	43.63578796386719
19.422	2.875084745762712	0.04052631578947368	0.011280456502787233	0.12173294629497677	0.013769141881149907	-0.0002544998201303772	46.64128494262695
19.422	2.875084745762712	0.05578947368421053	0.010469442439175327	0.13069813055947127	0.013570072741081188	-4.9120190831925136e-05	40.88645935058594
19.422	2.875084745762712	0.07105263157894737	0.010956042957472894	0.13653962242974504	0.013318465937286326	-9.873241158700347e-05	38.681304931640625
19.422	2.875084745762712	0.0863157894736842	0.010326199846126474	0.14632795593638495	0.013194272413099856	-0.00012211092310692652	36.17889976501465
19.422	2.875084745762712	0.10157894736842105	0.010030590237833897	0.153272440386308	0.01292114686052796	-5.294213253303354e-05	34.641679763793945
19.422	2.875084745762712	0.11684210526315789	0.008781078658722052	0.1602443467243565	0.01289495544165388	0.00013831807089506574	33.343563079833984
19.422	2.875084745762712	0.13210526315789473	0.0074587643292766915	0.1685178071609689	0.01311435037264411	0.0001803000988213569	32.797271728515625
19.422	2.875084745762712	0.1473684210526316	0.004150510966501838	0.17621537171071294	0.01292438758187058	4.357289309570379e-06	33.31061363220215
19.422	2.875084745762712	0.16263157894736843	-0.0008935434248264044	0.18892441247007707	0.013065996332521087	-8.496084470797724e-05	34.61361122131348
19.422	2.875084745762712	0.17789473684210527	-0.008416969151330176	0.19925922645734218	0.013138608470836536	-0.0006690121494209945	32.31927490234375
19.422	2.875084745762712	0.1931578947368421	-0.018913838741463594	0.21072939803370802	0.013207320854649898	-0.0009759697627026041	30.10422134399414
19.422	2.875084745762712	0.20842105263157895	-0.031739480433541585	0.2216445330988265	0.013259771839584614	-0.0013855889759653713	28.203380584716797
19.422	2.875084745762712	0.2236842105263158	-0.04453114918528431	0.23057964201356507	0.012989913915662368	-0.0018909789168830367	26.753257751464844
19.422	2.875084745762712	0.23894736842105263	-0.058575881420390816	0.23923036178575086	0.013066498289758827	-0.002675949820836343	25.537906646728516
19.422	2.875084745762712	0.25421052631578944	-0.07293643683437757	0.2457852650157223	0.012866512735768118	-0.0031497795934725768	24.641538619995117
19.422	2.875084745762712	0.2694736842105263	-0.08638288928227827	0.25229893983822854	0.012716879099302825	-0.003637730611039532	23.79964828491211
19.422	2.875084745762712	0.2847368421052632	-0.1002437703898311	0.2570503466920193	0.012801871875767614	-0.00394604942571701	23.165456771850586
19.422	2.875084745762712	0.3	-0.11440960871889433	0.2621408775046141	0.01257717906212056	-0.0046860141162581165	22.61343765258789
19.422	2.8852542372881356	0.01	0.02722085607335723	0.15357246543910813	0.01460169647909643	-0.0026339105212612353	38.8182373046875
19.422	2.8852542372881356	0.02526315789473684	0.01777558564306058	0.18117932952639185	0.01442917424203817	-0.0025624603580254703	45.553565979003906
19.422	2.8852542372881356	0.04052631578947368	0.013782040042381809	0.19140769643757027	0.014216305685811264	-0.002444198719913966	43.64571762084961
19.422	2.8852542372881356	0.05578947368421053	0.01274584971731495	0.1983633287087535	0.01376110389862963	-0.002226193733521591	40.13844871520996
19.422	2.8852542372881356	0.07105263157894737	0.01185268911586546	0.2005135184965102	0.013443283198514028	-0.0021601866206552183	36.55788803100586
19.422	2.8852542372881356	0.0863157894736842	0.011480589020665798	0.20547943628986212	0.013085985254893994	-0.0018761623100490479	35.17852973937988
19.422	2.8852542372881356	0.10157894736842105	0.011056690642785302	0.20625946483782964	0.012877983410297392	-0.0017685871727048663	33.404666900634766
19.422	2.8852542372881356	0.11684210526315789	0.008225862580397206	0.2101709839351591	0.012644183747332505	-0.0015665348971419728	32.5329475402832
19.422	2.8852542372881356	0.13210526315789473	0.006153882712992811	0.21615832298915857	0.012729028543134546	-0.0014347199642098002	32.525390625
19.422	2.8852542372881356	0.1473684210526316	0.0011830614338367894	0.225288088773353	0.012656451527283504	-0.0018847699588671204	33.312068939208984
19.422	2.8852542372881356	0.16263157894736843	-0.006948672749765053	0.23622712253426234	0.012679516649797298	-0.002349643880968225	30.951873779296875
19.422	2.8852542372881356	0.17789473684210527	-0.019230544891231056	0.24684646659669618	0.012546314477418965	-0.0028469149363625486	28.686447143554688
19.422	2.8852542372881356	0.1931578947368421	-0.03280044113751866	0.2586431330094734	0.012684479317119	-0.0031319437484124083	26.668943405151367
19.422	2.8852542372881356	0.20842105263157895	-0.04730058199664565	0.26753095969709706	0.012362098885438638	-0.0034196882351532547	25.149171829223633
19.422	2.8852542372881356	0.2236842105263158	-0.06208224537720889	0.27539714848774627	0.012228871908388561	-0.004260146765518395	24.015056610107422
19.422	2.8852542372881356	0.23894736842105263	-0.07750940840118407	0.2808099524583132	0.012133218459437475	-0.004643783798103008	23.078411102294922
19.422	2.8852542372881356	0.25421052631578944	-0.09154027729213404	0.28553669123561226	0.011750246576500926	-0.005229359483648345	22.316247940063477
19.422	2.8852542372881356	0.2694736842105263	-0.1074789914387481	0.29026971279294345	0.011585449709064076	-0.00583815294565088	21.7297420501709
19.422	2.8852542372881356	0.2847368421052632	-0.11990702979650512	0.2916128612158365	0.011328535599141128	-0.0060664875713681305	21.26027488708496
19.422	2.8852542372881356	0.3	-0.13461333411154613	0.29424401334494293	0.011418048024826129	-0.0071165484155973355	20.865114212036133
19.422	2.8954237288135594	0.01	0.008291688274140046	0.13547401091359035	0.013238728028926195	-0.004596589566538181	37.443572998046875
19.422	2.8954237288135594	0.02526315789473684	0.012469618473777158	0.15236284766260866	0.01301700952605497	-0.00456733613147896	45.90263748168945
19.422	2.8954237288135594	0.04052631578947368	0.012844090452490744	0.15879945145379393	0.012728000601232295	-0.004291495167040658	43.62623596191406
19.422	2.8954237288135594	0.05578947368421053	0.012299759478254617	0.16553759735913892	0.012195323468986035	-0.003926051963361475	40.23661231994629
19.422	2.8954237288135594	0.07105263157894737	0.01411471185512837	0.1700010441276631	0.011858102578906966	-0.0035312710943020287	36.79664611816406
19.422	2.8954237288135594	0.0863157894736842	0.014131300526261294	0.1753379971986091	0.011760440580207237	-0.003152677909314878	35.406883239746094
19.422	2.8954237288135594	0.10157894736842105	0.014107976344004243	0.180292029402723	0.011516696676796154	-0.0028294573144414608	33.20001792907715
19.422	2.8954237288135594	0.11684210526315789	0.012179068328483849	0.1876391180119425	0.011355427639706237	-0.002540167516829059	32.040822982788086
19.422	2.8954237288135594	0.13210526315789473	0.009308420273248002	0.19660403172944352	0.011394226770995358	-0.00245290168354808	31.717205047607422
19.422	2.8954237288135594	0.1473684210526316	0.0042041309231190364	0.20660146593233078	0.01136139145413726	-0.0025129890518745786	32.58564758300781
19.422	2.8954237288135594	0.16263157894736843	-0.006058082801371682	0.21951520820454312	0.011093921206135116	-0.003176036386233716	31.288969039916992
19.422	2.8954237288135594	0.17789473684210527	-0.018044473915245336	0.23101571937413817	0.011103508487236742	-0.003374346208628267	28.90785026550293
19.422	2.8954237288135594	0.1931578947368421	-0.031321465955000335	0.24328357988824995	0.010957854400204546	-0.004040100767921231	26.988086700439453
19.422	2.8954237288135594	0.20842105263157895	-0.045946450595977656	0.253112886361216	0.010673149803184062	-0.004604497236506152	25.567115783691406
19.422	2.8954237288135594	0.2236842105263158	-0.059548376751366	0.2593064576195524	0.010537536075730707	-0.005122039661228046	24.503387451171875
19.422	2.8954237288135594	0.23894736842105263	-0.07383130411484207	0.26621780904552655	0.01025258914916093	-0.005694417398530125	23.644887924194336
19.422	2.8954237288135594	0.25421052631578944	-0.08713869279617421	0.2696168097544728	0.010191929603537774	-0.006030542934968787	22.983062744140625
19.422	2.8954237288135594	0.2694736842105263	-0.10045575151470468	0.2732153360580126	0.010122092488531253	-0.006573796684461367	22.368375778198242
19.422	2.8954237288135594	0.2847368421052632	-0.11385964017580984	0.2767749396007843	0.00973394687283506	-0.007097940976201304	21.885005950927734
19.422	2.8954237288135594	0.3	-0.12608574239638343	0.27746471705645787	0.009535079339951347	-0.007764428547294591	21.5142765045166
19.422	2.905593220338983	0.01	0.01960251492547015	0.19826474550741602	0.012820173644325418	-0.005387715803032111	34.195125579833984
19.422	2.905593220338983	0.02526315789473684	0.01676642608927706	0.2091724901236861	0.012302925259740017	-0.005477947567247899	45.383880615234375
19.422	2.905593220338983	0.04052631578947368	0.01824100509974541	0.21083957533875713	0.011789870965219006	-0.005142555309722128	42.61439895629883
19.422	2.905593220338983	0.05578947368421053	0.015089830873617309	0.209819282402156	0.011321303929286798	-0.0046017751091500855	39.099884033203125
19.422	2.905593220338983	0.07105263157894737	0.015152435426301627	0.2069648062514099	0.010795616871234369	-0.004118928154885627	36.24160194396973
19.422	2.905593220338983	0.0863157894736842	0.014098893324211194	0.20615097574630634	0.010272802045648339	-0.0036924041429431268	34.81656455993652
19.422	2.905593220338983	0.10157894736842105	0.011828099409416273	0.20595408968368414	0.009930737198164917	-0.0031777174743958195	33.374454498291016
19.422	2.905593220338983	0.11684210526315789	0.009847717873486657	0.21109031818814453	0.009517823744672832	-0.002848647345739179	32.4808235168457
19.422	2.905593220338983	0.13210526315789473	0.00638351445871296	0.2167010934154068	0.009617611319429845	-0.002729181232630112	31.932640075683594
19.422	2.905593220338983	0.1473684210526316	-0.0008923849536303156	0.2268749216778932	0.009662812531058568	-0.002658141537323349	32.588905334472656
19.422	2.905593220338983	0.16263157894736843	-0.012183239824084894	0.24254577102157385	0.009396967111840317	-0.0031943399413501	31.03600311279297
19.422	2.905593220338983	0.17789473684210527	-0.02596105634937882	0.259186008234454	0.009299739737253454	-0.003476110516482472	28.490034103393555
19.422	2.905593220338983	0.1931578947368421	-0.042378013019961136	0.2728889761370993	0.009159901534986319	-0.004042034285527657	26.591285705566406
19.422	2.905593220338983	0.20842105263157895	-0.05903105098753456	0.28608042243023063	0.008931072797606186	-0.004561704364059589	25.123321533203125
19.422	2.905593220338983	0.2236842105263158	-0.0748853680909016	0.2969580639298409	0.00893376785605317	-0.005036700650644014	24.011491775512695
19.422	2.905593220338983	0.23894736842105263	-0.09115252441245697	0.3059762683376074	0.008724473509102536	-0.005414594148496725	23.127819061279297
19.422	2.905593220338983	0.25421052631578944	-0.10659389782216033	0.31217289715123925	0.008533555891958826	-0.006245800565814197	22.40390968322754
19.422	2.905593220338983	0.2694736842105263	-0.12189372706910226	0.31744303833393955	0.008181215263664887	-0.006602207798341943	21.825069427490234
19.422	2.905593220338983	0.2847368421052632	-0.13662761602302642	0.3215894410356751	0.00811478874700321	-0.007552831253453495	21.327850341796875
19.422	2.905593220338983	0.3	-0.1514464282968495	0.32431082405561173	0.007952432633775503	-0.007912102043920788	21.008588790893555
19.422	2.9157627118644065	0.01	-0.0013748073556874344	0.1824564901780482	0.009987554947007	-0.004421501748691365	37.941707611083984
19.422	2.9157627118644065	0.02526315789473684	0.0005697012239303947	0.1873804198617668	0.009896574303284889	-0.004084845100015241	46.110809326171875
19.422	2.9157627118644065	0.04052631578947368	0.004228547876632368	0.18607118501687492	0.009636367712037915	-0.003725900818044989	42.17961883544922
19.422	2.9157627118644065	0.05578947368421053	0.0037897776694760642	0.1861148428447301	0.009148015718235333	-0.003267705878041649	38.818010330200195
19.422	2.9157627118644065	0.07105263157894737	0.007592921319769411	0.18247541862500255	0.008742088187743607	-0.0028012540395116543	36.29345893859863
19.422	2.9157627118644065	0.0863157894736842	0.007115107417110797	0.18294067592806965	0.008336833225056257	-0.0026852990114414298	34.40921401977539
19.422	2.9157627118644065	0.10157894736842105	0.007019163770372492	0.18283032939808758	0.00801738516982245	-0.002187862167861797	32.856571197509766
19.422	2.9157627118644065	0.11684210526315789	0.005753056062156776	0.18600782358127027	0.008005521744215588	-0.001755545590217711	31.409671783447266
19.422	2.9157627118644065	0.13210526315789473	0.004313831501657273	0.18911409524793127	0.008094137149411557	-0.001431894756257854	30.91522216796875
19.422	2.9157627118644065	0.1473684210526316	0.0005651579743594776	0.1970222948026625	0.008096814117462691	-0.0014181650837010347	31.259180068969727
19.422	2.9157627118644065	0.16263157894736843	-0.006064700462825408	0.2069666596560615	0.00815726423631177	-0.001766272455709178	32.32442092895508
19.422	2.9157627118644065	0.17789473684210527	-0.015275377300873331	0.21981412497934016	0.008009366952561419	-0.0022697906512555263	31.972766876220703
19.422	2.9157627118644065	0.1931578947368421	-0.027916890429128954	0.23276041546013532	0.008098278721323465	-0.002698566613501237	29.73272705078125
19.422	2.9157627118644065	0.20842105263157895	-0.04236738642191616	0.2438627118837679	0.008005202622249373	-0.0031222506798009903	27.949485778808594
19.422	2.9157627118644065	0.2236842105263158	-0.05496837054358897	0.2551677631690755	0.007813620243738217	-0.0037880621642650218	26.573055267333984
19.422	2.9157627118644065	0.23894736842105263	-0.06954812997989922	0.2637061408979126	0.007740264406053127	-0.0041768913487410025	25.451438903808594
19.422	2.9157627118644065	0.25421052631578944	-0.08268584793970765	0.27058699099501676	0.007459423936192802	-0.004750016089930829	24.59868621826172
19.422	2.9157627118644065	0.2694736842105263	-0.0961666761214363	0.2756611940219955	0.007228225211797149	-0.00527303357203167	23.885351181030273
19.422	2.9157627118644065	0.2847368421052632	-0.10940479024001233	0.28078492551594536	0.007189105385400218	-0.005464592903174014	23.321456909179688
19.422	2.9157627118644065	0.3	-0.12282004557206988	0.2849580996110062	0.00712707741663926	-0.006178631933882604	22.866230010986328
19.422	2.9259322033898307	0.01	0.005486188310834152	0.1758890502526384	0.00929116190534563	-0.0012075331113570518	36.715518951416016
19.422	2.9259322033898307	0.02526315789473684	0.0013955633075337763	0.18801212528092323	0.008916236948502052	-0.0011096079681885153	44.02136993408203
19.422	2.9259322033898307	0.04052631578947368	0.002007154542185732	0.18978147674188373	0.008491185992805753	-0.001207013460202795	44.17646789550781
19.422	2.9259322033898307	0.05578947368421053	0.002836575013749664	0.18938985129189104	0.008433682506346145	-0.0009450648685516317	40.90499687194824
19.422	2.9259322033898307	0.07105263157894737	0.0025785533662898326	0.18738637963524699	0.007795686696680262	-0.000744889853354029	38.39013862609863
19.422	2.9259322033898307	0.0863157894736842	0.0024999119174635084	0.18791189002090655	0.007481429527008086	-0.0006601767206488219	36.13050079345703
19.422	2.9259322033898307	0.10157894736842105	0.0015900529754316467	0.18994883405262192	0.007488730005577135	-0.00035045777224505304	34.4135627746582
19.422	2.9259322033898307	0.11684210526315789	-0.0010812821031111796	0.19170108862086724	0.007205276518341913	-0.00019693202641741944	33.710092544555664
19.422	2.9259322033898307	0.13210526315789473	-0.0039052967612195353	0.19558330884534456	0.007483288403837657	2.6262421002963042e-05	33.09516906738281
19.422	2.9259322033898307	0.1473684210526316	-0.007361480157557555	0.20344660702972844	0.007481826813649846	-8.963352818880724e-05	33.35454177856445
19.422	2.9259322033898307	0.16263157894736843	-0.013559752255311495	0.21431869897729572	0.007424117817767423	-0.0003369364531701466	34.6379451751709
19.422	2.9259322033898307	0.17789473684210527	-0.023640842474630358	0.2265517488654595	0.007406897901721448	-0.0008983493926757462	32.079002380371094
19.422	2.9259322033898307	0.1931578947368421	-0.037487062758079295	0.23891889136408373	0.007285050057810064	-0.0014851353684684821	29.66490936279297
19.422	2.9259322033898307	0.20842105263157895	-0.05186512042203217	0.2525091299409141	0.007375414090613399	-0.001899372815798862	27.710905075073242
19.422	2.9259322033898307	0.2236842105263158	-0.06766871457539794	0.2636489874473692	0.007478500617258574	-0.0020952911420602824	26.352828979492188
19.422	2.9259322033898307	0.23894736842105263	-0.08399732384203264	0.2725376872861289	0.007019282733305352	-0.0032754343771896396	25.101455688476562
19.422	2.9259322033898307	0.25421052631578944	-0.09961464601872752	0.28052426674901476	0.006829387829854142	-0.0034562923317364505	24.168996810913086
19.422	2.9259322033898307	0.2694736842105263	-0.11602486651316316	0.2877870023205815	0.00667719014996656	-0.004198475324199912	23.414377212524414
19.422	2.9259322033898307	0.2847368421052632	-0.13134375469812137	0.2936052344199085	0.006649060063317443	-0.004717344436658751	22.836626052856445
19.422	2.9259322033898307	0.3	-0.14524400987060565	0.29666580228312134	0.006405600587869853	-0.005194125797005229	22.37531852722168
19.422	2.936101694915254	0.01	-0.007579214948730681	0.14470047025187133	0.007762345798666215	0.001563164422315338	37.48115921020508
19.422	2.936101694915254	0.02526315789473684	-0.006045264711377115	0.157729266075137	0.007734909687543843	0.001419573340591769	45.143898010253906
19.422	2.936101694915254	0.04052631578947368	-0.002752104766752168	0.16979475018997436	0.00743715696639963	0.0014066289002689426	43.51935577392578
19.422	2.936101694915254	0.05578947368421053	-0.003059855468656464	0.17131257054825066	0.007284918470260591	0.0011763174046440967	39.901344299316406
19.422	2.936101694915254	0.07105263157894737	-1.9913972666254774e-05	0.17727552191054008	0.006924638389738234	0.0011824690837544212	37.433074951171875
19.422	2.936101694915254	0.0863157894736842	0.001433068726326597	0.17914721746769646	0.006822762876662422	0.0012146862902271717	34.95439147949219
19.422	2.936101694915254	0.10157894736842105	0.0004056847530905176	0.18150804501818918	0.006723795903643585	0.0013951354596473426	33.13912582397461
19.422	2.936101694915254	0.11684210526315789	0.00012650213090530883	0.18503269937416708	0.006719201573205512	0.0012641011515222395	32.198760986328125
19.422	2.936101694915254	0.13210526315789473	-0.002291515902986117	0.1903331424061138	0.0069991589052877355	0.0013314732215436332	31.941539764404297
19.422	2.936101694915254	0.1473684210526316	-0.005810250949950253	0.19695027485819755	0.006919139294706442	0.0009603676082958428	32.61368370056152
19.422	2.936101694915254	0.16263157894736843	-0.010291227797871156	0.20637863495051173	0.006940026322201052	0.0007737451046165963	34.0448112487793
19.422	2.936101694915254	0.17789473684210527	-0.019938416133528283	0.21528453484772947	0.0070656201468032274	0.00033534042932747	31.39755630493164
19.422	2.936101694915254	0.1931578947368421	-0.030746120305461852	0.22580752027993267	0.006959894825203235	-0.0003354323378864057	29.411121368408203
19.422	2.936101694915254	0.20842105263157895	-0.04489291356663224	0.23491476522599525	0.006996837944583572	-0.000846039885937616	27.432884216308594
19.422	2.936101694915254	0.2236842105263158	-0.05837626921897265	0.24273875154378363	0.0065888707461357835	-0.0016965337169454983	26.230392456054688
19.422	2.936101694915254	0.23894736842105263	-0.07135469017270463	0.24835937685040296	0.006363613734074008	-0.0020625283198529468	25.14065170288086
19.422	2.936101694915254	0.25421052631578944	-0.0850507188141297	0.25378098603743593	0.006368416239714902	-0.002324103031321693	24.305370330810547
19.422	2.936101694915254	0.2694736842105263	-0.09871173934265481	0.2575451478309511	0.006279761117624776	-0.0030900882061247596	23.57241439819336
19.422	2.936101694915254	0.2847368421052632	-0.1120482384843289	0.26154138530622084	0.00622327622755023	-0.003489063728232245	23.02631950378418
19.422	2.936101694915254	0.3	-0.1250027732179095	0.2631458714440969	0.005711809754291154	-0.00422294626857657	22.63187599182129
19.422	2.9462711864406783	0.01	0.014133004459438062	0.10960561144887196	0.007674262567786626	0.0038329179352574933	36.44467544555664
19.422	2.9462711864406783	0.02526315789473684	0.0036563198891255604	0.11853200305043446	0.007621888004948086	0.0035801743571388794	47.30172348022461
19.422	2.9462711864406783	0.04052631578947368	0.004938404153801649	0.13121945708110888	0.0073429044750328324	0.0031509066624628287	44.88139343261719
19.422	2.9462711864406783	0.05578947368421053	0.004273624575000399	0.14395933280168988	0.007362249584500222	0.003006158731127242	40.40388107299805
19.422	2.9462711864406783	0.07105263157894737	0.003061618615685986	0.1505350035078053	0.007109463970391285	0.0029254228508341093	39.13674354553223
19.422	2.9462711864406783	0.0863157894736842	0.0013449017854317554	0.15842324019330123	0.007064499094695736	0.0027887823653832966	36.74985885620117
19.422	2.9462711864406783	0.10157894736842105	-2.4017619714126753e-05	0.16622245790900989	0.006932183111103762	0.0024338498670891523	34.43656921386719
19.422	2.9462711864406783	0.11684210526315789	-0.0013527765151113158	0.17584829735102453	0.0069362310883031054	0.002456196026911825	33.25049591064453
19.422	2.9462711864406783	0.13210526315789473	-0.003740176859125485	0.18434511995407143	0.0069005684780763955	0.0023865161414764746	33.26520347595215
19.422	2.9462711864406783	0.1473684210526316	-0.00830167238125068	0.19473105619614384	0.007135419182674379	0.002359634803871185	33.71464920043945
19.422	2.9462711864406783	0.16263157894736843	-0.016788454772683488	0.20803207309252447	0.0067836694947403875	0.0018560236447559067	32.17144966125488
19.422	2.9462711864406783	0.17789473684210527	-0.028767234367769588	0.22167947210321426	0.007026165247640525	0.0013400172720469635	29.616168975830078
19.422	2.9462711864406783	0.1931578947368421	-0.04319411365048222	0.23295635840393514	0.006880572740178836	0.0006192547765815641	27.542348861694336
19.422	2.9462711864406783	0.20842105263157895	-0.05862588073558368	0.2440877405263382	0.0066200504290826676	6.980101307639337e-05	26.08844566345215
19.422	2.9462711864406783	0.2236842105263158	-0.0740379677352517	0.252939892259717	0.006509912214632903	-0.0005015553130460455	24.74245834350586
19.422	2.9462711864406783	0.23894736842105263	-0.08957260312502083	0.2599445457712221	0.006379232602002854	-0.0008722821507644409	23.88573455810547
19.422	2.9462711864406783	0.25421052631578944	-0.1038223293803599	0.2649649652091377	0.006122939334536465	-0.0015083125958126032	23.175872802734375
19.422	2.9462711864406783	0.2694736842105263	-0.11908726878612264	0.2694215954055579	0.005893665098298531	-0.0019913264780064546	22.572607040405273
19.422	2.9462711864406783	0.2847368421052632	-0.13382073785252963	0.2722574514866415	0.005643177279316441	-0.00252648159012872	22.070667266845703
19.422	2.9462711864406783	0.3	-0.14820409184396358	0.27417941841469884	0.005350929372989195	-0.0027565009434588564	21.768770217895508
19.422	2.9564406779661017	0.01	0.01300009221229614	0.13292150393301433	0.0077125959989732575	0.005197448742357183	28.20519256591797
19.422	2.9564406779661017	0.02526315789473684	0.00849738524719199	0.13877870134431078	0.007326794205138536	0.0047614840872688465	42.67864990234375
19.422	2.9564406779661017	0.04052631578947368	0.009808308920797645	0.15081162657491576	0.007281356207269377	0.004481818946917423	42.53455352783203
19.422	2.9564406779661017	0.05578947368421053	0.011389748750694777	0.1614153162391921	0.007083046889985448	0.004163132480196053	39.2722282409668
19.422	2.9564406779661017	0.07105263157894737	0.009930100360018053	0.166369955327668	0.006913760649286021	0.0040711759723282	36.05287170410156
19.422	2.9564406779661017	0.0863157894736842	0.009708565279655697	0.171299564246156	0.00697237347917519	0.003924966484462057	33.591352462768555
19.422	2.9564406779661017	0.10157894736842105	0.008185476988368273	0.17553020079068157	0.007215046145711425	0.003876836691958598	32.23073196411133
19.422	2.9564406779661017	0.11684210526315789	0.006799816512937613	0.1794019260237239	0.007095074097343824	0.003805462644469638	31.420650482177734
19.422	2.9564406779661017	0.13210526315789473	0.003737825627229963	0.18638692437771712	0.007112225755134211	0.003391535282371953	31.163192749023438
19.422	2.9564406779661017	0.1473684210526316	-0.0003040498745953915	0.19740090574098085	0.006899169784835285	0.0033352765426224607	31.44867706298828
19.422	2.9564406779661017	0.16263157894736843	-0.007482990358895645	0.2092882877351463	0.006984184503132594	0.002742528523060112	32.22342491149902
19.422	2.9564406779661017	0.17789473684210527	-0.0181481967837876	0.22154129977763892	0.006956906725579052	0.0023090869936021894	29.561180114746094
19.422	2.9564406779661017	0.1931578947368421	-0.031276365884621585	0.23241207796021535	0.006554280702700659	0.0019423440137979313	27.746519088745117
19.422	2.9564406779661017	0.20842105263157895	-0.04450423966386484	0.2431467567802584	0.006297303369344472	0.0016024550499077455	26.200939178466797
19.422	2.9564406779661017	0.2236842105263158	-0.058265492760028105	0.25085213168051024	0.0064143704987252815	0.0011314842154558336	25.046533584594727
19.422	2.9564406779661017	0.23894736842105263	-0.07259911966370895	0.25755270000328656	0.006228763344380952	0.0004851926777871033	24.09859275817871
19.422	2.9564406779661017	0.25421052631578944	-0.08537184863730479	0.2623167611856548	0.005973120084367935	9.511436194851213e-05	23.37911033630371
19.422	2.9564406779661017	0.2694736842105263	-0.09864059255642066	0.26637088567621736	0.005781081480200579	-0.0004266372043424681	22.8029727935791
19.422	2.9564406779661017	0.2847368421052632	-0.11228030492509475	0.26991712596002165	0.005750884621403421	-0.0008934321307561275	22.274415969848633
19.422	2.9564406779661017	0.3	-0.12487926387418749	0.27315662863049794	0.005109112543169647	-0.0012132169827919364	21.84801483154297
19.422	2.9666101694915255	0.01	0.013572884563312515	0.07340076925549802	0.007921559287234446	0.0053847356855885225	38.96546173095703
19.422	2.9666101694915255	0.02526315789473684	0.013880775149867516	0.08684865642655788	0.007856670591746693	0.005326339725802385	46.621482849121094
19.422	2.9666101694915255	0.04052631578947368	0.014249345802657883	0.09991936446251494	0.007742685091244521	0.005149896011430385	44.63615417480469
19.422	2.9666101694915255	0.05578947368421053	0.011127110729124503	0.11216981893678457	0.007599838489323461	0.004744582373509516	40.61927032470703
19.422	2.9666101694915255	0.07105263157894737	0.010059613469046307	0.11981717895388164	0.0075283593957335155	0.004468683243328451	38.4718132019043
19.422	2.9666101694915255	0.0863157894736842	0.007805580380362227	0.1290050799739317	0.007512936565220101	0.004314771636991252	36.47685432434082
19.422	2.9666101694915255	0.10157894736842105	0.006317417929382094	0.13701573749234783	0.007741305809077266	0.004185867320955338	34.39199447631836
19.422	2.9666101694915255	0.11684210526315789	0.004096674364998535	0.14464522763195106	0.007407186296660186	0.0041235136203100296	33.14901351928711
19.422	2.9666101694915255	0.13210526315789473	0.0019316588343169763	0.1547392561058464	0.007609430466737578	0.004041597398098553	32.6728515625
19.422	2.9666101694915255	0.1473684210526316	-0.002851365158833003	0.16583850789719376	0.0073948948400274234	0.003835168045023999	32.87706184387207
19.422	2.9666101694915255	0.16263157894736843	-0.009531224690771844	0.18062110818148802	0.007549543666019318	0.0032669359359523125	33.98269271850586
19.422	2.9666101694915255	0.17789473684210527	-0.020650607999459097	0.19697145539406205	0.0072025253913951814	0.003162997269445295	31.186519622802734
19.422	2.9666101694915255	0.1931578947368421	-0.03443039445387455	0.21196281506580167	0.0069778297341189285	0.0026959257118722066	29.03451919555664
19.422	2.9666101694915255	0.20842105263157895	-0.04917176319749942	0.22583295107744414	0.006874270515134201	0.002324912767716962	27.35957145690918
19.422	2.9666101694915255	0.2236842105263158	-0.06448037432163573	0.23816238005998758	0.006636391428644645	0.0019985161653218566	26.02023696899414
19.422	2.9666101694915255	0.23894736842105263	-0.07929207715095571	0.2467678530188671	0.006394328156482304	0.0016161691081558144	24.987537384033203
19.422	2.9666101694915255	0.25421052631578944	-0.09418965911459261	0.25507935233617646	0.006269143808120774	0.0012865969061338905	24.12096405029297
19.422	2.9666101694915255	0.2694736842105263	-0.1091764693398509	0.2631757246539171	0.006208875236578666	0.0008193856441310703	23.410295486450195
19.422	2.9666101694915255	0.2847368421052632	-0.12395271631130164	0.2685157553850849	0.005964524160689242	0.000703434042184055	22.913164138793945
19.422	2.9666101694915255	0.3	-0.13908966544941145	0.2743209555376357	0.005642990552113319	0.00016160946045587778	22.410816192626953
19.422	2.9767796610169492	0.01	0.00930316928793573	0.12301313817981602	0.008413442234090058	0.0058094136395171825	38.19400405883789
19.422	2.9767796610169492	0.02526315789473684	0.015983896292940617	0.1296607011604678	0.00843089828231651	0.005595347180505663	44.68206024169922
19.422	2.9767796610169492	0.04052631578947368	0.013339137551569276	0.14200230944218079	0.008198677860858608	0.0053805899839150136	41.9201774597168
19.422	2.9767796610169492	0.05578947368421053	0.012160978528167013	0.14804962570735686	0.00817801959238177	0.005404743781045579	37.68488883972168
19.422	2.9767796610169492	0.07105263157894737	0.012709429098371302	0.1558564483052791	0.007959103831019363	0.004987940312506113	35.64581298828125
19.422	2.9767796610169492	0.0863157894736842	0.009706822075509774	0.15823796309404653	0.008206587473318191	0.005040751287393615	34.17222595214844
19.422	2.9767796610169492	0.10157894736842105	0.008141638759213502	0.16126327763542175	0.0079861708041907	0.004868939045471794	32.802764892578125
19.422	2.9767796610169492	0.11684210526315789	0.006920257453160268	0.16499871145355477	0.00789575884465456	0.004808156498464831	31.743438720703125
19.422	2.9767796610169492	0.13210526315789473	0.0042528143714237	0.1684469100030042	0.007822458420620222	0.004623720029698496	31.39356231689453
19.422	2.9767796610169492	0.1473684210526316	0.001007184631921517	0.1769928175899176	0.007732882233327671	0.004370887040008063	31.83147621154785
19.422	2.9767796610169492	0.16263157894736843	-0.0046420622894974735	0.18727448170364722	0.007799760929620984	0.004542298499128979	32.97035217285156
19.422	2.9767796610169492	0.17789473684210527	-0.01457761199715761	0.20064027895094189	0.007650577468385754	0.004164973034832462	31.576967239379883
19.422	2.9767796610169492	0.1931578947368421	-0.02642022844216754	0.2121587632015281	0.007293664405293573	0.004078598268469511	29.516803741455078
19.422	2.9767796610169492	0.20842105263157895	-0.0401677781511002	0.22425102882794373	0.007274302149406783	0.0036278177724198358	27.668502807617188
19.422	2.9767796610169492	0.2236842105263158	-0.05476056948815444	0.23534691007467254	0.007181878146756122	0.0032765005971923857	26.340808868408203
19.422	2.9767796610169492	0.23894736842105263	-0.06881823423639066	0.2431717524148656	0.006988274662795734	0.0029955732293893604	25.207931518554688
19.422	2.9767796610169492	0.25421052631578944	-0.08404716328106943	0.2515307326877622	0.006781311220253262	0.002702516913057577	24.303422927856445
19.422	2.9767796610169492	0.2694736842105263	-0.09775098916171684	0.25707994262494355	0.006352823781689648	0.002087593052243923	23.662565231323242
19.422	2.9767796610169492	0.2847368421052632	-0.11144908438244358	0.2632044882746942	0.006303788927725394	0.0019186610167312979	23.049110412597656
19.422	2.9767796610169492	0.3	-0.12518577120840263	0.2676589708247381	0.0061140257804162745	0.0014138986726270411	22.601242065429688
19.422	2.9869491525423726	0.01	0.025571023783898895	0.058844463162204895	0.009040037729960369	0.005895672685193752	39.76791763305664
19.422	2.9869491525423726	0.02526315789473684	0.01817167236477929	0.07520244958369379	0.008972934212741212	0.005719057747029174	45.386783599853516
19.422	2.9869491525423726	0.04052631578947368	0.015024833222933586	0.08476251008479244	0.00888047132270833	0.0054756262674485225	43.50179672241211
19.422	2.9869491525423726	0.05578947368421053	0.014042776157530749	0.09614472629808439	0.008794158467343665	0.005387221670994535	40.43891525268555
19.422	2.9869491525423726	0.07105263157894737	0.011924443110130706	0.10584186030516937	0.00894303722923868	0.005120094443702953	37.021507263183594
19.422	2.9869491525423726	0.0863157894736842	0.009350130050681502	0.11417399452964376	0.00871057149964289	0.005099348858891689	35.00297164916992
19.422	2.9869491525423726	0.10157894736842105	0.007206377684626061	0.12226549015588001	0.008739108995635271	0.005006680723395912	33.26893615722656
19.422	2.9869491525423726	0.11684210526315789	0.00498744567509388	0.13127958925673255	0.008646000738647498	0.004826928702037332	32.276723861694336
19.422	2.9869491525423726	0.13210526315789473	0.0015175523387977933	0.13895053269573937	0.008687692632021248	0.004926300891977162	31.716697692871094
19.422	2.9869491525423726	0.1473684210526316	-0.0023731594033353388	0.15051139383379886	0.008392978960411022	0.0046730432017758824	32.378814697265625
19.422	2.9869491525423726	0.16263157894736843	-0.008686458089626422	0.16291142005014514	0.008328824839783233	0.004769139212887397	34.226919174194336
19.422	2.9869491525423726	0.17789473684210527	-0.019213407099717323	0.17592912660278193	0.008196992046633576	0.004381561605401547	32.09539031982422
19.422	2.9869491525423726	0.1931578947368421	-0.032282873068658825	0.18960998216995587	0.008165062918456712	0.004167797254780238	29.884584426879883
19.422	2.9869491525423726	0.20842105263157895	-0.046927189044260624	0.20132770605475028	0.007903807924778433	0.003951847323800415	28.082923889160156
19.422	2.9869491525423726	0.2236842105263158	-0.06113586422016586	0.21114723935813035	0.007732346429464378	0.0037477984988141533	26.777057647705078
19.422	2.9869491525423726	0.23894736842105263	-0.07663418770844793	0.21950568291273753	0.0075563730688926805	0.003332156629097625	25.649486541748047
19.422	2.9869491525423726	0.25421052631578944	-0.0910985709279481	0.22659813614521024	0.007320548325370329	0.003136509382446157	24.709278106689453
19.422	2.9869491525423726	0.2694736842105263	-0.10580348450046076	0.23312735095497358	0.007336591614450914	0.0030645739538337612	24.068525314331055
19.422	2.9869491525423726	0.2847368421052632	-0.12105996448833539	0.23893480660736693	0.00712017538391228	0.0025503133202163155	23.468624114990234
19.422	2.9869491525423726	0.3	-0.13555178496924275	0.24256341136461723	0.00713320420965465	0.0025352835416468738	22.689924240112305
19.422	2.997118644067797	0.01	0.025887566023198416	0.1172890008932971	0.009642574112345753	0.005426985644362371	32.66489791870117
19.422	2.997118644067797	0.02526315789473684	0.022106713764993	0.1348224551922702	0.009837653570608371	0.005577123426337363	42.658531188964844
19.422	2.997118644067797	0.04052631578947368	0.01871642389033405	0.1442762894906142	0.009590375827043437	0.005407095360561212	39.38840103149414
19.422	2.997118644067797	0.05578947368421053	0.018549721619826237	0.15161138012782124	0.009653378307227062	0.005199705342333032	36.45839309692383
19.422	2.997118644067797	0.07105263157894737	0.015663307792641985	0.15677185999439902	0.009359708827010097	0.0053658236267765365	34.85810089111328
19.422	2.997118644067797	0.0863157894736842	0.01311084127905296	0.15968989173626397	0.00933112138770059	0.005016208835934846	32.62844276428223
19.422	2.997118644067797	0.10157894736842105	0.01103083702423127	0.16107993743709154	0.009345621904109178	0.0051415944334285806	31.617412567138672
19.422	2.997118644067797	0.11684210526315789	0.009755146548054006	0.16586193989998063	0.00933373343621513	0.005182122564010957	30.736221313476562
19.422	2.997118644067797	0.13210526315789473	0.005728601243248961	0.17120532796753898	0.00911028517296487	0.004986969766846804	30.422380447387695
19.422	2.997118644067797	0.1473684210526316	0.0008133351783219786	0.17946632691229086	0.00905692180024759	0.005019300100698663	31.14564323425293
19.422	2.997118644067797	0.16263157894736843	-0.0078015193042626566	0.19094534951210584	0.00901946951600408	0.004717099844626024	32.02921676635742
19.422	2.997118644067797	0.17789473684210527	-0.019983448523776794	0.2039247925574389	0.008850481758170985	0.004681676196991121	29.573291778564453
19.422	2.997118644067797	0.1931578947368421	-0.033552102217577824	0.21438915564023117	0.008728279527329843	0.004342805108580124	27.592134475708008
19.422	2.997118644067797	0.20842105263157895	-0.049322426525537366	0.22377815730097866	0.008559474185293193	0.004126069109269208	26.011974334716797
19.422	2.997118644067797	0.2236842105263158	-0.06411993229099222	0.23234377165309783	0.008380094767543023	0.003865947121493135	24.873920440673828
19.422	2.997118644067797	0.23894736842105263	-0.07830521579867833	0.23942146137225145	0.008050972316030644	0.0036014570258420084	23.91291046142578
19.422	2.997118644067797	0.25421052631578944	-0.0922553657925366	0.24363939558667558	0.008137100434321805	0.0036130912942499314	23.230005264282227
19.422	2.997118644067797	0.2694736842105263	-0.10625413650350696	0.2473811476459641	0.007881743732848886	0.0036180072108382188	22.691486358642578
19.422	2.997118644067797	0.2847368421052632	-0.1200756568338913	0.2508799771048043	0.007733669515526031	0.00346001764031127	22.223983764648438
19.422	2.997118644067797	0.3	-0.13381540374977424	0.25315104993032067	0.00766159482565114	0.003292368289232842	21.867494583129883
19.422	3.00728813559322	0.01	0.02350889559528062	0.048658910549138824	0.010651610742035576	0.005297770500949345	37.8007926940918
19.422	3.00728813559322	0.02526315789473684	0.01794378652558344	0.071839898372716	0.010526959682241805	0.005156867800314557	43.92573165893555
19.422	3.00728813559322	0.04052631578947368	0.01789357557282465	0.08201906039816767	0.010346686478964844	0.005094092076042897	40.97663879394531
19.422	3.00728813559322	0.05578947368421053	0.015481120158719297	0.09014760670770325	0.010208073986086634	0.004974481497002123	37.541147232055664
19.422	3.00728813559322	0.07105263157894737	0.013282620129675075	0.0977744268101537	0.010291416480126011	0.0050872401553983225	34.879425048828125
19.422	3.00728813559322	0.0863157894736842	0.011835266590463724	0.10568249831143159	0.010164031112966859	0.004968173609040099	33.07377052307129
19.422	3.00728813559322	0.10157894736842105	0.009597069455361339	0.11237835196524114	0.009873079583993881	0.004588106105813447	31.500980377197266
19.422	3.00728813559322	0.11684210526315789	0.007249126222035258	0.12019869679796699	0.009694611264800042	0.0046015917296612155	30.209157943725586
19.422	3.00728813559322	0.13210526315789473	0.003805534363507876	0.12878728970758915	0.010029027553915364	0.0047108229775771025	30.07431983947754
19.422	3.00728813559322	0.1473684210526316	-0.0009006772320804787	0.1387391886477591	0.00976492912597299	0.004723706658879004	30.45532989501953
19.422	3.00728813559322	0.16263157894736843	-0.008365492939356466	0.15308327826757312	0.00996292335810237	0.004721836994900575	32.026710510253906
19.422	3.00728813559322	0.17789473684210527	-0.019684247344139726	0.16632618869740853	0.00972327528694341	0.004218248619444687	30.3687801361084
19.422	3.00728813559322	0.1931578947368421	-0.033008419490192724	0.17812748947525037	0.009771097665053546	0.004219960466006788	28.54650115966797
19.422	3.00728813559322	0.20842105263157895	-0.046389772011730036	0.1886343164265643	0.009532126445457194	0.004058954344649913	27.084182739257812
19.422	3.00728813559322	0.2236842105263158	-0.05949583362068991	0.19826063689368748	0.009322039522975313	0.00407719684529706	25.930017471313477
19.422	3.00728813559322	0.23894736842105263	-0.07213110370828402	0.20306274133289196	0.009139178791246007	0.003751310791390771	25.058332443237305
19.422	3.00728813559322	0.25421052631578944	-0.08481938004794963	0.20935067665482887	0.009234540133126821	0.0038835330059976453	24.384521484375
19.422	3.00728813559322	0.2694736842105263	-0.09741805793172428	0.21321168428889437	0.009084266922295171	0.003792398144327576	23.814449310302734
19.422	3.00728813559322	0.2847368421052632	-0.11031801158566108	0.21835331950426937	0.009062931810757442	0.003518625362229026	23.366390228271484
19.422	3.00728813559322	0.3	-0.12365654968145703	0.2219455194106328	0.008961129646647865	0.0033589268742710227	22.826589584350586
19.422	3.017457627118644	0.01	0.01971109325965232	0.09308393406285481	0.011456182044850664	0.00437079376429151	37.723751068115234
19.422	3.017457627118644	0.02526315789473684	0.01713273937781639	0.12382791447056965	0.011236772391571658	0.0044552141562264795	41.789615631103516
19.422	3.017457627118644	0.04052631578947368	0.020485251451347938	0.12753487963617427	0.011177382154715228	0.004498343893831824	40.50084686279297
19.422	3.017457627118644	0.05578947368421053	0.017389974797581306	0.13657847110570054	0.011040607163375482	0.004335934745462694	36.19546127319336
19.422	3.017457627118644	0.07105263157894737	0.016293943401862847	0.14052994582724404	0.010878761144602627	0.004378368039023556	33.63490676879883
19.422	3.017457627118644	0.0863157894736842	0.01376834560864564	0.14356849562348872	0.010901898090515016	0.004343231615129416	32.42109680175781
19.422	3.017457627118644	0.10157894736842105	0.012215613709362907	0.14568606244806062	0.010851345302091336	0.004398915717532357	31.290325164794922
19.422	3.017457627118644	0.11684210526315789	0.010647547107386735	0.14951304829586942	0.010778242424350439	0.004415614487228081	30.49333953857422
19.422	3.017457627118644	0.13210526315789473	0.007422288422904773	0.154390536343182	0.01088712380638925	0.004331885342693053	29.936189651489258
19.422	3.017457627118644	0.1473684210526316	0.0033382775483278633	0.16312575669183307	0.010583809119489172	0.004143374273110678	30.41305160522461
19.422	3.017457627118644	0.16263157894736843	-0.004307613179544163	0.1761963880362864	0.010576730949612465	0.0043296088546937025	31.671390533447266
19.422	3.017457627118644	0.17789473684210527	-0.01648693953290599	0.1903052920537711	0.010654865262910967	0.004153524431656168	29.70640754699707
19.422	3.017457627118644	0.1931578947368421	-0.03100576549778245	0.20452811244178037	0.010567234363029403	0.003999050799093525	27.755393981933594
19.422	3.017457627118644	0.20842105263157895	-0.045472534373500566	0.21526394403773763	0.010673602189567595	0.0036132603876651375	26.327102661132812
19.422	3.017457627118644	0.2236842105263158	-0.059909141129720976	0.22643596976561198	0.010424261843316244	0.00343505167953386	25.143173217773438
19.422	3.017457627118644	0.23894736842105263	-0.07366347124534661	0.2341799816684444	0.01026436214812498	0.0033381674990646563	24.246212005615234
19.422	3.017457627118644	0.25421052631578944	-0.08725969360059566	0.24027185988974764	0.010450137282016023	0.0033282182812783122	23.57599449157715
19.422	3.017457627118644	0.2694736842105263	-0.10003621187027047	0.24606939821691723	0.010482305321968309	0.0032529864131710176	22.970483779907227
19.422	3.017457627118644	0.2847368421052632	-0.11411075964211444	0.2503639098430735	0.01043513647936242	0.0029844142972378445	22.564292907714844
19.422	3.017457627118644	0.3	-0.12874925676374654	0.25523151244844616	0.01036844578973534	0.002924548068051432	22.173559188842773
19.422	3.0276271186440677	0.01	0.022331448845891687	0.05417091556584768	0.012243202074550128	0.003502744303489076	37.83894348144531
19.422	3.0276271186440677	0.02526315789473684	0.020158505641250348	0.06786258191561631	0.01202052083044507	0.0034115646341949394	45.45431900024414
19.422	3.0276271186440677	0.04052631578947368	0.019203815961788183	0.07813201328518199	0.011819326084339388	0.0033407871746551545	41.239845275878906
19.422	3.0276271186440677	0.05578947368421053	0.015537151010772918	0.0854111848761081	0.011802087225784694	0.0034143535970458253	37.224870681762695
19.422	3.0276271186440677	0.07105263157894737	0.01342468279368082	0.09202991828115636	0.011593370978007904	0.003367712381901931	34.45832061767578
19.422	3.0276271186440677	0.0863157894736842	0.009775111702621346	0.09840731540306566	0.011543890619513176	0.0035744729040923804	32.73884201049805
19.422	3.0276271186440677	0.10157894736842105	0.008799206808217986	0.10219884026172714	0.01133843717119485	0.003363397529276518	31.32736587524414
19.422	3.0276271186440677	0.11684210526315789	0.0061280067712154215	0.10991319823387222	0.011391993354685704	0.0034233068312040362	30.358060836791992
19.422	3.0276271186440677	0.13210526315789473	0.003412846818574888	0.11498814407113152	0.011227342869819155	0.0033344879112690478	29.88471221923828
19.422	3.0276271186440677	0.1473684210526316	-1.0542339403934111e-05	0.12635969254205612	0.011446514268022043	0.0035773174509075275	30.058147430419922
19.422	3.0276271186440677	0.16263157894736843	-0.006860248816482065	0.13929906807988207	0.01149465987361074	0.003228556213853009	31.249698638916016
19.422	3.0276271186440677	0.17789473684210527	-0.01632102511572027	0.15299346879272974	0.011534396393804144	0.003283646598592752	32.386295318603516
19.422	3.0276271186440677	0.1931578947368421	-0.02840994573412771	0.16635202526030382	0.011491693421444522	0.003008967473656269	30.217321395874023
19.422	3.0276271186440677	0.20842105263157895	-0.04095483780400859	0.17775986149695258	0.01154763181595191	0.0029676829363641834	28.596481323242188
19.422	3.0276271186440677	0.2236842105263158	-0.05455306831452169	0.18950014296194181	0.011579197734751794	0.0024066436890737967	27.216848373413086
19.422	3.0276271186440677	0.23894736842105263	-0.06683345163159678	0.19750716756057501	0.01171032310084336	0.0026104658847341065	26.195035934448242
19.422	3.0276271186440677	0.25421052631578944	-0.08021290509945682	0.20508069649345542	0.011550729587315477	0.002118876090141779	25.399707794189453
19.422	3.0276271186440677	0.2694736842105263	-0.09398892613581275	0.21246647005613603	0.011458982366627114	0.00180301691702593	24.70850372314453
19.422	3.0276271186440677	0.2847368421052632	-0.1063810546676047	0.21773263308390864	0.011542600092945969	0.001722722079206184	24.112228393554688
19.422	3.0276271186440677	0.3	-0.11985052626378609	0.2222402603289474	0.011668456835434354	0.0013530225846021943	23.042232513427734
19.422	3.037796610169491	0.01	0.02520560281425959	0.07319238775427771	0.012993587570019756	0.002116866101381356	39.86749267578125
19.422	3.037796610169491	0.02526315789473684	0.021152356798723806	0.09955092749521846	0.013096461844190724	0.0021539598907917494	43.80764389038086
19.422	3.037796610169491	0.04052631578947368	0.017630283769620794	0.10646279840358669	0.012825213398176692	0.0021647583159768937	39.837989807128906
19.422	3.037796610169491	0.05578947368421053	0.013699197526910708	0.11843772377655179	0.012527873877755894	0.0022233115236225667	36.75804138183594
19.422	3.037796610169491	0.07105263157894737	0.012119926153316266	0.12279638405838886	0.012453513691299958	0.002220563640361255	34.738739013671875
19.422	3.037796610169491	0.0863157894736842	0.009365705815942125	0.1284811018233504	0.012175141575461861	0.0023659217446829785	32.848838806152344
19.422	3.037796610169491	0.10157894736842105	0.006880656173289172	0.132749825121165	0.01209463052004077	0.0027373625415630263	31.727802276611328
19.422	3.037796610169491	0.11684210526315789	0.00519178389555251	0.1392069654178626	0.012223243292079161	0.0023649127892340065	31.058448791503906
19.422	3.037796610169491	0.13210526315789473	0.001853417486254479	0.1448379317811045	0.012178402902857814	0.00227384448233925	30.755393981933594
19.422	3.037796610169491	0.1473684210526316	-0.0022832634217955627	0.15377766409487903	0.01247124818696041	0.002276055156888913	31.283798217773438
19.422	3.037796610169491	0.16263157894736843	-0.010666000407982068	0.16687794368626904	0.012307693244468574	0.002069761668721081	32.86530303955078
19.422	3.037796610169491	0.17789473684210527	-0.021467470961251678	0.17933963800169414	0.012291046307830875	0.001790532099843299	31.372844696044922
19.422	3.037796610169491	0.1931578947368421	-0.03632724684943227	0.19201089374437408	0.012241997734411883	0.0015738218343211742	29.145864486694336
19.422	3.037796610169491	0.20842105263157895	-0.05123781015212429	0.203929021647856	0.012427542170156559	0.0011821583165862084	27.446109771728516
19.422	3.037796610169491	0.2236842105263158	-0.06630491216714275	0.21510930701224545	0.012298377611778162	0.0008109604084655751	26.147354125976562
19.422	3.037796610169491	0.23894736842105263	-0.08137817690770266	0.22336338832037858	0.012353471104625096	0.0005582045199606667	25.147491455078125
19.422	3.037796610169491	0.25421052631578944	-0.09553554238550628	0.22961359703772904	0.0124595163533105	0.00018955603479650735	24.28016471862793
19.422	3.037796610169491	0.2694736842105263	-0.11104236015849078	0.23718437505745532	0.012362403035495038	-0.000391450323378311	23.629150390625
19.422	3.037796610169491	0.2847368421052632	-0.12642690407842655	0.24306331400153433	0.012481871179741926	-0.0004995140459393846	23.095664978027344
19.422	3.037796610169491	0.3	-0.14015632544174023	0.24532683567859584	0.012348093077278818	-0.0008814424401387328	22.35909652709961
19.422	3.0479661016949153	0.01	0.013019283408038394	0.04750285829860156	0.0138640419373682	0.0005396800321687647	37.76404571533203
19.422	3.0479661016949153	0.02526315789473684	0.015711690405122998	0.06999795019138039	0.01362445408671417	0.0006613109700758743	46.89189910888672
19.422	3.0479661016949153	0.04052631578947368	0.011700626134779075	0.07527039024672195	0.013567685200046399	0.0005452408015982193	40.899017333984375
19.422	3.0479661016949153	0.05578947368421053	0.01087190173393478	0.08555626299865524	0.013312938338002919	0.0007142834307485618	36.14613914489746
19.422	3.0479661016949153	0.07105263157894737	0.008318147511180853	0.08965364111798685	0.012767472263748553	0.0005199641338874963	33.4965705871582
19.422	3.0479661016949153	0.0863157894736842	0.006541428457553987	0.09512757705618835	0.012762727141569731	0.0007205824862798705	32.115352630615234
19.422	3.0479661016949153	0.10157894736842105	0.005321203287299277	0.10254068439920637	0.012772671626851907	0.0010327440284858829	30.64920997619629
19.422	3.0479661016949153	0.11684210526315789	0.0029967331679345583	0.11044488606124553	0.01275156203996584	0.0008761981677446678	29.988845825195312
19.422	3.0479661016949153	0.13210526315789473	-0.0007081428570166206	0.11698040915744357	0.012766152758857046	0.0009308781678813307	29.847274780273438
19.422	3.0479661016949153	0.1473684210526316	-0.005904882455051097	0.1288229993906451	0.012916681342474458	0.0008032597783570444	30.50397491455078
19.422	3.0479661016949153	0.16263157894736843	-0.01378314118626729	0.14177715376844824	0.012759548996865407	0.0005287382751662626	32.219926834106445
19.422	3.0479661016949153	0.17789473684210527	-0.023883566593557753	0.15380686399420918	0.013002735438527549	0.00021951635443022842	31.465795516967773
19.422	3.0479661016949153	0.1931578947368421	-0.03673268885507895	0.16409840974715664	0.012982593517113948	-0.00019349943669746123	29.60995101928711
19.422	3.0479661016949153	0.20842105263157895	-0.049552156171227754	0.1739222465495452	0.01295362022825075	-0.0006756849719904176	28.120038986206055
19.422	3.0479661016949153	0.2236842105263158	-0.06228005844208128	0.18261332283195703	0.012948697619641547	-0.0011006583139457128	26.966215133666992
19.422	3.0479661016949153	0.23894736842105263	-0.07534205585548477	0.18934713172440498	0.013026521170599159	-0.00158962902264332	26.057119369506836
19.422	3.0479661016949153	0.25421052631578944	-0.08768095769051287	0.1930593030463726	0.0128963998511099	-0.0020332149764240304	25.297657012939453
19.422	3.0479661016949153	0.2694736842105263	-0.10085021751383863	0.19950665036684972	0.013017028138011056	-0.002533519584217764	24.64225196838379
19.422	3.0479661016949153	0.2847368421052632	-0.11312719705238089	0.20244300221463962	0.012912586661954334	-0.0030931541014222646	23.417037963867188
19.422	3.0479661016949153	0.3	-0.12483941438331347	0.2052319989111118	0.013167474935803277	-0.003284179037471544	22.19658660888672
19.422	3.0581355932203387	0.01	0.006337872420408868	0.056180381080119954	0.014375522005379702	-0.0015277071629936053	39.97529602050781
19.422	3.0581355932203387	0.02526315789473684	0.014254400412756127	0.08441820460509797	0.014316717667693175	-0.001309173034426891	42.90809631347656
19.422	3.0581355932203387	0.04052631578947368	0.016193629954164467	0.09433294694557914	0.013993208242712898	-0.001578733497679707	42.44081115722656
19.422	3.0581355932203387	0.05578947368421053	0.01084232196599766	0.10656122874155768	0.013739995432739491	-0.0012975059801023812	37.19525718688965
19.422	3.0581355932203387	0.07105263157894737	0.008606094461088617	0.11364338138759264	0.01330354062435577	-0.0012374479146790244	35.630191802978516
19.422	3.0581355932203387	0.0863157894736842	0.0069200428684433185	0.11936021583437662	0.013010859590054501	-0.0010856817481884483	33.35093688964844
19.422	3.0581355932203387	0.10157894736842105	0.005658120523877927	0.12714680625408625	0.013154073160172454	-0.0007498580036530008	32.065757751464844
19.422	3.0581355932203387	0.11684210526315789	0.004448492879920794	0.13503765770971124	0.012837711939415214	-0.0007279259234541056	31.349571228027344
19.422	3.0581355932203387	0.13210526315789473	-5.864085728566396e-05	0.14143767012088834	0.012843004236717023	-0.0006866891782833794	31.07865333557129
19.422	3.0581355932203387	0.1473684210526316	-0.006869589355686314	0.1539399121947102	0.012794713536456401	-0.0010862249459619498	31.990392684936523
19.422	3.0581355932203387	0.16263157894736843	-0.018047350507389037	0.16843181526592188	0.012642898121836702	-0.0015613605311414363	31.2609806060791
19.422	3.0581355932203387	0.17789473684210527	-0.031744343084203375	0.18041821178400586	0.012536870517314409	-0.001917457613441701	28.975187301635742
19.422	3.0581355932203387	0.1931578947368421	-0.04757600168059101	0.19262524069635217	0.012706040186300815	-0.002389435555005627	27.210187911987305
19.422	3.0581355932203387	0.20842105263157895	-0.06259631089674288	0.20246185910388248	0.012691484670928621	-0.0029534295686517793	25.908565521240234
19.422	3.0581355932203387	0.2236842105263158	-0.07634658709649825	0.20990294839930823	0.012546191944020933	-0.003412781655145204	24.93738555908203
19.422	3.0581355932203387	0.23894736842105263	-0.09105166566370185	0.2163530263670556	0.012328536315756446	-0.0041464169257563275	24.10786247253418
19.422	3.0581355932203387	0.25421052631578944	-0.10435083057892638	0.22043041851712145	0.012250048978572408	-0.004572965865730268	23.51512908935547
19.422	3.0581355932203387	0.2694736842105263	-0.11834104318046498	0.22472343134652883	0.012059377969038866	-0.0051289750629700415	23.04775047302246
19.422	3.0581355932203387	0.2847368421052632	-0.1319789014255438	0.22746964500301392	0.012181382406753514	-0.005911610233749878	22.678485870361328
19.422	3.0581355932203387	0.3	-0.14558700121350548	0.22957511735048025	0.01192441829754123	-0.006320006044086394	21.989545822143555
19.422	3.068305084745763	0.01	0.012462416748814632	0.07419885443422825	0.014750346571206129	-0.004000818920939994	38.43016052246094
19.422	3.068305084745763	0.02526315789473684	0.004911782305054711	0.0885764700350526	0.014203331940033691	-0.003976855635421158	45.89740753173828
19.422	3.068305084745763	0.04052631578947368	0.006341945208907466	0.09599435067402082	0.01393657149901166	-0.003944635261878956	42.31608200073242
19.422	3.068305084745763	0.05578947368421053	0.00621682313859496	0.10038430428730208	0.013384327364835993	-0.0035188422258169514	36.89861869812012
19.422	3.068305084745763	0.07105263157894737	0.006788680451580577	0.10125029809804441	0.012882783133679989	-0.0033480413412643613	34.33196449279785
19.422	3.068305084745763	0.0863157894736842	0.007204449628778522	0.10432513031281455	0.012617225151015031	-0.002974072073099191	32.78704833984375
19.422	3.068305084745763	0.10157894736842105	0.005516206319742622	0.10918555384140387	0.0121948646420208	-0.0026328735887822365	31.520139694213867
19.422	3.068305084745763	0.11684210526315789	0.003976390434203203	0.11406631367659814	0.012322003874993288	-0.002300053049213464	30.604129791259766
19.422	3.068305084745763	0.13210526315789473	0.0008810858482858043	0.12124683966523966	0.012012162474181784	-0.0023038186270987406	30.542236328125
19.422	3.068305084745763	0.1473684210526316	-0.005004121571929206	0.13217728263827977	0.012158636228828207	-0.0026793460248489844	31.36269760131836
19.422	3.068305084745763	0.16263157894736843	-0.014971178792567	0.14670663778799592	0.011933713542788412	-0.002936792616797458	31.587379455566406
19.422	3.068305084745763	0.17789473684210527	-0.026087627768666494	0.15748108415993864	0.012007778786613724	-0.003286406803941203	29.48253059387207
19.422	3.068305084745763	0.1931578947368421	-0.03884609112496116	0.16809046994005555	0.011671466767478496	-0.0038782334241982547	28.059646606445312
19.422	3.068305084745763	0.20842105263157895	-0.04988558992607795	0.17594936112265455	0.011672017733202653	-0.004368243515201737	26.907323837280273
19.422	3.068305084745763	0.2236842105263158	-0.061108032368752174	0.1838485734424104	0.011314842423293142	-0.004907472001215336	25.9950008392334
19.422	3.068305084745763	0.23894736842105263	-0.07211910460991944	0.18857741367093867	0.01129920018189658	-0.005697643392496884	25.418869018554688
19.422	3.068305084745763	0.25421052631578944	-0.08367140628197386	0.19334250641252027	0.011257212836575473	-0.006048540805360445	24.838333129882812
19.422	3.068305084745763	0.2694736842105263	-0.09494166596696385	0.19720594550440254	0.010938109824714028	-0.00660483279441125	24.378828048706055
19.422	3.068305084745763	0.2847368421052632	-0.1052640667564462	0.19986822769819879	0.010816623114308675	-0.007154691543264103	23.35822868347168
19.422	3.068305084745763	0.3	-0.11544149629489915	0.20089634606515638	0.010537050141901944	-0.008073462186092506	22.1297664642334
19.422	3.0784745762711863	0.01	0.015987949448661637	0.09700782248651264	0.013525038522930057	-0.0059483024010829055	32.72663116455078
19.422	3.0784745762711863	0.02526315789473684	0.011689953089715668	0.1123021304224956	0.013236566309352769	-0.006002933023680922	44.445743560791016
19.422	3.0784745762711863	0.04052631578947368	0.008215617743188294	0.11196782020806567	0.012607154887014803	-0.005615190344027409	42.18716812133789
19.422	3.0784745762711863	0.05578947368421053	0.009094398823434267	0.1171741935419966	0.012064542806868242	-0.005075719952953427	38.69565773010254
19.422	3.0784745762711863	0.07105263157894737	0.008639925045461816	0.11765960003831494	0.011322396572862024	-0.004630347486369778	36.28449058532715
19.422	3.0784745762711863	0.0863157894736842	0.006771763707546006	0.12194455532589996	0.011145307140352927	-0.00400137435390838	34.27240180969238
19.422	3.0784745762711863	0.10157894736842105	0.0064375658264722024	0.12567435935234028	0.010870810139172519	-0.003377831344585676	32.80455780029297
19.422	3.0784745762711863	0.11684210526315789	0.002835434459012642	0.13287697087452627	0.010671508965029185	-0.0033233998561974596	31.694177627563477
19.422	3.0784745762711863	0.13210526315789473	-0.0017937578790874194	0.14032874429586303	0.01062823343321905	-0.0032028617864553765	31.53423500061035
19.422	3.0784745762711863	0.1473684210526316	-0.010138539091596104	0.1520983336119629	0.010576977781074772	-0.003290896326086486	32.612449645996094
19.422	3.0784745762711863	0.16263157894736843	-0.021969280616550756	0.16730720666551535	0.010567867727190886	-0.0036984305053009937	31.50002670288086
19.422	3.0784745762711863	0.17789473684210527	-0.036510614604557255	0.1813456886335417	0.010226885014385612	-0.003921284728403323	29.132535934448242
19.422	3.0784745762711863	0.1931578947368421	-0.050856922109013755	0.1923109354979034	0.01024750513898811	-0.004475554708625927	27.660633087158203
19.422	3.0784745762711863	0.20842105263157895	-0.06577668425921636	0.20318652427224615	0.0099449220675547	-0.005620206607107643	26.39999771118164
19.422	3.0784745762711863	0.2236842105263158	-0.078889360028322	0.21255855289776565	0.009791345619489706	-0.005751415154571403	25.536100387573242
19.422	3.0784745762711863	0.23894736842105263	-0.09319113904943808	0.21872145339887836	0.009644670957820232	-0.006529070876521491	24.75393295288086
19.422	3.0784745762711863	0.25421052631578944	-0.10635528685556644	0.22408200532357403	0.00964246836398471	-0.006853684481986622	24.19655990600586
19.422	3.0784745762711863	0.2694736842105263	-0.12005010745156378	0.22896343585554263	0.009333550761469467	-0.007528975976330683	23.723388671875
19.422	3.0784745762711863	0.2847368421052632	-0.1320264117800919	0.23120797395854692	0.009322887913979882	-0.00803449237430118	23.380847930908203
19.422	3.0784745762711863	0.3	-0.1455834334454941	0.23465239542677713	0.008946978779128908	-0.008654841210617614	22.269628524780273
19.422	3.08864406779661	0.01	-0.002426363566950522	0.13670045452884844	0.011393822247889469	-0.006220971363249174	38.55110168457031
19.422	3.08864406779661	0.02526315789473684	-0.0005697177702152434	0.14630019327039784	0.010822546079696033	-0.005973590137686171	45.485069274902344
19.422	3.08864406779661	0.04052631578947368	0.003089369401511656	0.14297223595105849	0.010507134498281955	-0.005323591451000519	40.493736267089844
19.422	3.08864406779661	0.05578947368421053	0.001656684778806673	0.1377392177576645	0.009872587150075256	-0.004951499339800009	36.88058090209961
19.422	3.08864406779661	0.07105263157894737	0.0018601292312179327	0.13239897217691726	0.009384245132004858	-0.004198607153589634	34.4736328125
19.422	3.08864406779661	0.0863157894736842	0.0014591876490985057	0.13099049384565292	0.009096643393756784	-0.0034585457649009815	32.600425720214844
19.422	3.08864406779661	0.10157894736842105	-0.0005165676600054842	0.1302593289752767	0.008839882876388691	-0.0030206086322360267	31.370471954345703
19.422	3.08864406779661	0.11684210526315789	-0.0023655315583792527	0.13154846542403534	0.00891771237351384	-0.002651854985430642	30.45737075805664
19.422	3.08864406779661	0.13210526315789473	-0.005378728946777667	0.13639381686782026	0.008932132725513266	-0.0025422024575225315	30.32335090637207
19.422	3.08864406779661	0.1473684210526316	-0.013524661620692328	0.14665052102279696	0.009080484369897363	-0.0027541461819116627	31.500642776489258
19.422	3.08864406779661	0.16263157894736843	-0.024619593963621886	0.1599644890789447	0.009159888908510041	-0.0030254514118722006	32.43438148498535
19.422	3.08864406779661	0.17789473684210527	-0.03807592874555993	0.17290958675741003	0.009077334535180125	-0.003755236231813616	30.247543334960938
19.422	3.08864406779661	0.1931578947368421	-0.05101053011850452	0.1827293874950695	0.008866196299589502	-0.0044237278976423135	28.58510398864746
19.422	3.08864406779661	0.20842105263157895	-0.06440643457709812	0.19260190133574295	0.008831420719174102	-0.0048010958246733	27.421545028686523
19.422	3.08864406779661	0.2236842105263158	-0.07631889464652031	0.20049765953026497	0.008592706663229192	-0.005337569592059114	26.44614028930664
19.422	3.08864406779661	0.23894736842105263	-0.08883027894740786	0.20733808777458754	0.00835404347642571	-0.005993521657820881	25.736053466796875
19.422	3.08864406779661	0.25421052631578944	-0.10149420885687557	0.21374267353839957	0.008221392142219251	-0.006352397052161311	25.032299041748047
19.422	3.08864406779661	0.2694736842105263	-0.11359620453853149	0.2169396843788406	0.008231753685119025	-0.006946008223304805	24.53687286376953
19.422	3.08864406779661	0.2847368421052632	-0.12584439190463026	0.22072478856782934	0.007915708498602427	-0.007681838195449792	23.30111312866211
19.422	3.08864406779661	0.3	-0.13756697754501226	0.221675006949888	0.007704094487688666	-0.00829788654390618	22.14043426513672
19.422	3.098813559322034	0.01	0.002600787557067513	0.11961177748090546	0.009652196545093389	-0.00430794162309097	36.31141662597656
19.422	3.098813559322034	0.02526315789473684	0.0009433619448562802	0.13014725421017923	0.009369408172099782	-0.004093646494870602	44.759925842285156
19.422	3.098813559322034	0.04052631578947368	0.0025116596444794237	0.12948717405982824	0.008847500512223461	-0.0037783687089734063	40.700740814208984
19.422	3.098813559322034	0.05578947368421053	0.0026040752475388553	0.13176102771612191	0.008380278270397008	-0.0033060690377004695	37.285099029541016
19.422	3.098813559322034	0.07105263157894737	-0.0001342664415709466	0.12723675056549094	0.007817337235455617	-0.0027520967496171547	35.028608322143555
19.422	3.098813559322034	0.0863157894736842	-0.002314728925218666	0.12878069515858603	0.007769879933407303	-0.0022501533278101275	32.91940689086914
19.422	3.098813559322034	0.10157894736842105	-0.004535830633928862	0.12846457046975204	0.0077035167049686985	-0.001785072746764489	31.682153701782227
19.422	3.098813559322034	0.11684210526315789	-0.007959599842500716	0.13500921583849967	0.0077716227501709746	-0.0015615226983838625	30.802837371826172
19.422	3.098813559322034	0.13210526315789473	-0.01362446039281491	0.14249949000891332	0.007763587235696359	-0.0017370372118504847	31.044803619384766
19.422	3.098813559322034	0.1473684210526316	-0.022114975135717543	0.15393505469875218	0.007958253244992261	-0.001916138676061881	31.96692657470703
19.422	3.098813559322034	0.16263157894736843	-0.03442684834817425	0.16840415914522283	0.007921392455368798	-0.002149307755972903	32.536346435546875
19.422	3.098813559322034	0.17789473684210527	-0.04948375552566957	0.18066779219190046	0.008136125087928641	-0.002924557784324496	30.176809310913086
19.422	3.098813559322034	0.1931578947368421	-0.06468585332397725	0.19103049629054666	0.007635687843519529	-0.0033317421167954287	28.383075714111328
19.422	3.098813559322034	0.20842105263157895	-0.07927516129632367	0.20209938870691624	0.007673527909689772	-0.0041905419781347476	27.0849666595459
19.422	3.098813559322034	0.2236842105263158	-0.09331632730384243	0.2100542715372976	0.0074707882933932185	-0.004778493925142882	26.13686180114746
19.422	3.098813559322034	0.23894736842105263	-0.10851092337463869	0.21672493285448216	0.007331471775649935	-0.0051919039603959185	25.359861373901367
19.422	3.098813559322034	0.25421052631578944	-0.12165433891416413	0.22073001838005074	0.007085310104993055	-0.006143413368000963	24.78297996520996
19.422	3.098813559322034	0.2694736842105263	-0.1359593887136789	0.2244757015310635	0.006903276074726242	-0.006717736995206411	24.253284454345703
19.422	3.098813559322034	0.2847368421052632	-0.15016575409900457	0.22781929411810703	0.00682833830770448	-0.00710807738821173	23.306869506835938
19.422	3.098813559322034	0.3	-0.1642490282734862	0.2298167355905927	0.006561472178063345	-0.007944104253665917	22.244792938232422
19.422	3.1089830508474576	0.01	0.0017664600461947942	0.10715979277390858	0.008411831503153156	-0.000958130365798258	38.28563690185547
19.422	3.1089830508474576	0.02526315789473684	-0.003854946214109014	0.11563106886776833	0.00833766740426823	-0.0009522343411860754	45.46358871459961
19.422	3.1089830508474576	0.04052631578947368	-0.0038363731763757184	0.11947349341166592	0.007986438824012848	-0.000945396040461643	42.07924270629883
19.422	3.1089830508474576	0.05578947368421053	-0.004802302524968103	0.12383292659985116	0.007522450089747877	-0.0007868402204312785	37.31899452209473
19.422	3.1089830508474576	0.07105263157894737	-0.0038181593420863243	0.1222309058834351	0.007156277737192081	-0.0004300738941859716	35.496070861816406
19.422	3.1089830508474576	0.0863157894736842	-0.004334795374399015	0.1208632599895951	0.006842703463124678	-0.00037107887086952103	32.96600532531738
19.422	3.1089830508474576	0.10157894736842105	-0.004998847427218534	0.12204719708169032	0.006621988953637522	-0.0002508183043965122	31.77175521850586
19.422	3.1089830508474576	0.11684210526315789	-0.006980009520798303	0.12527016839811728	0.006780730581760971	-0.0002818622024651501	30.878114700317383
19.422	3.1089830508474576	0.13210526315789473	-0.010692285768810888	0.1319024579492846	0.00692465317424934	-0.0004105434961889361	30.874038696289062
19.422	3.1089830508474576	0.1473684210526316	-0.017604822036002055	0.14204206991805518	0.007169456860177099	-0.00036350224451557264	31.518661499023438
19.422	3.1089830508474576	0.16263157894736843	-0.027756051834795854	0.1542639449597784	0.007117244722567768	-0.0010991619085291852	32.45406913757324
19.422	3.1089830508474576	0.17789473684210527	-0.03999983329995889	0.16595061946153158	0.007101337720227873	-0.0018019910321912787	30.0976619720459
19.422	3.1089830508474576	0.1931578947368421	-0.05261976424081372	0.17426921746462917	0.006831367901933255	-0.0024988827505551202	28.641944885253906
19.422	3.1089830508474576	0.20842105263157895	-0.06567498958767781	0.18454667241004358	0.00668746330317513	-0.0030848116444956077	27.380409240722656
19.422	3.1089830508474576	0.2236842105263158	-0.07780000042792148	0.1917976640694884	0.0063308119300537055	-0.003798699372450984	26.458782196044922
19.422	3.1089830508474576	0.23894736842105263	-0.08990481804872054	0.19737270693736636	0.0062795683195482266	-0.004340357180658658	25.74403953552246
19.422	3.1089830508474576	0.25421052631578944	-0.10127995919251936	0.2000033698554572	0.006183933640756616	-0.004859280811306463	25.219600677490234
19.422	3.1089830508474576	0.2694736842105263	-0.1137827995051828	0.20435790509078205	0.005800720769554641	-0.005628898224640806	24.67502784729004
19.422	3.1089830508474576	0.2847368421052632	-0.1261718714137294	0.2073176618040262	0.005603572092423582	-0.006388006449146473	23.274564743041992
19.422	3.1089830508474576	0.3	-0.1372898628462769	0.20707574201083762	0.005531861553529325	-0.006889361106559234	22.11745834350586
19.422	3.1191525423728814	0.01	0.0018267182407237844	0.046759384074593166	0.0076853763356320515	0.0014619393836669456	37.875404357910156
19.422	3.1191525423728814	0.02526315789473684	0.0006193324086291992	0.06460952904022552	0.007581339567806318	0.001274708357752433	44.52391052246094
19.422	3.1191525423728814	0.04052631578947368	-0.0007136953900532545	0.07324983478470956	0.0074503152705388135	0.0011736048559256842	43.13633728027344
19.422	3.1191525423728814	0.05578947368421053	-0.0021856597815348615	0.08282219841005344	0.006965464061754136	0.0008326145136422101	38.71694755554199
19.422	3.1191525423728814	0.07105263157894737	-0.003438001744652806	0.08904079710866852	0.006836751319398913	0.001113760019198632	36.16567611694336
19.422	3.1191525423728814	0.0863157894736842	-0.005628711044992027	0.09353330544929547	0.006537245506244305	0.0009745100127801556	33.67436599731445
19.422	3.1191525423728814	0.10157894736842105	-0.0076006212622450504	0.09986119884435968	0.006562089427867597	0.0010481665649980738	32.24118614196777
19.422	3.1191525423728814	0.11684210526315789	-0.010213626132608561	0.10671693317874516	0.006734972624355674	0.0011319725186462837	31.200912475585938
19.422	3.1191525423728814	0.13210526315789473	-0.014475385470868721	0.11556749601970726	0.0066716235016720925	0.0010370650775025493	30.86693572998047
19.422	3.1191525423728814	0.1473684210526316	-0.01977680702031017	0.12662168915899888	0.006753866935454118	0.0005820018725972351	31.41505241394043
19.422	3.1191525423728814	0.16263157894736843	-0.029384556629623193	0.14034707965098053	0.006668534108261459	1.0259966982117933e-05	32.518157958984375
19.422	3.1191525423728814	0.17789473684210527	-0.04102048657323444	0.15145430512141167	0.0063089299323604185	-0.0004775876970621203	30.36949348449707
19.422	3.1191525423728814	0.1931578947368421	-0.05338211326115977	0.16163722630819966	0.006258768941494597	-0.0012434228669712171	28.867971420288086
19.422	3.1191525423728814	0.20842105263157895	-0.06553010433202197	0.17177529042418035	0.006183618565716271	-0.0017572722358431049	27.662261962890625
19.422	3.1191525423728814	0.2236842105263158	-0.07769193232792138	0.17910133090826416	0.005912355919587378	-0.002359773369678282	26.72310447692871
19.422	3.1191525423728814	0.23894736842105263	-0.08872486285319785	0.18411514550963604	0.005793947577661244	-0.0030408207203580237	26.07135009765625
19.422	3.1191525423728814	0.25421052631578944	-0.10138901553502541	0.18831721708694663	0.005383473881705074	-0.0035378151100447564	25.42242431640625
19.422	3.1191525423728814	0.2694736842105263	-0.11236560890744729	0.1911592503231235	0.00519749941226297	-0.004373686518872407	25.030712127685547
19.422	3.1191525423728814	0.2847368421052632	-0.125083975896149	0.1959047897144204	0.0052598226647588096	-0.004655453734946919	23.596221923828125
19.422	3.1191525423728814	0.3	-0.1346816968702796	0.19576079025458326	0.005065042665266492	-0.005455677419010818	22.42031478881836
19.422	3.1293220338983048	0.01	-0.0020389508985999226	0.05735670700263018	0.007671695981820468	0.00334422770699125	36.94080352783203
19.422	3.1293220338983048	0.02526315789473684	0.0012480887859965654	0.07219537694870316	0.0074293932989851486	0.003142065004671554	44.84484100341797
19.422	3.1293220338983048	0.04052631578947368	-0.00038793279827581775	0.0815523417007812	0.007381213833571842	0.0029509071332107515	42.282066345214844
19.422	3.1293220338983048	0.05578947368421053	-0.0001420518383045766	0.08997841782381738	0.007120647207030939	0.0028626061371277546	38.89126014709473
19.422	3.1293220338983048	0.07105263157894737	-2.1655904597071662e-05	0.09321205669470613	0.006947455846712925	0.002561934905465849	36.15017127990723
19.422	3.1293220338983048	0.0863157894736842	-0.0017518956513184463	0.09766202838053525	0.006729912629546581	0.002543283190911433	34.09440803527832
19.422	3.1293220338983048	0.10157894736842105	-0.0023972233514312742	0.10142542874344895	0.00678481167970223	0.0023464048902809473	32.571842193603516
19.422	3.1293220338983048	0.11684210526315789	-0.0036113078928563863	0.10628641567562976	0.0068220889651788245	0.002312812250704231	31.529611587524414
19.422	3.1293220338983048	0.13210526315789473	-0.005610366560426739	0.11177307896686056	0.006826873282203861	0.0022586105267801814	31.43009376525879
19.422	3.1293220338983048	0.1473684210526316	-0.01021350895796317	0.12270085070666778	0.006886293522199095	0.002080941916949166	32.02574157714844
19.422	3.1293220338983048	0.16263157894736843	-0.017855992156978417	0.1338183725896562	0.006417129592294985	0.0014876422709324114	33.16956901550293
19.422	3.1293220338983048	0.17789473684210527	-0.027225070655435807	0.14495416341241088	0.006410792175651252	0.0007456766043716393	30.96341896057129
19.422	3.1293220338983048	0.1931578947368421	-0.03890109040137289	0.15691860797022691	0.006416068796155696	0.00039662091245840173	29.16661262512207
19.422	3.1293220338983048	0.20842105263157895	-0.04925479105738745	0.16444663978853738	0.005916122129005041	-0.00038855985515771023	28.041839599609375
19.422	3.1293220338983048	0.2236842105263158	-0.060428415102137346	0.1728138672313328	0.006084427484480737	-0.0007812454109981551	27.092012405395508
19.422	3.1293220338983048	0.23894736842105263	-0.07110785604752425	0.1789788721254702	0.005625467908614077	-0.0013705664532008381	26.32745933532715
19.422	3.1293220338983048	0.25421052631578944	-0.08218895142460281	0.18382299186056617	0.005460279414436695	-0.0019892431811121243	25.826702117919922
19.422	3.1293220338983048	0.2694736842105263	-0.09291036670589857	0.18790934027498724	0.0051667191248928645	-0.0025156812895775786	24.676998138427734
19.422	3.1293220338983048	0.2847368421052632	-0.10501030727719361	0.19323250878815929	0.004966899353067469	-0.0028772404544402577	23.28362274169922
19.422	3.1293220338983048	0.3	-0.11581010892124893	0.1947875820102053	0.004616140209228225	-0.0034129691864696428	22.1398868560791
19.422	3.139491525423729	0.01	0.010658454158585027	0.01564148291962919	0.0079205364995603	0.0043665299103262745	39.75741958618164
19.422	3.139491525423729	0.02526315789473684	0.005921725601985322	0.023942399282706896	0.008081248620037357	0.004376753471456392	39.493892669677734
19.422	3.139491525423729	0.04052631578947368	0.0019924398968957507	0.03891624163533561	0.007590727029791945	0.0037582593418394707	41.82768249511719
19.422	3.139491525423729	0.05578947368421053	0.0024402691033916972	0.047696790212186896	0.007471246455433919	0.0036666956233150612	38.23123741149902
19.422	3.139491525423729	0.07105263157894737	-0.000628547558443016	0.05759604286530884	0.007448774170758676	0.003556870550785872	35.18558883666992
19.422	3.139491525423729	0.0863157894736842	-0.004459718802825875	0.0670478058246699	0.007385458808336531	0.0034545649615057234	33.01393699645996
19.422	3.139491525423729	0.10157894736842105	-0.004873356597380112	0.0736263526802686	0.007286438835605347	0.003476629810559727	31.455795288085938
19.422	3.139491525423729	0.11684210526315789	-0.007510223158822847	0.08208810550249104	0.007188221008215129	0.0032082374954321884	30.500926971435547
19.422	3.139491525423729	0.13210526315789473	-0.011267991477114552	0.09250928605144226	0.007178245941992151	0.003139946554569766	30.523548126220703
19.422	3.139491525423729	0.1473684210526316	-0.016356372501483328	0.10586836962924098	0.0069010933344145564	0.0027825652837188022	31.170875549316406
19.422	3.139491525423729	0.16263157894736843	-0.025016050666770068	0.12099735824541699	0.006938034543833281	0.0025397011817809866	32.89759063720703
19.422	3.139491525423729	0.17789473684210527	-0.03550106242900221	0.13344996620208316	0.00671656254168973	0.0019403036650886382	31.470022201538086
19.422	3.139491525423729	0.1931578947368421	-0.046827870166352675	0.14442699302226597	0.006535536762814974	0.0013331351536010963	29.95201873779297
19.422	3.139491525423729	0.20842105263157895	-0.05843658942748299	0.1549993912754004	0.0060540624709324925	0.0009776741335202582	28.792766571044922
19.422	3.139491525423729	0.2236842105263158	-0.06925830672979796	0.16351492376480076	0.006124286058961844	0.0005440687194410816	27.808778762817383
19.422	3.139491525423729	0.23894736842105263	-0.08147740736384655	0.1694262422298337	0.00577140185200329	-4.0839317767381716e-05	27.062381744384766
19.422	3.139491525423729	0.25421052631578944	-0.09305389536897675	0.1765949478622318	0.005443684275128866	-0.0004950594731378058	26.17351531982422
19.422	3.139491525423729	0.2694736842105263	-0.10396038715265715	0.18092184986910104	0.005148061303812533	-0.0010481150616721401	24.27940559387207
19.422	3.139491525423729	0.2847368421052632	-0.1167514146647326	0.18608858166705397	0.005323834755150124	-0.0012502714932958758	22.9103946685791
19.422	3.139491525423729	0.3	-0.12737440883390344	0.18819183427828617	0.004782972754779499	-0.0015759344313837193	21.768491744995117
19.422	3.1496610169491523	0.01	0.012187580980416063	0.04507978314893052	0.008171688387717283	0.004938057075386293	39.82204818725586
19.422	3.1496610169491523	0.02526315789473684	0.007902500835761278	0.05471576384222289	0.008101154837270424	0.00463872260172885	42.9281005859375
19.422	3.1496610169491523	0.04052631578947368	0.0051501900530903045	0.07038068591570637	0.008004939569041308	0.004499204566488481	41.05497741699219
19.422	3.1496610169491523	0.05578947368421053	0.005370365240845283	0.08000104719224851	0.00801996434739078	0.004269544674340943	37.59534454345703
19.422	3.1496610169491523	0.07105263157894737	0.003585782018957116	0.08500035195005129	0.007775267479978651	0.0041539544492906885	34.97275733947754
19.422	3.1496610169491523	0.0863157894736842	0.0011376649154166895	0.0908857799235955	0.007444004371304648	0.004076682479239394	32.96715545654297
19.422	3.1496610169491523	0.10157894736842105	-0.0004538623672379917	0.09649707488922575	0.007660248539345807	0.0038143871090818788	31.64429473876953
19.422	3.1496610169491523	0.11684210526315789	-0.0019856365292179913	0.10316133212164429	0.007620218253637025	0.0037780983289616476	30.9035701751709
19.422	3.1496610169491523	0.13210526315789473	-0.005401846860706393	0.11170981051382994	0.007416595450231247	0.0036299855865189867	30.618858337402344
19.422	3.1496610169491523	0.1473684210526316	-0.010403945577501844	0.12342779617739293	0.007345555368714673	0.003455596474374009	31.434415817260742
19.422	3.1496610169491523	0.16263157894736843	-0.02239078602326594	0.13851143997397264	0.007211196884940551	0.0030959210195542018	33.1705436706543
19.422	3.1496610169491523	0.17789473684210527	-0.034601132222838026	0.15149539327483613	0.006906491798485339	0.0025759233238895583	30.909746170043945
19.422	3.1496610169491523	0.1931578947368421	-0.048052848899192445	0.1624988750578089	0.00664069503613011	0.0021199630841120458	29.133928298950195
19.422	3.1496610169491523	0.20842105263157895	-0.06152883496675324	0.17310590319113456	0.006622095593318561	0.0020004064606215033	27.8487548828125
19.422	3.1496610169491523	0.2236842105263158	-0.0744854855218871	0.18205180413799005	0.00626952360853849	0.0013463450057460712	26.84023666381836
19.422	3.1496610169491523	0.23894736842105263	-0.08667459641835573	0.18714926532063883	0.005951994101091451	0.0011173194492730062	26.088119506835938
19.422	3.1496610169491523	0.25421052631578944	-0.09995477129957558	0.19309978215549395	0.005643392847018012	0.0006806409168493223	25.483875274658203
19.422	3.1496610169491523	0.2694736842105263	-0.11422996161763443	0.1990679475457395	0.005533266380595885	0.00037338187012625576	23.868131637573242
19.422	3.1496610169491523	0.2847368421052632	-0.1270530098050485	0.20183423799437855	0.005622954699010961	-0.0004158051406075018	22.57457733154297
19.422	3.1496610169491523	0.3	-0.13979474811798814	0.20474315086659625	0.005135460290549015	-0.0006950616914539414	21.450544357299805
19.422	3.159830508474576	0.01	0.013665945241386819	0.008933214343158665	0.008540877594247015	0.004900422074750253	35.120059967041016
19.422	3.159830508474576	0.02526315789473684	0.0072601708500064765	0.026058988354821476	0.008498996886747682	0.004594165472176966	43.78546142578125
19.422	3.159830508474576	0.04052631578947368	0.007023240710643663	0.03501805196302081	0.008510446435302452	0.004734226510585105	39.76406478881836
19.422	3.159830508474576	0.05578947368421053	0.00404812207595708	0.042683578277058605	0.008593377421839118	0.0045942833524474916	36.444496154785156
19.422	3.159830508474576	0.07105263157894737	0.0011413857169568745	0.04918278585565805	0.008190014207848302	0.0044467211185417205	33.67333221435547
19.422	3.159830508474576	0.0863157894736842	-0.00044380103875343727	0.05644975946157775	0.008248440237029484	0.004390077774641656	31.985116958618164
19.422	3.159830508474576	0.10157894736842105	-0.003244325880457986	0.06192913028157794	0.008228711298242467	0.004432631647486675	30.745899200439453
19.422	3.159830508474576	0.11684210526315789	-0.0072530669187659096	0.07114791913790082	0.00804874588198	0.004212654517395822	30.167217254638672
19.422	3.159830508474576	0.13210526315789473	-0.01013694768969776	0.08201903906356361	0.00798473451963811	0.004116342653336706	30.09029769897461
19.422	3.159830508474576	0.1473684210526316	-0.01829793364027927	0.09692139232903003	0.007719907020006317	0.003928155894440372	31.162424087524414
19.422	3.159830508474576	0.16263157894736843	-0.028355595177127456	0.11212052432202486	0.007551398110543893	0.0036815238899739417	33.29997253417969
19.422	3.159830508474576	0.17789473684210527	-0.040998524398745725	0.12681845329217856	0.007208592723267183	0.0033954774831717986	31.36429214477539
19.422	3.159830508474576	0.1931578947368421	-0.0530519067134471	0.13667484866021118	0.0070151213446785965	0.0029023145101736937	29.628803253173828
19.422	3.159830508474576	0.20842105263157895	-0.06678685193211682	0.14822897871045973	0.006755809984011516	0.002719025205350987	28.5032901763916
19.422	3.159830508474576	0.2236842105263158	-0.07873543914667196	0.15704318824592373	0.006716517759289456	0.0024197717145193216	27.49027442932129
19.422	3.159830508474576	0.23894736842105263	-0.09166892552076707	0.1638893761848598	0.006319420297781488	0.0016761603572817163	26.833749771118164
19.422	3.159830508474576	0.25421052631578944	-0.10372477045357024	0.16908552628303894	0.006144149331352688	0.001598036438052459	25.36591148376465
19.422	3.159830508474576	0.2694736842105263	-0.11572697826968303	0.17467512421719747	0.006149823232361806	0.0012073632933493022	23.668058395385742
19.422	3.159830508474576	0.2847368421052632	-0.128753844790569	0.17739330940041853	0.005804148364122639	0.0009626520817962251	22.411928176879883
19.422	3.159830508474576	0.3	-0.1413711595675231	0.18021040092746535	0.005583811051374038	0.0002580841469695989	21.37656593322754
19.422	3.17	0.01	0.013442668367617438	0.02528785985370905	0.00927671627049666	0.004903428747627661	38.62913131713867
19.422	3.17	0.02526315789473684	0.012734908080239617	0.051106739093345836	0.009221576549739331	0.004834801863489904	44.23253631591797
19.422	3.17	0.04052631578947368	0.010028115862434784	0.05883725600949494	0.009131251672501894	0.004598146658554677	41.10697937011719
19.422	3.17	0.05578947368421053	0.00828012024742928	0.06786723154298036	0.008972992162002695	0.004714647377932331	37.54690361022949
19.422	3.17	0.07105263157894737	0.0071803415356334705	0.07005304488054483	0.008919733993854314	0.004624509803440351	34.74335289001465
19.422	3.17	0.0863157894736842	0.00411821251494255	0.07607911023012369	0.00865272085633392	0.004398282309829896	32.53915786743164
19.422	3.17	0.10157894736842105	0.002543272395934745	0.07892309046912764	0.008688921451393123	0.00454773016381246	31.24651336669922
19.422	3.17	0.11684210526315789	0.000223294777180831	0.08586317302290178	0.008647320176750371	0.004436905192505451	30.24326515197754
19.422	3.17	0.13210526315789473	-0.003926500214729297	0.09310062040477424	0.008659149270023628	0.004275549698013	29.94517707824707
19.422	3.17	0.1473684210526316	-0.00973481089109539	0.1022972822365853	0.008408152317802634	0.004249059314093934	30.87002944946289
19.422	3.17	0.16263157894736843	-0.019975082356822743	0.11691749651161792	0.008225195115704914	0.003948603972341447	32.916500091552734
19.422	3.17	0.17789473684210527	-0.031857709881728105	0.12868549075910912	0.008014118178578063	0.003921839307732557	30.8509521484375
19.422	3.17	0.1931578947368421	-0.044024001373919305	0.13946751620247833	0.0076782247614051785	0.003531594580279876	29.2386474609375
19.422	3.17	0.20842105263157895	-0.057003833274696894	0.1486828512457074	0.0074164490450517335	0.0031342061822291975	28.095134735107422
19.422	3.17	0.2236842105263158	-0.06875542906612618	0.15725054074459388	0.007273977542997665	0.002895820529979636	27.061702728271484
19.422	3.17	0.23894736842105263	-0.08080960371565536	0.16303307854718205	0.007229892899711035	0.002308467418165556	26.328392028808594
19.422	3.17	0.25421052631578944	-0.09247804311138108	0.16723773743173714	0.007286288009715848	0.0025127032322553237	25.755924224853516
19.422	3.17	0.2694736842105263	-0.10405687509604261	0.17108665040609095	0.006821469519122655	0.0019143984774439716	24.146821975708008
19.422	3.17	0.2847368421052632	-0.11691354020416261	0.17652770148446917	0.0063561738530383055	0.0015805613458070877	22.763755798339844
19.422	3.17	0.3	-0.12884953668183358	0.1781183855053038	0.006246517289292928	0.0014471344851501042	21.659523010253906
