base_if_frequency_mhz	lo_frequency_ghz	if_amplitude	g	phi	I_offset	Q_offset	sfdr_db
21.58	2.57	0.0005	0.04566626548767089	0.09841275215148924	0.007709657468933527	0.002211534802830784	10.174491882324219
21.58	2.57	0.008692307692307694	-0.003928755057001625	0.25767226128147735	0.008108274796537644	0.002648881083277435	36.255393981933594
21.58	2.57	0.016884615384615387	-0.003620196712160621	0.2663846289949288	0.00799497120843485	0.002471733949395847	44.794254302978516
21.58	2.57	0.02507692307692308	-0.0052739067198281624	0.27632036714123387	0.007852331692637068	0.0023810490202135284	46.8528938293457
21.58	2.57	0.03326923076923077	-0.0036097853406836743	0.2792808720935863	0.007846308146144718	0.0022182057797706513	46.44825744628906
21.58	2.57	0.041461538461538466	-0.005400317159234917	0.28250296167636396	0.00796406359040672	0.0022130219221778687	46.025962829589844
21.58	2.57	0.04965384615384616	-0.002378534243941581	0.2910504697042453	0.007764305250747986	0.0022040500150594757	43.696035385131836
21.58	2.57	0.05784615384615385	-0.0024963168735345513	0.2943223303305357	0.007759525560868186	0.002134039734717371	43.75286674499512
21.58	2.57	0.06603846153846155	-0.001165424812884038	0.2954816980205148	0.007621030024620308	0.0019524634334265214	40.38676452636719
21.58	2.57	0.07423076923076924	-0.0009764564106448752	0.2995898830608431	0.007514573220305503	0.0017719925804703144	39.479562759399414
21.58	2.57	0.08242307692307693	-7.121561786375882e-05	0.30212767071993685	0.00739323702712231	0.0018779170631636703	38.54009246826172
21.58	2.57	0.09061538461538463	0.00021050056284723954	0.3043959398060082	0.007388187763558604	0.0019731823007054223	37.65866470336914
21.58	2.57	0.09880769230769232	-0.0005379183350165996	0.3060971972334626	0.007297551919577964	0.0018957218630224946	37.323524475097656
21.58	2.57	0.10700000000000001	-0.0005664641271274839	0.3072412079084741	0.006974201575295267	0.001736476407079112	36.04789161682129
21.58	2.57	0.1151923076923077	-0.0014498935096477518	0.30823771978403847	0.007190166855197	0.0018075125779254105	35.95444869995117
21.58	2.57	0.1233846153846154	-0.0032183849268173207	0.3093280679234436	0.007090264336137532	0.002055207336666502	35.314430236816406
21.58	2.57	0.1315769230769231	-0.0038052425735210405	0.3099698844053914	0.007164037718019873	0.002117074546691006	34.529991149902344
21.58	2.57	0.13976923076923078	-0.004978807213860509	0.3099325995522217	0.0069749420118949395	0.0022726844771546488	33.50691604614258
21.58	2.57	0.14796153846153848	-0.0071064749512509805	0.31135273530593144	0.006775029226002703	0.0020383960977546755	32.83353233337402
21.58	2.57	0.15615384615384617	-0.009064941583982853	0.3116883528769766	0.006971845906548156	0.00208608471102206	31.92154884338379
21.58	2.57	0.16434615384615386	-0.011421301320234816	0.31312396196546877	0.006896010059389551	0.0019721848388620012	31.215656280517578
21.58	2.57	0.17253846153846156	-0.01496104879145747	0.31479679683645634	0.006861830666738125	0.0018225111614823398	30.371143341064453
21.58	2.57	0.18073076923076925	-0.018450646305729207	0.3167280009244886	0.006951197908354975	0.0019704306907000297	29.473255157470703
21.58	2.57	0.18892307692307694	-0.023020070261128744	0.31865799162144215	0.00681713684135366	0.0016875695749616875	28.354299545288086
21.58	2.57	0.19711538461538464	-0.028187895641468966	0.3190348535597177	0.007001358886704796	0.0016201706075760322	27.383630752563477
21.58	2.57	0.20530769230769233	-0.03462008157696207	0.3213254062155306	0.0068737490093233175	0.0010743269693291547	26.537147521972656
21.58	2.57	0.21350000000000002	-0.041635466005118596	0.3229479114201377	0.006818728007296838	0.0010823621938113822	25.696353912353516
21.58	2.57	0.22169230769230772	-0.04850760160838117	0.323582299136039	0.0067616397793860555	0.0008888542283079185	24.950929641723633
21.58	2.57	0.2298846153846154	-0.05636584258531084	0.32421542060416575	0.0065794753584318385	0.00069126886514192	24.258522033691406
21.58	2.57	0.2380769230769231	-0.06459139641653192	0.32532940865928983	0.006700370957532996	0.0004404371356370725	23.58666229248047
21.58	2.57	0.2462692307692308	-0.07248484032797575	0.32546757757288636	0.006653849229605966	0.00031379348214369957	23.069929122924805
21.58	2.57	0.25446153846153846	-0.08050898129494688	0.32480284272216353	0.006376357493316059	6.290855171170624e-05	22.498394012451172
21.58	2.57	0.2626538461538462	-0.08916795169732789	0.32415632363362684	0.006385937282500559	-0.0002816021863567879	22.017356872558594
21.58	2.57	0.2708461538461539	-0.09679788718348034	0.3232462287750664	0.006117826320180892	-0.00039900794529986773	21.565940856933594
21.58	2.57	0.27903846153846157	-0.10578851882154497	0.32283797548632137	0.006209853206885731	-0.0006471611321396389	21.1436824798584
21.58	2.57	0.28723076923076923	-0.11438959198707924	0.3216100288324558	0.006087451219548056	-0.0003777902647017947	20.74400520324707
21.58	2.57	0.29542307692307695	-0.12220119091093326	0.31960441948850526	0.005896117567828948	-0.0007066213709324058	20.40781021118164
21.58	2.57	0.3036153846153847	-0.13062874697995766	0.3186224151901696	0.005832783212519895	-0.0011273058701819529	20.08637237548828
21.58	2.57	0.31180769230769234	-0.13888872477025185	0.31716288602953124	0.0055988889229920714	-0.0011365280516288949	19.763158798217773
21.58	2.57	0.32	-0.14648102509845995	0.3157333906238232	0.005456714476036748	-0.0013181912509567777	19.489643096923828
21.58	2.578695652173913	0.0005	-0.03622990834583546	0.3896113212649976	0.006833614554267134	0.004342661045839514	13.35955810546875
21.58	2.578695652173913	0.008692307692307694	0.002802549050147431	0.29247878334079624	0.007189593841411366	0.004891308674845441	37.867923736572266
21.58	2.578695652173913	0.016884615384615387	-0.0017807958377946463	0.29135639938120483	0.00713739451853584	0.0044733073866463965	43.04481506347656
21.58	2.578695652173913	0.02507692307692308	-0.00020368995064956857	0.29754113361460255	0.007055585503944562	0.004420192446226778	45.928199768066406
21.58	2.578695652173913	0.03326923076923077	-0.0010743528782771311	0.3012424300633102	0.007120624664780584	0.004302228679111053	48.16816711425781
21.58	2.578695652173913	0.041461538461538466	-0.0029646315091670854	0.30177217832288805	0.007016347259518473	0.004160344187979702	45.03199768066406
21.58	2.578695652173913	0.04965384615384616	-0.004745704114566545	0.30208544366958723	0.006979244220538108	0.003979185135711163	44.15319633483887
21.58	2.578695652173913	0.05784615384615385	-0.004124137181452467	0.3038649266198109	0.006855854673428911	0.0037966164127089226	41.429914474487305
21.58	2.578695652173913	0.06603846153846155	-0.004207055895563212	0.3029845722105122	0.0068947648263326935	0.0036132040027387546	39.10381317138672
21.58	2.578695652173913	0.07423076923076924	-0.004830376877580475	0.30169250851589885	0.006852081321752638	0.0035212062336886893	37.78874206542969
21.58	2.578695652173913	0.08242307692307693	-0.0052041483205650385	0.3014110862613984	0.0067916991946100486	0.003516094755987854	37.49967384338379
21.58	2.578695652173913	0.09061538461538463	-0.004329791061111064	0.3006160978306094	0.007015550610160673	0.00352543689325219	36.62118339538574
21.58	2.578695652173913	0.09880769230769232	-0.004549676444174515	0.3001000198219056	0.00671823690006265	0.0032552398502014323	35.993181228637695
21.58	2.578695652173913	0.10700000000000001	-0.0050018133877424075	0.29879214755291583	0.006705013158506303	0.003211250706385539	35.47896385192871
21.58	2.578695652173913	0.1151923076923077	-0.004536014756853766	0.2985480475747432	0.006607476470291521	0.0032326512288819538	35.20021629333496
21.58	2.578695652173913	0.1233846153846154	-0.004760716808136541	0.2983076724246708	0.006634375262244108	0.003211083838130055	34.29652976989746
21.58	2.578695652173913	0.1315769230769231	-0.005026635936912747	0.2971976572567322	0.006808580368594301	0.0033061693270270377	33.493953704833984
21.58	2.578695652173913	0.13976923076923078	-0.006093542401397872	0.2966894519990857	0.006815290109879549	0.003118735967433467	32.91617965698242
21.58	2.578695652173913	0.14796153846153848	-0.006442548745667626	0.29746273160415243	0.00688712724157025	0.003298939929078486	32.020212173461914
21.58	2.578695652173913	0.15615384615384617	-0.007861673292859663	0.29866004910166066	0.006641657951996323	0.003048161373717379	31.362445831298828
21.58	2.578695652173913	0.16434615384615386	-0.008560905302488426	0.29891441564266363	0.006718675213816095	0.003211685538648917	30.724109649658203
21.58	2.578695652173913	0.17253846153846156	-0.00989239250786817	0.2998996497717159	0.006632376926646609	0.0030583432148018883	29.914241790771484
21.58	2.578695652173913	0.18073076923076925	-0.013282787902665164	0.3027410514591751	0.006737092433505672	0.002893393908838797	29.07779312133789
21.58	2.578695652173913	0.18892307692307694	-0.01626674781504627	0.3049056065299308	0.006632213281933343	0.0028192429424846403	28.192720413208008
21.58	2.578695652173913	0.19711538461538464	-0.020560215707467452	0.3058721279548562	0.006612739873140653	0.0027288789956285506	27.342430114746094
21.58	2.578695652173913	0.20530769230769233	-0.024984995197103878	0.30684543622751603	0.00675667639477627	0.0024037484622452055	26.54248046875
21.58	2.578695652173913	0.21350000000000002	-0.031013506746188094	0.30897029228886186	0.0066615708181867826	0.0022800495126241924	25.750030517578125
21.58	2.578695652173913	0.22169230769230772	-0.03667527497349803	0.3104831132675854	0.006586331472570293	0.0021072959846643244	25.02814483642578
21.58	2.578695652173913	0.2298846153846154	-0.0440018306946454	0.3114340266188207	0.006572000862132995	0.0018648666532956755	24.383832931518555
21.58	2.578695652173913	0.2380769230769231	-0.051524985428384955	0.3122943355337887	0.0065531675037337886	0.0017097083481760927	23.709217071533203
21.58	2.578695652173913	0.2462692307692308	-0.059138689036897826	0.31266046749513454	0.006379350367859957	0.0013273259656901336	23.159103393554688
21.58	2.578695652173913	0.25446153846153846	-0.06725495250238804	0.313490593065199	0.006645812635469274	0.0012095537505277317	22.61124038696289
21.58	2.578695652173913	0.2626538461538462	-0.07499564497306734	0.31255162410594095	0.006391933027697751	0.001235700499387633	22.137998580932617
21.58	2.578695652173913	0.2708461538461539	-0.08369435793760953	0.3127125899998242	0.006192655720532203	0.000957155611144125	21.69467544555664
21.58	2.578695652173913	0.27903846153846157	-0.0923139630504429	0.31248373311884287	0.00611771614525307	0.0006424750689293516	21.278812408447266
21.58	2.578695652173913	0.28723076923076923	-0.10218919912953969	0.3120917772588837	0.006045479944057106	0.0006986716644921262	20.889127731323242
21.58	2.578695652173913	0.29542307692307695	-0.10921893704679297	0.31146998423781624	0.005756468092638339	0.00038437914909691706	20.542770385742188
21.58	2.578695652173913	0.3036153846153847	-0.1174819630704258	0.3096558949981833	0.006253849178223312	0.0005811659132019345	20.173492431640625
21.58	2.578695652173913	0.31180769230769234	-0.1260298420866855	0.30914724941675253	0.005659627385297345	3.9940167267404975e-06	19.897258758544922
21.58	2.578695652173913	0.32	-0.13440649423817724	0.30801694792925144	0.005664658799123848	-0.0002670144635212523	19.614770889282227
21.58	2.587391304347826	0.0005	-0.08440649423817725	0.40801694792925136	0.007194886022191569	0.0055309062125496935	9.371803283691406
21.58	2.587391304347826	0.008692307692307694	0.002644483946383968	0.21379979048241377	0.007559241060104409	0.005683258511306599	36.678531646728516
21.58	2.587391304347826	0.016884615384615387	-0.0031904769911160332	0.22293064985741376	0.007565645183009631	0.005773196993903663	41.87821960449219
21.58	2.587391304347826	0.02507692307692308	4.416283092371834e-05	0.2281179440646943	0.007393456657947875	0.005630555820722318	47.080963134765625
21.58	2.587391304347826	0.03326923076923077	-5.36951311768144e-05	0.23374996634219006	0.00754975949615058	0.005510568268235644	44.9341926574707
21.58	2.587391304347826	0.041461538461538466	-0.001496510008070186	0.23918502400540176	0.007457296637981863	0.0052979834450649025	44.40473556518555
21.58	2.587391304347826	0.04965384615384616	-0.001453244766952432	0.24370594600996098	0.007279719425763171	0.005064794289200892	41.55511283874512
21.58	2.587391304347826	0.05784615384615385	-0.002379612743410035	0.2518722332591302	0.007402123311683788	0.004748431965591082	39.7797966003418
21.58	2.587391304347826	0.06603846153846155	-0.0015877322644730898	0.25536598488572293	0.00749357153939875	0.004772090180938216	38.89121055603027
21.58	2.587391304347826	0.07423076923076924	-0.0008939660410608541	0.25785186277200645	0.0073130702441841534	0.00449144064174526	37.111549377441406
21.58	2.587391304347826	0.08242307692307693	-0.000882560532484863	0.2635268309952813	0.007047135558108853	0.004361146316511155	36.74517822265625
21.58	2.587391304347826	0.09061538461538463	-0.0014907879344566843	0.26690622399171177	0.007498849304697065	0.004560942466047424	36.051509857177734
21.58	2.587391304347826	0.09880769230769232	-0.00020246329890480157	0.27045311938228417	0.0072750066577904815	0.0043916488984432865	35.16030502319336
21.58	2.587391304347826	0.10700000000000001	-0.0018542433116499391	0.27232316069056484	0.0072096388437452785	0.004438560555545843	34.900442123413086
21.58	2.587391304347826	0.1151923076923077	-0.00176934805247362	0.2745723802565217	0.007258614341642452	0.004224013038208704	34.309574127197266
21.58	2.587391304347826	0.1233846153846154	-0.0024995245730205207	0.2772687881251913	0.007322385305976706	0.004359031280353429	33.88086700439453
21.58	2.587391304347826	0.1315769230769231	-0.003940992683016956	0.27869999893569564	0.007014865822545748	0.004198658049142884	33.09435844421387
21.58	2.587391304347826	0.13976923076923078	-0.004794414588793439	0.28058578841424264	0.007035538932165651	0.00416433933381946	32.5113525390625
21.58	2.587391304347826	0.14796153846153848	-0.006268946334396783	0.2814634987824822	0.007200689121944631	0.004205343967616673	32.007408142089844
21.58	2.587391304347826	0.15615384615384617	-0.006974298606421982	0.2831337167844782	0.007173981781326082	0.004382912194055868	31.187726974487305
21.58	2.587391304347826	0.16434615384615386	-0.009003489866648059	0.2851248134938673	0.006929209240134886	0.0041264923308387096	30.422937393188477
21.58	2.587391304347826	0.17253846153846156	-0.01014482161341941	0.28636245544820016	0.006947789079100028	0.004036007379454271	29.633615493774414
21.58	2.587391304347826	0.18073076923076925	-0.012603165686788445	0.2881867658531192	0.006906814789657574	0.00395989028513633	29.02081871032715
21.58	2.587391304347826	0.18892307692307694	-0.015344611451483962	0.28986470545920767	0.007094287571980931	0.003972759546066224	28.056564331054688
21.58	2.587391304347826	0.19711538461538464	-0.018706945221466185	0.2914554303345654	0.006700602897102316	0.003627768548061379	27.25572395324707
21.58	2.587391304347826	0.20530769230769233	-0.02261669620272255	0.293112827145626	0.006985627842905117	0.0036470815497648564	26.352357864379883
21.58	2.587391304347826	0.21350000000000002	-0.027511538472045467	0.29404232547589126	0.006868394784954891	0.0033853531217742892	25.641822814941406
21.58	2.587391304347826	0.22169230769230772	-0.03311701396707646	0.29533063853344865	0.00680735910554835	0.003051359523773744	24.86600112915039
21.58	2.587391304347826	0.2298846153846154	-0.03869978886325113	0.2964355254098679	0.006891304240665237	0.002897969197305105	24.18887710571289
21.58	2.587391304347826	0.2380769230769231	-0.045509128226168066	0.2969182528551188	0.006891022375342332	0.0028602444833028527	23.490394592285156
21.58	2.587391304347826	0.2462692307692308	-0.05233012054834103	0.297619568969401	0.006622549779970979	0.0026089916461829897	22.884431838989258
21.58	2.587391304347826	0.25446153846153846	-0.05969105095076263	0.2978005831961139	0.006651258662739948	0.0025563770209356164	22.349225997924805
21.58	2.587391304347826	0.2626538461538462	-0.06647518922412306	0.29696111552093624	0.006579492058998236	0.0022677880393058153	21.845382690429688
21.58	2.587391304347826	0.2708461538461539	-0.07463609103882221	0.2973973101345121	0.0062346274218043765	0.002235444567906946	21.377674102783203
21.58	2.587391304347826	0.27903846153846157	-0.082708483649306	0.2965224895864605	0.0064241823081147365	0.0018578625091889849	20.90724754333496
21.58	2.587391304347826	0.28723076923076923	-0.09052058235809732	0.29513413276447503	0.006254480167804223	0.001617269165101817	20.494285583496094
21.58	2.587391304347826	0.29542307692307695	-0.09821862113729644	0.29344888733624075	0.006245150346045235	0.0016606120451489246	20.157922744750977
21.58	2.587391304347826	0.3036153846153847	-0.10686712571894807	0.2936349361903249	0.006179156325721219	0.0014634287883864739	19.790218353271484
21.58	2.587391304347826	0.31180769230769234	-0.1145017238753854	0.29190257112507056	0.005971233246631099	0.0015733761043692494	19.478660583496094
21.58	2.587391304347826	0.32	-0.12201492185614193	0.2906754334286128	0.00573633962088017	0.0008236372397281535	19.183666229248047
21.58	2.596086956521739	0.0005	-0.09602004880926693	0.3669388611629879	0.0071459745514083906	0.006038437611319148	12.809036254882812
21.58	2.596086956521739	0.008692307692307694	-0.008471220684266893	0.28083046272548795	0.0074733596351556925	0.006268623441382953	38.609962463378906
21.58	2.596086956521739	0.016884615384615387	-0.0045319266404549256	0.28223717690160677	0.007460505073327553	0.006066186306315795	42.633148193359375
21.58	2.596086956521739	0.02507692307692308	-0.003747742601815857	0.2907515059476178	0.00771479189716545	0.0059442639244023324	43.99456024169922
21.58	2.596086956521739	0.03326923076923077	-0.0036499042304992567	0.2920677761490812	0.007559505413826072	0.005978626517834486	48.21963882446289
21.58	2.596086956521739	0.041461538461538466	-0.004046263728080064	0.2951128466647567	0.007364891777558466	0.005567637307548424	43.32061767578125
21.58	2.596086956521739	0.04965384615384616	-0.006402717538569317	0.29810663944840665	0.007438873965229822	0.00561473394113844	41.921396255493164
21.58	2.596086956521739	0.05784615384615385	-0.006150367052598344	0.29814307585252264	0.007457636960184892	0.005365362929603892	38.505428314208984
21.58	2.596086956521739	0.06603846153846155	-0.006178743305350683	0.2992634825958286	0.007418098768771729	0.005300134490005609	37.688716888427734
21.58	2.596086956521739	0.07423076923076924	-0.006980661985162513	0.2972307210521923	0.007380551878172431	0.005023538595689537	36.0051212310791
21.58	2.596086956521739	0.08242307692307693	-0.006734573778394476	0.29573252924849847	0.0074249823324600795	0.005184097470633092	35.01801872253418
21.58	2.596086956521739	0.09061538461538463	-0.006658065337851506	0.29332721167259485	0.0074749898034922055	0.004931829108709446	34.36967086791992
21.58	2.596086956521739	0.09880769230769232	-0.006460547910555829	0.2923824650838742	0.007085043723259853	0.004698237249563267	33.973182678222656
21.58	2.596086956521739	0.10700000000000001	-0.006894824476930873	0.2909006215129284	0.007367824056041692	0.004684090912947015	33.32405090332031
21.58	2.596086956521739	0.1151923076923077	-0.006518142493459953	0.2882301315162566	0.007390669744193966	0.004659985235020002	32.897111892700195
21.58	2.596086956521739	0.1233846153846154	-0.0072594458447020485	0.2881665088956013	0.007276413472425058	0.004504531167103408	32.39234924316406
21.58	2.596086956521739	0.1315769230769231	-0.006796286206245046	0.2866265609765195	0.007296741139535168	0.00469946846683504	31.838245391845703
21.58	2.596086956521739	0.13976923076923078	-0.008223729916258382	0.28503654487304897	0.007335745070962876	0.004595413476812246	31.072162628173828
21.58	2.596086956521739	0.14796153846153848	-0.007889516871381208	0.2858894117384766	0.007422115406301752	0.0046193823929512315	30.404708862304688
21.58	2.596086956521739	0.15615384615384617	-0.008584160555155686	0.286129200226211	0.00721419392954938	0.0046448401835145915	29.724679946899414
21.58	2.596086956521739	0.16434615384615386	-0.009203223313674482	0.28642620236934613	0.007142223635264589	0.004675999010449045	29.019128799438477
21.58	2.596086956521739	0.17253846153846156	-0.010749117669187642	0.28757710432257017	0.007057823373944269	0.004365027906243647	28.237619400024414
21.58	2.596086956521739	0.18073076923076925	-0.011851833772383785	0.28993144103880486	0.007030440419513037	0.004401397515977456	27.437849044799805
21.58	2.596086956521739	0.18892307692307694	-0.014571057364197828	0.29219749590794053	0.006915707306558566	0.004188684345051621	26.62920570373535
21.58	2.596086956521739	0.19711538461538464	-0.017801738542473147	0.2931029458439528	0.007138357622732143	0.004254137206055284	25.820711135864258
21.58	2.596086956521739	0.20530769230769233	-0.021655741485735604	0.2949845459919974	0.007035629823458802	0.004104452453183947	25.01891326904297
21.58	2.596086956521739	0.21350000000000002	-0.02628989253469391	0.2960810171116695	0.00726297854827913	0.004033377292289037	24.269556045532227
21.58	2.596086956521739	0.22169230769230772	-0.03203243818330946	0.2970452036280729	0.006957046613078197	0.003808093547297068	23.58421516418457
21.58	2.596086956521739	0.2298846153846154	-0.037746450158387845	0.2990054860636344	0.0069326902620187964	0.003389868820988232	22.95322608947754
21.58	2.596086956521739	0.2380769230769231	-0.043678162865018626	0.29916873118302073	0.006711223192783434	0.003248418332301533	22.35720443725586
21.58	2.596086956521739	0.2462692307692308	-0.050634650135485355	0.2994320524084251	0.006928079960439713	0.0033782240209313903	21.822641372680664
21.58	2.596086956521739	0.25446153846153846	-0.05841936631289699	0.2993810819508289	0.006703871891525392	0.003012862927405428	21.30220603942871
21.58	2.596086956521739	0.2626538461538462	-0.06593908146132106	0.29995320985725243	0.0066131209565609035	0.0028051497101296325	20.788681030273438
21.58	2.596086956521739	0.2708461538461539	-0.07373371261182131	0.2996273449739272	0.006540423664448701	0.0026443937172496504	20.372840881347656
21.58	2.596086956521739	0.27903846153846157	-0.08136940938202672	0.2981054881763294	0.0066149547236493	0.0026069876325243236	19.974679946899414
21.58	2.596086956521739	0.28723076923076923	-0.08975990186227492	0.2981085473381564	0.006218138302814787	0.00244585026469278	19.592742919921875
21.58	2.596086956521739	0.29542307692307695	-0.09730307545865245	0.2969970525651572	0.005942488515610581	0.002460146449440091	19.25554656982422
21.58	2.596086956521739	0.3036153846153847	-0.1056938533427037	0.29533889239554845	0.006142656188639349	0.00222258833127055	18.924697875976562
21.58	2.596086956521739	0.31180769230769234	-0.11384993718237008	0.29410276598969665	0.006120949722585299	0.0018574103639378108	18.61894989013672
21.58	2.596086956521739	0.32	-0.1206931738846231	0.2926146658625004	0.005734697851151443	0.0017244385656316097	18.333194732666016
21.58	2.604782608695652	0.0005	0.029306836918718767	0.35511470795828126	0.007695577869713694	0.006573473904839185	13.613029479980469
21.58	2.604782608695652	0.008692307692307694	0.014864488438494153	0.2227063751335742	0.007955460930415725	0.006694103923131731	39.061073303222656
21.58	2.604782608695652	0.016884615384615387	0.014345901530780327	0.23126669138916256	0.007967789680069262	0.006604206118958499	44.76228332519531
21.58	2.604782608695652	0.02507692307692308	0.011091624645831086	0.24254779849682684	0.007916744649410036	0.006683662886916205	47.72907638549805
21.58	2.604782608695652	0.03326923076923077	0.013774796275736776	0.2534878749075974	0.00788497948416058	0.006614188661182449	44.38864517211914
21.58	2.604782608695652	0.041461538461538466	0.010944282077451245	0.25509946589402854	0.00771627846968705	0.006274857255086684	43.8568000793457
21.58	2.604782608695652	0.04965384615384616	0.008567485772271646	0.2628592999749633	0.007782145400910592	0.00608670785521204	41.71073913574219
21.58	2.604782608695652	0.05784615384615385	0.007232475131916654	0.2713193095775017	0.007936369956355261	0.006058843759529873	38.381473541259766
21.58	2.604782608695652	0.06603846153846155	0.006368191415588732	0.27675435195680564	0.007836335740176857	0.005835924509873856	37.56062316894531
21.58	2.604782608695652	0.07423076923076924	0.005145852218395807	0.28244321883168544	0.007652188625598775	0.005614341299660063	36.3140754699707
21.58	2.604782608695652	0.08242307692307693	0.004314411568469144	0.28698739788007466	0.007749955566197146	0.005881839953216749	35.9538459777832
21.58	2.604782608695652	0.09061538461538463	0.00345022385347988	0.29004603127309386	0.007717708989747368	0.0056500038815879726	35.32152557373047
21.58	2.604782608695652	0.09880769230769232	0.0019388846068352395	0.2931385489055611	0.0075105577031826165	0.005441120788967919	34.93752670288086
21.58	2.604782608695652	0.10700000000000001	0.0002393727464379838	0.2954548517343692	0.00765559596681614	0.005353373520265634	34.37960433959961
21.58	2.604782608695652	0.1151923076923077	-0.0006424152717215835	0.2973297775708241	0.0075935659479631715	0.005129751360491536	33.748741149902344
21.58	2.604782608695652	0.1233846153846154	-0.0011914224235795338	0.2989624288165694	0.007584230347319523	0.005189082638758385	33.34531784057617
21.58	2.604782608695652	0.1315769230769231	-0.0023492200879821133	0.2999182432463765	0.007541020202770594	0.005293545349619966	32.573089599609375
21.58	2.604782608695652	0.13976923076923078	-0.004261811522648068	0.3026336984413699	0.007351147715583385	0.005112732120972313	31.858871459960938
21.58	2.604782608695652	0.14796153846153848	-0.006093503415232848	0.30283551616843557	0.007353749501255977	0.005277197311363951	31.01664161682129
21.58	2.604782608695652	0.15615384615384617	-0.007829537731360038	0.3043549760342482	0.007410101554326413	0.005284678028977314	30.170663833618164
21.58	2.604782608695652	0.16434615384615386	-0.009825445785228374	0.3061600982321961	0.007272008529919641	0.00511501692220728	29.094526290893555
21.58	2.604782608695652	0.17253846153846156	-0.012515741436928952	0.3085946296630411	0.007481003911545857	0.0051700276845829	28.182323455810547
21.58	2.604782608695652	0.18073076923076925	-0.01535323953297964	0.3093783141897275	0.007125656226873984	0.004877694570607426	27.261592864990234
21.58	2.604782608695652	0.18892307692307694	-0.01884278597839628	0.3125847751539751	0.007208372303996296	0.005103035740123893	26.371105194091797
21.58	2.604782608695652	0.19711538461538464	-0.024055857186116365	0.3140396573292704	0.00733308865499785	0.004899559433736361	25.428503036499023
21.58	2.604782608695652	0.20530769230769233	-0.028327776880116718	0.31556109893481765	0.007472656778619484	0.004726274578603346	24.585426330566406
21.58	2.604782608695652	0.21350000000000002	-0.03414131460261385	0.31664186977323405	0.007306180084808812	0.004337875354488482	23.80223846435547
21.58	2.604782608695652	0.22169230769230772	-0.040209089710999665	0.31685297413387603	0.006977599374042617	0.004189588553560634	23.11697006225586
21.58	2.604782608695652	0.2298846153846154	-0.04716234760520134	0.3174495879528013	0.007053744951165205	0.00421578613933175	22.51575469970703
21.58	2.604782608695652	0.2380769230769231	-0.05482311800981958	0.31707950957607417	0.007229064083114637	0.003932689474856627	21.864891052246094
21.58	2.604782608695652	0.2462692307692308	-0.06272615699957212	0.316429229188002	0.006935974387781596	0.004029009414477654	21.32867431640625
21.58	2.604782608695652	0.25446153846153846	-0.06988139311827807	0.3160179662689235	0.006710717375719821	0.0036630148115702056	20.819944381713867
21.58	2.604782608695652	0.2626538461538462	-0.07878544931554186	0.3141383833124213	0.006835077426260232	0.0033815265040513217	20.36192512512207
21.58	2.604782608695652	0.2708461538461539	-0.08792121052064882	0.313253724329444	0.0068233888556811645	0.0034229287963215534	19.92799949645996
21.58	2.604782608695652	0.27903846153846157	-0.09541408871490198	0.31211220909725207	0.006601871224359732	0.0032286747705535515	19.533077239990234
21.58	2.604782608695652	0.28723076923076923	-0.10385983139757221	0.31012154719472423	0.00660827321406525	0.0031681090013059633	19.160444259643555
21.58	2.604782608695652	0.29542307692307695	-0.11278999196483246	0.30827876483711514	0.006506518546456938	0.0031839873230052997	18.805919647216797
21.58	2.604782608695652	0.3036153846153847	-0.12073645832234865	0.3066237196406394	0.006339371845906137	0.0028696098724464787	18.490488052368164
21.58	2.604782608695652	0.31180769230769234	-0.12891055760075215	0.30345024180643243	0.006231751209097844	0.002686929997943611	18.19803810119629
21.58	2.604782608695652	0.32	-0.13742798818509036	0.3019445021132046	0.006111436466983614	0.002588654429564763	17.92583465576172
21.58	2.613478260869565	0.0005	-0.07336548818509035	0.29569450211320447	0.008311423253565191	0.006759885481006046	15.002281188964844
21.58	2.613478260869565	0.008692307692307694	0.0043982029869134	0.28561814971808724	0.008390320917618096	0.006582724838407699	36.8154296875
21.58	2.613478260869565	0.016884615384615387	0.0063662708713585914	0.29498454578761396	0.008277810424164875	0.006712009476642997	44.22277069091797
21.58	2.613478260869565	0.02507692307692308	0.0013876488981444867	0.3008007039293519	0.008357533021599965	0.006579794911286812	49.19420623779297
21.58	2.613478260869565	0.03326923076923077	0.001192034885507762	0.30772053990217796	0.008403234877736268	0.006481594505586757	46.402122497558594
21.58	2.613478260869565	0.041461538461538466	0.0011992619875221939	0.30817659048725804	0.008253546687868814	0.006555043844738682	43.65217590332031
21.58	2.613478260869565	0.04965384615384616	0.0014595495107918488	0.309210680410163	0.008346536184187224	0.00630482119675767	40.999610900878906
21.58	2.613478260869565	0.05784615384615385	0.0006987272994869375	0.30932155142063744	0.008388783436292777	0.006387449917526898	38.321693420410156
21.58	2.613478260869565	0.06603846153846155	-0.0007689297897464606	0.3091046620392287	0.008456751532658898	0.006220053249854501	38.18144607543945
21.58	2.613478260869565	0.07423076923076924	-0.0010320291552453932	0.30753488495334447	0.008302530727970379	0.0059432733964066954	36.69191551208496
21.58	2.613478260869565	0.08242307692307693	-0.0013145836199293171	0.30574558035828575	0.008206073695483582	0.005939778026368843	35.89541816711426
21.58	2.613478260869565	0.09061538461538463	-0.0021480213147662248	0.30250715030152303	0.008077411437144263	0.005760365273773389	35.1655158996582
21.58	2.613478260869565	0.09880769230769232	-0.002946159136623607	0.30175434031221515	0.008251424429273752	0.005881081255318806	34.800689697265625
21.58	2.613478260869565	0.10700000000000001	-0.0030228009939513903	0.29910159277348836	0.008126559223729991	0.0056648579655470726	34.55220603942871
21.58	2.613478260869565	0.1151923076923077	-0.004067913386086821	0.2984027474924413	0.008028955122700994	0.005712363863875457	33.99957466125488
21.58	2.613478260869565	0.1233846153846154	-0.004242181523005161	0.29629539196283605	0.008088362529180286	0.005729088478727591	33.26322555541992
21.58	2.613478260869565	0.1315769230769231	-0.004650855663640577	0.2953125109564879	0.007817635864290426	0.005393899470254437	32.64386558532715
21.58	2.613478260869565	0.13976923076923078	-0.005895733549433818	0.2947326370690092	0.008018344403541053	0.005756952483033784	31.728971481323242
21.58	2.613478260869565	0.14796153846153848	-0.007792141788987968	0.2973477219108276	0.007981367704918566	0.005617433281752281	31.019624710083008
21.58	2.613478260869565	0.15615384615384617	-0.008598193386452794	0.29729706781732546	0.00781696649603821	0.005600403565430009	29.985271453857422
21.58	2.613478260869565	0.16434615384615386	-0.011051216535517184	0.2999255660836384	0.007769078980147479	0.005492023845615831	29.10417938232422
21.58	2.613478260869565	0.17253846153846156	-0.014462731499471866	0.30388568876392996	0.007769103566623767	0.0056251965809104515	28.0981502532959
21.58	2.613478260869565	0.18073076923076925	-0.017308182382688088	0.3052823934682477	0.007851244111514076	0.00547824966455661	27.1934814453125
21.58	2.613478260869565	0.18892307692307694	-0.022586343484314566	0.3093513840650335	0.007741046130393054	0.0052546206771148345	26.223857879638672
21.58	2.613478260869565	0.19711538461538464	-0.027088880065469813	0.311816822965249	0.007741263088481932	0.005341568573895699	25.452892303466797
21.58	2.613478260869565	0.20530769230769233	-0.03302767695078142	0.31402220348323845	0.007484348978558984	0.005113233948178447	24.59760856628418
21.58	2.613478260869565	0.21350000000000002	-0.039219723133477206	0.31571075762700435	0.007692148606892289	0.00488283227365281	23.818279266357422
21.58	2.613478260869565	0.22169230769230772	-0.04670984214554988	0.31736252147317073	0.0075019329671331715	0.004772167150268788	23.084550857543945
21.58	2.613478260869565	0.2298846153846154	-0.05337997768457496	0.3180121517049535	0.007326983467700327	0.0046491441804948335	22.50375747680664
21.58	2.613478260869565	0.2380769230769231	-0.062337555621901256	0.3194053323610766	0.007178897589673418	0.00444499109695352	21.91292953491211
21.58	2.613478260869565	0.2462692307692308	-0.07020945425812317	0.31873813342741564	0.007160128722133793	0.004432728664243036	21.353145599365234
21.58	2.613478260869565	0.25446153846153846	-0.07802406921602015	0.3187718534950015	0.007171476389363338	0.004455437099350352	20.900318145751953
21.58	2.613478260869565	0.2626538461538462	-0.08706407070345934	0.31812661626550115	0.007136470495300756	0.004290575464589472	20.47669219970703
21.58	2.613478260869565	0.2708461538461539	-0.0955532265158493	0.31703251622226586	0.00707100059486359	0.00433133243456408	20.019704818725586
21.58	2.613478260869565	0.27903846153846157	-0.10384558562954255	0.3168308826496874	0.006724710645609415	0.003928860295500194	19.64687728881836
21.58	2.613478260869565	0.28723076923076923	-0.11195746870929753	0.31469830280806477	0.006805138126197519	0.003942497425118155	19.272493362426758
21.58	2.613478260869565	0.29542307692307695	-0.12059885720989286	0.3144621712209308	0.00669981988063207	0.0036929100813315715	18.95032501220703
21.58	2.613478260869565	0.3036153846153847	-0.12779685205180222	0.3121285118164464	0.006618590042089428	0.0036714102086582694	18.621999740600586
21.58	2.613478260869565	0.31180769230769234	-0.1360172887751793	0.31030742039536263	0.006561532511554809	0.0038842950043934056	18.337474822998047
21.58	2.613478260869565	0.32	-0.1434932814398741	0.30846515463297375	0.006363859280021294	0.0035101665848362904	18.073945999145508
21.58	2.6221739130434787	0.0005	-0.07630578143987415	0.21784015463297374	0.009060624888522769	0.006557278110875919	12.896560668945312
21.58	2.6221739130434787	0.008692307692307694	0.020266706769847834	0.2243379254084189	0.008980248678151153	0.006737009616095142	38.90742874145508
21.58	2.6221739130434787	0.016884615384615387	0.022417855815523823	0.24268120757342465	0.009127666557057861	0.006601278926732752	43.06938934326172
21.58	2.6221739130434787	0.02507692307692308	0.022516361804240895	0.25125307130665675	0.009039380203097537	0.006549210086193011	46.0672721862793
21.58	2.6221739130434787	0.03326923076923077	0.018978508648955776	0.25718918751963543	0.008908579733829428	0.006354859749231303	47.47673797607422
21.58	2.6221739130434787	0.041461538461538466	0.018809994853986507	0.2646603923277777	0.009002841204670133	0.006465767529324635	46.83075714111328
21.58	2.6221739130434787	0.04965384615384616	0.017638865418450556	0.26975766906075027	0.008852383783074418	0.0063199778093582185	43.366804122924805
21.58	2.6221739130434787	0.05784615384615385	0.016821262757754824	0.27657854888507194	0.008956947735124244	0.006294775088156848	41.4340763092041
21.58	2.6221739130434787	0.06603846153846155	0.016427935245907806	0.2831097294195838	0.008677713462082796	0.006177797231208052	40.70493125915527
21.58	2.6221739130434787	0.07423076923076924	0.01534888670282892	0.2869488470822711	0.008742705426944747	0.006200763386671653	39.07514953613281
21.58	2.6221739130434787	0.08242307692307693	0.01436777777532991	0.2895593944535215	0.008970023451218456	0.006039327682549877	38.3033504486084
21.58	2.6221739130434787	0.09061538461538463	0.012536167460781891	0.29219083996197176	0.008724706357315915	0.005825498817505808	38.15991401672363
21.58	2.6221739130434787	0.09880769230769232	0.01186369482102402	0.2961915038505702	0.008686535566084815	0.005862260110227886	37.3284797668457
21.58	2.6221739130434787	0.10700000000000001	0.011616597956983079	0.2984589592475111	0.00865511061183857	0.005975065438677999	36.913644790649414
21.58	2.6221739130434787	0.1151923076923077	0.01041357734147989	0.30077147331700116	0.00839977190953865	0.005777941128188982	36.62081336975098
21.58	2.6221739130434787	0.1233846153846154	0.009326467184093542	0.3035129541403142	0.008843320492433289	0.005611149981393216	35.94356155395508
21.58	2.6221739130434787	0.1315769230769231	0.007911720978683784	0.3047368280079529	0.008630212878648586	0.006011593180789396	35.05954360961914
21.58	2.6221739130434787	0.13976923076923078	0.006099246142941533	0.30626961108345696	0.008499699007535399	0.005817910388872722	34.10031700134277
21.58	2.6221739130434787	0.14796153846153848	0.004531521169660521	0.30877483649904913	0.008511324472797855	0.005726478662666896	32.92955017089844
21.58	2.6221739130434787	0.15615384615384617	0.002826845122119572	0.3113015831303473	0.008418573451690652	0.0057774439221772445	31.93906021118164
21.58	2.6221739130434787	0.16434615384615386	-0.00058710292069706	0.31329764047799835	0.00846689197860106	0.005851014837044348	30.782880783081055
21.58	2.6221739130434787	0.17253846153846156	-0.003909751145643135	0.31723357016734355	0.00834646044480242	0.005685063063834974	29.676441192626953
21.58	2.6221739130434787	0.18073076923076925	-0.00835816436514975	0.3190877395517308	0.008111111168585417	0.005675091781641172	28.582399368286133
21.58	2.6221739130434787	0.18892307692307694	-0.013322171093207694	0.32285847645070465	0.0081870676477078	0.005655593674064667	27.535743713378906
21.58	2.6221739130434787	0.19711538461538464	-0.01927766820063259	0.3244184529028586	0.008198312052387694	0.005549697095213395	26.48303985595703
21.58	2.6221739130434787	0.20530769230769233	-0.02662660306723699	0.3268846626668106	0.007886741377973528	0.0052303092518638655	25.636449813842773
21.58	2.6221739130434787	0.21350000000000002	-0.03354532083040171	0.328592901952055	0.007929351848310045	0.00513690289943835	24.872329711914062
21.58	2.6221739130434787	0.22169230769230772	-0.042163657768278295	0.32932384854377483	0.007933681425660671	0.005474978542459624	24.09355926513672
21.58	2.6221739130434787	0.2298846153846154	-0.049829879050403064	0.3292408068349894	0.007873869710041963	0.005089723852559886	23.459714889526367
21.58	2.6221739130434787	0.2380769230769231	-0.05879262973836677	0.3295276143448296	0.007723921623241382	0.005021084445396317	22.829952239990234
21.58	2.6221739130434787	0.2462692307692308	-0.06811015581441257	0.328855932193027	0.007843795723699998	0.0047278752727264615	22.25901985168457
21.58	2.6221739130434787	0.25446153846153846	-0.07787554688339046	0.3285879931421407	0.007842206369435733	0.005026626927625389	21.76263999938965
21.58	2.6221739130434787	0.2626538461538462	-0.08638351983909423	0.3273757330150731	0.007450280393289724	0.0046457459657322595	21.283462524414062
21.58	2.6221739130434787	0.2708461538461539	-0.09586218266595639	0.3270939456632477	0.007500779363375479	0.004556506738496011	20.844648361206055
21.58	2.6221739130434787	0.27903846153846157	-0.10456426032699634	0.32570834665821125	0.007385652299927541	0.004525514837972542	20.461164474487305
21.58	2.6221739130434787	0.28723076923076923	-0.11428591423548748	0.32352795622573427	0.0070813554601781	0.004512636750972552	20.095172882080078
21.58	2.6221739130434787	0.29542307692307695	-0.12307886861611145	0.32284134218498317	0.007184248450067469	0.004380602159129584	19.746599197387695
21.58	2.6221739130434787	0.3036153846153847	-0.13201737246866202	0.32126811337911904	0.007128993562030513	0.004405502212115747	19.415849685668945
21.58	2.6221739130434787	0.31180769230769234	-0.1407516995124107	0.3187893855806575	0.0072259941742620765	0.004387285842848682	19.148569107055664
21.58	2.6221739130434787	0.32	-0.14942977011517455	0.31645669720810454	0.006807923368419935	0.004113352015447138	18.836374282836914
21.58	2.6308695652173917	0.0005	0.08040471378778502	0.3168232108116169	0.009546616824705478	0.0058189557143759636	10.674270629882812
21.58	2.6308695652173917	0.008692307692307694	0.005084455051174607	0.2453543061971684	0.009714915225309297	0.006215138311081293	38.466941833496094
21.58	2.6308695652173917	0.016884615384615387	0.0069457386068014805	0.2603718519791981	0.009671271030970739	0.00621904287690005	45.41356658935547
21.58	2.6308695652173917	0.02507692307692308	0.007587237321486915	0.2674644526675364	0.009793925339477486	0.006398177405198211	45.58562469482422
21.58	2.6308695652173917	0.03326923076923077	0.009326290749659981	0.2744598571792265	0.00969834842891305	0.006126358968295207	48.98759841918945
21.58	2.6308695652173917	0.041461538461538466	0.007760846641277475	0.27558966881570074	0.009541707341316392	0.0062238446660288545	46.42910385131836
21.58	2.6308695652173917	0.04965384615384616	0.007899969148333782	0.2805838091515992	0.009631290630245617	0.006166968062313663	44.75888633728027
21.58	2.6308695652173917	0.05784615384615385	0.006498566597533369	0.28249395115068654	0.009496740423171054	0.006019698600566793	41.53251838684082
21.58	2.6308695652173917	0.06603846153846155	0.005823876350402489	0.28559705492054444	0.0095158696823973	0.006064525323795446	41.12505340576172
21.58	2.6308695652173917	0.07423076923076924	0.006185945067770435	0.28401606126400974	0.009404514088229794	0.006039324625614588	39.91277503967285
21.58	2.6308695652173917	0.08242307692307693	0.005734910431417291	0.28456737149946965	0.00933603243724114	0.005912523520681749	38.242366790771484
21.58	2.6308695652173917	0.09061538461538463	0.00587325318155962	0.2820341839525278	0.009404550973880366	0.0060348008155350075	38.56137275695801
21.58	2.6308695652173917	0.09880769230769232	0.00517154585753527	0.2804120199207433	0.00932066914630792	0.0058910337030559515	37.78724670410156
21.58	2.6308695652173917	0.10700000000000001	0.005098320742342215	0.27977688849260873	0.009210891195522031	0.005712483265448626	37.01326370239258
21.58	2.6308695652173917	0.1151923076923077	0.005087989610900748	0.27844593080351	0.009174959140778855	0.005781689077627178	36.76512336730957
21.58	2.6308695652173917	0.1233846153846154	0.004232218903770313	0.27730402650901914	0.009178324074332242	0.0060112748653267855	35.99346923828125
21.58	2.6308695652173917	0.1315769230769231	0.004116888537818205	0.2747456223891011	0.009065510385175633	0.005759120586739674	35.596038818359375
21.58	2.6308695652173917	0.13976923076923078	0.0034561821565047006	0.27434778968579016	0.009189187724973355	0.005885350631328414	34.91543197631836
21.58	2.6308695652173917	0.14796153846153848	0.0020933906579226036	0.2747831741946985	0.009009461154486443	0.00574937524584998	33.91219711303711
21.58	2.6308695652173917	0.15615384615384617	0.0009489516044316291	0.27543178582940925	0.009046348673204216	0.005896178273073522	33.063276290893555
21.58	2.6308695652173917	0.16434615384615386	-0.0015567834852215452	0.2769675550918185	0.008982277402145897	0.0058400416479196925	31.967187881469727
21.58	2.6308695652173917	0.17253846153846156	-0.0038606491561319926	0.28014524955355613	0.008968773749774304	0.005718349406000758	30.911836624145508
21.58	2.6308695652173917	0.18073076923076925	-0.007091701826294163	0.2830493033019087	0.008957015944207797	0.00569786082080788	29.86402130126953
21.58	2.6308695652173917	0.18892307692307694	-0.011382833014232105	0.28658615436213014	0.008640414348366446	0.005560283556703841	28.807262420654297
21.58	2.6308695652173917	0.19711538461538464	-0.017069124262895724	0.2897623739187327	0.008883724211869547	0.005905802226027422	27.67038345336914
21.58	2.6308695652173917	0.20530769230769233	-0.021941297252312593	0.29390397097852095	0.008732601272066175	0.005403598444178247	26.780925750732422
21.58	2.6308695652173917	0.21350000000000002	-0.02834620997183021	0.29575392889148466	0.008675982344573611	0.005661652287348967	25.867633819580078
21.58	2.6308695652173917	0.22169230769230772	-0.03590995283761867	0.29812082918159966	0.00851551858533	0.005468044695023563	25.085302352905273
21.58	2.6308695652173917	0.2298846153846154	-0.043793230830818916	0.2993799590292101	0.008588026465725271	0.005204139440481664	24.326751708984375
21.58	2.6308695652173917	0.2380769230769231	-0.05185654675111783	0.2998741353270079	0.008517575189978708	0.00549993149449144	23.76475715637207
21.58	2.6308695652173917	0.2462692307692308	-0.06040220687247145	0.30131782621814984	0.008261036700230717	0.005132210509409352	23.170610427856445
21.58	2.6308695652173917	0.25446153846153846	-0.06789731983482289	0.3010903566357628	0.008543327285805978	0.005145554113131011	22.569910049438477
21.58	2.6308695652173917	0.2626538461538462	-0.07640952862398305	0.30133706100832286	0.008361104798054521	0.004887083314361617	22.103412628173828
21.58	2.6308695652173917	0.2708461538461539	-0.0856364740130226	0.3017764452909701	0.008170330498911048	0.005002061985224674	21.65682601928711
21.58	2.6308695652173917	0.27903846153846157	-0.09486120007858993	0.3019755769644753	0.008061166256442747	0.004793301803319043	21.184986114501953
21.58	2.6308695652173917	0.28723076923076923	-0.10345736394603475	0.3011104983545937	0.008013997314249382	0.004700539431346521	20.8216609954834
21.58	2.6308695652173917	0.29542307692307695	-0.11147699604709371	0.3003123057343162	0.007866360919827307	0.004779853633281242	20.42816162109375
21.58	2.6308695652173917	0.3036153846153847	-0.11983595289016034	0.2988637752192707	0.00794397274115257	0.00500112220730451	20.116682052612305
21.58	2.6308695652173917	0.31180769230769234	-0.12782913086661957	0.29818527147310386	0.007661669758120142	0.005024424913663176	19.770509719848633
21.58	2.6308695652173917	0.32	-0.1358487629676785	0.2973870788528265	0.007652527037164712	0.0046647810386822	19.48743438720703
21.58	2.6395652173913047	0.0005	0.008636936592349046	0.33512493642067154	0.009747723936157854	0.005332868480174186	10.217933654785156
21.58	2.6395652173913047	0.008692307692307694	0.025682654152912446	0.20272484309311584	0.010027004208842292	0.005523400581559272	38.23012161254883
21.58	2.6395652173913047	0.016884615384615387	0.028617345462841327	0.23384801185961437	0.010037561987138347	0.005677057448600989	45.39045715332031
21.58	2.6395652173913047	0.02507692307692308	0.025799450991032057	0.23975649314738431	0.009984709301475648	0.005788634521231798	49.627899169921875
21.58	2.6395652173913047	0.03326923076923077	0.025724423132193617	0.24777102474394808	0.009927617807384787	0.005595131033842262	48.13984680175781
21.58	2.6395652173913047	0.041461538461538466	0.02448295889382897	0.25071352971264865	0.009914831447427464	0.005718969540671352	46.22553062438965
21.58	2.6395652173913047	0.04965384615384616	0.023683922423028247	0.25416021808885225	0.00994293035098481	0.005619872580614146	44.46879196166992
21.58	2.6395652173913047	0.05784615384615385	0.022950759434322017	0.26026931932530795	0.009658987092575178	0.005561713319757258	41.864423751831055
21.58	2.6395652173913047	0.06603846153846155	0.021736182918813754	0.26447088249204476	0.009709966719504144	0.005578017925917484	40.36649703979492
21.58	2.6395652173913047	0.07423076923076924	0.021545629849699065	0.26554037906406236	0.00947671193661318	0.005596747401941066	39.17237091064453
21.58	2.6395652173913047	0.08242307692307693	0.020638513907129532	0.2684431874326645	0.00969918097593926	0.005614990063131523	38.87563514709473
21.58	2.6395652173913047	0.09061538461538463	0.01945634411395586	0.2721895510231359	0.009617381974471118	0.005562990531651872	38.14658737182617
21.58	2.6395652173913047	0.09880769230769232	0.019782041634703644	0.2745217101316183	0.009773716114518077	0.005635322980705519	37.609086990356445
21.58	2.6395652173913047	0.10700000000000001	0.018404444911998885	0.2764215758457493	0.009636130501557958	0.005573806923753057	37.580379486083984
21.58	2.6395652173913047	0.1151923076923077	0.018007059720826526	0.279337244659261	0.009426674557242855	0.005555204787649917	37.15327453613281
21.58	2.6395652173913047	0.1233846153846154	0.01728725828749987	0.2798052833878036	0.009364071062380389	0.0054857262052528544	36.203956604003906
21.58	2.6395652173913047	0.1315769230769231	0.016259457571736108	0.28023586301364584	0.00941091664520867	0.005599604715553914	35.83403396606445
21.58	2.6395652173913047	0.13976923076923078	0.01597224633300265	0.28162985229410714	0.009478000148962572	0.005619591323513681	34.832292556762695
21.58	2.6395652173913047	0.14796153846153848	0.014472253573602175	0.28298058099750373	0.009660006353758037	0.005743595291007671	34.0268669128418
21.58	2.6395652173913047	0.15615384615384617	0.01341929008003568	0.2845093354720699	0.00951186993838473	0.005664282783347893	33.31973457336426
21.58	2.6395652173913047	0.16434615384615386	0.011657668034511839	0.286092842173606	0.009370542374661669	0.005390783634051087	32.321908950805664
21.58	2.6395652173913047	0.17253846153846156	0.009163770477823184	0.2882803983554155	0.009256492723077107	0.005445011153757243	31.204973220825195
21.58	2.6395652173913047	0.18073076923076925	0.006341057296446728	0.29122886262237135	0.00936414166849063	0.005599263376030741	30.128799438476562
21.58	2.6395652173913047	0.18892307692307694	0.0032801824878670414	0.29247644562608605	0.009426132003533223	0.005466648289771862	29.104700088500977
21.58	2.6395652173913047	0.19711538461538464	-0.0018162710306573692	0.2946389901861679	0.009338818249522101	0.005548859963770107	28.03792953491211
21.58	2.6395652173913047	0.20530769230769233	-0.006512844859935713	0.29803441028950184	0.00921034480512042	0.005474397679632165	26.995174407958984
21.58	2.6395652173913047	0.21350000000000002	-0.012398484662958679	0.29893178430000533	0.009396832933322162	0.005311782323702134	26.155649185180664
21.58	2.6395652173913047	0.22169230769230772	-0.01965939199323586	0.30073552314128604	0.009306830687347587	0.005477225183188258	25.3300838470459
21.58	2.6395652173913047	0.2298846153846154	-0.027032969419423562	0.3014108174916531	0.009251011560231174	0.005377675262362245	24.599130630493164
21.58	2.6395652173913047	0.2380769230769231	-0.03483611762968523	0.3015692570232771	0.008825176657879663	0.005154994732901251	23.891664505004883
21.58	2.6395652173913047	0.2462692307692308	-0.043073019836821394	0.3017496039145611	0.009125896983444981	0.005358652334107076	23.29507827758789
21.58	2.6395652173913047	0.25446153846153846	-0.05146388009635433	0.3021804374628685	0.00906462660402208	0.005220684721248762	22.724496841430664
21.58	2.6395652173913047	0.2626538461538462	-0.060851405941695205	0.30178162421722143	0.00898884133596661	0.0051226709897963605	22.174217224121094
21.58	2.6395652173913047	0.2708461538461539	-0.0694320007430333	0.3017809135919467	0.008539777922145112	0.004960897357173182	21.718170166015625
21.58	2.6395652173913047	0.27903846153846157	-0.07874644679242646	0.3003550783592891	0.008822818402969454	0.0049880537465588634	21.269107818603516
21.58	2.6395652173913047	0.28723076923076923	-0.08721165360176836	0.2997728174414169	0.008965359108517295	0.005324139501144587	20.833860397338867
21.58	2.6395652173913047	0.29542307692307695	-0.09733046404773621	0.2993240371786514	0.00850308675766652	0.004854525581848934	20.48059844970703
21.58	2.6395652173913047	0.3036153846153847	-0.10631834628774152	0.2980293438620388	0.00872020977804862	0.004885998076954621	20.100788116455078
21.58	2.6395652173913047	0.31180769230769234	-0.1145217436297454	0.2966887471698678	0.008682304779162943	0.00507112412645481	19.79526710510254
21.58	2.6395652173913047	0.32	-0.12321596618593245	0.2946956809608887	0.008670533495016387	0.005046332070275305	19.511581420898438
21.58	2.6482608695652177	0.0005	-0.03571596618593245	0.28844568096088874	0.01034647264223916	0.005032065596965874	15.609115600585938
21.58	2.6482608695652177	0.008692307692307694	0.008254201450938886	0.2228963788597535	0.010687410993062606	0.0052757393829451	38.792388916015625
21.58	2.6482608695652177	0.016884615384615387	0.006161016019601413	0.2548141892600335	0.010859053766847298	0.005282107149709111	44.454322814941406
21.58	2.6482608695652177	0.02507692307692308	0.009134774963251449	0.256093938003976	0.010588227311819427	0.005307401594104852	46.14693069458008
21.58	2.6482608695652177	0.03326923076923077	0.0066681898887320495	0.26099703697872945	0.010558259113400593	0.005268500293421007	47.47929382324219
21.58	2.6482608695652177	0.041461538461538466	0.004662041047907321	0.26525622045891883	0.010573707181228732	0.0053402531558304645	46.286712646484375
21.58	2.6482608695652177	0.04965384615384616	0.004233803818365216	0.26572946006780573	0.010617565179981808	0.005435601655247478	42.37711524963379
21.58	2.6482608695652177	0.05784615384615385	0.0039676275129886356	0.26833099454615034	0.010487623043114713	0.005474433796893363	41.05255889892578
21.58	2.6482608695652177	0.06603846153846155	0.003929812525907418	0.26945680653406334	0.010107676312482291	0.0054130085626067385	39.60989952087402
21.58	2.6482608695652177	0.07423076923076924	0.003025414562100436	0.2667613540078397	0.0103199081337678	0.005338941969528978	38.52825355529785
21.58	2.6482608695652177	0.08242307692307693	0.003418635518732539	0.26734123944338123	0.01023862239179429	0.005416085593761592	37.40805244445801
21.58	2.6482608695652177	0.09061538461538463	0.0031982119078515668	0.2667148292021425	0.010232433135920968	0.0054848480303653115	37.13343048095703
21.58	2.6482608695652177	0.09880769230769232	0.003145262587326631	0.26592358457423476	0.010181466233539632	0.005327843718688151	36.67293167114258
21.58	2.6482608695652177	0.10700000000000001	0.0033184680101607652	0.26489550488244806	0.01016419032965113	0.005377045075209948	36.25628662109375
21.58	2.6482608695652177	0.1151923076923077	0.0029702000618021833	0.26461835187035626	0.010045679847417045	0.0053043206132771	35.80857467651367
21.58	2.6482608695652177	0.1233846153846154	0.0025022795917428713	0.26204957628161213	0.01024979287859088	0.005214159408487346	34.991600036621094
21.58	2.6482608695652177	0.1315769230769231	0.0021320769300181078	0.2610402119980848	0.0101747968443396	0.005456082221600215	34.73147964477539
21.58	2.6482608695652177	0.13976923076923078	0.0017497467301544577	0.26045345414823384	0.009956743384601351	0.00528455845576621	33.84504699707031
21.58	2.6482608695652177	0.14796153846153848	0.0009746665821402192	0.2600124775235657	0.010053608059889443	0.0054623130033878	33.34640121459961
21.58	2.6482608695652177	0.15615384615384617	-0.0009067456029989816	0.2603959934053875	0.009984796439220373	0.005357334642929702	32.100942611694336
21.58	2.6482608695652177	0.16434615384615386	-0.0014183795432246502	0.26170590808757876	0.010000625749742191	0.0056183061111207185	31.28494644165039
21.58	2.6482608695652177	0.17253846153846156	-0.00353632330695756	0.26306075742611035	0.01025165032098177	0.00549149921104858	30.337371826171875
21.58	2.6482608695652177	0.18073076923076925	-0.005741932311980334	0.26573013355659436	0.010056572636927297	0.005300174620619505	29.268035888671875
21.58	2.6482608695652177	0.18892307692307694	-0.008742222538171621	0.2683946134958614	0.01011783153196403	0.005424619765308986	28.162097930908203
21.58	2.6482608695652177	0.19711538461538464	-0.011823270763274886	0.2700834366388353	0.009890383657673547	0.005189420713483314	27.30907440185547
21.58	2.6482608695652177	0.20530769230769233	-0.01619112385902987	0.2725869777274984	0.009908734324178825	0.005180022299370221	26.252941131591797
21.58	2.6482608695652177	0.21350000000000002	-0.02096935731827393	0.27488011137523494	0.009746940714418725	0.005304923286275177	25.36363983154297
21.58	2.6482608695652177	0.22169230769230772	-0.026916216547520955	0.2771585328458973	0.010129945927061911	0.00511962020911526	24.548187255859375
21.58	2.6482608695652177	0.2298846153846154	-0.033154551588937514	0.2782956842545905	0.009976809068345301	0.0049584876434157436	23.83205795288086
21.58	2.6482608695652177	0.2380769230769231	-0.03983301715719431	0.27959794627368006	0.010057424607972916	0.005275888822615546	23.242006301879883
21.58	2.6482608695652177	0.2462692307692308	-0.047262878000070535	0.2794712331356556	0.009967748694053764	0.00540028970262821	22.593509674072266
21.58	2.6482608695652177	0.25446153846153846	-0.05438450672994445	0.27962243606757575	0.009961039298806533	0.0049768890886496085	22.001140594482422
21.58	2.6482608695652177	0.2626538461538462	-0.062162742032192964	0.2794051755679454	0.009538923582963925	0.004996189187681088	21.459407806396484
21.58	2.6482608695652177	0.2708461538461539	-0.0698637665267925	0.27978121188293764	0.009689077209928235	0.004885545747878575	21.012712478637695
21.58	2.6482608695652177	0.27903846153846157	-0.07821044584214445	0.2783075899343593	0.009897820248384537	0.004867575850607035	20.580791473388672
21.58	2.6482608695652177	0.28723076923076923	-0.08533116283488844	0.27804684929902895	0.009664852558749347	0.0048067039973367105	20.167240142822266
21.58	2.6482608695652177	0.29542307692307695	-0.09343654772511138	0.27639358636403216	0.009803914979202575	0.004723694733421862	19.797800064086914
21.58	2.6482608695652177	0.3036153846153847	-0.10181055259626828	0.2760098229354928	0.009669178243130346	0.004380198960153934	19.437124252319336
21.58	2.6482608695652177	0.31180769230769234	-0.10942170664811512	0.27428055082597813	0.009395939125709817	0.004831145721271033	19.11441421508789
21.58	2.6482608695652177	0.32	-0.11757431224131962	0.2740489547435292	0.009485822309605083	0.004688166473812845	18.816669464111328
21.58	2.6569565217391307	0.0005	0.0018775920555554118	0.2467998092357167	0.011150004901017176	0.0044675126227110284	14.230461120605469
21.58	2.6569565217391307	0.008692307692307694	0.012802143062893272	0.23450632484779746	0.011386329308070878	0.004684109118409014	36.00098419189453
21.58	2.6569565217391307	0.016884615384615387	0.008544664214910805	0.2646797949888885	0.011306930789940871	0.004464798766224725	42.88450241088867
21.58	2.6569565217391307	0.02507692307692308	0.013565540443720162	0.2658405723490892	0.011302705900880899	0.004614774090197195	45.45430374145508
21.58	2.6569565217391307	0.03326923076923077	0.009360920767845452	0.27034983155067527	0.011247194578020835	0.0046254195924977795	47.758724212646484
21.58	2.6569565217391307	0.041461538461538466	0.007092651109756763	0.2724209335141953	0.011332527499191131	0.0046452117635104465	45.30062484741211
21.58	2.6569565217391307	0.04965384615384616	0.007046994580501549	0.27502214625460547	0.0111622644468088	0.004684465603303665	40.564985275268555
21.58	2.6569565217391307	0.05784615384615385	0.005252952757104244	0.2764866522524168	0.011103469703427361	0.004638789574482046	39.66752624511719
21.58	2.6569565217391307	0.06603846153846155	0.004791402164659407	0.27915982002267964	0.010942476241483189	0.004705726479858189	38.89875793457031
21.58	2.6569565217391307	0.07423076923076924	0.005414696072506655	0.2767783328843433	0.010954655187536789	0.0046731210074881365	37.40612602233887
21.58	2.6569565217391307	0.08242307692307693	0.0042574382618059715	0.2796980259718038	0.011024390197847763	0.0046524328843474926	36.88459014892578
21.58	2.6569565217391307	0.09061538461538463	0.003610807897161154	0.2801855536239525	0.010819003587378907	0.004749323339808601	36.003801345825195
21.58	2.6569565217391307	0.09880769230769232	0.0032484583165742938	0.28157819043220034	0.010864511331557407	0.004789292341699539	35.37924766540527
21.58	2.6569565217391307	0.10700000000000001	0.004106154086798628	0.28204164197688847	0.010788308652946835	0.004940488634126441	35.264747619628906
21.58	2.6569565217391307	0.1151923076923077	0.0036686680140292343	0.283435678188311	0.010838549711607484	0.004858867880857937	34.47846603393555
21.58	2.6569565217391307	0.1233846153846154	0.0036844271095788183	0.28361261848788166	0.010761646732376576	0.004941450976110114	33.70381736755371
21.58	2.6569565217391307	0.1315769230769231	0.003981959898362306	0.28434516774783714	0.01062457145525319	0.004790336955560574	33.1639404296875
21.58	2.6569565217391307	0.13976923076923078	0.003226652470572929	0.2858631166858359	0.010712624673113036	0.00489943577245316	32.31342315673828
21.58	2.6569565217391307	0.14796153846153848	0.002399814383475883	0.28572917536438996	0.010907269128236405	0.004843856871767844	31.455020904541016
21.58	2.6569565217391307	0.15615384615384617	0.002129086221917373	0.28842183565793195	0.01069633201202861	0.0049131611280167145	30.58578872680664
21.58	2.6569565217391307	0.16434615384615386	0.00023531254695246943	0.28983812695441413	0.010858017873059098	0.004889198324932683	29.561779022216797
21.58	2.6569565217391307	0.17253846153846156	-0.0008868014527835622	0.29212045489839034	0.010880028143792924	0.0049325533391123095	28.6304988861084
21.58	2.6569565217391307	0.18073076923076925	-0.003700131372956252	0.2953347223534317	0.010759029548862365	0.00473415455478913	27.47291374206543
21.58	2.6569565217391307	0.18892307692307694	-0.006922015351723685	0.2968249241954207	0.010875732168009097	0.004638614798177497	26.50847625732422
21.58	2.6569565217391307	0.19711538461538464	-0.011142213527831856	0.2981099499523861	0.010888632572553878	0.004716630825505471	25.546222686767578
21.58	2.6569565217391307	0.20530769230769233	-0.016247656324080376	0.3001645188071478	0.010904466913929003	0.004572298244737382	24.652910232543945
21.58	2.6569565217391307	0.21350000000000002	-0.02263615462696916	0.3014731338202278	0.01102967791486081	0.004708518262781168	23.95693588256836
21.58	2.6569565217391307	0.22169230769230772	-0.028512900280100534	0.3024762217839094	0.010832758753907556	0.004572454954471637	23.256389617919922
21.58	2.6569565217391307	0.2298846153846154	-0.03547939777544172	0.30307968621169556	0.010810325797244492	0.0042416391344994725	22.567729949951172
21.58	2.6569565217391307	0.2380769230769231	-0.04339008207015298	0.3016930978784428	0.011032780194756002	0.004681306245968719	21.93728256225586
21.58	2.6569565217391307	0.2462692307692308	-0.05190661276273034	0.3016984377095565	0.010868219553802062	0.004479929536051565	21.382543563842773
21.58	2.6569565217391307	0.25446153846153846	-0.060137477950500465	0.30139962591759356	0.010713367869217089	0.004412163750346115	20.908309936523438
21.58	2.6569565217391307	0.2626538461538462	-0.06882554568846726	0.2998343519267389	0.010812423290021389	0.0045061176592050755	20.443405151367188
21.58	2.6569565217391307	0.2708461538461539	-0.07764293535678744	0.3000029716825391	0.010686835538276006	0.00423261198909335	20.008811950683594
21.58	2.6569565217391307	0.27903846153846157	-0.08566767719364238	0.29809691166082897	0.010812399754535879	0.0041247471079579115	19.610931396484375
21.58	2.6569565217391307	0.28723076923076923	-0.09382569865278531	0.29662553074794284	0.010915715810039073	0.004203420837552227	19.246381759643555
21.58	2.6569565217391307	0.29542307692307695	-0.10392903015903758	0.29521503674822325	0.01087907896238565	0.003982162588476611	18.86853790283203
21.58	2.6569565217391307	0.3036153846153847	-0.11204903775434784	0.2934558048820176	0.010609685096646669	0.004085058307874019	18.574125289916992
21.58	2.6569565217391307	0.31180769230769234	-0.12096252339455899	0.2914623333214853	0.010842484594108776	0.004186867850194571	18.29129409790039
21.58	2.6569565217391307	0.32	-0.12882303097307513	0.28990857318121677	0.01066433358701464	0.003765473856720233	17.965190887451172
21.58	2.6656521739130437	0.0005	-0.07698587276995011	0.29024731829840417	0.011553009267327734	0.003512131981052973	11.995048522949219
21.58	2.6656521739130437	0.008692307692307694	0.0049000544005649346	0.22315303847271684	0.011794992844526947	0.0037811554484041897	39.289215087890625
21.58	2.6656521739130437	0.016884615384615387	0.009670151409005578	0.2454447290902838	0.011753588999160404	0.0038924624428269567	43.0611686706543
21.58	2.6656521739130437	0.02507692307692308	0.007841933902596885	0.24685498690659846	0.011873436471267654	0.0037350023452753455	44.36846160888672
21.58	2.6656521739130437	0.03326923076923077	0.005383742984628129	0.25657712435777036	0.011637115531528205	0.003702455222522343	45.636268615722656
21.58	2.6656521739130437	0.041461538461538466	0.007361247401928343	0.2634655618151529	0.011914026801867244	0.003899232570696123	44.07005500793457
21.58	2.6656521739130437	0.04965384615384616	0.005625214439129266	0.2693241798361643	0.011600347029582687	0.003792294425553148	41.03024482727051
21.58	2.6656521739130437	0.05784615384615385	0.004364031192159082	0.27346520601267654	0.01140128261655531	0.00390058132911308	39.57912826538086
21.58	2.6656521739130437	0.06603846153846155	0.0033822176881640863	0.27649148437101045	0.01150959029855625	0.0038888218898155574	38.36213684082031
21.58	2.6656521739130437	0.07423076923076924	0.0032990910016506628	0.2768054048055748	0.011487031417922613	0.0038535564132309687	37.55151176452637
21.58	2.6656521739130437	0.08242307692307693	0.003011761474232183	0.2788848046951644	0.011355424156181869	0.003876994930438603	37.00995063781738
21.58	2.6656521739130437	0.09061538461538463	0.0015918480896344326	0.27860005008803634	0.011208096075362283	0.0039174441518916	36.25769805908203
21.58	2.6656521739130437	0.09880769230769232	0.00030839524352456346	0.27863279622795006	0.011198248685551682	0.003946593990956813	35.78675079345703
21.58	2.6656521739130437	0.10700000000000001	4.74964314916538e-05	0.2773070073083589	0.011381596097303485	0.0040497666265387425	35.099369049072266
21.58	2.6656521739130437	0.1151923076923077	-0.0017622102403921048	0.2785165343666492	0.011324237510311943	0.003991354929379243	34.68081855773926
21.58	2.6656521739130437	0.1233846153846154	-0.0019798862601392653	0.2783601170585868	0.011228022201800743	0.003931724679390615	34.15326690673828
21.58	2.6656521739130437	0.1315769230769231	-0.0026555330229685392	0.27763155641787723	0.011153895068032306	0.0039494026405347965	33.45444679260254
21.58	2.6656521739130437	0.13976923076923078	-0.003964061256064847	0.2782099277451254	0.011404449360550087	0.004015737226205601	32.41581726074219
21.58	2.6656521739130437	0.14796153846153848	-0.006349398033990164	0.2800233063481642	0.011309693804097836	0.003942710325709472	31.45240020751953
21.58	2.6656521739130437	0.15615384615384617	-0.008565522159675206	0.28191464855123155	0.01133852940971951	0.003771763626975884	30.440534591674805
21.58	2.6656521739130437	0.16434615384615386	-0.011245332006988873	0.28416249455843945	0.0113451042048325	0.0037628529381216864	29.389482498168945
21.58	2.6656521739130437	0.17253846153846156	-0.014829667817350645	0.2873300861692049	0.011421562806563635	0.003504897097203589	28.212177276611328
21.58	2.6656521739130437	0.18073076923076925	-0.019417847476678605	0.2901787436445084	0.011689806526183559	0.0035015382397738824	27.274112701416016
21.58	2.6656521739130437	0.18892307692307694	-0.023569212675455663	0.29265783658572053	0.011636548048411221	0.0033643620171432366	26.261777877807617
21.58	2.6656521739130437	0.19711538461538464	-0.029020325096719465	0.2953156206875997	0.011848431343993677	0.0035047147781365226	25.366657257080078
21.58	2.6656521739130437	0.20530769230769233	-0.03555242791997691	0.2975279692679601	0.011670962309860134	0.003184802158920764	24.44222068786621
21.58	2.6656521739130437	0.21350000000000002	-0.04151039299534453	0.29828354950798497	0.011768880887781642	0.0031910185727606327	23.73680305480957
21.58	2.6656521739130437	0.22169230769230772	-0.04944722010542356	0.2993197064848931	0.01158773499040401	0.003094656325357443	23.03304672241211
21.58	2.6656521739130437	0.2298846153846154	-0.05650091423441375	0.29883913658581085	0.011851794815351223	0.0030515853771940615	22.39914894104004
21.58	2.6656521739130437	0.2380769230769231	-0.06482242721386905	0.2991221199862042	0.011709305707853723	0.003039004731796296	21.74515724182129
21.58	2.6656521739130437	0.2462692307692308	-0.0719693883591723	0.2980673105239589	0.011725492180157025	0.0028027163068892794	21.22658348083496
21.58	2.6656521739130437	0.25446153846153846	-0.08119606536277987	0.29683864087802486	0.01169612248925093	0.0027513695338423506	20.755821228027344
21.58	2.6656521739130437	0.2626538461538462	-0.08947693016528917	0.2962006540639892	0.01168489483391001	0.0028624369991742202	20.27634048461914
21.58	2.6656521739130437	0.2708461538461539	-0.0985060697447358	0.29498820380880286	0.011731106460523518	0.0026244833915991814	19.828861236572266
21.58	2.6656521739130437	0.27903846153846157	-0.10678289659013049	0.29389986430263465	0.01176462802669177	0.002566897330047985	19.44550323486328
21.58	2.6656521739130437	0.28723076923076923	-0.11531404677668937	0.291203367757389	0.011667413167119622	0.002506722080568487	19.080785751342773
21.58	2.6656521739130437	0.29542307692307695	-0.12217150072108374	0.29018274486659706	0.011917131098848436	0.0028171889207332214	18.760683059692383
21.58	2.6656521739130437	0.3036153846153847	-0.13063085868241206	0.28726480561907003	0.011966421250453853	0.002529174964661614	18.40849494934082
21.58	2.6656521739130437	0.31180769230769234	-0.1380375864912727	0.285116346553817	0.01158180860305932	0.0021879156299522947	18.124908447265625
21.58	2.6656521739130437	0.32	-0.14579067202911264	0.28403632115746463	0.011870840567498665	0.0022470473820025306	17.870098114013672
21.58	2.6743478260869566	0.0005	-0.03954067202911261	0.2434113211574647	0.012524057842713454	0.0030948597114325224	12.46893310546875
21.58	2.6743478260869566	0.008692307692307694	0.016410732542420602	0.2433607764186952	0.012821214796897632	0.0035546240271792473	29.473167419433594
21.58	2.6743478260869566	0.016884615384615387	0.01892101559161661	0.2714643023087327	0.012536380524984018	0.003286595142200072	42.294132232666016
21.58	2.6743478260869566	0.02507692307692308	0.014581359170109366	0.2736021734964659	0.012548607391345102	0.003294598824036403	47.19346618652344
21.58	2.6743478260869566	0.03326923076923077	0.013436907654785009	0.28110884179556095	0.012548260773455505	0.0031868096170775614	47.335506439208984
21.58	2.6743478260869566	0.041461538461538466	0.010931617275655147	0.28483448894126956	0.012578446701609016	0.0032410572381060395	45.14069175720215
21.58	2.6743478260869566	0.04965384615384616	0.008572396426371889	0.28588912991079146	0.012496217797415545	0.0032735556581748454	44.314903259277344
21.58	2.6743478260869566	0.05784615384615385	0.0075889145721715285	0.2903618576118595	0.01238748211746742	0.003281306474720013	40.73458671569824
21.58	2.6743478260869566	0.06603846153846155	0.00805976685617913	0.29253506275276847	0.012208363145502004	0.003345116478958019	39.851234436035156
21.58	2.6743478260869566	0.07423076923076924	0.00589936721328974	0.2907419957890404	0.01210606993890604	0.0032880305480820866	39.18766403198242
21.58	2.6743478260869566	0.08242307692307693	0.005387738078873159	0.29189961224042305	0.012265230662430147	0.0035731233039759413	37.78857612609863
21.58	2.6743478260869566	0.09061538461538463	0.005513643275055589	0.2945621465187748	0.01200681824511473	0.0030113482122023404	37.22817039489746
21.58	2.6743478260869566	0.09880769230769232	0.0050155690517681845	0.29335629725542334	0.01194004516525953	0.0032941541656535977	36.763607025146484
21.58	2.6743478260869566	0.10700000000000001	0.005210276378359198	0.29359150659006505	0.011992669936201959	0.0035205132745927915	36.50515937805176
21.58	2.6743478260869566	0.1151923076923077	0.004292969525103794	0.2956716227721583	0.011849859951629436	0.0031887448175025703	36.154157638549805
21.58	2.6743478260869566	0.1233846153846154	0.004592689819339698	0.29530140810224237	0.011911347854341975	0.003333056538444486	35.00686264038086
21.58	2.6743478260869566	0.1315769230769231	0.003004805196264849	0.2974495177536801	0.011978500844937756	0.0032605594186448233	34.19247055053711
21.58	2.6743478260869566	0.13976923076923078	0.001874823873229693	0.2995686413570659	0.012134806004881066	0.0033543985739646663	33.23711967468262
21.58	2.6743478260869566	0.14796153846153848	-0.00021001198706645905	0.3020660768797392	0.012069088694034448	0.003095268605959078	31.94455337524414
21.58	2.6743478260869566	0.15615384615384617	-0.002353860012973344	0.3053623474438468	0.011955218958383494	0.0028876854308164347	30.696916580200195
21.58	2.6743478260869566	0.16434615384615386	-0.006177016623749802	0.30803340374131266	0.012146676732404927	0.0029398828943524675	29.584651947021484
21.58	2.6743478260869566	0.17253846153846156	-0.010292081750921193	0.31183482170754917	0.012313300942079558	0.0026127378436964803	28.54535484313965
21.58	2.6743478260869566	0.18073076923076925	-0.015320228209710901	0.3142408472690533	0.012339846250156182	0.0024374662210789196	27.49786949157715
21.58	2.6743478260869566	0.18892307692307694	-0.02097887117006434	0.3179567706897875	0.01230208531563845	0.0023624360083678696	26.486289978027344
21.58	2.6743478260869566	0.19711538461538464	-0.02718672402943454	0.3198665675830203	0.012414041811169466	0.002016408801232435	25.608516693115234
21.58	2.6743478260869566	0.20530769230769233	-0.03476221918554794	0.32111069638640705	0.012459551645202628	0.001953663317801047	24.771718978881836
21.58	2.6743478260869566	0.21350000000000002	-0.04225278034301291	0.32245751735181627	0.012569862156068364	0.0017766025914075264	24.05962562561035
21.58	2.6743478260869566	0.22169230769230772	-0.05144972475000749	0.3228361316280401	0.01251048449919813	0.0016332682786999492	23.369470596313477
21.58	2.6743478260869566	0.2298846153846154	-0.0598379576837652	0.32244556711442884	0.0125066138652631	0.0014342196596281033	22.771896362304688
21.58	2.6743478260869566	0.2380769230769231	-0.068289798654967	0.3220232434147111	0.01270092414929301	0.0014310290221153771	22.190372467041016
21.58	2.6743478260869566	0.2462692307692308	-0.0775523985208729	0.3217571893166825	0.012733949553465813	0.0012881544812906028	21.646886825561523
21.58	2.6743478260869566	0.25446153846153846	-0.08777303037265868	0.321586197968606	0.012595827737435197	0.0010509836878665798	21.15347671508789
21.58	2.6743478260869566	0.2626538461538462	-0.09629885115925779	0.3194560306019022	0.012613101064486926	0.001080215086679195	20.74492645263672
21.58	2.6743478260869566	0.2708461538461539	-0.1056346758525778	0.31948205069766206	0.012526519589657881	0.0007458956543999456	20.310165405273438
21.58	2.6743478260869566	0.27903846153846157	-0.11486938055846437	0.3177426354390272	0.01262672930715115	0.0005176111749463693	19.93412971496582
21.58	2.6743478260869566	0.28723076923076923	-0.12332392748088115	0.3159716740610187	0.012593782676445852	0.0005812356456227389	19.57434844970703
21.58	2.6743478260869566	0.29542307692307695	-0.13171761357629988	0.3139908400045287	0.012846889544823503	0.0006783761433669111	19.219226837158203
21.58	2.6743478260869566	0.3036153846153847	-0.13994551107793773	0.3125691253456651	0.01227073163526017	0.00048232266357241065	18.936939239501953
21.58	2.6743478260869566	0.31180769230769234	-0.14829184140730614	0.3102042619522152	0.012479207280327642	7.79671152495024e-05	18.614124298095703
21.58	2.6743478260869566	0.32	-0.15751512553221245	0.3084126853760005	0.012661119584433571	-2.612292464529523e-05	18.34363555908203
21.58	2.6830434782608696	0.0005	0.03444049739590749	0.2323197552918757	0.013511431899493935	0.0015133429512170396	14.537971496582031
21.58	2.6830434782608696	0.008692307692307694	0.018629788833995305	0.18859665258632252	0.01363569402146563	0.0014196845954538555	37.650611877441406
21.58	2.6830434782608696	0.016884615384615387	0.02154256558039999	0.2239096560723952	0.013626920776730138	0.0016551698586917902	42.68000793457031
21.58	2.6830434782608696	0.02507692307692308	0.017863158413617224	0.2358021581812168	0.0136338286060332	0.0017358658146868588	48.348899841308594
21.58	2.6830434782608696	0.03326923076923077	0.01627878881752334	0.24109077041841698	0.01352710657687435	0.0016666124031935925	50.35235595703125
21.58	2.6830434782608696	0.041461538461538466	0.016243020460184963	0.24647357639089354	0.013404995839051186	0.0016416702404255328	45.94972610473633
21.58	2.6830434782608696	0.04965384615384616	0.016025773450907617	0.25228555377736805	0.013289991568115613	0.0015630616512320714	44.612911224365234
21.58	2.6830434782608696	0.05784615384615385	0.014473180108662376	0.2566845336890665	0.013451273474716077	0.0018528268749810797	42.21002197265625
21.58	2.6830434782608696	0.06603846153846155	0.013182745858985608	0.2596566735379283	0.013161895081814153	0.0016381098053135394	41.820343017578125
21.58	2.6830434782608696	0.07423076923076924	0.01214818431432886	0.2603288325093569	0.013196792211440345	0.0017194944686854028	40.246076583862305
21.58	2.6830434782608696	0.08242307692307693	0.010940240152531802	0.26510216499372175	0.013102029576755351	0.0018477154873694206	39.545820236206055
21.58	2.6830434782608696	0.09061538461538463	0.010204749823887381	0.2682179576745524	0.013035190007322004	0.0019349704386997751	39.240060806274414
21.58	2.6830434782608696	0.09880769230769232	0.009655259132259075	0.26834680461024746	0.013049659790057198	0.0017307914726019166	39.03534698486328
21.58	2.6830434782608696	0.10700000000000001	0.00801083743745882	0.2684178176538822	0.01309229416731375	0.0018024356670964048	38.339378356933594
21.58	2.6830434782608696	0.1151923076923077	0.007549901702644388	0.2702253816394921	0.012802605153797567	0.0014178342717884225	38.2053279876709
21.58	2.6830434782608696	0.1233846153846154	0.005670779489649542	0.2732075277286902	0.0129633080856596	0.001662933554135352	37.181562423706055
21.58	2.6830434782608696	0.1315769230769231	0.004355409705224997	0.27361726669626374	0.012914886994699415	0.001567383561913797	36.26977729797363
21.58	2.6830434782608696	0.13976923076923078	0.001848727232747098	0.27625987297951937	0.012938073208271679	0.0015622363921084972	35.26616668701172
21.58	2.6830434782608696	0.14796153846153848	-0.0006545161832113232	0.2781189803532491	0.013147124997623771	0.0015711662136328598	34.1420783996582
21.58	2.6830434782608696	0.15615384615384617	-0.004379290467848851	0.28177287077014834	0.01326838724018995	0.0012959997833062106	32.86404800415039
21.58	2.6830434782608696	0.16434615384615386	-0.007772063899487717	0.2860010996352458	0.01335013178015	0.0011059874278687833	31.600038528442383
21.58	2.6830434782608696	0.17253846153846156	-0.01248741863909414	0.2895880397193216	0.01316015515096009	0.0006422894729583278	30.46197509765625
21.58	2.6830434782608696	0.18073076923076925	-0.018770881437663554	0.29465991600460695	0.013356707996984553	0.0005909093728958589	29.261070251464844
21.58	2.6830434782608696	0.18892307692307694	-0.024622325663900872	0.2975345190354539	0.01328745103150787	0.0002406559476251508	28.20635986328125
21.58	2.6830434782608696	0.19711538461538464	-0.03221996267743309	0.30002728154379044	0.013310411011283843	0.0002469808639814359	27.2427978515625
21.58	2.6830434782608696	0.20530769230769233	-0.03971713636487622	0.3020305262036539	0.01324633373040732	-0.00012531476287608559	26.29232406616211
21.58	2.6830434782608696	0.21350000000000002	-0.047768816427238486	0.30370435113114513	0.013254021074121084	-0.000376039607012214	25.442115783691406
21.58	2.6830434782608696	0.22169230769230772	-0.056179826409466754	0.30529441399526996	0.01306398075523152	-0.0005571422775412422	24.6733455657959
21.58	2.6830434782608696	0.2298846153846154	-0.06479749761521897	0.3064246318695466	0.013136812965075415	-0.0007137641507890279	24.033199310302734
21.58	2.6830434782608696	0.2380769230769231	-0.07352334327665261	0.3059422778615583	0.01328512177457827	-0.0008768835300153988	23.39453887939453
21.58	2.6830434782608696	0.2462692307692308	-0.08257205234154968	0.30639568983771787	0.013334602751424625	-0.0007526389451894989	22.78897476196289
21.58	2.6830434782608696	0.25446153846153846	-0.09159638468394163	0.30577029967503855	0.013097942885510954	-0.0014026516977109318	22.263307571411133
21.58	2.6830434782608696	0.2626538461538462	-0.10123409525271512	0.30580778669868625	0.013276554836343376	-0.001469030810542713	21.789566040039062
21.58	2.6830434782608696	0.2708461538461539	-0.10911031278639005	0.3043312592377516	0.013003465756098787	-0.0015032696629636985	21.327987670898438
21.58	2.6830434782608696	0.27903846153846157	-0.11733239234891896	0.30323492965505483	0.013036710246722255	-0.0018815669323080286	20.915372848510742
21.58	2.6830434782608696	0.28723076923076923	-0.12710716238649117	0.30283660632687076	0.01293389622116963	-0.001960994276823339	20.560348510742188
21.58	2.6830434782608696	0.29542307692307695	-0.13459474046169778	0.3013497174810077	0.012843107331835883	-0.0023665314845799624	20.18016815185547
21.58	2.6830434782608696	0.3036153846153847	-0.14352687633898276	0.2994110070855236	0.012992440377391862	-0.0023871461682517013	19.8279972076416
21.58	2.6830434782608696	0.31180769230769234	-0.15093238362413064	0.298388628031767	0.012999415447637469	-0.0028386488436077553	19.52635383605957
21.58	2.6830434782608696	0.32	-0.15878886662153371	0.29639689792458696	0.01316496356209277	-0.0026851098499897693	19.240060806274414
21.58	2.6917391304347826	0.0005	-0.3150304742875494	0.2808722244626729	0.013773866680702082	0.00013721921780450138	7.774314880371094
21.58	2.6917391304347826	0.008692307692307694	0.0160951739994299	0.23111172866612797	0.013923910235888216	0.00015628173635412164	37.159202575683594
21.58	2.6917391304347826	0.016884615384615387	0.009131108061030659	0.25858076214716813	0.013794647950697587	0.00041664565572353373	44.469383239746094
21.58	2.6917391304347826	0.02507692307692308	0.013415603517618587	0.2662172747561151	0.013590257922495835	0.00015544184799805782	38.33383560180664
21.58	2.6917391304347826	0.03326923076923077	0.01344606947100532	0.26428178544427905	0.013801140638178062	0.0001682797885569795	48.11088180541992
21.58	2.6917391304347826	0.041461538461538466	0.01052047743947172	0.26739141081433165	0.013562728154939694	0.0003420272151333192	48.35659408569336
21.58	2.6917391304347826	0.04965384615384616	0.008425875670271967	0.26914161723067187	0.013432329204725325	0.000262620936636562	46.2686767578125
21.58	2.6917391304347826	0.05784615384615385	0.008286980087049346	0.2691447179920589	0.013472008544007572	0.00024444614831316047	44.71525001525879
21.58	2.6917391304347826	0.06603846153846155	0.007783067010049239	0.2673585528264413	0.013344698505928988	0.0003256533615380064	42.68033027648926
21.58	2.6917391304347826	0.07423076923076924	0.007471596978310955	0.26582456768850177	0.012825420421546767	7.703364867623583e-05	41.17312431335449
21.58	2.6917391304347826	0.08242307692307693	0.007544711381987255	0.26693107216736833	0.013088912986683169	0.00016800340422335684	40.09143829345703
21.58	2.6917391304347826	0.09061538461538463	0.007793991535659772	0.2681215826322732	0.012870248767642985	0.00027656621192665543	39.233150482177734
21.58	2.6917391304347826	0.09880769230769232	0.006842980709986378	0.2666280549496296	0.012695687228847544	6.549409705089347e-05	38.92123031616211
21.58	2.6917391304347826	0.10700000000000001	0.006104888749053161	0.26633471266362785	0.012861236433059406	0.00033916994085134145	38.91306686401367
21.58	2.6917391304347826	0.1151923076923077	0.006582413163281173	0.26706033587341793	0.01255110920556048	0.00016332626525640868	38.007436752319336
21.58	2.6917391304347826	0.1233846153846154	0.006463785793648354	0.26811301322295544	0.01273976332912538	-7.710721124394887e-05	37.206298828125
21.58	2.6917391304347826	0.1315769230769231	0.006126721461130717	0.2679663842782236	0.012685602901444904	0.0002593715881193013	36.30481719970703
21.58	2.6917391304347826	0.13976923076923078	0.005612701807929615	0.2688295666366673	0.012720216270564091	8.985748820910806e-05	35.41876220703125
21.58	2.6917391304347826	0.14796153846153848	0.003004434960037532	0.2716264843573286	0.012628682540576707	-0.00026311501413681023	34.44124221801758
21.58	2.6917391304347826	0.15615384615384617	0.00169554392837925	0.2751188233680282	0.01276149720736002	-8.084382709875239e-05	33.26253890991211
21.58	2.6917391304347826	0.16434615384615386	-0.0007223936217469816	0.27861010856486085	0.012742025522696435	-0.0005814999137137345	31.916431427001953
21.58	2.6917391304347826	0.17253846153846156	-0.004651908688303614	0.28246131804098523	0.012860106126386342	-0.0006444390328703592	30.97641944885254
21.58	2.6917391304347826	0.18073076923076925	-0.009370835264910074	0.2863513716887592	0.013003611215022061	-0.0008867956294431479	29.822786331176758
21.58	2.6917391304347826	0.18892307692307694	-0.013790873192325286	0.28964673659050816	0.012787385357981063	-0.0010903875855291434	28.721933364868164
21.58	2.6917391304347826	0.19711538461538464	-0.020101237160402873	0.29173348413809075	0.012982586063375934	-0.0011850362494986537	27.70983123779297
21.58	2.6917391304347826	0.20530769230769233	-0.02717282264070127	0.29500496496751655	0.01272943572745372	-0.0017106275207244307	26.742652893066406
21.58	2.6917391304347826	0.21350000000000002	-0.034493311164393164	0.2977214924276595	0.012575005849578345	-0.0016973822539786305	26.006118774414062
21.58	2.6917391304347826	0.22169230769230772	-0.04250922728988009	0.2994110692510376	0.012797192715050186	-0.0021169070503587956	25.238323211669922
21.58	2.6917391304347826	0.2298846153846154	-0.051107032013074816	0.30080567516180146	0.012617167469562278	-0.002270128132737426	24.53488540649414
21.58	2.6917391304347826	0.2380769230769231	-0.059299072889094556	0.30178100131362134	0.012723089161141263	-0.0027394694909726523	23.881454467773438
21.58	2.6917391304347826	0.2462692307692308	-0.06867434651802704	0.3025238731852876	0.012479641675877798	-0.00288044472769073	23.29177474975586
21.58	2.6917391304347826	0.25446153846153846	-0.07681053785353377	0.30226790952497673	0.012149406029771492	-0.003203391109911564	22.71723747253418
21.58	2.6917391304347826	0.2626538461538462	-0.08575195179198482	0.30261464243916736	0.012183033081515169	-0.0032410012260352524	22.241559982299805
21.58	2.6917391304347826	0.2708461538461539	-0.09521122034863015	0.3036558709721793	0.012293996655267252	-0.0034132465278726466	21.76223373413086
21.58	2.6917391304347826	0.27903846153846157	-0.10390248694527952	0.30288087814298337	0.012345259990620968	-0.0038924273433731576	21.3413143157959
21.58	2.6917391304347826	0.28723076923076923	-0.11303347016817396	0.30138048220734703	0.012324790993385305	-0.0039199949733251345	20.92108154296875
21.58	2.6917391304347826	0.29542307692307695	-0.12109817836588165	0.30015684323108505	0.012223065126396308	-0.0042641160092848195	20.616031646728516
21.58	2.6917391304347826	0.3036153846153847	-0.1300330846764901	0.3000570040249829	0.012212246683890305	-0.004516065949151618	20.219165802001953
21.58	2.6917391304347826	0.31180769230769234	-0.13821192909250102	0.2991602138318854	0.012070929191946814	-0.004819341048728769	19.92091178894043
21.58	2.6917391304347826	0.32	-0.14616739323077527	0.29805648535686224	0.012068664787522106	-0.005005060915302279	19.614002227783203
21.58	2.7004347826086956	0.0005	-0.04716085776248695	0.19809658766272797	0.014077662068302733	-0.0006479536411146363	10.05328369140625
21.58	2.7004347826086956	0.008692307692307694	0.014085228894560329	0.18293648899081483	0.014091270657718254	-0.000699518013803152	38.35150146484375
21.58	2.7004347826086956	0.016884615384615387	0.01074681024970739	0.21291237348006428	0.014077591202251575	-0.0007688342637950866	42.70227813720703
21.58	2.7004347826086956	0.02507692307692308	0.013209316543957877	0.2180302547781294	0.013923851661413874	-0.0008877406523200059	43.833221435546875
21.58	2.7004347826086956	0.03326923076923077	0.011593577675244496	0.2210758733122175	0.013947919784416379	-0.0005741676577829819	48.370704650878906
21.58	2.7004347826086956	0.041461538461538466	0.009962650828933745	0.22831060303717832	0.013625162935070633	-0.000792726346139987	46.86714172363281
21.58	2.7004347826086956	0.04965384615384616	0.007680058550233049	0.23308779912676567	0.013579796372307839	-0.0007995724285682303	43.79647445678711
21.58	2.7004347826086956	0.05784615384615385	0.008695353056447603	0.24014533678909666	0.013422479318494138	-0.0007673772981395815	43.05901527404785
21.58	2.7004347826086956	0.06603846153846155	0.007425286962062289	0.24219736826810873	0.0134652888498639	-0.0007526690465538743	41.79218864440918
21.58	2.7004347826086956	0.07423076923076924	0.006525812417281498	0.24405806577589736	0.013144237208496529	-0.0007774163013464764	40.25222969055176
21.58	2.7004347826086956	0.08242307692307693	0.005625555993070531	0.24933601351978626	0.01317205008701911	-0.000694320121144131	39.23408508300781
21.58	2.7004347826086956	0.09061538461538463	0.005496106625547337	0.2513446840882525	0.013182568138305656	-0.0006178975173956524	38.714698791503906
21.58	2.7004347826086956	0.09880769230769232	0.005192772581254765	0.25285192138573526	0.012922310424088649	-0.0005747904932381451	38.426368713378906
21.58	2.7004347826086956	0.10700000000000001	0.005003672222925164	0.25438508188428294	0.01277617264584385	-0.0007138487550552707	37.726205825805664
21.58	2.7004347826086956	0.1151923076923077	0.003889601621163822	0.25638998441474437	0.012769871349772963	-0.0004818767170097017	36.919206619262695
21.58	2.7004347826086956	0.1233846153846154	0.0037758458656626318	0.2591538706236578	0.012578029180876422	-0.0006458583307144235	36.466596603393555
21.58	2.7004347826086956	0.1315769230769231	0.0029174321116315675	0.25903800149923784	0.012810926963232709	-0.0005973203608433248	35.720815658569336
21.58	2.7004347826086956	0.13976923076923078	0.0022873300806523955	0.2606441219077724	0.012726011823054655	-0.00048496221193508084	35.085235595703125
21.58	2.7004347826086956	0.14796153846153848	0.0004865986103155832	0.2631974261662478	0.01240433051758017	-0.0008182978375465191	34.03389358520508
21.58	2.7004347826086956	0.15615384615384617	-0.0013947348773171503	0.2652487778173358	0.012475429802833409	-0.0007797331851385069	32.842472076416016
21.58	2.7004347826086956	0.16434615384615386	-0.004463050714424047	0.26681351924889696	0.01263579350329674	-0.001107909391037728	31.909841537475586
21.58	2.7004347826086956	0.17253846153846156	-0.007390084317615422	0.26940147469394815	0.012480496985541508	-0.0011771509181978297	30.741548538208008
21.58	2.7004347826086956	0.18073076923076925	-0.012013413155302731	0.27396363761917253	0.012502636855169799	-0.0014595767814990605	29.686283111572266
21.58	2.7004347826086956	0.18892307692307694	-0.016629533402747847	0.27556202885976816	0.01265533942685745	-0.0013217187977627265	28.62270736694336
21.58	2.7004347826086956	0.19711538461538464	-0.022526395009491038	0.27795043050942764	0.012392523777527304	-0.0017962781745065803	27.647958755493164
21.58	2.7004347826086956	0.20530769230769233	-0.028912649516028663	0.27968779057132287	0.01230677444007763	-0.002154978530952789	26.65581703186035
21.58	2.7004347826086956	0.21350000000000002	-0.03591205170956714	0.28182565120997594	0.012389310490545383	-0.0025513199408944602	25.775390625
21.58	2.7004347826086956	0.22169230769230772	-0.04352433510008667	0.2829658037895845	0.012248986787776583	-0.0026141566850565604	25.020641326904297
21.58	2.7004347826086956	0.2298846153846154	-0.051129811807913615	0.2844653090247885	0.012009069585186629	-0.003002221489525392	24.242490768432617
21.58	2.7004347826086956	0.2380769230769231	-0.05872391282295791	0.2845419901226721	0.011910289190390177	-0.0030712380850715358	23.601367950439453
21.58	2.7004347826086956	0.2462692307692308	-0.06718872806547677	0.2851238010415858	0.011747781772109014	-0.0035058187766523145	23.04361343383789
21.58	2.7004347826086956	0.25446153846153846	-0.07503035188080628	0.2846600038513446	0.011994035737874695	-0.003675306332066963	22.48250961303711
21.58	2.7004347826086956	0.2626538461538462	-0.08443239748837311	0.28491229690163383	0.01158801345323274	-0.003998731620591921	21.979122161865234
21.58	2.7004347826086956	0.2708461538461539	-0.0925802091257226	0.28445790979005736	0.01154193730475464	-0.004257888649055854	21.507152557373047
21.58	2.7004347826086956	0.27903846153846157	-0.10059964713856584	0.2837103937132265	0.011599730684527512	-0.004365204309882965	21.07349395751953
21.58	2.7004347826086956	0.28723076923076923	-0.1097366546129849	0.2828653131520692	0.01139118275867355	-0.0048279447609927304	20.649585723876953
21.58	2.7004347826086956	0.29542307692307695	-0.11780198829602863	0.28278885534054965	0.011458769004597191	-0.004802988340134524	20.272659301757812
21.58	2.7004347826086956	0.3036153846153847	-0.12599030297235164	0.2806723928573152	0.011415760155342815	-0.005313192205492227	19.925996780395508
21.58	2.7004347826086956	0.31180769230769234	-0.13465449883241565	0.2799996565404274	0.011134477261960124	-0.005416465059875591	19.59804916381836
21.58	2.7004347826086956	0.32	-0.1423190883697233	0.2787782078684232	0.011155161031213206	-0.005933278629868839	19.304927825927734
21.58	2.7091304347826086	0.0005	-0.0899676136077604	0.174078786939468	0.014137092831818004	-0.0035537348314170604	10.440765380859375
21.58	2.7091304347826086	0.008692307692307694	-0.002564244657870276	0.2503972536028285	0.014304996783478272	-0.0032668796327703998	36.92817687988281
21.58	2.7091304347826086	0.016884615384615387	-0.0024267308972783803	0.2694292035029874	0.014237220783327426	-0.0033763865312272565	41.40543746948242
21.58	2.7091304347826086	0.02507692307692308	-0.0026507277600475053	0.27484256644562327	0.013968460990947859	-0.003550857022265194	46.899559020996094
21.58	2.7091304347826086	0.03326923076923077	-0.002536097830162234	0.27576762808781563	0.01368681294506926	-0.0034864996708702436	44.868064880371094
21.58	2.7091304347826086	0.041461538461538466	-0.0027851755823947826	0.2776566440082757	0.013688552475518694	-0.0033883725168988633	46.87248229980469
21.58	2.7091304347826086	0.04965384615384616	-0.004593374868855658	0.2741488763905732	0.013501447111070125	-0.0031529949860983016	44.46661949157715
21.58	2.7091304347826086	0.05784615384615385	-0.005091227357805836	0.2780454912089193	0.013477373053417155	-0.0031768778987307446	43.1040153503418
21.58	2.7091304347826086	0.06603846153846155	-0.0042799544982324725	0.27426784717071906	0.013083010314413897	-0.003037416521295057	39.62248420715332
21.58	2.7091304347826086	0.07423076923076924	-0.003740272847451657	0.26902972033587846	0.012826928181913371	-0.0029581306644903107	39.447256088256836
21.58	2.7091304347826086	0.08242307692307693	-0.003808647547364618	0.27078930284935615	0.012574836780588633	-0.003005622626731588	38.295658111572266
21.58	2.7091304347826086	0.09061538461538463	-0.003133347427632204	0.27070224722144887	0.012453700942471667	-0.0028517333925474567	37.20584487915039
21.58	2.7091304347826086	0.09880769230769232	-0.0018354439738685645	0.2703831681266692	0.012294888341313977	-0.002643223886281488	36.65678596496582
21.58	2.7091304347826086	0.10700000000000001	-0.0017874376479084027	0.2692910579249528	0.012141502519700496	-0.0022793798541731686	36.19609451293945
21.58	2.7091304347826086	0.1151923076923077	-0.0009646774862715153	0.26853194415874393	0.012103881739098394	-0.0023072511017277193	35.706077575683594
21.58	2.7091304347826086	0.1233846153846154	-0.000712022823799321	0.26762429946378175	0.011904075461906336	-0.002285945079613919	34.767303466796875
21.58	2.7091304347826086	0.1315769230769231	-0.0006950462640388683	0.2663065550151657	0.01180291022518665	-0.0020658654428578616	33.836910247802734
21.58	2.7091304347826086	0.13976923076923078	-0.0003291612545153846	0.2669078436972483	0.011870331588387639	-0.0020441508595857474	32.96849822998047
21.58	2.7091304347826086	0.14796153846153848	-0.0008625057463659705	0.2681892886293495	0.011755350506391603	-0.002180882341419254	32.031253814697266
21.58	2.7091304347826086	0.15615384615384617	-0.0024173847887537943	0.2692699460726045	0.011757926864099023	-0.002197079082747955	31.203651428222656
21.58	2.7091304347826086	0.16434615384615386	-0.004817153159463202	0.27080880685866104	0.011864321207839156	-0.0022165390870481955	30.094928741455078
21.58	2.7091304347826086	0.17253846153846156	-0.007525800909280543	0.27422531791838667	0.011960013337505408	-0.00231260011908372	29.076921463012695
21.58	2.7091304347826086	0.18073076923076925	-0.011316445706883815	0.27596823642368473	0.011728087133036056	-0.0025123947365761658	27.994789123535156
21.58	2.7091304347826086	0.18892307692307694	-0.015749787960892995	0.2779044307762998	0.011755435040938365	-0.0029044518639862547	27.028905868530273
21.58	2.7091304347826086	0.19711538461538464	-0.021314039647412117	0.28047050409623986	0.011852849749425642	-0.0029710910256260463	26.039417266845703
21.58	2.7091304347826086	0.20530769230769233	-0.027315850374732963	0.2807857304433238	0.01162383601457608	-0.003692992445565328	25.18565559387207
21.58	2.7091304347826086	0.21350000000000002	-0.03345981669190977	0.2822024985769641	0.01142620856825291	-0.0034842548382475833	24.396974563598633
21.58	2.7091304347826086	0.22169230769230772	-0.03969781285814171	0.2830526870273074	0.01121373107689335	-0.0037759329626317877	23.693710327148438
21.58	2.7091304347826086	0.2298846153846154	-0.04722680997737508	0.28319966309434275	0.011081308081700006	-0.00403272879104073	23.037208557128906
21.58	2.7091304347826086	0.2380769230769231	-0.0549358541677898	0.2835747639722064	0.011004490716911564	-0.004225476028765422	22.45138931274414
21.58	2.7091304347826086	0.2462692307692308	-0.06276405638008464	0.28382812100223936	0.010748655401015519	-0.004674954910792844	21.8358097076416
21.58	2.7091304347826086	0.25446153846153846	-0.07028574699243759	0.2840026906528599	0.010625766399205943	-0.004641719626555902	21.354564666748047
21.58	2.7091304347826086	0.2626538461538462	-0.07828515997166013	0.2837121795379821	0.010459375611909258	-0.004908766310750738	20.88929557800293
21.58	2.7091304347826086	0.2708461538461539	-0.08618157306695556	0.2828472771198753	0.010544897060545688	-0.005368800771162146	20.45484161376953
21.58	2.7091304347826086	0.27903846153846157	-0.09428874650979611	0.28285468597722097	0.010188734042177364	-0.0055648834386997584	20.0604305267334
21.58	2.7091304347826086	0.28723076923076923	-0.10180761736351822	0.28067190780805895	0.010423132760762625	-0.005633681685203678	19.669042587280273
21.58	2.7091304347826086	0.29542307692307695	-0.10972541849913386	0.2799070298583355	0.010245962662162947	-0.0057958584151613975	19.318777084350586
21.58	2.7091304347826086	0.3036153846153847	-0.11740775167496777	0.2783660495785698	0.009905910667945283	-0.0063908548712736934	18.98119354248047
21.58	2.7091304347826086	0.31180769230769234	-0.12500082921839223	0.277118893984978	0.009965624980784814	-0.006204707237957215	18.662288665771484
21.58	2.7091304347826086	0.32	-0.1338130984691721	0.276441217375805	0.009763487911280098	-0.006739471252392255	18.409698486328125
21.58	2.7178260869565216	0.0005	-0.010717395344172122	0.239991022063305	0.012573710731271314	-0.004276631113070338	12.142738342285156
21.58	2.7178260869565216	0.008692307692307694	0.005716839741188043	0.2672850834334089	0.01243498584610705	-0.004346421562312986	37.44664001464844
21.58	2.7178260869565216	0.016884615384615387	0.00021184119283879175	0.2841517498493989	0.012391764610424322	-0.004304283561741117	41.82829666137695
21.58	2.7178260869565216	0.02507692307692308	0.0008170429140301963	0.2907762577534516	0.012189166331974505	-0.004448386224040044	42.44723892211914
21.58	2.7178260869565216	0.03326923076923077	0.001254672136900068	0.2873973121643861	0.012097648862619916	-0.004173463969637491	44.70166778564453
21.58	2.7178260869565216	0.041461538461538466	0.002118045416471598	0.2885615756512483	0.01181496349295384	-0.004063114194055382	46.103206634521484
21.58	2.7178260869565216	0.04965384615384616	-0.00018207919895923434	0.2904558541030487	0.011702003440486913	-0.003860782500058123	44.63109588623047
21.58	2.7178260869565216	0.05784615384615385	4.555311003803447e-05	0.2916918827183613	0.011413828460254183	-0.0036044537580237354	44.886030197143555
21.58	2.7178260869565216	0.06603846153846155	0.00026834133940203736	0.2885693708387508	0.011188414837752228	-0.0036899919301758904	40.506160736083984
21.58	2.7178260869565216	0.07423076923076924	0.0016101411555478305	0.2903543922082563	0.010976243341510875	-0.0033130619835246783	40.28105163574219
21.58	2.7178260869565216	0.08242307692307693	0.0007650901575157409	0.28948511108393266	0.010829409175974069	-0.003309701249619823	39.062204360961914
21.58	2.7178260869565216	0.09061538461538463	0.0011561803944498674	0.29144113102496993	0.010781042948849	-0.0029861189754673365	37.81866645812988
21.58	2.7178260869565216	0.09880769230769232	0.0010250111200587283	0.29211557280991024	0.010671718851300674	-0.00269325084554588	36.82414245605469
21.58	2.7178260869565216	0.10700000000000001	0.0004659093249795418	0.29196809117760797	0.010305491385803566	-0.0025401432343485223	36.545230865478516
21.58	2.7178260869565216	0.1151923076923077	0.00023336273471092855	0.2941637267087056	0.010192933708194307	-0.002509898197013795	35.813886642456055
21.58	2.7178260869565216	0.1233846153846154	-0.0005051584918835268	0.29306293163621666	0.010333035446406522	-0.002288408859421222	35.10536193847656
21.58	2.7178260869565216	0.1315769230769231	-0.0013637515986313611	0.2941511834892503	0.010263345469135338	-0.002238551165236279	33.982540130615234
21.58	2.7178260869565216	0.13976923076923078	-0.003852786011060099	0.2948063950673734	0.010198168792700402	-0.00210702893341368	32.851850509643555
21.58	2.7178260869565216	0.14796153846153848	-0.005156426636397823	0.2958347970346059	0.010252982737211206	-0.0020167271404737406	31.927642822265625
21.58	2.7178260869565216	0.15615384615384617	-0.008151619389327472	0.2967097717207081	0.010176423514539509	-0.002111160998745531	30.604928970336914
21.58	2.7178260869565216	0.16434615384615386	-0.011714455307601249	0.2989352543184224	0.010268941689909569	-0.002300957564719197	29.43332290649414
21.58	2.7178260869565216	0.17253846153846156	-0.016746166077582395	0.300492228735021	0.010107756924568815	-0.0024332843104699826	28.223041534423828
21.58	2.7178260869565216	0.18073076923076925	-0.02211996611419622	0.301592140633221	0.010168203314651078	-0.0027716605949729325	27.229198455810547
21.58	2.7178260869565216	0.18892307692307694	-0.02846956277154737	0.30292278105094816	0.010082194682209712	-0.003010444381118268	26.19001579284668
21.58	2.7178260869565216	0.19711538461538464	-0.03518386769375415	0.30355342679373354	0.010132728565032334	-0.0033255245580508944	25.227142333984375
21.58	2.7178260869565216	0.20530769230769233	-0.04172629962942214	0.3038492794772182	0.009935362323396334	-0.003222025022820261	24.41277503967285
21.58	2.7178260869565216	0.21350000000000002	-0.049647744254084546	0.30472194325826507	0.009805991755676445	-0.003591331913072379	23.543479919433594
21.58	2.7178260869565216	0.22169230769230772	-0.05831987709190348	0.30369356646675527	0.009689808843033314	-0.003923079690799665	22.901111602783203
21.58	2.7178260869565216	0.2298846153846154	-0.06602798320638156	0.30286633563397203	0.009570376007562085	-0.004163579872888363	22.2115421295166
21.58	2.7178260869565216	0.2380769230769231	-0.07507755264924978	0.3025037458649067	0.009465145491089327	-0.004288301092029241	21.70637321472168
21.58	2.7178260869565216	0.2462692307692308	-0.08409048842551325	0.3015276304463086	0.009292945788153286	-0.0045392699734818675	21.133317947387695
21.58	2.7178260869565216	0.25446153846153846	-0.09174780624272441	0.3002859695831476	0.009234506277395253	-0.004585810404985541	20.64621925354004
21.58	2.7178260869565216	0.2626538461538462	-0.1009727548748793	0.2991715720460549	0.008892448745665093	-0.004936948794524071	20.198272705078125
21.58	2.7178260869565216	0.2708461538461539	-0.10953019840977102	0.29716439130651195	0.0089841845565172	-0.0051440033917043975	19.794841766357422
21.58	2.7178260869565216	0.27903846153846157	-0.11821344910251955	0.29525043749957536	0.008726205236907932	-0.005619937700950595	19.40420913696289
21.58	2.7178260869565216	0.28723076923076923	-0.12692033342323158	0.2942641945522658	0.008671367938441189	-0.005752784805483223	19.068010330200195
21.58	2.7178260869565216	0.29542307692307695	-0.1352532638147338	0.2911421703176343	0.008540169616972055	-0.005866119114327286	18.742610931396484
21.58	2.7178260869565216	0.3036153846153847	-0.14276748745738105	0.28911946034075253	0.00840970650961261	-0.0062589875407667505	18.425241470336914
21.58	2.7178260869565216	0.31180769230769234	-0.1511639133677541	0.2868724920460388	0.008275516264225265	-0.006442787052250792	18.140487670898438
21.58	2.7178260869565216	0.32	-0.15880103079650804	0.2851328209637282	0.008116758275893678	-0.006805763939272864	17.855201721191406
21.58	2.726521739130435	0.0005	-0.10753149954650804	0.2844003990887282	0.01234482537892488	-0.003847280496965236	14.758293151855469
21.58	2.726521739130435	0.008692307692307694	-0.004714727085570542	0.29637702262388443	0.012213315736364888	-0.0038592901874887203	37.602867126464844
21.58	2.726521739130435	0.016884615384615387	-0.012098931950072495	0.30705836570249756	0.01213492211848714	-0.003924252343954928	41.10091018676758
21.58	2.726521739130435	0.02507692307692308	-0.009437789731089434	0.31108237929779325	0.012020714514285633	-0.003812866673347952	43.451141357421875
21.58	2.726521739130435	0.03326923076923077	-0.010408928088549917	0.30851529078778994	0.01159592847266847	-0.0037325246584425003	42.857791900634766
21.58	2.726521739130435	0.041461538461538466	-0.007002460799817391	0.30093141893145803	0.011392310527868101	-0.003596984773333925	43.5694580078125
21.58	2.726521739130435	0.04965384615384616	-0.007073271117810559	0.30386837819812057	0.010933747500178847	-0.0033621946986228234	42.46028137207031
21.58	2.726521739130435	0.05784615384615385	-0.0074369224003429345	0.30156519777617047	0.010860392431165673	-0.0031470796562304637	42.08726119995117
21.58	2.726521739130435	0.06603846153846155	-0.005364115982633717	0.2951891430183138	0.010528648477136002	-0.0029944995497432425	42.232242584228516
21.58	2.726521739130435	0.07423076923076924	-0.004415455018878526	0.29361859804756196	0.010309940585059029	-0.0027178019780423647	41.407609939575195
21.58	2.726521739130435	0.08242307692307693	-0.003409226644150709	0.2909832185785952	0.009961850353092452	-0.0023084625134687873	40.270320892333984
21.58	2.726521739130435	0.09061538461538463	-0.0026281557374818014	0.2884224555641148	0.009778457294547963	-0.0023323210446134753	39.171485900878906
21.58	2.726521739130435	0.09880769230769232	-0.0027254901884833324	0.28772127742815834	0.009766424378047	-0.00212443571884801	38.28947830200195
21.58	2.726521739130435	0.10700000000000001	-0.0016523209691757285	0.28688664521725915	0.0092842472356638	-0.002022300492918561	37.426536560058594
21.58	2.726521739130435	0.1151923076923077	-0.0028435240341027736	0.285589895730219	0.009336256939022432	-0.0015331107697612333	36.45470428466797
21.58	2.726521739130435	0.1233846153846154	-0.002604138800167701	0.28603551598525734	0.009377047231700564	-0.0016092834098991168	35.4876708984375
21.58	2.726521739130435	0.1315769230769231	-0.0035149960057670165	0.2860712584456436	0.009654009550158216	-0.00173962914047578	34.10024833679199
21.58	2.726521739130435	0.13976923076923078	-0.00512913140757556	0.2873629143887424	0.009239811402639598	-0.001420997502892615	33.30509567260742
21.58	2.726521739130435	0.14796153846153848	-0.006900074810819576	0.28990833968457214	0.009303011688879908	-0.0016120375154706303	32.05634880065918
21.58	2.726521739130435	0.15615384615384617	-0.01066726944954198	0.29133785788166827	0.009183528672844093	-0.0017317899923575877	30.573772430419922
21.58	2.726521739130435	0.16434615384615386	-0.01482463622823374	0.29266839173453496	0.009276108932596235	-0.0016991973615525053	29.38373565673828
21.58	2.726521739130435	0.17253846153846156	-0.02037552079761313	0.29564882246050744	0.009127069582479065	-0.002114162364149049	28.272525787353516
21.58	2.726521739130435	0.18073076923076925	-0.02655383497266237	0.2982683534146566	0.009132034365619516	-0.0023533252839194564	27.124807357788086
21.58	2.726521739130435	0.18892307692307694	-0.03340908849285122	0.3002393862081738	0.009049094331392896	-0.0024339561665576814	26.098508834838867
21.58	2.726521739130435	0.19711538461538464	-0.04028399252937313	0.3012558823300572	0.009062175034296665	-0.002618309882059508	25.154029846191406
21.58	2.726521739130435	0.20530769230769233	-0.04803060276429513	0.3022313525759428	0.00861497527542886	-0.0030826667424739447	24.346446990966797
21.58	2.726521739130435	0.21350000000000002	-0.05682305113217068	0.3034938337042593	0.00881658023330308	-0.003166314700873466	23.579830169677734
21.58	2.726521739130435	0.22169230769230772	-0.0652155319652925	0.30370096557914894	0.008680129583105909	-0.003476381443042577	22.931123733520508
21.58	2.726521739130435	0.2298846153846154	-0.0736601228318582	0.30375929691970033	0.008566438289453714	-0.0036976575181726255	22.30072593688965
21.58	2.726521739130435	0.2380769230769231	-0.0823629773646067	0.3030985891646862	0.008365796888556272	-0.0038621114253275194	21.753803253173828
21.58	2.726521739130435	0.2462692307692308	-0.08971094142647028	0.3018422358914057	0.008211709981860526	-0.004088368197621229	21.2335147857666
21.58	2.726521739130435	0.25446153846153846	-0.09922228644348774	0.3015197189647614	0.008146013857047954	-0.004461723767723034	20.776105880737305
21.58	2.726521739130435	0.2626538461538462	-0.10764015022651688	0.3004181257364456	0.008157893689939235	-0.004623253934674739	20.334789276123047
21.58	2.726521739130435	0.2708461538461539	-0.11563283165658224	0.29942713851080516	0.007770428699429224	-0.00475085989806424	19.967702865600586
21.58	2.726521739130435	0.27903846153846157	-0.12421503745109955	0.2981178132130662	0.0077342605320170794	-0.005292831258060536	19.59232521057129
21.58	2.726521739130435	0.28723076923076923	-0.13212834047403954	0.2968951975102878	0.0076652902917731	-0.005227495160440377	19.24698257446289
21.58	2.726521739130435	0.29542307692307695	-0.13957974419713792	0.2944196316171779	0.007739336489636561	-0.005191396863925489	18.905384063720703
21.58	2.726521739130435	0.3036153846153847	-0.14741485477992144	0.29200237663741657	0.0074068738953968006	-0.005578500356028114	18.63711166381836
21.58	2.726521739130435	0.31180769230769234	-0.15407559493399642	0.29021093908301415	0.00725090856203138	-0.0059984173839113825	18.330087661743164
21.58	2.726521739130435	0.32	-0.1611777476292593	0.28842054391019323	0.0073590216641994735	-0.006141367672125156	18.077024459838867
21.58	2.735217391304348	0.0005	-0.06679299903145536	0.13846934343049347	0.010457128969613046	-0.003323349809533497	16.04631805419922
21.58	2.735217391304348	0.008692307692307694	0.007788357315151854	0.2900616427726489	0.010677528801209337	-0.0032622041569531903	37.54751968383789
21.58	2.735217391304348	0.016884615384615387	0.0008546936111849654	0.31445380613616714	0.010447814291153736	-0.003134484280382583	43.48544692993164
21.58	2.735217391304348	0.02507692307692308	0.002344106545700112	0.32191615476564256	0.01007539530216291	-0.003269104392676801	42.57187271118164
21.58	2.735217391304348	0.03326923076923077	0.0037803937103882174	0.3181280560727486	0.010146557899832077	-0.0031216212060478418	41.92084884643555
21.58	2.735217391304348	0.041461538461538466	0.002576306660687899	0.3208890083764002	0.009739643703891888	-0.0030887807869478105	43.959367752075195
21.58	2.735217391304348	0.04965384615384616	0.005199169210885068	0.3166723113995997	0.00950969197633516	-0.002953842427779764	40.959007263183594
21.58	2.735217391304348	0.05784615384615385	0.0045863046975975225	0.317074324409102	0.009412256851554623	-0.0025335794103165787	41.2335090637207
21.58	2.735217391304348	0.06603846153846155	0.004820658845285074	0.3144431813243749	0.008971580157572313	-0.0025293411602577615	43.277099609375
21.58	2.735217391304348	0.07423076923076924	0.004522619416395324	0.3133841912817181	0.008784898099361445	-0.002168751567356456	42.45893859863281
21.58	2.735217391304348	0.08242307692307693	0.005044851075400332	0.31264194639694354	0.008620714825042518	-0.0017845862825796297	41.00625419616699
21.58	2.735217391304348	0.09061538461538463	0.004467141397791603	0.31132652529431804	0.008525293472883	-0.0017346113115964729	40.505821228027344
21.58	2.735217391304348	0.09880769230769232	0.003417759341974847	0.3102849782678522	0.00831023061904954	-0.001567524065677645	40.54638481140137
21.58	2.735217391304348	0.10700000000000001	0.002596089293476902	0.30987944366150266	0.00827636303753057	-0.001373966377511799	39.40609550476074
21.58	2.735217391304348	0.1151923076923077	0.0013205893833607082	0.30929338955991625	0.008238372308647438	-0.001066644921682631	39.12248611450195
21.58	2.735217391304348	0.1233846153846154	-0.00018401228503750407	0.30953235074186275	0.008024647775203597	-0.000980733252838058	37.871726989746094
21.58	2.735217391304348	0.1315769230769231	-0.0019441291874280101	0.30993759569081547	0.008333301534252614	-0.0009862667883633598	36.60554313659668
21.58	2.735217391304348	0.13976923076923078	-0.004601188767515675	0.3096144822642493	0.008118043614461456	-0.0009615687978036297	35.10974311828613
21.58	2.735217391304348	0.14796153846153848	-0.0075004041974587425	0.3119836606811197	0.008462655691340006	-0.0009060785498983764	33.75093650817871
21.58	2.735217391304348	0.15615384615384617	-0.01198863353977304	0.3137615021736686	0.008081670039593186	-0.0012691070762279207	32.15727996826172
21.58	2.735217391304348	0.16434615384615386	-0.017261819217424826	0.31624008476684456	0.00823301963694559	-0.0013523813876819292	30.928926467895508
21.58	2.735217391304348	0.17253846153846156	-0.02407971567024884	0.31838528704404634	0.008256742579776842	-0.0014277720475641786	29.674346923828125
21.58	2.735217391304348	0.18073076923076925	-0.03159584468246845	0.3208035372504387	0.00804883345224023	-0.0018769667295785632	28.445005416870117
21.58	2.735217391304348	0.18892307692307694	-0.039397730585350066	0.32267364564625356	0.007985407449060017	-0.0020794044413563117	27.381366729736328
21.58	2.735217391304348	0.19711538461538464	-0.047637896891845714	0.3245835230061207	0.007945731676928133	-0.0021726147880329547	26.31585121154785
21.58	2.735217391304348	0.20530769230769233	-0.05714297764755701	0.3264162909662397	0.007952781490620418	-0.002367933348741245	25.409059524536133
21.58	2.735217391304348	0.21350000000000002	-0.06679352805770847	0.325540527184871	0.00789567167471492	-0.002672304717298079	24.560535430908203
21.58	2.735217391304348	0.22169230769230772	-0.07636406607800708	0.3264514351692206	0.00777408594153488	-0.0028692996849857873	23.85079574584961
21.58	2.735217391304348	0.2298846153846154	-0.08609578767393364	0.3256261607846873	0.007647911272440553	-0.0033158068626252205	23.210067749023438
21.58	2.735217391304348	0.2380769230769231	-0.09491977477048175	0.3237787651112933	0.007389566471335299	-0.003312604668504791	22.629911422729492
21.58	2.735217391304348	0.2462692307692308	-0.10563824405728484	0.32520416987064993	0.007444875832609449	-0.0035214924470583896	22.0603084564209
21.58	2.735217391304348	0.25446153846153846	-0.114659081115183	0.32403459629822207	0.00718698926116488	-0.004058656589422101	21.630298614501953
21.58	2.735217391304348	0.2626538461538462	-0.12475930425376217	0.3226355422822935	0.007132468848610029	-0.004121771595004939	21.147354125976562
21.58	2.735217391304348	0.2708461538461539	-0.1336300960969814	0.32165020282154455	0.006964521256043058	-0.004533674949206052	20.793107986450195
21.58	2.735217391304348	0.27903846153846157	-0.1428861448070669	0.3195607554447606	0.006848340733733902	-0.004623782990537457	20.39567756652832
21.58	2.735217391304348	0.28723076923076923	-0.15235707918132482	0.31695475606720436	0.006903272100817001	-0.004553437578399617	20.015552520751953
21.58	2.735217391304348	0.29542307692307695	-0.16023872450827922	0.31539052876638507	0.006740794469396814	-0.005103399326710649	19.70044708251953
21.58	2.735217391304348	0.3036153846153847	-0.1687674241031783	0.3133206516535769	0.00671929635459487	-0.004929012934828796	19.3914737701416
21.58	2.735217391304348	0.31180769230769234	-0.1768589173943568	0.31041159356701303	0.00646142461080709	-0.00546025707247735	19.101421356201172
21.58	2.735217391304348	0.32	-0.18486119904749074	0.3090304785299233	0.006320089438667574	-0.005448697237906642	18.828975677490234
21.58	2.743913043478261	0.0005	-0.08809568589979758	0.2989537468362252	0.009096656573091687	-0.0005206047409131549	13.179389953613281
21.58	2.743913043478261	0.008692307692307694	-0.009808210000964785	0.22737502430976037	0.00877813855031781	-0.000675254945906856	36.6612663269043
21.58	2.743913043478261	0.016884615384615387	-0.012773374185535091	0.2541818556696237	0.008774992021887572	-0.0006911389243849804	43.558677673339844
21.58	2.743913043478261	0.02507692307692308	-0.012377025011834894	0.2530902668665676	0.008769245560785757	-0.000754885892611021	42.35255432128906
21.58	2.743913043478261	0.03326923076923077	-0.008402921084222591	0.2533963247965602	0.0084862915046699	-0.0007044935180345775	44.562896728515625
21.58	2.743913043478261	0.041461538461538466	-0.007609731953488238	0.2591004806311461	0.008198042267468947	-0.0008265245654655137	43.74989128112793
21.58	2.743913043478261	0.04965384615384616	-0.007255257144642181	0.25744033344250666	0.008310676217917016	-0.0004951739318783795	45.516056060791016
21.58	2.743913043478261	0.05784615384615385	-0.00551121238626272	0.25998700065698965	0.00781655943525832	-0.0006593527348200845	44.34987831115723
21.58	2.743913043478261	0.06603846153846155	-0.004256160061994679	0.25797493602746413	0.00771109971476177	-0.000566071815957629	45.305660247802734
21.58	2.743913043478261	0.07423076923076924	-0.003741527132878194	0.25833155103625033	0.0076433452182081895	-0.0005362691067327795	43.742380142211914
21.58	2.743913043478261	0.08242307692307693	-0.0014112477825974344	0.25945680328310705	0.007415634359609604	-0.000231496960322821	42.214263916015625
21.58	2.743913043478261	0.09061538461538463	-0.00038377170349256437	0.2590800319693337	0.007356705678850187	-0.000164833898588942	42.33395195007324
21.58	2.743913043478261	0.09880769230769232	-0.0006341184883235935	0.25876996510184735	0.007178665499678553	2.400164053968842e-05	41.83114242553711
21.58	2.743913043478261	0.10700000000000001	-0.001132217142343988	0.25899352681040755	0.006954083606324022	8.610505832367478e-05	40.943702697753906
21.58	2.743913043478261	0.1151923076923077	-0.0004011690668359332	0.2589751941464075	0.0068981599275797206	0.0001772406004107785	40.38258743286133
21.58	2.743913043478261	0.1233846153846154	-0.0009491826952849182	0.2608813129288097	0.0069785670226632235	0.00029531920396552903	38.9360466003418
21.58	2.743913043478261	0.1315769230769231	-0.002279351264280227	0.2609109144860458	0.006921616402025716	0.0004800806126383126	37.73210144042969
21.58	2.743913043478261	0.13976923076923078	-0.003075481875441288	0.2628776176894253	0.006944174538723343	0.000348559780346161	36.47768592834473
21.58	2.743913043478261	0.14796153846153848	-0.005365295849980042	0.2643980412294547	0.007117127073823871	0.0003952327027182281	35.1048583984375
21.58	2.743913043478261	0.15615384615384617	-0.008031750079906818	0.2668320859159412	0.006979417978487665	0.00013797955309579452	33.89320373535156
21.58	2.743913043478261	0.16434615384615386	-0.011477258690364006	0.27033026645249475	0.006974465316286609	3.9132354833583486e-05	32.59337615966797
21.58	2.743913043478261	0.17253846153846156	-0.01639571144967092	0.2735863338908052	0.007017593881007579	-0.00011005584459618901	31.24273109436035
21.58	2.743913043478261	0.18073076923076925	-0.021982770069007743	0.2766810814427652	0.006929996175292711	-0.0003566371510152925	29.971012115478516
21.58	2.743913043478261	0.18892307692307694	-0.027960695824913492	0.27984177640288066	0.007082928449133342	-0.0003441190218047424	28.66214942932129
21.58	2.743913043478261	0.19711538461538464	-0.035764506834130086	0.2831833594657462	0.0070842047057526406	-0.0007099481462650124	27.600860595703125
21.58	2.743913043478261	0.20530769230769233	-0.04402981287803436	0.2860129443816355	0.007127776590835149	-0.001147541540035653	26.661815643310547
21.58	2.743913043478261	0.21350000000000002	-0.052233922706727984	0.288058254242204	0.0069761977638452795	-0.0012255790552673494	25.819618225097656
21.58	2.743913043478261	0.22169230769230772	-0.06052525495724717	0.29014502144505827	0.0068314726962060476	-0.0017849975939272329	25.016103744506836
21.58	2.743913043478261	0.2298846153846154	-0.06976934229569473	0.29163749343802786	0.006975517894454981	-0.0019404860454189233	24.33954429626465
21.58	2.743913043478261	0.2380769230769231	-0.07820279904201725	0.2918378609231605	0.006807509739168704	-0.001818239516252187	23.627601623535156
21.58	2.743913043478261	0.2462692307692308	-0.08737416472324894	0.2930600963862526	0.006876686216631615	-0.002147886817180045	23.102745056152344
21.58	2.743913043478261	0.25446153846153846	-0.09584268090817047	0.2928080632632633	0.006713924133144192	-0.002542004000853305	22.59042739868164
21.58	2.743913043478261	0.2626538461538462	-0.10501496923657966	0.2934932696914335	0.006579362951377279	-0.002734819278695178	22.093915939331055
21.58	2.743913043478261	0.2708461538461539	-0.11325742353729598	0.29297468151048955	0.006329123709910048	-0.0031907200327691526	21.65110206604004
21.58	2.743913043478261	0.27903846153846157	-0.12249932930718219	0.2922374342753334	0.006246964897596963	-0.003427481116024183	21.239540100097656
21.58	2.743913043478261	0.28723076923076923	-0.1307583704191546	0.2910459951303328	0.006396686560738248	-0.003490823561644726	20.877992630004883
21.58	2.743913043478261	0.29542307692307695	-0.13885684919903446	0.28994781953886156	0.006108595179643307	-0.003563999442773509	20.501955032348633
21.58	2.743913043478261	0.3036153846153847	-0.14699579084651934	0.2898524878001586	0.006008732082527229	-0.003895604672154586	20.16415023803711
21.58	2.743913043478261	0.31180769230769234	-0.15462256122322926	0.28838696970689737	0.00583782601618567	-0.0042682016445291775	19.88137435913086
21.58	2.743913043478261	0.32	-0.16297183790652248	0.28709346839079336	0.0056949692619395	-0.0041012099145996015	19.569622039794922
21.58	2.752608695652174	0.0005	-0.07363620558230377	0.13127147742399664	0.008068162806811757	0.001752863477552205	12.934188842773438
21.58	2.752608695652174	0.008692307692307694	-0.00907874619065023	0.22911203550958723	0.008528733459502901	0.002032456190824754	38.89747619628906
21.58	2.752608695652174	0.016884615384615387	-0.007580153614841947	0.2528747634884156	0.008439548848011631	0.0020110652963920635	39.64518737792969
21.58	2.752608695652174	0.02507692307692308	-0.008519718641625334	0.25578737941634133	0.008216895386542397	0.0017438748289576882	44.157806396484375
21.58	2.752608695652174	0.03326923076923077	-0.004790857480575286	0.26256064733515205	0.008062259674736501	0.0017391869498395505	46.92945098876953
21.58	2.752608695652174	0.041461538461538466	-0.0048632413611905175	0.26278509458551824	0.008139646573656442	0.001859955017266531	45.61271286010742
21.58	2.752608695652174	0.04965384615384616	-0.005287752719332418	0.26654764654139695	0.007699673054705577	0.001663120709986163	45.91050338745117
21.58	2.752608695652174	0.05784615384615385	-0.003092949576043406	0.2688551189176078	0.007562515501348761	0.0015495652235428463	46.66884231567383
21.58	2.752608695652174	0.06603846153846155	-0.0015431968193526692	0.2715623952687434	0.007687239501109802	0.0018171136752086362	45.047563552856445
21.58	2.752608695652174	0.07423076923076924	-0.0007244450478767208	0.2719954347363323	0.007425192657485749	0.0016032357066335413	43.642547607421875
21.58	2.752608695652174	0.08242307692307693	-0.0017839733171287628	0.27258331377359846	0.0072970317136264885	0.0017630146080675783	42.33495330810547
21.58	2.752608695652174	0.09061538461538463	-0.0010040293885483116	0.2742111387748687	0.00726864907849863	0.0015461489013289319	41.60085868835449
21.58	2.752608695652174	0.09880769230769232	-0.0008852927335626143	0.2742932538762639	0.0070730437195456195	0.0017128725794627441	40.768075942993164
21.58	2.752608695652174	0.10700000000000001	-0.00043612125094814256	0.27620673213774954	0.007048519044518373	0.001759349406745814	39.84922218322754
21.58	2.752608695652174	0.1151923076923077	-0.001177398140987587	0.2752853221880893	0.007018564783446464	0.0017413692769994917	39.188636779785156
21.58	2.752608695652174	0.1233846153846154	-0.0018595609800629049	0.27627931891535495	0.006909883207934882	0.0018039763733330154	38.27879333496094
21.58	2.752608695652174	0.1315769230769231	-0.003261078369462389	0.2759439931956005	0.006929698201655383	0.001907840289925689	37.13400650024414
21.58	2.752608695652174	0.13976923076923078	-0.004299524932059917	0.2767831508920644	0.007008727324954209	0.0018143109281598567	36.41791915893555
21.58	2.752608695652174	0.14796153846153848	-0.005390787492856322	0.27783322475164063	0.007135096026950101	0.0018044424335683068	35.112003326416016
21.58	2.752608695652174	0.15615384615384617	-0.006976830806629509	0.2802905570903538	0.007113202782129497	0.0018496689216460954	33.995988845825195
21.58	2.752608695652174	0.16434615384615386	-0.009722659828315827	0.28233340755288416	0.007082708805515646	0.001568043146865814	32.80319023132324
21.58	2.752608695652174	0.17253846153846156	-0.013123354880139094	0.2837632652455946	0.006831352607528892	0.001168573428761586	31.559568405151367
21.58	2.752608695652174	0.18073076923076925	-0.01735341177600693	0.28617437610328966	0.0069328384527969945	0.0011084630878773864	30.39438247680664
21.58	2.752608695652174	0.18892307692307694	-0.02265144591556654	0.28932362082951774	0.006921221610018952	0.0009794339569115709	29.169403076171875
21.58	2.752608695652174	0.19711538461538464	-0.029054536577818545	0.2912452266497296	0.006931088848641922	0.0006471531659034841	28.087047576904297
21.58	2.752608695652174	0.20530769230769233	-0.03617159882974611	0.29301586102013466	0.0070004368010180415	0.0003234577398533744	27.020875930786133
21.58	2.752608695652174	0.21350000000000002	-0.044119974323034175	0.2939253641969431	0.007140443514328509	9.268839445688932e-06	26.163488388061523
21.58	2.752608695652174	0.22169230769230772	-0.052282834895372284	0.29553447428409935	0.0068299412897267	-8.047464948820381e-05	25.275968551635742
21.58	2.752608695652174	0.2298846153846154	-0.06073444882024572	0.29678197251374894	0.006884286555287495	-0.0005332825553006171	24.504934310913086
21.58	2.752608695652174	0.2380769230769231	-0.06895146997256232	0.29768272579165356	0.006775510394452869	-0.000686501262668456	23.849319458007812
21.58	2.752608695652174	0.2462692307692308	-0.07882016332430794	0.29676279962511914	0.006852000035441924	-0.0008411518334392536	23.237380981445312
21.58	2.752608695652174	0.25446153846153846	-0.08823774202104911	0.29652493029378446	0.00661909037707115	-0.0009988658424768435	22.68706703186035
21.58	2.752608695652174	0.2626538461538462	-0.09764820182539777	0.29618712980544293	0.0065935752682914316	-0.0016365967730117429	22.141916275024414
21.58	2.752608695652174	0.2708461538461539	-0.10641481379523325	0.29579711935820796	0.0063578750742660246	-0.0019071302968833056	21.730003356933594
21.58	2.752608695652174	0.27903846153846157	-0.11602235402049416	0.29590830464166623	0.0063516908858482135	-0.0019654978122774615	21.27715492248535
21.58	2.752608695652174	0.28723076923076923	-0.12416585351672496	0.2934434156485891	0.005951743460381253	-0.0023485198018237128	20.86448097229004
21.58	2.752608695652174	0.29542307692307695	-0.1340226081387062	0.2933650342385702	0.006196200804138432	-0.0023801760053247397	20.48930549621582
21.58	2.752608695652174	0.3036153846153847	-0.14264947131284667	0.29183591833444766	0.005965598358271634	-0.0025971859938520962	20.179534912109375
21.58	2.752608695652174	0.31180769230769234	-0.15193409700611418	0.29055445427376414	0.0059033044417092975	-0.0027009914033782013	19.84185028076172
21.58	2.752608695652174	0.32	-0.1602919357685726	0.28944997489171687	0.00602712816186487	-0.003050784335946839	19.55406379699707
21.58	2.761304347826087	0.0005	0.001817446484101933	0.36308278306688757	0.0075262108389987205	0.003133011139447207	9.282981872558594
21.58	2.761304347826087	0.008692307692307694	-0.012670340293215596	0.1734504144203254	0.007702899914122882	0.003508061072237924	38.22148895263672
21.58	2.761304347826087	0.016884615384615387	-0.010137431798870528	0.19128875719820945	0.0075331076864895204	0.003402621998166225	43.104896545410156
21.58	2.761304347826087	0.02507692307692308	-0.010536014181929492	0.191320879037677	0.007534109067031742	0.0033173650641721633	46.64720153808594
21.58	2.761304347826087	0.03326923076923077	-0.010966097450995516	0.19692703243247378	0.007574504742016426	0.003276377231111532	45.90330505371094
21.58	2.761304347826087	0.041461538461538466	-0.01046492804461588	0.1980060918376933	0.0074372074870134456	0.003055082724978467	47.05591583251953
21.58	2.761304347826087	0.04965384615384616	-0.00999855648414661	0.20616724266476583	0.007267948679490474	0.0028580257883449225	45.52287292480469
21.58	2.761304347826087	0.05784615384615385	-0.010136412756054883	0.20907843815570104	0.007290792523080199	0.002778841916773592	42.23019027709961
21.58	2.761304347826087	0.06603846153846155	-0.009210453390932634	0.21034195046617116	0.007096781729520422	0.0026894153676858827	40.83274841308594
21.58	2.761304347826087	0.07423076923076924	-0.008605418562746596	0.2155098519821318	0.007044214289083216	0.0026522146540382038	39.65619087219238
21.58	2.761304347826087	0.08242307692307693	-0.006431243777132582	0.21866196613504013	0.007035717841127884	0.0026898915474509242	39.02638626098633
21.58	2.761304347826087	0.09061538461538463	-0.007500025533972182	0.22105072970083578	0.006814886258572337	0.0027094595806180857	38.413177490234375
21.58	2.761304347826087	0.09880769230769232	-0.006614836471897492	0.22323683625832963	0.007215274038727479	0.0025278373753541646	37.196556091308594
21.58	2.761304347826087	0.10700000000000001	-0.006141952861807246	0.22674607601669472	0.006936040838123667	0.0027438248773625365	36.700029373168945
21.58	2.761304347826087	0.1151923076923077	-0.006566460494658843	0.2285012593930666	0.006945438270539544	0.0025733372056583126	36.34903144836426
21.58	2.761304347826087	0.1233846153846154	-0.006470371374481054	0.2302784658562974	0.006821437057869836	0.0025915406326223263	35.52095985412598
21.58	2.761304347826087	0.1315769230769231	-0.007552792921224769	0.23138030831125225	0.0070903699319171554	0.0026851194308679565	34.61323547363281
21.58	2.761304347826087	0.13976923076923078	-0.007512265109718004	0.23495968814769885	0.006801164209935165	0.0025123147234048216	33.541934967041016
21.58	2.761304347826087	0.14796153846153848	-0.009094616461398702	0.23668017552428658	0.006827486163635208	0.002563082397628809	32.73740196228027
21.58	2.761304347826087	0.15615384615384617	-0.009952966189913145	0.24014646443994725	0.0069868730193744935	0.0022266627767211166	31.90256118774414
21.58	2.761304347826087	0.16434615384615386	-0.012484906925529594	0.2424597571470647	0.006909118201472871	0.002335353958505453	30.884414672851562
21.58	2.761304347826087	0.17253846153846156	-0.013883559988735784	0.24682234707011885	0.006915885462693247	0.0023522985371068517	29.797780990600586
21.58	2.761304347826087	0.18073076923076925	-0.016810836044509822	0.24861496386744714	0.00699911180936102	0.0020510438680296193	28.950664520263672
21.58	2.761304347826087	0.18892307692307694	-0.020814634784960116	0.25214131398403716	0.006943564069749077	0.001992038974619602	27.859922409057617
21.58	2.761304347826087	0.19711538461538464	-0.02606602105186035	0.2545526591174787	0.006914638932799456	0.0015689136597867503	26.905399322509766
21.58	2.761304347826087	0.20530769230769233	-0.0313869753746753	0.25627782019307077	0.0069080691359755565	0.0014334341081049685	25.942630767822266
21.58	2.761304347826087	0.21350000000000002	-0.03851791207059088	0.25890618207040705	0.007008680880185806	0.0011117276783689988	25.160863876342773
21.58	2.761304347826087	0.22169230769230772	-0.04516623945998456	0.2609542004431684	0.006693588090943758	0.0008822005435714635	24.388891220092773
21.58	2.761304347826087	0.2298846153846154	-0.052305709450927905	0.26148031535836036	0.0066673065544233575	0.000386737918949742	23.657550811767578
21.58	2.761304347826087	0.2380769230769231	-0.06062845650683725	0.2616556783231825	0.006743038934189507	0.00018057671810856296	22.9758243560791
21.58	2.761304347826087	0.2462692307692308	-0.06871599545709675	0.26184468636265334	0.006846064371918353	-0.00017166181814397621	22.43269157409668
21.58	2.761304347826087	0.25446153846153846	-0.07589317598625274	0.2624199982397798	0.00665645444182051	-0.0001533807260407515	21.880016326904297
21.58	2.761304347826087	0.2626538461538462	-0.08454311176586557	0.26154832933006705	0.006400293408062544	-0.0004362895958898007	21.401973724365234
21.58	2.761304347826087	0.2708461538461539	-0.09309761055891169	0.26148455051849884	0.006327218989593212	-0.0005744129540821897	20.940776824951172
21.58	2.761304347826087	0.27903846153846157	-0.10190234069600945	0.2616505983678893	0.006204332007840807	-0.0010364596736720832	20.511474609375
21.58	2.761304347826087	0.28723076923076923	-0.1093278557237262	0.2601830496147546	0.006213473579922521	-0.0010954442573378152	20.156801223754883
21.58	2.761304347826087	0.29542307692307695	-0.11780320898620075	0.2589205972628793	0.00583098321576816	-0.0012645044917675248	19.769248962402344
21.58	2.761304347826087	0.3036153846153847	-0.12607688766904984	0.2576658203173156	0.005832281940005289	-0.0018542182999893822	19.42935562133789
21.58	2.761304347826087	0.31180769230769234	-0.13378118783686332	0.2568315697431887	0.005724029895967771	-0.0015789900245354318	19.111408233642578
21.58	2.761304347826087	0.32	-0.14181259660501055	0.2555289973568494	0.005530778025744448	-0.0021300885965674916	18.84662628173828
21.58	2.77	0.0005	-0.09181260438937572	0.35552905101539967	0.006964688766429908	0.0046889648132965485	12.234840393066406
21.58	2.77	0.008692307692307694	-0.0015706119157734397	0.24454576868774763	0.007118411341754581	0.004991103188677824	36.652687072753906
21.58	2.77	0.016884615384615387	-0.005058854531234433	0.24355083309048103	0.0070395257263685075	0.004624833040710894	45.099830627441406
21.58	2.77	0.02507692307692308	-0.004386381238436626	0.25247787219406354	0.006872732847849277	0.004376077168828067	42.48692321777344
21.58	2.77	0.03326923076923077	-0.004317335217928814	0.2586681721818565	0.007002071722386002	0.004264549955904177	51.042022705078125
21.58	2.77	0.041461538461538466	-0.004055841009123071	0.26102196865783545	0.007016560159036052	0.004285982668342268	45.66542434692383
21.58	2.77	0.04965384615384616	-0.005115014056665641	0.2668746403704724	0.00702669370534746	0.00415788899798711	43.180070877075195
21.58	2.77	0.05784615384615385	-0.006069043858898617	0.27084737325155644	0.006864070872802545	0.0041871779059885995	42.44941711425781
21.58	2.77	0.06603846153846155	-0.005485753890699518	0.2714591817852785	0.0068725370025276376	0.0038968442957536603	39.51731491088867
21.58	2.77	0.07423076923076924	-0.005610238773389526	0.27219519461893704	0.006781134449374759	0.0037907613992626725	39.0443115234375
21.58	2.77	0.08242307692307693	-0.006037201745076839	0.27255876656078953	0.006823263508777225	0.0037233405844565217	38.560508728027344
21.58	2.77	0.09061538461538463	-0.006097475891366726	0.272099029469721	0.006712202006423729	0.003811192429732344	37.29928398132324
21.58	2.77	0.09880769230769232	-0.006149989194401813	0.2725390566141619	0.006682078949675013	0.0034490094699761095	36.61899757385254
21.58	2.77	0.10700000000000001	-0.006680322545745684	0.27419021586899595	0.006757991744914409	0.003243129503851465	36.148216247558594
21.58	2.77	0.1151923076923077	-0.00667517095893486	0.2742508498191205	0.0068638519529009645	0.003402464016715472	34.94146156311035
21.58	2.77	0.1233846153846154	-0.007249028091319812	0.27455823941605145	0.006889464976360631	0.0033594403913487676	34.368167877197266
21.58	2.77	0.1315769230769231	-0.008255586929732084	0.2756480784197657	0.006658727239802388	0.0033473422090442655	33.372854232788086
21.58	2.77	0.13976923076923078	-0.008951983061848287	0.2774578301351021	0.006837090561204168	0.0034534540419959496	32.21763610839844
21.58	2.77	0.14796153846153848	-0.010358960014997132	0.2780536644275736	0.006751336678709626	0.0032353989322030366	31.240859985351562
21.58	2.77	0.15615384615384617	-0.012003017050443295	0.28114437685566657	0.006946547606341332	0.0029935740931717135	30.089523315429688
21.58	2.77	0.16434615384615386	-0.013848343301915766	0.2824588535264793	0.006613371381237661	0.0032303234049789274	29.206186294555664
21.58	2.77	0.17253846153846156	-0.017332019189989358	0.28388201057886875	0.006855298065317008	0.0030263156127844615	28.13282012939453
21.58	2.77	0.18073076923076925	-0.02040963554630259	0.28574936663707895	0.006810319884757426	0.0026061694979104127	27.19795036315918
21.58	2.77	0.18892307692307694	-0.02565178712705353	0.28752409633225007	0.006981908793387087	0.0024043339426197178	26.218040466308594
21.58	2.77	0.19711538461538464	-0.03136014611225621	0.2882798140559959	0.006944168342670859	0.00224844637411197	25.33538246154785
21.58	2.77	0.20530769230769233	-0.038117148036853926	0.2892704249284822	0.006912006464251405	0.0017927700059455647	24.4341983795166
21.58	2.77	0.21350000000000002	-0.044426623926340225	0.28957148809543193	0.006884750573324071	0.001686178069544617	23.632549285888672
21.58	2.77	0.22169230769230772	-0.05229957607465849	0.2898763597067292	0.006792128528993758	0.0012893050026600236	22.97075653076172
21.58	2.77	0.2298846153846154	-0.06136121400940957	0.28881608418698523	0.0066527296175078	0.0009616834935011623	22.338747024536133
21.58	2.77	0.2380769230769231	-0.0685625132960899	0.2878177491608971	0.006679993439501783	0.0008421162689908437	21.755290985107422
21.58	2.77	0.2462692307692308	-0.07781348267580813	0.2871282561384963	0.006649722260138332	0.000684102797934518	21.230283737182617
21.58	2.77	0.25446153846153846	-0.08675318561563233	0.2859873795599217	0.00651621246055411	0.00040917030346230356	20.721515655517578
21.58	2.77	0.2626538461538462	-0.09565175644656604	0.28526113979253037	0.006233972637923572	0.00039663262082470074	20.29015350341797
21.58	2.77	0.2708461538461539	-0.10401884297432124	0.28342168004392315	0.006224039799971607	0.00018307029260042858	19.863468170166016
21.58	2.77	0.27903846153846157	-0.1132822686905202	0.28178929551877685	0.006013508407895084	-0.0003259300768927209	19.492904663085938
21.58	2.77	0.28723076923076923	-0.12176257703510791	0.27999806229863927	0.005854767490960026	-0.0004640636139463678	19.109987258911133
21.58	2.77	0.29542307692307695	-0.12956619436224256	0.2777246845510572	0.005899896049605068	-0.0006693458704824308	18.77143096923828
21.58	2.77	0.3036153846153847	-0.13799099453096542	0.2755225070842325	0.005888201183611417	-0.0007823385306423897	18.4829158782959
21.58	2.77	0.31180769230769234	-0.1457506483078495	0.27287880080721966	0.005577498082470458	-0.0009757071886606883	18.20467758178711
21.58	2.77	0.32	-0.15440734248911295	0.27071397473074194	0.005562540300911328	-0.001046926317541929	17.919750213623047
21.58	2.778695652173913	0.0005	-0.05910895686899576	0.3484292762444139	0.0070703191656885924	0.005454780181657218	8.85247802734375
21.58	2.778695652173913	0.008692307692307694	0.0029375143691405233	0.18170517255522006	0.007569292930167752	0.0057130738364268765	37.53139114379883
21.58	2.778695652173913	0.016884615384615387	0.00012951850588168592	0.191574153965038	0.007200511763550925	0.005630369883050837	40.44511032104492
21.58	2.778695652173913	0.02507692307692308	-3.433447634134853e-05	0.19558769931055298	0.007228110233621531	0.005462745579725151	46.83280944824219
21.58	2.778695652173913	0.03326923076923077	-0.0015199982742805423	0.2043151067107	0.007020561130202597	0.005280671360748036	46.74964904785156
21.58	2.778695652173913	0.041461538461538466	-0.002677528039904167	0.20665184248237792	0.0070379148720310205	0.004980562362650724	44.88429260253906
21.58	2.778695652173913	0.04965384615384616	-0.004010431786419682	0.21211895470506426	0.007075223701481944	0.0051460467456290425	42.44457244873047
21.58	2.778695652173913	0.05784615384615385	-0.0014627943317199583	0.21708902699056926	0.007079543854256531	0.004877619951165769	41.13416290283203
21.58	2.778695652173913	0.06603846153846155	-0.004468644576964763	0.22173991522168654	0.007024932663287812	0.004899320621505785	39.421974182128906
21.58	2.778695652173913	0.07423076923076924	-0.005467456815650548	0.22405564099199987	0.007104781084197726	0.004648336273952145	37.669851303100586
21.58	2.778695652173913	0.08242307692307693	-0.004988543858308978	0.22783133843115766	0.007057655347014925	0.0045553194888483155	37.32379722595215
21.58	2.778695652173913	0.09061538461538463	-0.0061091623562617966	0.2294916364051704	0.006931769348386979	0.004389697379030995	36.304094314575195
21.58	2.778695652173913	0.09880769230769232	-0.005339773290035071	0.23179861958863227	0.007113824162909963	0.004363367337410815	35.49148750305176
21.58	2.778695652173913	0.10700000000000001	-0.007595230206499094	0.23414936425990784	0.006998080171089011	0.004225040950180581	34.75590133666992
21.58	2.778695652173913	0.1151923076923077	-0.008224850460538863	0.23900840568251341	0.0070988866348161185	0.004128972837460011	34.12413215637207
21.58	2.778695652173913	0.1233846153846154	-0.009284277978361663	0.24093837317536854	0.007050528351095594	0.0042706553286584945	33.15727996826172
21.58	2.778695652173913	0.1315769230769231	-0.01114883604560719	0.24300172575235662	0.006971381028637511	0.0039837859933491504	32.313066482543945
21.58	2.778695652173913	0.13976923076923078	-0.011968460345008959	0.2466896201467086	0.007168999429853963	0.004148183086052588	31.36456298828125
21.58	2.778695652173913	0.14796153846153848	-0.015047700306037191	0.2506251816608887	0.006978564308211277	0.0039637898592187505	30.233253479003906
21.58	2.778695652173913	0.15615384615384617	-0.016828104552050777	0.25477399448483495	0.007014497767578063	0.00392424466415069	29.244909286499023
21.58	2.778695652173913	0.16434615384615386	-0.020614404386204488	0.25867188399550256	0.0070234875865867515	0.003764699839564749	28.34300994873047
21.58	2.778695652173913	0.17253846153846156	-0.024944969267337143	0.2612382473755034	0.006967317179253342	0.0032894749535333926	27.377912521362305
21.58	2.778695652173913	0.18073076923076925	-0.030290105671101884	0.2652200633235167	0.006899430373133275	0.0032382222848762266	26.31959342956543
21.58	2.778695652173913	0.18892307692307694	-0.036128223233336275	0.2676931106060635	0.006803642172805931	0.0031760495805693532	25.533485412597656
21.58	2.778695652173913	0.19711538461538464	-0.043107054406228695	0.26928107444036775	0.006736812020405786	0.0029683918575338754	24.681427001953125
21.58	2.778695652173913	0.20530769230769233	-0.05115902018880761	0.2701241551379999	0.006847314109992232	0.002439221318907364	23.96268081665039
21.58	2.778695652173913	0.21350000000000002	-0.05905414666680302	0.2713404031872527	0.006553013615276658	0.0020671341783397635	23.184734344482422
21.58	2.778695652173913	0.22169230769230772	-0.06702404266638398	0.27271981603708795	0.006434155130866311	0.002014070459994859	22.5854549407959
21.58	2.778695652173913	0.2298846153846154	-0.07543617395808173	0.27207848127446593	0.006291579040864348	0.0016970241248823238	21.997314453125
21.58	2.778695652173913	0.2380769230769231	-0.08548652550676217	0.27154673335727647	0.006495137555372363	0.001714953564909199	21.447166442871094
21.58	2.778695652173913	0.2462692307692308	-0.09361980602980521	0.27058550924966945	0.006391512100650739	0.0014388985956553086	20.944782257080078
21.58	2.778695652173913	0.25446153846153846	-0.1029484915156031	0.26947922567601557	0.006378384774224492	0.0011882181285760554	20.49005126953125
21.58	2.778695652173913	0.2626538461538462	-0.11165847385665506	0.26864023943636145	0.005947043183631855	0.0010018196108863904	20.052038192749023
21.58	2.778695652173913	0.2708461538461539	-0.1208342073793708	0.2671535681202006	0.0059215615311451475	0.0007693664266628704	19.65821647644043
21.58	2.778695652173913	0.27903846153846157	-0.12933433082245271	0.26498740785428543	0.005836675262208801	0.0005806641096930144	19.29012680053711
21.58	2.778695652173913	0.28723076923076923	-0.13742655988795804	0.26361709139926753	0.00571651699333516	0.0003639436251793687	18.97177505493164
21.58	2.778695652173913	0.29542307692307695	-0.14565464478309792	0.26161231949903974	0.005630651668389969	0.0004050058717800034	18.641525268554688
21.58	2.778695652173913	0.3036153846153847	-0.15337889458073364	0.25919336993896325	0.005446559683348201	2.5031932845039168e-05	18.31968879699707
21.58	2.778695652173913	0.31180769230769234	-0.16066788322181852	0.2571707438069428	0.005643786975546183	9.132713152144265e-05	18.02625274658203
21.58	2.778695652173913	0.32	-0.16822963507570038	0.25644519216565304	0.005404987868782795	-0.0001581132229371301	17.778593063354492
21.58	2.787391304347826	0.0005	0.10015262810789341	0.20941378957776235	0.007443698956480972	0.005865484369110604	13.459220886230469
21.58	2.787391304347826	0.008692307692307694	0.014980050905573306	0.2233637068345945	0.007974481369718765	0.00607809073163385	37.279117584228516
21.58	2.787391304347826	0.016884615384615387	0.009198570451512065	0.24042013361339404	0.007791347191845401	0.005834471603985969	44.3750114440918
21.58	2.787391304347826	0.02507692307692308	0.007285253726373097	0.24839368865440434	0.007978730483045095	0.005867204351215115	39.00653839111328
21.58	2.787391304347826	0.03326923076923077	0.01076436785445085	0.25649701644332346	0.007671029531000297	0.005606642297725744	46.595909118652344
21.58	2.787391304347826	0.041461538461538466	0.006156614643284141	0.25986038086019636	0.007557278417487804	0.005379248572250637	45.80459022521973
21.58	2.787391304347826	0.04965384615384616	0.006313162883653285	0.26577680250297964	0.007684072599034349	0.005338584025800662	44.143646240234375
21.58	2.787391304347826	0.05784615384615385	0.005377542732294979	0.26985628424495345	0.0077476095176400245	0.005519578333248353	43.116485595703125
21.58	2.787391304347826	0.06603846153846155	0.003939612071083639	0.2728117142825867	0.00740662918832904	0.004962179776853482	40.64076614379883
21.58	2.787391304347826	0.07423076923076924	0.0031060068412290557	0.27450644942219515	0.007460893887093366	0.004914526138505239	39.540565490722656
21.58	2.787391304347826	0.08242307692307693	0.0029219944569052964	0.2766750012073361	0.007595640445614595	0.004875282285948981	38.857879638671875
21.58	2.787391304347826	0.09061538461538463	0.003335008487706611	0.2782808215247507	0.007628402759254572	0.004908852707095561	37.96590805053711
21.58	2.787391304347826	0.09880769230769232	0.002853754625325629	0.2768070817815179	0.007499850338498543	0.004731851374154998	37.150333404541016
21.58	2.787391304347826	0.10700000000000001	0.001956396371351797	0.2791856339016099	0.007431196682281473	0.004609821715022252	36.737754821777344
21.58	2.787391304347826	0.1151923076923077	0.0008192325087657725	0.2788823034429092	0.007598344302060629	0.004819559062489178	35.98085594177246
21.58	2.787391304347826	0.1233846153846154	-0.0007997838725349799	0.2807811489954777	0.007455098628388368	0.004707139141908716	34.67898941040039
21.58	2.787391304347826	0.1315769230769231	-0.001730191516040741	0.2830118718743495	0.007315108249558689	0.004666273290911863	33.47333335876465
21.58	2.787391304347826	0.13976923076923078	-0.004065986393492777	0.2851386453573043	0.007470458809709344	0.004551914183342162	32.48512268066406
21.58	2.787391304347826	0.14796153846153848	-0.006325990441495658	0.28898461831800293	0.0074714984777445575	0.004599742006611295	31.24557113647461
21.58	2.787391304347826	0.15615384615384617	-0.010310386704453202	0.2923574874131316	0.007157667204401899	0.004464570196195228	30.085372924804688
21.58	2.787391304347826	0.16434615384615386	-0.014965352732191026	0.2964370339556933	0.007368755387133947	0.0043667160698886015	29.056625366210938
21.58	2.787391304347826	0.17253846153846156	-0.020056279116045857	0.2997437254468549	0.007371183368369029	0.004309602375395875	27.825653076171875
21.58	2.787391304347826	0.18073076923076925	-0.02673195388234798	0.3023988437781681	0.007217442831169926	0.0038056613707600994	26.859092712402344
21.58	2.787391304347826	0.18892307692307694	-0.03386978141098859	0.30349093486448875	0.007023115786102957	0.003588322090592019	25.92418670654297
21.58	2.787391304347826	0.19711538461538464	-0.042182315410548996	0.30510035005001007	0.007003711718770118	0.0034251719178329475	25.0865535736084
21.58	2.787391304347826	0.20530769230769233	-0.05131734524026196	0.30660883834383545	0.007091001479765301	0.0033211298399593477	24.326702117919922
21.58	2.787391304347826	0.21350000000000002	-0.059940140583661	0.30668021192572176	0.006954003062472812	0.00304322726514251	23.618730545043945
21.58	2.787391304347826	0.22169230769230772	-0.06876429625450774	0.30654872988099463	0.006774417325121948	0.0026386699173500745	22.93798065185547
21.58	2.787391304347826	0.2298846153846154	-0.0787277925553806	0.3062144681072345	0.006693979119908151	0.002743043666909347	22.43082618713379
21.58	2.787391304347826	0.2380769230769231	-0.08831391786332257	0.30509649007058015	0.006696695237969098	0.0022783197839348346	21.908138275146484
21.58	2.787391304347826	0.2462692307692308	-0.09669805282612993	0.3030088768604154	0.0065084151672810415	0.0022607762269476143	21.342605590820312
21.58	2.787391304347826	0.25446153846153846	-0.10694647019205414	0.3027754340139819	0.006390908208794993	0.0018818064051888117	20.913009643554688
21.58	2.787391304347826	0.2626538461538462	-0.11610870435775987	0.30109341614233753	0.006286064301201973	0.0019651808238254067	20.46991729736328
21.58	2.787391304347826	0.2708461538461539	-0.12365834787430038	0.2984833406685521	0.006062784578825071	0.0017262099750755219	20.088260650634766
21.58	2.787391304347826	0.27903846153846157	-0.1338327090979536	0.296506399882308	0.006120546406612556	0.0017244806400666664	19.724178314208984
21.58	2.787391304347826	0.28723076923076923	-0.14129108920983485	0.2938072186902638	0.005866510304998078	0.0011889116920682677	19.378589630126953
21.58	2.787391304347826	0.29542307692307695	-0.15129320355422304	0.2918750637684491	0.005853824550854888	0.0013822659113394294	19.076499938964844
21.58	2.787391304347826	0.3036153846153847	-0.15797881733084254	0.2894664584719997	0.005902203814184756	0.0010750169899189344	18.738330841064453
21.58	2.787391304347826	0.31180769230769234	-0.16619828881101123	0.2878006298273697	0.005643533804604311	0.0010887938824218418	18.46578598022461
21.58	2.787391304347826	0.32	-0.1728240464539378	0.2852152709547757	0.00546572178710391	0.0009107936446291138	18.233991622924805
21.58	2.796086956521739	0.0005	0.07209782854606228	-0.14681597904522442	0.007839262357808307	0.006141535708537809	13.377815246582031
21.58	2.796086956521739	0.008692307692307694	0.014560379639256915	0.18655150269519988	0.008205172664063431	0.006322596649299211	38.96603012084961
21.58	2.796086956521739	0.016884615384615387	0.01621504376361908	0.19461812913546783	0.00823790366766056	0.006182426357223641	45.592071533203125
21.58	2.796086956521739	0.02507692307692308	0.015095415214996948	0.19970017761121023	0.008129075434218373	0.00620963282298018	42.67439270019531
21.58	2.796086956521739	0.03326923076923077	0.015705394926010467	0.20890311324822092	0.00811344613955626	0.006005039259635113	47.41127014160156
21.58	2.796086956521739	0.041461538461538466	0.012603456455092619	0.21177138730175554	0.007915519703034444	0.005674464717976835	47.06317138671875
21.58	2.796086956521739	0.04965384615384616	0.01250741867679345	0.21487847882729844	0.00809018223096828	0.005778074994505176	44.96924591064453
21.58	2.796086956521739	0.05784615384615385	0.010513697046369182	0.21988012860004674	0.008093729309827182	0.005586375771686278	42.695186614990234
21.58	2.796086956521739	0.06603846153846155	0.010759184801995256	0.22272797884876563	0.007892766996807068	0.005434316846843373	41.78586196899414
21.58	2.796086956521739	0.07423076923076924	0.009080237201723868	0.22331269878902943	0.007793954575314302	0.0053826462664103925	40.32904243469238
21.58	2.796086956521739	0.08242307692307693	0.00803566277525525	0.22555847501033807	0.007688502563101819	0.0054011539764572255	40.00770568847656
21.58	2.796086956521739	0.09061538461538463	0.0068270519425640535	0.22548479249352482	0.007754251579095609	0.005154153004626369	39.285484313964844
21.58	2.796086956521739	0.09880769230769232	0.006116088266462527	0.22882721786126162	0.00789740829490918	0.005128329290250961	38.84239959716797
21.58	2.796086956521739	0.10700000000000001	0.004748837552910086	0.23091277728389414	0.007897648384812696	0.004999125542525339	37.888465881347656
21.58	2.796086956521739	0.1151923076923077	0.00384124434407928	0.2324697456643584	0.007739850531267644	0.004894956428115374	37.42085838317871
21.58	2.796086956521739	0.1233846153846154	0.0017426715456567415	0.23621342361010772	0.0076659299770444975	0.005046205741400382	36.66693305969238
21.58	2.796086956521739	0.1315769230769231	-0.00012348017075670048	0.23923477043309033	0.0076979243356811045	0.004911408902745754	35.7513427734375
21.58	2.796086956521739	0.13976923076923078	-0.0018782979098857706	0.24173675530501423	0.007854572343804838	0.00487932469926047	34.560916900634766
21.58	2.796086956521739	0.14796153846153848	-0.004609940793622413	0.24743182593984314	0.007685845184843133	0.004871075611237324	33.41067123413086
21.58	2.796086956521739	0.15615384615384617	-0.008552407658450431	0.2530492002903928	0.00765629039221603	0.004622311575536992	32.161386489868164
21.58	2.796086956521739	0.16434615384615386	-0.013253172750361746	0.25675679172646126	0.00748484476050289	0.004824267665850606	31.037181854248047
21.58	2.796086956521739	0.17253846153846156	-0.019431404174383736	0.2620211930565717	0.007528384320104297	0.004536971622639177	29.809207916259766
21.58	2.796086956521739	0.18073076923076925	-0.026011868122577664	0.2668675250983512	0.007372095241427075	0.004355714456898134	28.6026554107666
21.58	2.796086956521739	0.18892307692307694	-0.03429994323917073	0.2710599353859636	0.007572876396280829	0.004187026400751643	27.58626937866211
21.58	2.796086956521739	0.19711538461538464	-0.04301759352851209	0.27395960873199543	0.007299879646480963	0.0041029466120621975	26.66606903076172
21.58	2.796086956521739	0.20530769230769233	-0.051530300431787184	0.2768091464191388	0.007265583501494958	0.00381414268632082	25.811267852783203
21.58	2.796086956521739	0.21350000000000002	-0.0620607702777676	0.27866014142145334	0.007254240075459318	0.0037944079659328325	24.972665786743164
21.58	2.796086956521739	0.22169230769230772	-0.07178239425878985	0.28012414811181996	0.00714094868272504	0.003599340521661985	24.286518096923828
21.58	2.796086956521739	0.2298846153846154	-0.0812445068880521	0.28129509114532314	0.006829384390228266	0.0034534742054281075	23.603443145751953
21.58	2.796086956521739	0.2380769230769231	-0.09190291154898522	0.2808814151734223	0.006922828818285674	0.003344376795842153	23.004840850830078
21.58	2.796086956521739	0.2462692307692308	-0.10187238719175187	0.28194708268535784	0.006928789639435766	0.003078791993906294	22.47848129272461
21.58	2.796086956521739	0.25446153846153846	-0.11148390455439768	0.2810899381944839	0.006549976899781086	0.0028803230077788866	21.985429763793945
21.58	2.796086956521739	0.2626538461538462	-0.12153586275547237	0.28140827686663406	0.006584924972450806	0.0030341094096502175	21.52498435974121
21.58	2.796086956521739	0.2708461538461539	-0.13048966582594396	0.2800417122831935	0.006546598518654913	0.0026378966229958587	21.09426498413086
21.58	2.796086956521739	0.27903846153846157	-0.13973758313534734	0.2787396884924167	0.0064053891947353	0.002542086567568721	20.669450759887695
21.58	2.796086956521739	0.28723076923076923	-0.14897922674771655	0.27873929217310683	0.006432685130350561	0.002455849643006321	20.296611785888672
21.58	2.796086956521739	0.29542307692307695	-0.1575163015138268	0.2768017381377476	0.006229129486298764	0.0023583815197670663	19.966257095336914
21.58	2.796086956521739	0.3036153846153847	-0.16631056209764475	0.2758816300839144	0.006184680967687957	0.002327528034348621	19.648691177368164
21.58	2.796086956521739	0.31180769230769234	-0.17395163576924183	0.2748184840410283	0.005995539586254513	0.002196335268811387	19.348997116088867
21.58	2.796086956521739	0.32	-0.18105268457778673	0.27192474629090035	0.00572974116017521	0.0018708783288270926	19.072410583496094
21.58	2.804782608695652	0.0005	-0.03186750391372426	0.32210937763855657	0.008696156701770987	0.005831447521540682	7.490501403808594
21.58	2.804782608695652	0.008692307692307694	0.015440716705291364	0.19324891911790815	0.008804063941133228	0.006199638626002995	38.71485137939453
21.58	2.804782608695652	0.016884615384615387	0.015584783334306403	0.21910270311318475	0.008878247584343064	0.006509269858679105	40.459022521972656
21.58	2.804782608695652	0.02507692307692308	0.014439290840200108	0.2264866278358562	0.008877468302816285	0.006203871005254331	48.044795989990234
21.58	2.804782608695652	0.03326923076923077	0.012515659708551088	0.2302520164140327	0.008649031024468965	0.005961025483417825	49.30976486206055
21.58	2.804782608695652	0.041461538461538466	0.012020029938175417	0.23270224738762355	0.008718608443267833	0.006147619397949668	51.49350929260254
21.58	2.804782608695652	0.04965384615384616	0.012724614705604551	0.23730130517240602	0.008588471984511665	0.005924604733797379	48.36393356323242
21.58	2.804782608695652	0.05784615384615385	0.011540830255200201	0.24070049900645374	0.008651155414294117	0.005894605302692257	45.19589042663574
21.58	2.804782608695652	0.06603846153846155	0.011571548277322957	0.24166065854414875	0.008564502119146417	0.005352957993691419	45.793874740600586
21.58	2.804782608695652	0.07423076923076924	0.010746783499302096	0.2430017190867844	0.008524786128825068	0.005571064377910494	43.78583526611328
21.58	2.804782608695652	0.08242307692307693	0.011292482301705743	0.24329790132766085	0.008382778454185166	0.0056527913329330265	42.14929389953613
21.58	2.804782608695652	0.09061538461538463	0.010533585952707793	0.2446557084768401	0.0085799151916388	0.0054594938014090565	41.574058532714844
21.58	2.804782608695652	0.09880769230769232	0.01014525523094576	0.24479105148062535	0.00850540088467943	0.005771220862028718	41.30186080932617
21.58	2.804782608695652	0.10700000000000001	0.009998154196425038	0.24501908469745087	0.008394493354273664	0.0056646371773005424	40.588356018066406
21.58	2.804782608695652	0.1151923076923077	0.009368388656063632	0.2449379616583245	0.008343882387737037	0.005583282296242184	40.156497955322266
21.58	2.804782608695652	0.1233846153846154	0.008447774789298578	0.24712997354716187	0.008316891828246515	0.005407282018563062	39.13022804260254
21.58	2.804782608695652	0.1315769230769231	0.007442149716431898	0.247200501348452	0.00823669323440111	0.00536403729991137	38.02956008911133
21.58	2.804782608695652	0.13976923076923078	0.0068603427305473355	0.2487303084754376	0.008244503048261971	0.005440353267209527	36.99150085449219
21.58	2.804782608695652	0.14796153846153848	0.004727757854166476	0.25061821084841995	0.008302179949167762	0.005356338149527824	35.63739204406738
21.58	2.804782608695652	0.15615384615384617	0.0025387403991456677	0.25339640846655587	0.008066484328809308	0.005279913866348602	34.252464294433594
21.58	2.804782608695652	0.16434615384615386	-0.0005564016546801727	0.2567937742032473	0.008190802962127944	0.005295933093008398	32.829708099365234
21.58	2.804782608695652	0.17253846153846156	-0.004240254941655308	0.25966102708614924	0.008068899906794994	0.005173767320490195	31.438241958618164
21.58	2.804782608695652	0.18073076923076925	-0.009646073402913917	0.2640940028848308	0.008034847968510499	0.005035360842755772	29.970455169677734
21.58	2.804782608695652	0.18892307692307694	-0.015626517433051643	0.2673727343027894	0.007975951799371304	0.004867025413894164	28.806787490844727
21.58	2.804782608695652	0.19711538461538464	-0.023620109754924356	0.2695802973752325	0.007863942753319543	0.004889290503554487	27.68817710876465
21.58	2.804782608695652	0.20530769230769233	-0.030276397398197027	0.27324213918744145	0.007849780599669128	0.004807620491852205	26.750247955322266
21.58	2.804782608695652	0.21350000000000002	-0.038871107032977914	0.2747821473747355	0.007809136684979117	0.004526754845870229	25.811662673950195
21.58	2.804782608695652	0.22169230769230772	-0.04730189282277228	0.27583061391459784	0.0076751923874216945	0.004224042043609167	25.045543670654297
21.58	2.804782608695652	0.2298846153846154	-0.05701654522237279	0.2771680720464488	0.007526730216443856	0.0038468665657551155	24.292316436767578
21.58	2.804782608695652	0.2380769230769231	-0.06633707984330156	0.2781820078217847	0.007547486185751939	0.004126828220569657	23.59461212158203
21.58	2.804782608695652	0.2462692307692308	-0.07558738261785944	0.27808564767039023	0.00738195012378399	0.004001258571318139	23.00636100769043
21.58	2.804782608695652	0.25446153846153846	-0.08402391514017833	0.2781885646327409	0.007440924631612666	0.0040141632454403255	22.456844329833984
21.58	2.804782608695652	0.2626538461538462	-0.09427536042848256	0.2780089941909081	0.007286164715116445	0.0037368469770641087	21.987632751464844
21.58	2.804782608695652	0.2708461538461539	-0.10373455367790932	0.27811240716821556	0.007215337085073527	0.0034777494161076766	21.51181983947754
21.58	2.804782608695652	0.27903846153846157	-0.11379270674571204	0.2767738806922594	0.006972967976064669	0.003358850432957648	21.12533950805664
21.58	2.804782608695652	0.28723076923076923	-0.12208174351771606	0.27650117680484965	0.006864255876455699	0.003261057460438117	20.731752395629883
21.58	2.804782608695652	0.29542307692307695	-0.13044632321721408	0.27522497542650304	0.00700433394876452	0.0036594105325524484	20.364952087402344
21.58	2.804782608695652	0.3036153846153847	-0.13990828766038857	0.2748985134850674	0.006567338568043187	0.0030678675395539633	20.018369674682617
21.58	2.804782608695652	0.31180769230769234	-0.14765821482169067	0.2732028851383699	0.006471641836201589	0.0030257708896134603	19.731773376464844
21.58	2.804782608695652	0.32	-0.15626261787228518	0.27129374630066083	0.00657221008305466	0.003105812505342447	19.423460006713867
21.58	2.813478260869565	0.0005	0.029143888003004305	0.30040445187377246	0.009321163579934283	0.006022960667861833	10.1212158203125
21.58	2.813478260869565	0.008692307692307694	0.019189054018629307	0.18933877804564755	0.009580868588218352	0.006119754476959846	38.74995803833008
21.58	2.813478260869565	0.016884615384615387	0.016645041143333133	0.2062184233732193	0.009715153619055785	0.006386130344369681	45.49993896484375
21.58	2.813478260869565	0.02507692307692308	0.017776677047645267	0.2105610121555297	0.009254587020969826	0.005890800505420457	43.97077941894531
21.58	2.813478260869565	0.03326923076923077	0.015497339552079853	0.20960487952005552	0.00923893995220276	0.005971385020660392	47.59785079956055
21.58	2.813478260869565	0.041461538461538466	0.015349870579170519	0.21409141958194025	0.009272370050969665	0.005826992806427423	46.98736572265625
21.58	2.813478260869565	0.04965384615384616	0.015277642027108143	0.2146833903166578	0.009264305365361974	0.0057297306024648225	44.446311950683594
21.58	2.813478260869565	0.05784615384615385	0.012926304361784713	0.21653765074084685	0.00920667740019529	0.00566952266794891	42.10671424865723
21.58	2.813478260869565	0.06603846153846155	0.011748753142527598	0.21874265854798697	0.009286505994075222	0.005822036564995357	42.42764472961426
21.58	2.813478260869565	0.07423076923076924	0.011551056456736585	0.21635098641358758	0.00914282627368511	0.005604315354871247	40.426143646240234
21.58	2.813478260869565	0.08242307692307693	0.009839620176429522	0.21835724985750965	0.009094319527649502	0.005781977999809335	39.531158447265625
21.58	2.813478260869565	0.09061538461538463	0.009476859009085818	0.21887485071958612	0.009069294129845517	0.005527401683090656	38.59805870056152
21.58	2.813478260869565	0.09880769230769232	0.00859276667768754	0.21851194074435726	0.009015638363244545	0.005440936878525744	38.654232025146484
21.58	2.813478260869565	0.10700000000000001	0.007256602754303692	0.21974081790547223	0.00913676634163038	0.005428563637170843	38.623985290527344
21.58	2.813478260869565	0.1151923076923077	0.006601715437769369	0.22125060716829842	0.008870353744510569	0.005210883581956299	37.78683853149414
21.58	2.813478260869565	0.1233846153846154	0.005753787738008886	0.2210299641335442	0.009093170393476374	0.00532761099270647	36.68852233886719
21.58	2.813478260869565	0.1315769230769231	0.004687041098164391	0.22159105929726508	0.009089461441861572	0.005632945686566922	36.474653244018555
21.58	2.813478260869565	0.13976923076923078	0.0036898357883754815	0.22387314523068258	0.00899117300497064	0.005459578539380111	35.28662109375
21.58	2.813478260869565	0.14796153846153848	0.0016055507675472296	0.22567328000870535	0.00903430156969161	0.005310390339950339	34.20848846435547
21.58	2.813478260869565	0.15615384615384617	0.0002654824873603197	0.2279427272273412	0.008953794408583574	0.005330810114311032	33.16922378540039
21.58	2.813478260869565	0.16434615384615386	-0.0017137138985858081	0.2317106971930431	0.008762021234518835	0.005469702257926295	32.175153732299805
21.58	2.813478260869565	0.17253846153846156	-0.00576621144089262	0.23453870709043675	0.008699604646038715	0.005228925981157412	30.884540557861328
21.58	2.813478260869565	0.18073076923076925	-0.010013819447591632	0.23862328452222253	0.008654681505022879	0.005176231281798592	29.677589416503906
21.58	2.813478260869565	0.18892307692307694	-0.01586188311621607	0.24142839920440218	0.008553115391121965	0.005245521812684307	28.51108169555664
21.58	2.813478260869565	0.19711538461538464	-0.021968391283827986	0.24366255888931979	0.008427507101878041	0.005145086380317399	27.39901351928711
21.58	2.813478260869565	0.20530769230769233	-0.02885045661403701	0.24649744178798522	0.008535855637536883	0.005011991389989794	26.491140365600586
21.58	2.813478260869565	0.21350000000000002	-0.03729068423052077	0.24906374038767118	0.008535034957335118	0.004827153463756677	25.494117736816406
21.58	2.813478260869565	0.22169230769230772	-0.04558460555664931	0.2503583260525788	0.008484125434389025	0.004779172833167682	24.753894805908203
21.58	2.813478260869565	0.2298846153846154	-0.05419968485386982	0.2513488399223308	0.00829015151532152	0.004391176849066178	23.982627868652344
21.58	2.813478260869565	0.2380769230769231	-0.06369389023186581	0.2527422705092351	0.008291676609697637	0.004394485737492722	23.29119873046875
21.58	2.813478260869565	0.2462692307692308	-0.07266520361902132	0.2523343337126891	0.008078147771694452	0.004495599722116857	22.69788360595703
21.58	2.813478260869565	0.25446153846153846	-0.08294031645657432	0.2527141579785269	0.0080757230243249	0.004373240382785009	22.128131866455078
21.58	2.813478260869565	0.2626538461538462	-0.09276657025350196	0.25311914545110215	0.007919079391598267	0.004043050432421008	21.619503021240234
21.58	2.813478260869565	0.2708461538461539	-0.10197026378320936	0.25288913461500806	0.007930213464254467	0.004255908387000714	21.12693977355957
21.58	2.813478260869565	0.27903846153846157	-0.11124262365394734	0.25198036722759887	0.007775570126861292	0.004114593686550845	20.740354537963867
21.58	2.813478260869565	0.28723076923076923	-0.12057569310170599	0.25076039320686316	0.0076988860621638195	0.00394265078824571	20.36916160583496
21.58	2.813478260869565	0.29542307692307695	-0.13021160946561952	0.2507552999259387	0.007555870320034167	0.003921347400764968	19.96388053894043
21.58	2.813478260869565	0.3036153846153847	-0.13936089038450172	0.24976303887640638	0.00749016504712029	0.0038157356877743754	19.657604217529297
21.58	2.813478260869565	0.31180769230769234	-0.14811632922646362	0.2488968455077148	0.007608853991423636	0.003925361473150383	19.311410903930664
21.58	2.813478260869565	0.32	-0.15722925319132164	0.24713921089032653	0.007375165373735724	0.0038255079235847075	19.031763076782227
21.58	2.822173913043478	0.0005	-0.03545389190112009	0.3754566721462642	0.009942652162933139	0.005456623374338589	14.124259948730469
21.58	2.822173913043478	0.008692307692307694	0.016300161098483926	0.17715220024228867	0.010115760357222416	0.005666216872799536	38.16344451904297
21.58	2.822173913043478	0.016884615384615387	0.009297288869861487	0.20407224168420607	0.010229172412402069	0.005611747441474702	43.33287048339844
21.58	2.822173913043478	0.02507692307692308	0.011127802087689898	0.21083897952575958	0.010066591791438935	0.005442973845532519	47.44922637939453
21.58	2.822173913043478	0.03326923076923077	0.013066967679883496	0.21519107822914404	0.010081420246192439	0.005709226343581177	48.582786560058594
21.58	2.822173913043478	0.041461538461538466	0.010211821748639601	0.21671776179809854	0.010048206084063992	0.00547078384958498	46.03012466430664
21.58	2.822173913043478	0.04965384615384616	0.010066149396384467	0.21967242279122157	0.009924349684593613	0.005606450320081274	45.50447082519531
21.58	2.822173913043478	0.05784615384615385	0.009126729876834784	0.224291466998376	0.009676134021433693	0.0053511234300492195	43.19329833984375
21.58	2.822173913043478	0.06603846153846155	0.00910208987547818	0.2273700021044091	0.009706815258946597	0.005458941367309041	42.05252265930176
21.58	2.822173913043478	0.07423076923076924	0.009460551276447828	0.22499731596329992	0.009872953035192054	0.005448283059940642	40.62563705444336
21.58	2.822173913043478	0.08242307692307693	0.008346463506882592	0.2286278556815331	0.009900613698752886	0.005440351901911755	39.64131164550781
21.58	2.822173913043478	0.09061538461538463	0.008172006951486264	0.22899741188315498	0.009795357010415867	0.005486397638915197	39.07263374328613
21.58	2.822173913043478	0.09880769230769232	0.007861741148213187	0.22909718201893967	0.009605462106964661	0.005305539684368388	38.49810218811035
21.58	2.822173913043478	0.10700000000000001	0.007221637469686001	0.2306993594694266	0.009655793014081007	0.005426002324066035	37.51298141479492
21.58	2.822173913043478	0.1151923076923077	0.007544433494999197	0.23008998732588923	0.00973278546123796	0.005324349066722977	36.670650482177734
21.58	2.822173913043478	0.1233846153846154	0.006906950081119559	0.2302091571992016	0.009519434827962544	0.005298260443270853	35.99501419067383
21.58	2.822173913043478	0.1315769230769231	0.00599717703031214	0.23034633881419284	0.009518747593863517	0.005426968748382983	35.36025428771973
21.58	2.822173913043478	0.13976923076923078	0.005684869503314602	0.23089345949528106	0.009424036968400952	0.005426765816083798	34.06362533569336
21.58	2.822173913043478	0.14796153846153848	0.003835288202102289	0.2319735470676173	0.009555732878786994	0.005392569363540545	32.81178283691406
21.58	2.822173913043478	0.15615384615384617	0.002782205133993163	0.23389173374424777	0.009434475098667214	0.005216334890066223	31.792720794677734
21.58	2.822173913043478	0.16434615384615386	0.0004973881348710727	0.23649514783098874	0.00952960439374954	0.005290273855070898	30.562376022338867
21.58	2.822173913043478	0.17253846153846156	-0.0023514997136743158	0.23966981130147194	0.009480160608593795	0.005241982737352206	29.354785919189453
21.58	2.822173913043478	0.18073076923076925	-0.006415973777163197	0.24200509234183137	0.009503290641653506	0.005249101556519066	28.244081497192383
21.58	2.822173913043478	0.18892307692307694	-0.010974220918703254	0.2451172381345243	0.009222089210128202	0.005175904091936235	27.116060256958008
21.58	2.822173913043478	0.19711538461538464	-0.01656773263816059	0.24681708097336758	0.00926211237285638	0.004970726269436697	25.946876525878906
21.58	2.822173913043478	0.20530769230769233	-0.02269062629197062	0.2483127298007714	0.009299460223075432	0.004715655372795313	25.087100982666016
21.58	2.822173913043478	0.21350000000000002	-0.02912767602711394	0.2493777177469878	0.009264471330708901	0.0049134508215254915	24.287824630737305
21.58	2.822173913043478	0.22169230769230772	-0.03625397159367279	0.25015987969805287	0.009241904453403393	0.004741625438666979	23.527315139770508
21.58	2.822173913043478	0.2298846153846154	-0.04447221080619992	0.2504699261810015	0.009027843526351581	0.004883075337370358	22.848407745361328
21.58	2.822173913043478	0.2380769230769231	-0.052243097317505593	0.2502817758145677	0.0088768523955746	0.004379775826132507	22.208324432373047
21.58	2.822173913043478	0.2462692307692308	-0.0606890380848477	0.2496173419803593	0.008861089456727542	0.004556692073494061	21.67959976196289
21.58	2.822173913043478	0.25446153846153846	-0.06916161268557418	0.24893280074324137	0.008761956804333065	0.004321499025355889	21.134580612182617
21.58	2.822173913043478	0.2626538461538462	-0.07727952406646993	0.24815787816388812	0.008831013097310688	0.004611049707319992	20.66415023803711
21.58	2.822173913043478	0.2708461538461539	-0.08628254862058286	0.2476070257884339	0.008662282776195549	0.0043264545434424095	20.269664764404297
21.58	2.822173913043478	0.27903846153846157	-0.09465154129340342	0.2458821178049769	0.008529459566665691	0.004054671250144498	19.886518478393555
21.58	2.822173913043478	0.28723076923076923	-0.10338902211526715	0.24456926528638268	0.008344825055235285	0.004165094998433115	19.475101470947266
21.58	2.822173913043478	0.29542307692307695	-0.11193312479310971	0.24242237623530952	0.008303957162033252	0.004033642015831933	19.156383514404297
21.58	2.822173913043478	0.3036153846153847	-0.11952960785940947	0.24108280132296483	0.008609261739374551	0.004326261906947397	18.82096290588379
21.58	2.822173913043478	0.31180769230769234	-0.1274170088595867	0.23926082796407433	0.008445975167896316	0.0041062339535465385	18.518352508544922
21.58	2.822173913043478	0.32	-0.13450798042813822	0.2376148823826899	0.008289752298970377	0.004029821599393262	18.233352661132812
21.58	2.8308695652173914	0.0005	-0.06888298042813823	0.23917738238268993	0.010212132573935384	0.00488759475130577	14.485435485839844
21.58	2.8308695652173914	0.008692307692307694	0.015155196611336023	0.20906701518142137	0.01063533882343443	0.005290497533040226	37.753753662109375
21.58	2.8308695652173914	0.016884615384615387	0.017407480253412363	0.23328592244454435	0.010523298038518689	0.0050711286941786705	43.51457977294922
21.58	2.8308695652173914	0.02507692307692308	0.01765210334571054	0.23960257630468063	0.01046044643049747	0.004989149421323733	46.28242874145508
21.58	2.8308695652173914	0.03326923076923077	0.014639058051500222	0.2431708432654729	0.010519470006975028	0.0051015579591261	48.41814041137695
21.58	2.8308695652173914	0.041461538461538466	0.011437592233849055	0.2443728810231502	0.010262056759811386	0.00501072156788027	46.129798889160156
21.58	2.8308695652173914	0.04965384615384616	0.009979508845085555	0.24342276215839403	0.010224778462461392	0.004960836304719437	41.78170204162598
21.58	2.8308695652173914	0.05784615384615385	0.009007035064379644	0.24423024163768153	0.010307004662206375	0.005066880418208506	40.21773147583008
21.58	2.8308695652173914	0.06603846153846155	0.009080155235850361	0.24395024792087205	0.010118076300483773	0.005170216929834281	38.60621643066406
21.58	2.8308695652173914	0.07423076923076924	0.007840738115036036	0.24201426689309005	0.010277967145436086	0.00501556688730227	36.771366119384766
21.58	2.8308695652173914	0.08242307692307693	0.005695171323740029	0.24009209421259292	0.010295245671938277	0.004967019203174574	36.31272506713867
21.58	2.8308695652173914	0.09061538461538463	0.006189117450265935	0.2396620613714559	0.010022738735148477	0.00500626151060908	35.37953567504883
21.58	2.8308695652173914	0.09880769230769232	0.004056701806648879	0.23983439419930275	0.010178163122924758	0.0050225741479172255	35.13129425048828
21.58	2.8308695652173914	0.10700000000000001	0.003810209307135073	0.23836620236680459	0.01014307048104152	0.004918179471589722	34.4061279296875
21.58	2.8308695652173914	0.1151923076923077	0.0030727791460370565	0.23916771344366566	0.01000549832174934	0.004952260479060097	34.02187538146973
21.58	2.8308695652173914	0.1233846153846154	0.002285525476923198	0.23950138737119114	0.010050961187752573	0.004900500840565551	33.49424743652344
21.58	2.8308695652173914	0.1315769230769231	0.0009095698542799652	0.24219877913265803	0.010146434438773562	0.005009975553200721	32.48331069946289
21.58	2.8308695652173914	0.13976923076923078	-0.00018293965199032546	0.24214254371027777	0.010014281630991155	0.0049619467052413645	31.65969467163086
21.58	2.8308695652173914	0.14796153846153848	-0.002212138758609086	0.24597854281447215	0.010071477888321512	0.004991346999138564	30.71929931640625
21.58	2.8308695652173914	0.15615384615384617	-0.004683602353311158	0.24852676647415936	0.010085126972670305	0.004970882690797858	29.678741455078125
21.58	2.8308695652173914	0.16434615384615386	-0.008678234490807424	0.2528912774699923	0.010060718031334072	0.004832577522345997	28.640901565551758
21.58	2.8308695652173914	0.17253846153846156	-0.01401713782734939	0.2560497572880496	0.0099179149574	0.0048819483628084	27.666322708129883
21.58	2.8308695652173914	0.18073076923076925	-0.019580820968721553	0.25833596257601416	0.010121190921056317	0.004828960361911496	26.589805603027344
21.58	2.8308695652173914	0.18892307692307694	-0.026520925003123447	0.26026994981887863	0.009932062927335863	0.004487450161656241	25.656829833984375
21.58	2.8308695652173914	0.19711538461538464	-0.033974385701343084	0.2619863716698121	0.009946363464050353	0.004774825311829513	24.773746490478516
21.58	2.8308695652173914	0.20530769230769233	-0.04267083096526533	0.2620319633557333	0.00986461919850468	0.004564188108144076	23.958118438720703
21.58	2.8308695652173914	0.21350000000000002	-0.0515808682794973	0.2627250872469219	0.009888101773661274	0.004572166358619728	23.265911102294922
21.58	2.8308695652173914	0.22169230769230772	-0.06031452206888346	0.2610804462489382	0.009937567949115225	0.004683934363135026	22.61912727355957
21.58	2.8308695652173914	0.2298846153846154	-0.06955300403754093	0.261939221559465	0.009909990382578008	0.004237412279419572	22.04524803161621
21.58	2.8308695652173914	0.2380769230769231	-0.07960507736973094	0.26102328815834475	0.00988483090956069	0.00447529176297462	21.46234130859375
21.58	2.8308695652173914	0.2462692307692308	-0.08936740653523353	0.2601828271342972	0.009675554589249794	0.004430075485361839	20.9151554107666
21.58	2.8308695652173914	0.25446153846153846	-0.09845762093834688	0.2582627269579395	0.009565592678028756	0.004255823106432899	20.461933135986328
21.58	2.8308695652173914	0.2626538461538462	-0.10885943334367239	0.2564426666847727	0.009562003949996853	0.004141673510258213	20.037885665893555
21.58	2.8308695652173914	0.2708461538461539	-0.11704432740159446	0.2554227361129894	0.009493320119354307	0.0041669487362579975	19.6539363861084
21.58	2.8308695652173914	0.27903846153846157	-0.12675683800414317	0.2539197700936644	0.00944163030300498	0.004186616479678128	19.24372673034668
21.58	2.8308695652173914	0.28723076923076923	-0.1342780849115068	0.2512044537895062	0.009606653257575284	0.004380994481602762	18.89067840576172
21.58	2.8308695652173914	0.29542307692307695	-0.14415700251015934	0.24868962749178938	0.00934680303857132	0.003885541705251152	18.568941116333008
21.58	2.8308695652173914	0.3036153846153847	-0.15200238792304635	0.24675958389594596	0.009396631987912053	0.0040806549005830955	18.252912521362305
21.58	2.8308695652173914	0.31180769230769234	-0.16080923726131702	0.24489645836175442	0.00950008305776573	0.003989826757289433	17.96811294555664
21.58	2.8308695652173914	0.32	-0.16646309522921948	0.24281808313389655	0.009245260392937046	0.003960023535138631	17.702781677246094
21.58	2.8395652173913044	0.0005	-0.019313437026094515	0.2635242598917091	0.010850255608472872	0.004126451663461025	14.576393127441406
21.58	2.8395652173913044	0.008692307692307694	0.0103087904862055	0.17200547939573774	0.011056793068071486	0.0042591520892811	37.100711822509766
21.58	2.8395652173913044	0.016884615384615387	0.010410833326706236	0.19552197541927935	0.01122026675467095	0.0044167886519861374	43.298648834228516
21.58	2.8395652173913044	0.02507692307692308	0.014849160130293398	0.19651778895609467	0.011227225980937137	0.00446459753073927	48.71699905395508
21.58	2.8395652173913044	0.03326923076923077	0.012475730097248575	0.20098649917760028	0.011132489940704492	0.004451558958897739	49.613922119140625
21.58	2.8395652173913044	0.041461538461538466	0.01099839321370365	0.20359112678685318	0.01106716186662101	0.0043807642890224	46.71733093261719
21.58	2.8395652173913044	0.04965384615384616	0.011310650026752968	0.20749021230855116	0.011125757626626532	0.004214336941122821	43.948564529418945
21.58	2.8395652173913044	0.05784615384615385	0.009666911851681418	0.2123845855471413	0.01101493498308025	0.0043839314890014814	43.032230377197266
21.58	2.8395652173913044	0.06603846153846155	0.008661952465543236	0.21399118121326846	0.010880126562578302	0.004508046381914564	41.545921325683594
21.58	2.8395652173913044	0.07423076923076924	0.008412273755591539	0.21533288232231806	0.010893521313327582	0.0043558425198794715	39.97429275512695
21.58	2.8395652173913044	0.08242307692307693	0.00978851009034574	0.2179752009765027	0.011016674304983879	0.0046646986130065345	39.46760177612305
21.58	2.8395652173913044	0.09061538461538463	0.008362173768307763	0.22046268170786346	0.010658585808006	0.004396700761000163	37.91526794433594
21.58	2.8395652173913044	0.09880769230769232	0.007995548610904589	0.22243446923992008	0.010746642635729897	0.004379493320359432	37.75727653503418
21.58	2.8395652173913044	0.10700000000000001	0.007114418875760673	0.2235738019527076	0.010694883509871422	0.004446019249472372	36.61262130737305
21.58	2.8395652173913044	0.1151923076923077	0.007277081690306577	0.2268754326511867	0.010743094522298113	0.004339488914261707	35.73442268371582
21.58	2.8395652173913044	0.1233846153846154	0.006411304093341335	0.22876045102618145	0.010690545175715153	0.00430099253556891	34.67112922668457
21.58	2.8395652173913044	0.1315769230769231	0.005013999157960517	0.23104314340177434	0.010889985935399117	0.0044687114516121255	33.589420318603516
21.58	2.8395652173913044	0.13976923076923078	0.003543826115980353	0.23384085783838487	0.010830730877105434	0.0045414395831324585	32.417633056640625
21.58	2.8395652173913044	0.14796153846153848	0.0009127864717235326	0.2385912327621725	0.010788688020593306	0.004324272617392427	31.26905059814453
21.58	2.8395652173913044	0.15615384615384617	-0.0035091500148856404	0.24239957590060898	0.010907560974615057	0.004305279466242455	29.934831619262695
21.58	2.8395652173913044	0.16434615384615386	-0.007466522574972094	0.24594267295358457	0.010919728463218212	0.004239552658654094	28.687332153320312
21.58	2.8395652173913044	0.17253846153846156	-0.012790000589878971	0.24957186050339814	0.010835349771935891	0.004345259870278345	27.557205200195312
21.58	2.8395652173913044	0.18073076923076925	-0.01889291162513822	0.2520548122083265	0.01115970985738677	0.004357801485743765	26.59421157836914
21.58	2.8395652173913044	0.18892307692307694	-0.02604320244007234	0.254474973047446	0.01076509509844559	0.004032756210377666	25.610858917236328
21.58	2.8395652173913044	0.19711538461538464	-0.0336372464066097	0.25652184391808613	0.010914851646207663	0.0043302818082303195	24.83065414428711
21.58	2.8395652173913044	0.20530769230769233	-0.04165170412570887	0.256948149734469	0.010632343838505743	0.003839885700019233	24.06326675415039
21.58	2.8395652173913044	0.21350000000000002	-0.049757681231571316	0.25798687056533365	0.010737115510846315	0.0038538336489199786	23.37485122680664
21.58	2.8395652173913044	0.22169230769230772	-0.05921440564896718	0.257433317118672	0.010715630476648867	0.003747010204763391	22.755338668823242
21.58	2.8395652173913044	0.2298846153846154	-0.0673047393070049	0.2569038439805139	0.010712634354831371	0.003742744122847929	22.144723892211914
21.58	2.8395652173913044	0.2380769230769231	-0.07676605069180754	0.25633820559608145	0.010710719225289482	0.003956815926777911	21.651269912719727
21.58	2.8395652173913044	0.2462692307692308	-0.08580913465455908	0.25470995936496055	0.01079584057483747	0.0037003499387188495	21.155351638793945
21.58	2.8395652173913044	0.25446153846153846	-0.09375676645693985	0.25357224884039775	0.010774425724639268	0.0035435810507456937	20.637767791748047
21.58	2.8395652173913044	0.2626538461538462	-0.10261713276706567	0.2521617513507652	0.010565046255623866	0.0036318110950211008	20.242630004882812
21.58	2.8395652173913044	0.2708461538461539	-0.11034249112565005	0.2500813178493688	0.0107728247619929	0.003581207457420868	19.855606079101562
21.58	2.8395652173913044	0.27903846153846157	-0.11949205322164047	0.24876941960331056	0.010766195661487392	0.0036512558102286853	19.506362915039062
21.58	2.8395652173913044	0.28723076923076923	-0.126971022858945	0.24660213571999226	0.010734017564315683	0.0037025195969646266	19.13780975341797
21.58	2.8395652173913044	0.29542307692307695	-0.1348859977719461	0.24522632696691904	0.010655626504811725	0.0032855947821377116	18.80167007446289
21.58	2.8395652173913044	0.3036153846153847	-0.1406446568042864	0.24248523910202338	0.01047112036867804	0.003226643035039222	18.49773597717285
21.58	2.8395652173913044	0.31180769230769234	-0.1486735644590934	0.2404093613861899	0.010519647350523537	0.0031886457957699065	18.212657928466797
21.58	2.8395652173913044	0.32	-0.15525690063546066	0.23851290831290373	0.01057792653492706	0.003347550139512788	17.933155059814453
21.58	2.8482608695652174	0.0005	-0.029994455377484013	0.3243008985598032	0.012253106880700759	0.0035285064882896056	7.219184875488281
21.58	2.8482608695652174	0.008692307692307694	0.023953198989009224	0.2162240936834757	0.012053886319074626	0.0033651436884224338	37.42570877075195
21.58	2.8482608695652174	0.016884615384615387	0.023641906187956894	0.2435890892468785	0.01205672857332738	0.0035458095669650717	45.84450912475586
21.58	2.8482608695652174	0.02507692307692308	0.022650105918772156	0.2466363448454182	0.011921340199637682	0.0035389641921039824	47.0871467590332
21.58	2.8482608695652174	0.03326923076923077	0.019209698255188402	0.24949993414712357	0.011921974198040261	0.003662070350480614	46.98524856567383
21.58	2.8482608695652174	0.041461538461538466	0.017394571658591845	0.25424857246134946	0.011927586509833157	0.003585149773698203	45.31224822998047
21.58	2.8482608695652174	0.04965384615384616	0.01699718004129371	0.25419628801201055	0.011692402873509953	0.0034133509926502223	43.41606330871582
21.58	2.8482608695652174	0.05784615384615385	0.01471967437933434	0.2538631518513535	0.011681903058037287	0.0034767392400657654	42.082420349121094
21.58	2.8482608695652174	0.06603846153846155	0.013202465969838695	0.2537782439987747	0.01162722079331071	0.0036288772057991112	39.69634246826172
21.58	2.8482608695652174	0.07423076923076924	0.013214292183287932	0.25109940502118444	0.011693162772554853	0.0036517845745981077	38.54217529296875
21.58	2.8482608695652174	0.08242307692307693	0.011142810985215492	0.25033406238328787	0.011628712641126134	0.0035331870378633905	37.696163177490234
21.58	2.8482608695652174	0.09061538461538463	0.009913059370985482	0.24897191544499833	0.011741411541875411	0.0035384408895007013	37.115121841430664
21.58	2.8482608695652174	0.09880769230769232	0.008686893631631736	0.24962989791150778	0.011599850649606964	0.0036407066283780515	36.69200134277344
21.58	2.8482608695652174	0.10700000000000001	0.007576572720820308	0.24749246845807515	0.011539193410954173	0.0036273725363516565	35.80724334716797
21.58	2.8482608695652174	0.1151923076923077	0.006262940593485268	0.24874269020601875	0.011605991939723309	0.003488777041133257	35.03321838378906
21.58	2.8482608695652174	0.1233846153846154	0.004847597997061427	0.2502620812882925	0.011326206987576096	0.0034151855469005087	34.46516799926758
21.58	2.8482608695652174	0.1315769230769231	0.0027547961842653308	0.25219517677924164	0.011636563539934919	0.0036099466681136154	33.5145263671875
21.58	2.8482608695652174	0.13976923076923078	0.00010441500543225471	0.25411671769624167	0.011607389100706453	0.0034305662940996053	32.57817840576172
21.58	2.8482608695652174	0.14796153846153848	-0.0037284564840210244	0.2585875868638609	0.011758787231107952	0.003427399402261412	31.545673370361328
21.58	2.8482608695652174	0.15615384615384617	-0.008079074087549841	0.2640012450435124	0.011754167351908384	0.0032739383778965653	30.54561424255371
21.58	2.8482608695652174	0.16434615384615386	-0.015245352822353037	0.2677231864922605	0.011795904976939527	0.003133648612607084	29.434223175048828
21.58	2.8482608695652174	0.17253846153846156	-0.022205527263690628	0.2710449578159414	0.011806043515917694	0.003005548756972928	28.49530029296875
21.58	2.8482608695652174	0.18073076923076925	-0.03086966294548352	0.2739339280341434	0.011880724702837783	0.0030453035621303033	27.431171417236328
21.58	2.8482608695652174	0.18892307692307694	-0.039802357079074736	0.2761954497728035	0.011889623245566056	0.002809611016591532	26.45800018310547
21.58	2.8482608695652174	0.19711538461538464	-0.04991326058710462	0.2770835626470395	0.011800157331504761	0.0027110665497002053	25.556188583374023
21.58	2.8482608695652174	0.20530769230769233	-0.059827152140983414	0.2780776459323712	0.011887623002770121	0.002720178008622668	24.78781509399414
21.58	2.8482608695652174	0.21350000000000002	-0.06979224995787722	0.27877422536041163	0.011538296249421537	0.0025430768703710686	24.04058837890625
21.58	2.8482608695652174	0.22169230769230772	-0.0801300450273493	0.27949683187538965	0.012158851870993376	0.0024459169105295504	23.390581130981445
21.58	2.8482608695652174	0.2298846153846154	-0.090958861644784	0.2794207781443052	0.011609834848844175	0.002284592142451574	22.825332641601562
21.58	2.8482608695652174	0.2380769230769231	-0.10100313592907548	0.27842813607153966	0.011780868677363459	0.002196493089787683	22.207672119140625
21.58	2.8482608695652174	0.2462692307692308	-0.11143664667530023	0.2778120242774605	0.01185588401429218	0.0022011817795337067	21.682106018066406
21.58	2.8482608695652174	0.25446153846153846	-0.12035893045016959	0.2766499613554996	0.011665989110840979	0.0020203238249868966	21.176937103271484
21.58	2.8482608695652174	0.2626538461538462	-0.13060570502770527	0.2751861290800233	0.011894011374539312	0.001863248738164353	20.754009246826172
21.58	2.8482608695652174	0.2708461538461539	-0.13981567053328428	0.27317022941329283	0.011935388605688246	0.001869550763244274	20.33207130432129
21.58	2.8482608695652174	0.27903846153846157	-0.1495996175537077	0.27183530512011456	0.011855825373883735	0.0018090883585371764	19.96266746520996
21.58	2.8482608695652174	0.28723076923076923	-0.15771729043699956	0.27029093534339665	0.011702425229547685	0.0018745346968770033	19.61006736755371
21.58	2.8482608695652174	0.29542307692307695	-0.16546630994198996	0.26829384106214615	0.012110117577200895	0.0014547531419210151	19.262792587280273
21.58	2.8482608695652174	0.3036153846153847	-0.1736050793105548	0.26564736017201224	0.011744567239285884	0.0014156626888264542	18.95612907409668
21.58	2.8482608695652174	0.31180769230769234	-0.18158908815344565	0.2641260915851389	0.011951698149907224	0.001406099339895555	18.656286239624023
21.58	2.8482608695652174	0.32	-0.18871356940413042	0.2615101630401014	0.01182439876720464	0.001331244870389574	18.392902374267578
21.58	2.8569565217391304	0.0005	-0.04496356940413045	0.15526016304010137	0.012705073933519042	0.0023818697892419253	14.422119140625
21.58	2.8569565217391304	0.008692307692307694	0.02116859538736697	0.13330906060158582	0.012797955024029889	0.0025881661065017365	37.833763122558594
21.58	2.8569565217391304	0.016884615384615387	0.01700590236368533	0.15872281220375858	0.012858643857976072	0.002550715801239126	45.16742706298828
21.58	2.8569565217391304	0.02507692307692308	0.018470746113685335	0.16316617157875862	0.012823660293375502	0.0026465070629345354	48.3011589050293
21.58	2.8569565217391304	0.03326923076923077	0.015878711515770822	0.1657993243020548	0.012742856700620683	0.0026114182193740228	50.14799118041992
21.58	2.8569565217391304	0.041461538461538466	0.01756954195630952	0.1708168087110868	0.012648654929799484	0.002508443174633919	51.663740158081055
21.58	2.8569565217391304	0.04965384615384616	0.01627131460887596	0.1743584974252631	0.012460191983677297	0.002443608953778077	48.741830825805664
21.58	2.8569565217391304	0.05784615384615385	0.014895682620827409	0.17946628095144526	0.012428043266606426	0.0027244351916217895	46.72407150268555
21.58	2.8569565217391304	0.06603846153846155	0.015069943304477527	0.18123468361097578	0.0123859541345058	0.0025988563022862708	44.832916259765625
21.58	2.8569565217391304	0.07423076923076924	0.014121461581251962	0.18169539960096232	0.012342002879695972	0.002538508319075452	43.56088447570801
21.58	2.8569565217391304	0.08242307692307693	0.013626476545025381	0.18671231006763306	0.012205094938909073	0.0024530426827618808	41.89954948425293
21.58	2.8569565217391304	0.09061538461538463	0.012707414180178914	0.18770444171994355	0.012314610854301042	0.002533470771893481	41.84172439575195
21.58	2.8569565217391304	0.09880769230769232	0.012048652524092481	0.19111961474944145	0.012062426351113148	0.0025234892603544007	40.28774642944336
21.58	2.8569565217391304	0.10700000000000001	0.010576586972886012	0.19473806435078622	0.012141496106269672	0.002528764613387032	39.60823440551758
21.58	2.8569565217391304	0.1151923076923077	0.009533730029736343	0.19629364024479434	0.012228897398600145	0.0026128620889062613	38.663944244384766
21.58	2.8569565217391304	0.1233846153846154	0.009014912056871598	0.19987253902189112	0.012197842445894391	0.0025403428791173845	37.673580169677734
21.58	2.8569565217391304	0.1315769230769231	0.006284057614084049	0.20264779279271222	0.012321318064905901	0.002595624388598051	36.55572509765625
21.58	2.8569565217391304	0.13976923076923078	0.00471711664786173	0.20645946798042913	0.01218845552416593	0.002410998066475743	35.66461181640625
21.58	2.8569565217391304	0.14796153846153848	0.0019517453401019496	0.21180497915968638	0.012250785346932861	0.0023758899172003356	34.14091873168945
21.58	2.8569565217391304	0.15615384615384617	-0.0018015724069303206	0.21686946522870906	0.01254962502612777	0.0022100316517364715	32.78969764709473
21.58	2.8569565217391304	0.16434615384615386	-0.006412814686382528	0.221459642735866	0.012602117870534293	0.002046889914742906	31.572067260742188
21.58	2.8569565217391304	0.17253846153846156	-0.011582521478021857	0.22525244237258757	0.012511141866394768	0.0018675051975490064	30.311201095581055
21.58	2.8569565217391304	0.18073076923076925	-0.018381720065417807	0.23081697861526057	0.012597931448777827	0.0015858255204304862	29.134105682373047
21.58	2.8569565217391304	0.18892307692307694	-0.026363854884448576	0.23440611998412653	0.012499202544364534	0.0017463652793023793	27.936140060424805
21.58	2.8569565217391304	0.19711538461538464	-0.03442338046525066	0.23770973703115336	0.01241128885491315	0.0012374819082343557	26.878252029418945
21.58	2.8569565217391304	0.20530769230769233	-0.04297970065754299	0.2401808453233828	0.012630265275398745	0.0013646745114810088	25.97352409362793
21.58	2.8569565217391304	0.21350000000000002	-0.05195921235945235	0.2429732374320595	0.01252770055921919	0.0010250914300361854	25.1395206451416
21.58	2.8569565217391304	0.22169230769230772	-0.06013959355291292	0.24375478276702164	0.012485454317397752	0.0008514731657119808	24.420211791992188
21.58	2.8569565217391304	0.2298846153846154	-0.06958652658318018	0.24525536111537197	0.012747580544584925	0.00039866238856916907	23.7069034576416
21.58	2.8569565217391304	0.2380769230769231	-0.0787209793993955	0.2454879330565321	0.012591558694208619	0.0004541369119245022	23.07189178466797
21.58	2.8569565217391304	0.2462692307692308	-0.08804564884671064	0.24599110236134034	0.01273098278502129	0.000524571035008842	22.527509689331055
21.58	2.8569565217391304	0.25446153846153846	-0.09716836156916625	0.24614450581914754	0.01279588852116557	0.0003335975383258424	21.995487213134766
21.58	2.8569565217391304	0.2626538461538462	-0.10642504802712291	0.2460959119952622	0.012684997678892192	-3.0555488018762305e-05	21.52829933166504
21.58	2.8569565217391304	0.2708461538461539	-0.1148319474696981	0.2452279821719806	0.01249019022837159	-5.1454151520845715e-05	21.079713821411133
21.58	2.8569565217391304	0.27903846153846157	-0.12386134551282359	0.2452592361929867	0.012625770987356622	-0.0002796714804116652	20.6944580078125
21.58	2.8569565217391304	0.28723076923076923	-0.13274889425677447	0.24421855167206488	0.012581498501386717	-0.0005952545339363902	20.291183471679688
21.58	2.8569565217391304	0.29542307692307695	-0.14054547553253555	0.24324116038810567	0.012699403786719828	-0.00042105700381347847	19.94720458984375
21.58	2.8569565217391304	0.3036153846153847	-0.14831900717666952	0.24164056007412	0.01268940170313819	-0.0005102156851075463	19.59320831298828
21.58	2.8569565217391304	0.31180769230769234	-0.15663409652164784	0.24051244233396568	0.012733294038226645	-0.0007269207599615099	19.28624725341797
21.58	2.8569565217391304	0.32	-0.16333905873599489	0.23928354728432255	0.012792120808918311	-0.0007204309295497718	18.98346710205078
21.58	2.8656521739130434	0.0005	-0.07349535630070331	0.17014292086580646	0.013393986124830018	0.0011440403957299662	12.918632507324219
21.58	2.8656521739130434	0.008692307692307694	0.02079336773107261	0.19825683633469074	0.013577482821256053	0.0012702808320996521	38.284507751464844
21.58	2.8656521739130434	0.016884615384615387	0.022335483105540885	0.21983088443892113	0.01363476267533762	0.0013684932330166157	40.98134994506836
21.58	2.8656521739130434	0.02507692307692308	0.017524360511139647	0.2269755940455761	0.013404271402123346	0.0011120459386207053	46.30522155761719
21.58	2.8656521739130434	0.03326923076923077	0.017502651009396325	0.22921024593895342	0.013521847614390441	0.001380271730447527	47.421634674072266
21.58	2.8656521739130434	0.041461538461538466	0.015794153758035286	0.23453742661367355	0.013402066006250421	0.0012328000703134864	45.7544059753418
21.58	2.8656521739130434	0.04965384615384616	0.015067534921036348	0.2340429813965076	0.013259293672030065	0.00128890550698338	44.08529281616211
21.58	2.8656521739130434	0.05784615384615385	0.012701272293270813	0.23544634619176774	0.013072703509957796	0.0013949823138811666	42.09185218811035
21.58	2.8656521739130434	0.06603846153846155	0.010818330318318557	0.23455743222876063	0.013050106450161116	0.0010687047234152634	40.3319149017334
21.58	2.8656521739130434	0.07423076923076924	0.010541265763925261	0.23326367495028844	0.012931082972743375	0.0012786047528130472	39.41266441345215
21.58	2.8656521739130434	0.08242307692307693	0.010075789658469954	0.2337751327155305	0.013084031515710729	0.0013321262888873768	38.623905181884766
21.58	2.8656521739130434	0.09061538461538463	0.008240774842591126	0.23245581519113634	0.01286051763652582	0.0012567718053940668	37.329811096191406
21.58	2.8656521739130434	0.09880769230769232	0.008116741403330595	0.2324714593286021	0.012651680993863879	0.0012792174370343356	36.98297119140625
21.58	2.8656521739130434	0.10700000000000001	0.006322695053507121	0.2307113977777167	0.01273036815555252	0.001311641542372617	36.568660736083984
21.58	2.8656521739130434	0.1151923076923077	0.005438584572960167	0.22993311720661364	0.012439457875893192	0.0012618158912348347	36.1453971862793
21.58	2.8656521739130434	0.1233846153846154	0.004916465114195377	0.23049532074242374	0.01272370981874439	0.0013005875971709487	35.51843070983887
21.58	2.8656521739130434	0.1315769230769231	0.002778076303087268	0.23056387716765092	0.012549877949761243	0.0013804090675814283	34.82264709472656
21.58	2.8656521739130434	0.13976923076923078	0.001684053815632015	0.23195712082071585	0.012513132902973406	0.0013229751582797143	33.8956413269043
21.58	2.8656521739130434	0.14796153846153848	-0.0011631124927282542	0.2337075551655749	0.012767937398803695	0.0012234858868849544	32.86416435241699
21.58	2.8656521739130434	0.15615384615384617	-0.004170479359177994	0.23714720816526155	0.01268164188219071	0.0008353376306403284	31.88905906677246
21.58	2.8656521739130434	0.16434615384615386	-0.008410168426431497	0.23960027457335	0.01294235204387517	0.0009094831680017091	30.875619888305664
21.58	2.8656521739130434	0.17253846153846156	-0.01371244915892671	0.24271227974982845	0.012849178022416913	0.0004680770217277627	29.80910873413086
21.58	2.8656521739130434	0.18073076923076925	-0.02050152706972508	0.2467968652735706	0.01270289353529845	0.0003151321995205161	28.643444061279297
21.58	2.8656521739130434	0.18892307692307694	-0.028260426680336268	0.24953802052004737	0.012930340244367943	0.00024267482995266862	27.644969940185547
21.58	2.8656521739130434	0.19711538461538464	-0.03615771303024379	0.2519641611124809	0.013006875495359522	0.00010825839317614924	26.61894989013672
21.58	2.8656521739130434	0.20530769230769233	-0.04493228481359514	0.25312401360476844	0.012831298073599553	-0.0003622362869450409	25.76683235168457
21.58	2.8656521739130434	0.21350000000000002	-0.05469218072156236	0.2554519320582021	0.012914999552536412	-0.0005778594659716753	24.920475006103516
21.58	2.8656521739130434	0.22169230769230772	-0.06410173067032172	0.25581525655928816	0.012836815883489405	-0.0009088052741258501	24.12256622314453
21.58	2.8656521739130434	0.2298846153846154	-0.07363318243204428	0.2567403243714925	0.013100793543450208	-0.0009538066202235578	23.4561710357666
21.58	2.8656521739130434	0.2380769230769231	-0.0833547758977003	0.25672254481818335	0.012705121476680011	-0.001204093212150408	22.79732322692871
21.58	2.8656521739130434	0.2462692307692308	-0.09349094036059263	0.25679097411397184	0.01273824921183064	-0.0013931961736357388	22.22732925415039
21.58	2.8656521739130434	0.25446153846153846	-0.10316955816774405	0.2571787137469532	0.012709755618849392	-0.001809904905426742	21.66931915283203
21.58	2.8656521739130434	0.2626538461538462	-0.11217498229715112	0.2559479807544355	0.012597628845393281	-0.002360294227296913	21.19179916381836
21.58	2.8656521739130434	0.2708461538461539	-0.12285159862381523	0.25499083210388834	0.012907518416083126	-0.0019896894744629466	20.767255783081055
21.58	2.8656521739130434	0.27903846153846157	-0.13170858955723352	0.25381270606676753	0.012695467190966392	-0.0024267889315392737	20.3642578125
21.58	2.8656521739130434	0.28723076923076923	-0.14104038742093947	0.2538572222366411	0.012801905181980912	-0.002600134113150858	19.9654541015625
21.58	2.8656521739130434	0.29542307692307695	-0.15061544724463136	0.25252226548264206	0.0128324678584921	-0.0027260051930046826	19.625059127807617
21.58	2.8656521739130434	0.3036153846153847	-0.15891276612693317	0.2511557987532739	0.012730543045008263	-0.002854865001245772	19.274581909179688
21.58	2.8656521739130434	0.31180769230769234	-0.16749107999837445	0.2508508435909828	0.012665613973048918	-0.0031132069272648316	18.983043670654297
21.58	2.8656521739130434	0.32	-0.17534213001703153	0.24847635361465004	0.012684533194705609	-0.003457918047843557	18.691957473754883
21.58	2.8743478260869564	0.0005	-0.2752871983764066	0.22335428330215007	0.014172611562834819	-0.0002983142948328159	8.245384216308594
21.58	2.8743478260869564	0.008692307692307694	0.016729702140639825	0.09664919874729899	0.014240040626611859	5.447279567690292e-05	37.481201171875
21.58	2.8743478260869564	0.016884615384615387	0.01252904540743887	0.13931560677703048	0.014250032095650206	0.000154250911106051	44.45546340942383
21.58	2.8743478260869564	0.02507692307692308	0.01158829159559203	0.13886080209485047	0.013963571472986453	-0.0002801194361354468	44.99943542480469
21.58	2.8743478260869564	0.03326923076923077	0.0096521641522598	0.14603225230674982	0.013985291902675955	-0.00014278211072041622	47.26832580566406
21.58	2.8743478260869564	0.041461538461538466	0.008944816762425329	0.14588957106097045	0.013767608408132903	-6.56153373829479e-05	43.88286209106445
21.58	2.8743478260869564	0.04965384615384616	0.008717859626824354	0.15201829281212667	0.013681981114848842	6.560841482581576e-05	43.49782943725586
21.58	2.8743478260869564	0.05784615384615385	0.007454695176491179	0.15624184508231662	0.013314682346170774	-0.00012875475904294603	42.51381874084473
21.58	2.8743478260869564	0.06603846153846155	0.007155791109645889	0.15821410858141927	0.013271079356635341	-5.2007347493797746e-05	40.26516342163086
21.58	2.8743478260869564	0.07423076923076924	0.0072829250305189355	0.161638058468407	0.013187689462098836	0.00011953759023018512	38.90449142456055
21.58	2.8743478260869564	0.08242307692307693	0.006872560254193057	0.16623878404384457	0.013024411260154634	3.597775577365056e-05	38.39326095581055
21.58	2.8743478260869564	0.09061538461538463	0.005703638480020495	0.16875864714775024	0.013070220751250385	0.00015199986055861048	37.842952728271484
21.58	2.8743478260869564	0.09880769230769232	0.005658339041769418	0.1732353634220296	0.01307673220409495	7.979858951237098e-05	37.075448989868164
21.58	2.8743478260869564	0.10700000000000001	0.004949596441277901	0.17645516947672996	0.012796492344853059	7.98832551092083e-05	36.58773612976074
21.58	2.8743478260869564	0.1151923076923077	0.004653073573320231	0.1796993374905836	0.012696840054422863	-5.877464581006195e-05	35.808780670166016
21.58	2.8743478260869564	0.1233846153846154	0.004614875400150994	0.18386352068311404	0.012957593759483644	0.0001359974881446965	35.013526916503906
21.58	2.8743478260869564	0.1315769230769231	0.0028712955172554185	0.1863333552374724	0.012808508783212602	-2.9868211721375985e-05	34.17932319641113
21.58	2.8743478260869564	0.13976923076923078	0.000883344053002867	0.1900630033135866	0.012767089789555635	0.0001663721996958378	33.16167640686035
21.58	2.8743478260869564	0.14796153846153848	-0.0007835325090664532	0.1938199325009674	0.013092940635284928	1.751008640371413e-05	32.12026786804199
21.58	2.8743478260869564	0.15615384615384617	-0.004314149782711926	0.19834685803323113	0.012887025365331895	-0.0002015236422000746	30.814300537109375
21.58	2.8743478260869564	0.16434615384615386	-0.00796874857010977	0.20145162233309127	0.012885711773874601	-0.00029052736035164496	29.791948318481445
21.58	2.8743478260869564	0.17253846153846156	-0.013166734671806955	0.20564430532390607	0.013162104882149852	-0.00046536026090939506	28.724023818969727
21.58	2.8743478260869564	0.18073076923076925	-0.018272949105715423	0.2090969136857463	0.013101097797635726	-0.000989225642274281	27.684864044189453
21.58	2.8743478260869564	0.18892307692307694	-0.024787297591222487	0.21222332339380293	0.013005925259316847	-0.0009240682488515157	26.617263793945312
21.58	2.8743478260869564	0.19711538461538464	-0.03215569227895061	0.2146368405506589	0.012841738335741374	-0.0012420026533353356	25.721309661865234
21.58	2.8743478260869564	0.20530769230769233	-0.039300674925373785	0.21594366382901417	0.012952326139992195	-0.0017643757403653188	24.896757125854492
21.58	2.8743478260869564	0.21350000000000002	-0.04804359255220109	0.2178666037698927	0.012881190609976743	-0.0018392672681307475	24.141063690185547
21.58	2.8743478260869564	0.22169230769230772	-0.05621657739254946	0.21906170476746736	0.01269048699926887	-0.0023056769178706822	23.44582748413086
21.58	2.8743478260869564	0.2298846153846154	-0.06467073425418679	0.219546256172084	0.012907017706361362	-0.002430897560853209	22.80384635925293
21.58	2.8743478260869564	0.2380769230769231	-0.07399164289717478	0.21972259416948192	0.012662090743933128	-0.0027697686845765835	22.207101821899414
21.58	2.8743478260869564	0.2462692307692308	-0.08261281699423592	0.21987078621755474	0.012721644936286181	-0.002990508908059645	21.641759872436523
21.58	2.8743478260869564	0.25446153846153846	-0.09168515257833888	0.2186472602119085	0.012654249361989351	-0.0033385426247871594	21.126144409179688
21.58	2.8743478260869564	0.2626538461538462	-0.1003253968604154	0.21891599853838284	0.012605493608575047	-0.003364309320458495	20.67719078063965
21.58	2.8743478260869564	0.2708461538461539	-0.10905140183282908	0.21864930153746692	0.012525644700949043	-0.003730685115514725	20.254379272460938
21.58	2.8743478260869564	0.27903846153846157	-0.1183264864092676	0.21793778308615008	0.01257533964197529	-0.0041674619790040114	19.861377716064453
21.58	2.8743478260869564	0.28723076923076923	-0.12590572678523804	0.21712076922717394	0.012723606935778928	-0.00423724669340226	19.503074645996094
21.58	2.8743478260869564	0.29542307692307695	-0.13487651626852074	0.21567092941563465	0.01243523334818372	-0.004668113481561811	19.158817291259766
21.58	2.8743478260869564	0.3036153846153847	-0.14312347642529166	0.2150832814791872	0.012380433649819568	-0.004793757684528936	18.83614158630371
21.58	2.8743478260869564	0.31180769230769234	-0.15122594222651634	0.2138896826046341	0.01233450747648555	-0.005219542991544697	18.49842071533203
21.58	2.8743478260869564	0.32	-0.15854712347265387	0.21216403030588116	0.012410890528916179	-0.005380930358807172	18.232019424438477
21.58	2.8830434782608694	0.0005	0.038327879817679066	0.06997652978244569	0.014664736917141794	-0.002252750168235134	11.251792907714844
21.58	2.8830434782608694	0.008692307692307694	0.006494259488990064	0.20225162776697522	0.014503560692749528	-0.0023061493812953195	38.533451080322266
21.58	2.8830434782608694	0.016884615384615387	0.00844105689715361	0.2193211417696262	0.014541988013873422	-0.0021609613884016957	38.768959045410156
21.58	2.8830434782608694	0.02507692307692308	0.0052002056308439945	0.22788416918411944	0.014338131457376207	-0.002210905047241472	44.68025588989258
21.58	2.8830434782608694	0.03326923076923077	0.005569965554137595	0.230495149126837	0.014118071159797171	-0.0022923990314217407	46.401878356933594
21.58	2.8830434782608694	0.041461538461538466	0.004829794977682529	0.23399987012498547	0.014128486463929217	-0.002204473694064877	45.017555236816406
21.58	2.8830434782608694	0.04965384615384616	0.002891219180433897	0.23562211271609645	0.013896845041028507	-0.001991314597032331	43.42025375366211
21.58	2.8830434782608694	0.05784615384615385	0.002635527175276425	0.24107158061351164	0.01355403778259185	-0.0020092456740724	40.370140075683594
21.58	2.8830434782608694	0.06603846153846155	0.0018260361831708579	0.23853263225727953	0.013706642486856994	-0.00172484518085407	38.53950881958008
21.58	2.8830434782608694	0.07423076923076924	0.0016625680234356524	0.23646537470021523	0.013265464389221236	-0.0017983368070083792	37.644466400146484
21.58	2.8830434782608694	0.08242307692307693	0.001847557371489579	0.23871199390241182	0.01315864840300905	-0.0015604659449881058	36.60775375366211
21.58	2.8830434782608694	0.09061538461538463	0.001398109063664884	0.23733615969272412	0.013000790852788246	-0.0015121186585591996	35.71202850341797
21.58	2.8830434782608694	0.09880769230769232	0.0012554155440726018	0.23773847912402907	0.012918275707897497	-0.001466028710524721	35.016496658325195
21.58	2.8830434782608694	0.10700000000000001	9.868780127809178e-05	0.23709161644973864	0.012783485729783474	-0.001291281042204103	34.41536521911621
21.58	2.8830434782608694	0.1151923076923077	0.00017093519198417356	0.23740040533699647	0.012841417418132321	-0.0014982484861054673	33.52017402648926
21.58	2.8830434782608694	0.1233846153846154	-0.00036853047569572955	0.23912530855265074	0.012681906074941938	-0.0014236393296148467	32.785430908203125
21.58	2.8830434782608694	0.1315769230769231	-0.0021906187209118798	0.23767278205826237	0.012793703474869064	-0.0014822240287760487	31.968820571899414
21.58	2.8830434782608694	0.13976923076923078	-0.004434185453252574	0.23977806746486802	0.012575584792076612	-0.0016498867952688089	30.9874267578125
21.58	2.8830434782608694	0.14796153846153848	-0.006714232858181639	0.24162093167040494	0.012731951454677449	-0.0015927728320572917	30.005828857421875
21.58	2.8830434782608694	0.15615384615384617	-0.011220724323326433	0.24435512977877863	0.012843311913152	-0.0018522390446052224	28.935409545898438
21.58	2.8830434782608694	0.16434615384615386	-0.016419905558380063	0.24650667574544163	0.012689071759827713	-0.0020924866372653457	27.96129608154297
21.58	2.8830434782608694	0.17253846153846156	-0.022556683500481962	0.24898077890867115	0.01288304060258916	-0.0022315099680319537	27.05418586730957
21.58	2.8830434782608694	0.18073076923076925	-0.029622885664178263	0.2505444471597087	0.012782356098711808	-0.002535451539073785	26.15043830871582
21.58	2.8830434782608694	0.18892307692307694	-0.03646790824498611	0.2513848123930784	0.012635247378154506	-0.0028636020448849957	25.269466400146484
21.58	2.8830434782608694	0.19711538461538464	-0.04431989246298189	0.2516406246698153	0.012556334167462043	-0.0031467774879476345	24.45843505859375
21.58	2.8830434782608694	0.20530769230769233	-0.052848117423882755	0.2516321361884167	0.012400411551848805	-0.0033794854976551317	23.697120666503906
21.58	2.8830434782608694	0.21350000000000002	-0.06170935172836747	0.2514172552054953	0.012301939853699905	-0.0037006200264330545	23.01102066040039
21.58	2.8830434782608694	0.22169230769230772	-0.07001422348090336	0.2505309622368619	0.012228406856349744	-0.003927005321027833	22.385915756225586
21.58	2.8830434782608694	0.2298846153846154	-0.07905255342814989	0.24970244499949346	0.012178098218508723	-0.0040491281131859016	21.800582885742188
21.58	2.8830434782608694	0.2380769230769231	-0.08762464597484142	0.24878239021489443	0.012134597129396322	-0.004489120986866142	21.305429458618164
21.58	2.8830434782608694	0.2462692307692308	-0.09607599470427304	0.24652608069444118	0.011836336329496159	-0.00470005402417209	20.779287338256836
21.58	2.8830434782608694	0.25446153846153846	-0.10493587725458713	0.24491288706047507	0.011854152680829105	-0.005062331938307257	20.31113052368164
21.58	2.8830434782608694	0.2626538461538462	-0.1132661861523929	0.24301775896882585	0.011686473058118218	-0.005530683516097392	19.923595428466797
21.58	2.8830434782608694	0.2708461538461539	-0.12177631512085213	0.241343288741996	0.011449677804823224	-0.005577689899199087	19.522363662719727
21.58	2.8830434782608694	0.27903846153846157	-0.1303926735351445	0.2382915914654633	0.011493126665929524	-0.005789641849240199	19.136337280273438
21.58	2.8830434782608694	0.28723076923076923	-0.13800284582829142	0.23763081528360044	0.011710897372439638	-0.0059104548759163	18.793437957763672
21.58	2.8830434782608694	0.29542307692307695	-0.145448487027884	0.2351489557395412	0.011396609374594966	-0.006191507062761887	18.491024017333984
21.58	2.8830434782608694	0.3036153846153847	-0.15353876611213552	0.23248626828556396	0.011388640017492555	-0.0066065222612123045	18.17264175415039
21.58	2.8830434782608694	0.31180769230769234	-0.1602290152641224	0.22979006076122785	0.011369564717995783	-0.006851670118852711	17.900272369384766
21.58	2.8830434782608694	0.32	-0.16691466015581752	0.22854211144651668	0.011142075236614913	-0.006965359836091397	17.610219955444336
21.58	2.8917391304347824	0.0005	-0.0839922968745675	0.19046227746214173	0.013940053705020303	-0.003691103986244844	7.7738037109375
21.58	2.8917391304347824	0.008692307692307694	0.004348968878419904	0.15235508675753115	0.013620381095416492	-0.0036291966632846524	38.4365348815918
21.58	2.8917391304347824	0.016884615384615387	0.008372504707457332	0.1729229010648185	0.013772365724161718	-0.003511734560088663	41.99380874633789
21.58	2.8917391304347824	0.02507692307692308	0.005452470179678707	0.1788399212068969	0.01342002275264203	-0.0035882278926682816	43.712379455566406
21.58	2.8917391304347824	0.03326923076923077	0.004817737001447883	0.1784308172461595	0.01336772927238453	-0.0034490746401379018	44.51434326171875
21.58	2.8917391304347824	0.041461538461538466	0.004219785996749017	0.1819697520748852	0.013021715617197269	-0.0035471733614586415	43.16893005371094
21.58	2.8917391304347824	0.04965384615384616	0.003327596281225743	0.18607815703094463	0.012935117986559906	-0.0034146947393987217	43.61367416381836
21.58	2.8917391304347824	0.05784615384615385	0.004135239217932287	0.1890569468373106	0.012678732080236928	-0.002995971959784975	42.852102279663086
21.58	2.8917391304347824	0.06603846153846155	0.0037363485438180587	0.1902868722909735	0.012358482563445503	-0.0029999527332982548	40.09370040893555
21.58	2.8917391304347824	0.07423076923076924	0.004026664404001969	0.1930267781800031	0.012354519619114055	-0.002775188296699921	38.73882484436035
21.58	2.8917391304347824	0.08242307692307693	0.0032015552385490846	0.19659039610583223	0.012088555367520369	-0.0025988158928971056	37.01373863220215
21.58	2.8917391304347824	0.09061538461538463	0.0032715326514807025	0.19915561276307203	0.011917263360419986	-0.0026020185694280184	36.5194206237793
21.58	2.8917391304347824	0.09880769230769232	0.002425633991096565	0.20188039099146707	0.011924035911999161	-0.002412379393163397	35.452924728393555
21.58	2.8917391304347824	0.10700000000000001	0.0014403064484065993	0.20474985444788235	0.011676258523622845	-0.0023837698531441335	34.954612731933594
21.58	2.8917391304347824	0.1151923076923077	0.0007968873465723008	0.21020539028440013	0.011773155404118324	-0.002367404063692322	33.93941688537598
21.58	2.8917391304347824	0.1233846153846154	-0.0011984079396062885	0.21389114780221474	0.011704971487526483	-0.002337838752845292	33.40377235412598
21.58	2.8917391304347824	0.1315769230769231	-0.0033699044412250595	0.21698511899469322	0.011577892013405344	-0.0023559549426091643	32.03224563598633
21.58	2.8917391304347824	0.13976923076923078	-0.0071443036583522645	0.2204356040230543	0.011688771419630083	-0.002346637487041894	31.091083526611328
21.58	2.8917391304347824	0.14796153846153848	-0.011482967989851146	0.2247634020020306	0.011763302693088049	-0.0025856919030753612	30.09075355529785
21.58	2.8917391304347824	0.15615384615384617	-0.017617576843459513	0.22790744685018954	0.011680730524334689	-0.00269322236480558	28.962215423583984
21.58	2.8917391304347824	0.16434615384615386	-0.024768292721474548	0.23095366943373308	0.011621469163855216	-0.003200201386041602	27.84770393371582
21.58	2.8917391304347824	0.17253846153846156	-0.032310779675954956	0.23437471196732457	0.01147284020967326	-0.0033442869624678356	26.87269401550293
21.58	2.8917391304347824	0.18073076923076925	-0.04086590086737714	0.23514809923954366	0.011513417730158647	-0.003534747975257293	25.98402214050293
21.58	2.8917391304347824	0.18892307692307694	-0.04906953403808594	0.2361240424723321	0.011388618248855696	-0.003752249835369741	25.05263328552246
21.58	2.8917391304347824	0.19711538461538464	-0.05803033421908126	0.23646139969980978	0.011178170370948268	-0.004090177144743946	24.283924102783203
21.58	2.8917391304347824	0.20530769230769233	-0.06749431235403103	0.23703477122339756	0.011157272019880827	-0.0043881111337301364	23.60651969909668
21.58	2.8917391304347824	0.21350000000000002	-0.07634009426147026	0.23740262035730628	0.010958957194976506	-0.004614450931676261	22.959806442260742
21.58	2.8917391304347824	0.22169230769230772	-0.0859191801419208	0.23742897717663738	0.011090490335298454	-0.004888353193436647	22.30875587463379
21.58	2.8917391304347824	0.2298846153846154	-0.09504032021219554	0.23643064969803787	0.010839359426459392	-0.0052556183453391775	21.7716007232666
21.58	2.8917391304347824	0.2380769230769231	-0.1037762785457809	0.23574092536817823	0.010735748075635904	-0.005543081674616845	21.234821319580078
21.58	2.8917391304347824	0.2462692307692308	-0.11211767954847088	0.2341659985735406	0.010696465833857917	-0.005717949616294651	20.779319763183594
21.58	2.8917391304347824	0.25446153846153846	-0.1216475173537668	0.23288523253650417	0.010482287990439987	-0.006041809697333787	20.373645782470703
21.58	2.8917391304347824	0.2626538461538462	-0.13047083845111512	0.2313116984425248	0.010198505711665837	-0.006333543175499008	19.95934295654297
21.58	2.8917391304347824	0.2708461538461539	-0.1383263903650778	0.22978376194348277	0.010220081727235566	-0.006578821237128515	19.551332473754883
21.58	2.8917391304347824	0.27903846153846157	-0.1463724350886742	0.22744754647698898	0.010065896897791875	-0.006951443073269267	19.226322174072266
21.58	2.8917391304347824	0.28723076923076923	-0.15379278872976332	0.22567346635509267	0.010107869225003174	-0.00690986311929577	18.87806510925293
21.58	2.8917391304347824	0.29542307692307695	-0.16127654666937336	0.22388896432034805	0.010035265808192138	-0.0072649961271110865	18.559152603149414
21.58	2.8917391304347824	0.3036153846153847	-0.1678806413089902	0.2218653104365783	0.009751147943488987	-0.007416295114813919	18.241931915283203
21.58	2.8917391304347824	0.31180769230769234	-0.17479101465208055	0.2202918949369571	0.009649111344724737	-0.007759032765494564	17.994863510131836
21.58	2.8917391304347824	0.32	-0.18212280502708472	0.21758064742091382	0.009594842628603297	-0.00806254268659927	17.725940704345703
21.58	2.9004347826086954	0.0005	0.05249044963352396	0.12449875289778492	0.013248885140602417	-0.005497702555191169	13.856300354003906
21.58	2.9004347826086954	0.008692307692307694	0.0067018580921740685	0.24094712587277678	0.013104079973063322	-0.005442228103087117	35.04808807373047
21.58	2.9004347826086954	0.016884615384615387	0.006847216305379848	0.2514507588989493	0.013081208371331504	-0.005527486627241712	41.306312561035156
21.58	2.9004347826086954	0.02507692307692308	0.0006469981046962562	0.2578967389709709	0.01269723940025845	-0.005378076165678619	42.286102294921875
21.58	2.9004347826086954	0.03326923076923077	0.003336158514923745	0.2616377938339559	0.012716849930073233	-0.005054105256120683	43.132957458496094
21.58	2.9004347826086954	0.041461538461538466	0.003993947598121458	0.2629260160528195	0.012439206745209819	-0.004848577838469207	43.98582458496094
21.58	2.9004347826086954	0.04965384615384616	0.005385740605618205	0.2629605176368335	0.0120031300758163	-0.004815924454736811	41.298309326171875
21.58	2.9004347826086954	0.05784615384615385	0.0035988387828013633	0.26724170965530664	0.011792913365434437	-0.004494432849750076	43.20733451843262
21.58	2.9004347826086954	0.06603846153846155	0.005557647931614772	0.2636873509869372	0.01145194290822695	-0.004143056002426816	41.005943298339844
21.58	2.9004347826086954	0.07423076923076924	0.005249126787700948	0.2614337251712496	0.011268934969080185	-0.003980671828016936	39.5909423828125
21.58	2.9004347826086954	0.08242307692307693	0.005231513172791592	0.2620343647040355	0.011076031433872448	-0.0035904864733902	38.25600051879883
21.58	2.9004347826086954	0.09061538461538463	0.004369908917167474	0.2611730903345089	0.010862286867591346	-0.003455771540816356	36.91022491455078
21.58	2.9004347826086954	0.09880769230769232	0.0031687912479093014	0.26012306842109245	0.010778967318906527	-0.003273936012342317	36.23202896118164
21.58	2.9004347826086954	0.10700000000000001	0.0032882432126818666	0.25868731595930317	0.0106524880883318	-0.003065996647051009	35.3269157409668
21.58	2.9004347826086954	0.1151923076923077	0.0015591016364560103	0.2597824675503906	0.010527073996005262	-0.002870861991827783	34.51601219177246
21.58	2.9004347826086954	0.1233846153846154	-0.0003360955548106025	0.2601925800903993	0.01044992780908744	-0.0027836335940558993	33.74638557434082
21.58	2.9004347826086954	0.1315769230769231	-0.003851012586672442	0.2607015336863989	0.010551067144321096	-0.002936489013666399	32.80269813537598
21.58	2.9004347826086954	0.13976923076923078	-0.008299851799536625	0.2626619535284202	0.010562926600711179	-0.0028805442860745517	31.608352661132812
21.58	2.9004347826086954	0.14796153846153848	-0.01447114743282392	0.26531970623169887	0.010580343875814243	-0.0030682959372940644	30.625015258789062
21.58	2.9004347826086954	0.15615384615384617	-0.02157624543547236	0.26776784418385924	0.010524273685695976	-0.0033703475114627594	29.638227462768555
21.58	2.9004347826086954	0.16434615384615386	-0.029531512343283526	0.2692496977956266	0.010283098874169533	-0.003670162461366276	28.557621002197266
21.58	2.9004347826086954	0.17253846153846156	-0.03819019278595183	0.27056680886876205	0.010414529297446164	-0.003924536098344519	27.530447006225586
21.58	2.9004347826086954	0.18073076923076925	-0.04721933978704433	0.27207993220959037	0.010008657892036442	-0.00428062567729324	26.476348876953125
21.58	2.9004347826086954	0.18892307692307694	-0.05654886579811366	0.2728559523846333	0.009945063560957744	-0.004358584500551994	25.503131866455078
21.58	2.9004347826086954	0.19711538461538464	-0.06630566699340384	0.27324753402087915	0.009717106322017248	-0.004906192973958662	24.75327491760254
21.58	2.9004347826086954	0.20530769230769233	-0.07582606222367684	0.2721846362666523	0.009751992917438106	-0.005032964805766224	23.995729446411133
21.58	2.9004347826086954	0.21350000000000002	-0.08479458657911816	0.2720289460008328	0.009504639256567672	-0.005412458827392892	23.322206497192383
21.58	2.9004347826086954	0.22169230769230772	-0.09383334025951554	0.27125958478106027	0.00934553474500025	-0.005472094963922554	22.684555053710938
21.58	2.9004347826086954	0.2298846153846154	-0.10281518267847714	0.2696492644022469	0.009312945749227846	-0.005866967859594549	22.13313102722168
21.58	2.9004347826086954	0.2380769230769231	-0.11279590000848505	0.2687547257871573	0.009218945168540355	-0.006023298459214899	21.61061668395996
21.58	2.9004347826086954	0.2462692307692308	-0.12051445665261228	0.26643299812198523	0.009130668675355698	-0.006323716375740389	21.13869285583496
21.58	2.9004347826086954	0.25446153846153846	-0.1304861639668652	0.2649316178423251	0.008961586155101182	-0.00664395067278678	20.66436195373535
21.58	2.9004347826086954	0.2626538461538462	-0.1370764025081755	0.2622796170787373	0.008814188760426923	-0.0067914707647880644	20.250244140625
21.58	2.9004347826086954	0.2708461538461539	-0.14602568570171603	0.26006411300203425	0.008673610688807596	-0.007029775445044138	19.8900146484375
21.58	2.9004347826086954	0.27903846153846157	-0.15308642595885008	0.25801580666443513	0.008382804266245408	-0.007518531969067295	19.52544403076172
21.58	2.9004347826086954	0.28723076923076923	-0.16106605827490472	0.2554695145018055	0.008507487166664567	-0.007754344348421647	19.230365753173828
21.58	2.9004347826086954	0.29542307692307695	-0.16784566044489527	0.2529629678256466	0.00830586494530761	-0.007690040496225913	18.916582107543945
21.58	2.9004347826086954	0.3036153846153847	-0.17429233064300842	0.25116300952784587	0.008265284938991299	-0.00796798931812074	18.63518714904785
21.58	2.9004347826086954	0.31180769230769234	-0.18095222510352735	0.24926579810510013	0.008234732182778655	-0.008150353846312058	18.312530517578125
21.58	2.9004347826086954	0.32	-0.18754535284883317	0.2466863200979928	0.008178509024206845	-0.008494524092210626	18.081663131713867
21.58	2.9091304347826084	0.0005	0.05022914595843306	0.3407079226783162	0.011958132378901042	-0.005661735980137521	14.264244079589844
21.58	2.9091304347826084	0.008692307692307694	0.005555224604318046	0.2163058239481097	0.011983199254870102	-0.0055738008358811875	37.055294036865234
21.58	2.9091304347826084	0.016884615384615387	0.007591825550621265	0.2244930832921591	0.011956324013255328	-0.005215829905422662	41.644432067871094
21.58	2.9091304347826084	0.02507692307692308	0.0028098441792781315	0.2246783396503952	0.0114472094673773	-0.005187087405803933	44.088680267333984
21.58	2.9091304347826084	0.03326923076923077	0.0036301560971979552	0.21801781015751404	0.011115231780827427	-0.005119520512099966	41.14060974121094
21.58	2.9091304347826084	0.041461538461538466	0.00393664318063301	0.22198925571796932	0.01073193253513637	-0.0049044202927639976	41.674503326416016
21.58	2.9091304347826084	0.04965384615384616	0.0038971652449160373	0.21833215671563844	0.01053350735774096	-0.004663769315830696	40.63490676879883
21.58	2.9091304347826084	0.05784615384615385	0.0037151897817434875	0.21850013723687553	0.010108912020245307	-0.004231293558425422	41.13068389892578
21.58	2.9091304347826084	0.06603846153846155	0.0045519220202746	0.216542362702054	0.009964086994318028	-0.003824504320093582	41.63876914978027
21.58	2.9091304347826084	0.07423076923076924	0.003013154331997879	0.21505279889641385	0.00964077302780814	-0.003705593896322572	41.313358306884766
21.58	2.9091304347826084	0.08242307692307693	0.0039493406456270275	0.21340871801910977	0.00940369562918525	-0.0034435964493246193	39.999427795410156
21.58	2.9091304347826084	0.09061538461538463	0.00227124311960805	0.21334308972762367	0.008987774400042576	-0.00313840928724625	39.535518646240234
21.58	2.9091304347826084	0.09880769230769232	0.0011836828759550764	0.21388090496565204	0.009032807535522066	-0.0030010335935688713	38.82937812805176
21.58	2.9091304347826084	0.10700000000000001	-0.0006960601348401352	0.2147213073114363	0.00901635787543762	-0.0026038804371641905	37.457040786743164
21.58	2.9091304347826084	0.1151923076923077	-0.0020167277881574285	0.2161786152265568	0.008767045508496604	-0.002424605438500731	37.130510330200195
21.58	2.9091304347826084	0.1233846153846154	-0.005366445575362437	0.21971129034292336	0.008792548146498345	-0.0026352131948262202	36.61966133117676
21.58	2.9091304347826084	0.1315769230769231	-0.007954757530695192	0.22066069231015084	0.008909441336247933	-0.002391862516400508	35.28030204772949
21.58	2.9091304347826084	0.13976923076923078	-0.01338244330648928	0.2242524270980658	0.009012074275667303	-0.002552306395674204	34.21627616882324
21.58	2.9091304347826084	0.14796153846153848	-0.018681809350835517	0.22839113754681695	0.008862910185990296	-0.002577217631457192	32.920352935791016
21.58	2.9091304347826084	0.15615384615384617	-0.025562176904087467	0.23208820553811488	0.0088431251262174	-0.0029710981973328143	31.576583862304688
21.58	2.9091304347826084	0.16434615384615386	-0.03370118152742976	0.23685075564002753	0.008710718326032414	-0.0029790422906732996	30.262849807739258
21.58	2.9091304347826084	0.17253846153846156	-0.04297360212731178	0.2395951485575481	0.008766255601023369	-0.003466652435413598	29.068496704101562
21.58	2.9091304347826084	0.18073076923076925	-0.052287495480412644	0.24228634920668102	0.008906551460114934	-0.003656510203286631	27.79790687561035
21.58	2.9091304347826084	0.18892307692307694	-0.06217908826147208	0.2449870701087477	0.00858028020057343	-0.004013938804753469	26.892845153808594
21.58	2.9091304347826084	0.19711538461538464	-0.07219623168494876	0.2472009036780705	0.008409882282812742	-0.0042179852167765295	25.902677536010742
21.58	2.9091304347826084	0.20530769230769233	-0.08231237623405038	0.24948789473598793	0.008511770926187533	-0.004555507340614058	25.041465759277344
21.58	2.9091304347826084	0.21350000000000002	-0.09276843359513008	0.25079057937925736	0.008406247404408422	-0.004753642868512618	24.273035049438477
21.58	2.9091304347826084	0.22169230769230772	-0.10285596573160122	0.2513792508904622	0.008267630627878022	-0.004991558689493179	23.668277740478516
21.58	2.9091304347826084	0.2298846153846154	-0.11331830514029692	0.2514542630565152	0.008116496033934597	-0.005038592076856805	22.996671676635742
21.58	2.9091304347826084	0.2380769230769231	-0.12388607990944847	0.25257716943277353	0.00787719148072773	-0.005524822940060926	22.440778732299805
21.58	2.9091304347826084	0.2462692307692308	-0.13320966063840867	0.25240877601580297	0.00793590396549538	-0.005788430066738652	21.905879974365234
21.58	2.9091304347826084	0.25446153846153846	-0.14267535805410403	0.25239970232299763	0.008019676656591247	-0.00614366223564717	21.439294815063477
21.58	2.9091304347826084	0.2626538461538462	-0.1523917894647029	0.2509138171198257	0.007824760350127524	-0.0063262789205713165	21.01854133605957
21.58	2.9091304347826084	0.2708461538461539	-0.16078645101045638	0.250083144438494	0.007592465783023557	-0.00671308247776539	20.651134490966797
21.58	2.9091304347826084	0.27903846153846157	-0.16980426761550277	0.2488540660459958	0.007411713810214701	-0.006928496878519711	20.228656768798828
21.58	2.9091304347826084	0.28723076923076923	-0.17787092581521202	0.24747721867751954	0.007288674691134497	-0.0070414303133403714	19.892484664916992
21.58	2.9091304347826084	0.29542307692307695	-0.18617947467652685	0.24632957660595595	0.007343887573969213	-0.007577761167342432	19.55190086364746
21.58	2.9091304347826084	0.3036153846153847	-0.1938100097021901	0.24460052993855186	0.007093603499978441	-0.007773711650954685	19.242507934570312
21.58	2.9091304347826084	0.31180769230769234	-0.20093300777763445	0.24341402434817214	0.007086960635045174	-0.007809584380355084	18.991350173950195
21.58	2.9091304347826084	0.32	-0.20880599256684487	0.24205767318396834	0.007165214124837326	-0.008216185498861564	18.692508697509766
21.58	2.917826086956522	0.0005	-0.2588059925668449	0.18580767318396832	0.00987417250522728	-0.0037682744535803463	10.8531494140625
21.58	2.917826086956522	0.008692307692307694	-0.008547666750219673	0.1961475999482235	0.010108295766407045	-0.0038472222433145755	38.6569938659668
21.58	2.917826086956522	0.016884615384615387	-0.006854367587785258	0.22368956367811452	0.00965709577399368	-0.0036440874044028526	39.20454406738281
21.58	2.917826086956522	0.02507692307692308	-0.006180669675673764	0.22705683955970415	0.009759509027619535	-0.0035334722984525805	43.91445541381836
21.58	2.917826086956522	0.03326923076923077	-0.007079728450967447	0.22760404416267777	0.009376761388961952	-0.0035210076177608863	43.936767578125
21.58	2.917826086956522	0.041461538461538466	-0.0043906518259434904	0.23186542857329695	0.00934586702281092	-0.0031806576227408883	42.89984893798828
21.58	2.917826086956522	0.04965384615384616	-0.002366012137153881	0.23163620815619007	0.009153644939605212	-0.0030213138681374208	42.40492820739746
21.58	2.917826086956522	0.05784615384615385	-0.0011792121009396746	0.23493278665174927	0.008718145711490134	-0.00272157551642338	42.07442855834961
21.58	2.917826086956522	0.06603846153846155	9.936638907917232e-05	0.23178654169370627	0.008556070313714255	-0.0023813602132236227	42.251325607299805
21.58	2.917826086956522	0.07423076923076924	0.0012846419567746732	0.23185776726515242	0.00840060941595572	-0.0024749092420165734	41.44875907897949
21.58	2.917826086956522	0.08242307692307693	0.0024218611009872376	0.2314490384735705	0.008223861362464835	-0.0019677242628745335	40.90223693847656
21.58	2.917826086956522	0.09061538461538463	0.002160286746033171	0.23042752465341038	0.008102977283622623	-0.0018144216424275392	40.835710525512695
21.58	2.917826086956522	0.09880769230769232	0.001353251570066138	0.22849750839310726	0.007817963820529353	-0.0017096598450990594	40.61677932739258
21.58	2.917826086956522	0.10700000000000001	0.0009207227352761479	0.2271662543448343	0.007813031049576044	-0.0014529747517734457	40.24415588378906
21.58	2.917826086956522	0.1151923076923077	-3.7043114031027463e-05	0.22775977772331826	0.00779063776933572	-0.0012686554588870525	38.86057472229004
21.58	2.917826086956522	0.1233846153846154	-0.0008233863309270836	0.22880520295954343	0.007832682053101146	-0.001239287842467511	37.7479362487793
21.58	2.917826086956522	0.1315769230769231	-0.003419301799653674	0.22831566274272277	0.007765782289332612	-0.0010505068261844638	36.68024444580078
21.58	2.917826086956522	0.13976923076923078	-0.005743160768381363	0.23030496122559535	0.007975120949684545	-0.0011975687958037068	35.08059501647949
21.58	2.917826086956522	0.14796153846153848	-0.0094110604232103	0.23240584121708072	0.00797368056887117	-0.0013125341443316388	34.070091247558594
21.58	2.917826086956522	0.15615384615384617	-0.015172860919661774	0.23503351490964058	0.008001134960109447	-0.0013794424957683637	32.68718338012695
21.58	2.917826086956522	0.16434615384615386	-0.020497221461661115	0.23815227532778743	0.008085605048877727	-0.0019084528386389707	31.191104888916016
21.58	2.917826086956522	0.17253846153846156	-0.026926154605276843	0.24102079654131894	0.007831125151756244	-0.0020801202622418545	29.912748336791992
21.58	2.917826086956522	0.18073076923076925	-0.0357479964041823	0.24260045952251477	0.007829786207034688	-0.0023811169125643543	28.58358383178711
21.58	2.917826086956522	0.18892307692307694	-0.04412667012156187	0.2450390969505004	0.007772150220384704	-0.002576812646574212	27.463178634643555
21.58	2.917826086956522	0.19711538461538464	-0.053199778349601795	0.24697151790024308	0.00798021219760217	-0.0027728778615265784	26.40749168395996
21.58	2.917826086956522	0.20530769230769233	-0.06250354053176407	0.2483985998523902	0.007773428095045763	-0.0031168752813310876	25.473896026611328
21.58	2.917826086956522	0.21350000000000002	-0.07176503472859905	0.249836510526239	0.007668580825373417	-0.0037209930316297176	24.693023681640625
21.58	2.917826086956522	0.22169230769230772	-0.08161262171769107	0.25095944615404364	0.007540017803746935	-0.003971590630796336	23.928497314453125
21.58	2.917826086956522	0.2298846153846154	-0.09077692315674739	0.2514869923177462	0.00742326112285834	-0.0044544903793208475	23.231046676635742
21.58	2.917826086956522	0.2380769230769231	-0.1002687899413932	0.25121169769209695	0.0074769212666071965	-0.0044553089434699305	22.660545349121094
21.58	2.917826086956522	0.2462692307692308	-0.10913172223389758	0.25092895575336105	0.007248483872873044	-0.004698143971038968	22.100839614868164
21.58	2.917826086956522	0.25446153846153846	-0.11875861100430049	0.2503845233886112	0.007159663255612198	-0.004994480522607067	21.580795288085938
21.58	2.917826086956522	0.2626538461538462	-0.12750476233877117	0.2497485163124519	0.007152574325315196	-0.005551263284339655	21.164752960205078
21.58	2.917826086956522	0.2708461538461539	-0.13775732409894254	0.250205894053074	0.007094531769766065	-0.005662651314769025	20.77385711669922
21.58	2.917826086956522	0.27903846153846157	-0.14559113797194573	0.24814568559945183	0.006775974280180861	-0.005925582790184255	20.414039611816406
21.58	2.917826086956522	0.28723076923076923	-0.15392625542635346	0.246601977450923	0.006655119700422463	-0.0061104837778844555	20.027755737304688
21.58	2.917826086956522	0.29542307692307695	-0.16097944143912785	0.2457811400633782	0.006808185772620732	-0.0063463422773753185	19.683250427246094
21.58	2.917826086956522	0.3036153846153847	-0.16935226829228373	0.2446228530826611	0.0065182661263812666	-0.006598331907190596	19.422513961791992
21.58	2.917826086956522	0.31180769230769234	-0.17672207581982774	0.24213267596763483	0.006359138531525678	-0.006972654798775768	19.104284286499023
21.58	2.917826086956522	0.32	-0.18476548459185543	0.24069450989848784	0.00643906352067198	-0.006927842586240712	18.8089599609375
21.58	2.926521739130435	0.0005	-0.01365161206377927	0.3025887836564224	0.009482712765172534	-0.0008480007128795666	13.066139221191406
21.58	2.926521739130435	0.008692307692307694	-0.006531854067372865	0.17646809468063382	0.00925736852854186	-0.0011229276977027984	36.747650146484375
21.58	2.926521739130435	0.016884615384615387	-0.0036359789066522557	0.20325231096788493	0.009105475850209918	-0.0010553217050764602	42.26539993286133
21.58	2.926521739130435	0.02507692307692308	-0.007293510644933509	0.20520619890733804	0.008932889069997701	-0.0009548199765200361	41.59539794921875
21.58	2.926521739130435	0.03326923076923077	-0.004905891626378825	0.21204499743028726	0.008719292185356928	-0.0011814628659925852	42.90284729003906
21.58	2.926521739130435	0.041461538461538466	-0.0047476012912852	0.2106540837033507	0.008359813720593856	-0.0011981867267134706	43.030391693115234
21.58	2.926521739130435	0.04965384615384616	-0.0026724193898302736	0.20755590355832537	0.00822938509885197	-0.001114466684492368	41.37098693847656
21.58	2.926521739130435	0.05784615384615385	-0.004203600557195781	0.21081925043423122	0.007872503752000095	-0.0011263977003803341	41.81073760986328
21.58	2.926521739130435	0.06603846153846155	-0.0038612240270253354	0.20711599671800096	0.0077888411357235265	-0.000822791032080838	41.919464111328125
21.58	2.926521739130435	0.07423076923076924	-0.005221849025838957	0.20676153330602437	0.007546756393453079	-0.0008230787044294884	40.740623474121094
21.58	2.926521739130435	0.08242307692307693	-0.005117805975169823	0.20718188969655654	0.0075245085817721566	-0.0006658824855700115	40.247358322143555
21.58	2.926521739130435	0.09061538461538463	-0.00520806921647428	0.20564640828281977	0.007354259936801847	-0.000499789786084249	38.707157135009766
21.58	2.926521739130435	0.09880769230769232	-0.0067893482135439245	0.20403476701922865	0.0072561867301154225	-0.0004195863515913605	38.65680694580078
21.58	2.926521739130435	0.10700000000000001	-0.007165458364954029	0.2065412524143621	0.007234360687903809	-0.0002318822346122117	37.18740272521973
21.58	2.926521739130435	0.1151923076923077	-0.009319273683481243	0.2058248462550855	0.007289141632896483	1.895805014027158e-05	36.66769981384277
21.58	2.926521739130435	0.1233846153846154	-0.011151950450886758	0.207497437523572	0.007334327731106395	5.953117649451488e-05	35.47728157043457
21.58	2.926521739130435	0.1315769230769231	-0.012899251474729086	0.20766431537871227	0.007281462566308115	5.113769081699957e-05	34.38911437988281
21.58	2.926521739130435	0.13976923076923078	-0.0154227120536735	0.21015336021375913	0.007403229521602444	-0.0001354830697815434	33.64445495605469
21.58	2.926521739130435	0.14796153846153848	-0.018952169592789773	0.21444978256952374	0.007576650501365695	-0.0001767382090898467	32.36634826660156
21.58	2.926521739130435	0.15615384615384617	-0.023087567696034136	0.21742055738434496	0.007462769706986767	-0.00025038547097810005	31.3218994140625
21.58	2.926521739130435	0.16434615384615386	-0.028185090624406335	0.22034037999722045	0.00749497367600856	-0.0006274309343703798	30.064443588256836
21.58	2.926521739130435	0.17253846153846156	-0.0340841891399169	0.22355300627562089	0.007320369261239136	-0.0008787507133243622	29.018001556396484
21.58	2.926521739130435	0.18073076923076925	-0.042059113794907795	0.2258288052816409	0.0073708497911720156	-0.0012770050741986237	28.01150894165039
21.58	2.926521739130435	0.18892307692307694	-0.05090963780099182	0.22834367351336032	0.0076202744086767155	-0.0015513091506457741	26.883026123046875
21.58	2.926521739130435	0.19711538461538464	-0.060077374129496215	0.231198343532891	0.007335804349745047	-0.0017290214591701185	25.893709182739258
21.58	2.926521739130435	0.20530769230769233	-0.0695161116317014	0.23271080497230645	0.0072609713275909905	-0.0022013472455289676	25.08151626586914
21.58	2.926521739130435	0.21350000000000002	-0.07993667986926212	0.2338153098562471	0.007180301924833592	-0.0025246784182745754	24.354331970214844
21.58	2.926521739130435	0.22169230769230772	-0.08935090383516706	0.2350792640822803	0.007419325994584882	-0.002469764792169152	23.55634307861328
21.58	2.926521739130435	0.2298846153846154	-0.09954273335331057	0.2355138130718461	0.007051753513161498	-0.0030848814546647575	22.881052017211914
21.58	2.926521739130435	0.2380769230769231	-0.11001131040454107	0.2358717528439686	0.0070602403880287296	-0.0033564402919313945	22.279815673828125
21.58	2.926521739130435	0.2462692307692308	-0.11991585480815749	0.2363751722100008	0.00689612565395812	-0.0035150033586564345	21.742046356201172
21.58	2.926521739130435	0.25446153846153846	-0.1299788946921287	0.23546583089705586	0.006747183778071597	-0.0038380530996750557	21.253463745117188
21.58	2.926521739130435	0.2626538461538462	-0.1395586573601283	0.23466067305639654	0.00658062018747642	-0.004520445682701346	20.815114974975586
21.58	2.926521739130435	0.2708461538461539	-0.14958170880153668	0.2334903877496659	0.006685512429164923	-0.0047429368734446566	20.399242401123047
21.58	2.926521739130435	0.27903846153846157	-0.15924200196340568	0.233112033110851	0.006914386861087954	-0.0046217000247997415	20.03141975402832
21.58	2.926521739130435	0.28723076923076923	-0.16850310996114168	0.23235985148993182	0.006497756398228196	-0.0049868091538518835	19.64661979675293
21.58	2.926521739130435	0.29542307692307695	-0.17739556467445566	0.23035616249327137	0.006234981625397738	-0.005408240723621013	19.347328186035156
21.58	2.926521739130435	0.3036153846153847	-0.1857399435206876	0.22942908852492977	0.006062016507307645	-0.0053204752167388715	19.040925979614258
21.58	2.926521739130435	0.31180769230769234	-0.19412398662175617	0.22789731485891884	0.0060895932971605435	-0.005915218136986752	18.742250442504883
21.58	2.926521739130435	0.32	-0.20253310808887065	0.22671180046563638	0.0058480769416335565	-0.006187149443074688	18.443164825439453
21.58	2.935217391304348	0.0005	-0.20472427019824563	0.2740903405046988	0.007385509160921899	0.0008646636463609646	9.215179443359375
21.58	2.935217391304348	0.008692307692307694	-0.014918763078209551	0.116851730836424	0.00781510814789935	0.0011197104640203429	31.595115661621094
21.58	2.935217391304348	0.016884615384615387	-0.017856502105611686	0.1432532852726577	0.007809753009007906	0.0010841362822890208	44.7025032043457
21.58	2.935217391304348	0.02507692307692308	-0.016440182386079374	0.1490043506626456	0.00779069595467891	0.0011485737588490946	46.596500396728516
21.58	2.935217391304348	0.03326923076923077	-0.015634739592726377	0.16008386718275805	0.0075103594727574125	0.001158964707991999	46.29035568237305
21.58	2.935217391304348	0.041461538461538466	-0.014313856080248542	0.16347486162514419	0.007562144494544917	0.0008502012771889123	46.087310791015625
21.58	2.935217391304348	0.04965384615384616	-0.015113539398721947	0.1720634164866338	0.007278353455791339	0.0008981678260486705	44.840505599975586
21.58	2.935217391304348	0.05784615384615385	-0.01290654395683803	0.1787456874030963	0.007230189797797905	0.0009466102094254967	43.93320846557617
21.58	2.935217391304348	0.06603846153846155	-0.011108358067935042	0.17927424648868046	0.007213098709518514	0.0009742838404371357	42.137834548950195
21.58	2.935217391304348	0.07423076923076924	-0.009299703610671967	0.18551217238847745	0.006912180369119967	0.0008690207241259834	40.628665924072266
21.58	2.935217391304348	0.08242307692307693	-0.009335558440185366	0.1872806452163343	0.006893480151715963	0.0010497673878189847	39.42685127258301
21.58	2.935217391304348	0.09061538461538463	-0.00961225258326176	0.1885460212077545	0.0069335565794330055	0.0012154849127249375	38.492910385131836
21.58	2.935217391304348	0.09880769230769232	-0.009574463238474162	0.1903553917254852	0.006812929387150491	0.0012180346404770158	37.44155502319336
21.58	2.935217391304348	0.10700000000000001	-0.009259541480165535	0.19220626235899207	0.006836774340514492	0.0010685437240860575	36.57779121398926
21.58	2.935217391304348	0.1151923076923077	-0.010238691820304378	0.1945686524149354	0.006735064799114553	0.0011527286760448913	35.50274085998535
21.58	2.935217391304348	0.1233846153846154	-0.010525439350603558	0.19695885295334692	0.006954547328190415	0.0013441631779541976	34.69171905517578
21.58	2.935217391304348	0.1315769230769231	-0.01180575624369652	0.19865620854840255	0.006694132214097522	0.0009356505663375655	33.580060958862305
21.58	2.935217391304348	0.13976923076923078	-0.013812253815407027	0.20093507815332723	0.006934881388985603	0.0010636192758398458	32.36720657348633
21.58	2.935217391304348	0.14796153846153848	-0.01602770367975013	0.20424784474649874	0.006909011480440642	0.0007455909288290236	31.140100479125977
21.58	2.935217391304348	0.15615384615384617	-0.019506025857875513	0.20769744232871973	0.0069901185159618375	0.0006446898421807591	30.11730194091797
21.58	2.935217391304348	0.16434615384615386	-0.02393814335274188	0.21049441760928855	0.00712580511163416	0.0003366113572252225	28.96783447265625
21.58	2.935217391304348	0.17253846153846156	-0.02917169327339112	0.21180559972790433	0.006975513137974681	-7.154150798131045e-06	27.955232620239258
21.58	2.935217391304348	0.18073076923076925	-0.03517557641210681	0.21439091841884172	0.0070677767105802695	-0.00036127316892762597	26.979969024658203
21.58	2.935217391304348	0.18892307692307694	-0.04316582752552189	0.21558759240180486	0.0070199441897852155	-0.0007576529784631974	26.009531021118164
21.58	2.935217391304348	0.19711538461538464	-0.05094062778415229	0.21733288685756394	0.006875124247843719	-0.0011363272508398388	25.112957000732422
21.58	2.935217391304348	0.20530769230769233	-0.058668983861056706	0.21737169692802577	0.00709481677449071	-0.0011543948311997405	24.30524444580078
21.58	2.935217391304348	0.21350000000000002	-0.06667360541708545	0.2183949760352015	0.006858608755338992	-0.0015795126356538281	23.504058837890625
21.58	2.935217391304348	0.22169230769230772	-0.07582798531325116	0.2192731081978316	0.006788352837621918	-0.0018964755274241722	22.871089935302734
21.58	2.935217391304348	0.2298846153846154	-0.08427726744371047	0.21868466256755786	0.0068086378419320364	-0.00250155513797606	22.250404357910156
21.58	2.935217391304348	0.2380769230769231	-0.09238222479783363	0.21790249146239934	0.006504725709234291	-0.0025663811003503265	21.67017936706543
21.58	2.935217391304348	0.2462692307692308	-0.10149886781312889	0.2171010085260319	0.006419028793102581	-0.0029008904531671784	21.15145492553711
21.58	2.935217391304348	0.25446153846153846	-0.10904864619681975	0.21520650351255297	0.0063227428500297125	-0.003070465008897103	20.673038482666016
21.58	2.935217391304348	0.2626538461538462	-0.11791543500020511	0.2145535672182715	0.0060209419917966744	-0.0034296937833566505	20.267038345336914
21.58	2.935217391304348	0.2708461538461539	-0.1269710464914084	0.21351441239067673	0.00606841069579353	-0.003663729530045837	19.88838005065918
21.58	2.935217391304348	0.27903846153846157	-0.13400966846838003	0.21136572175720095	0.006073821745321978	-0.003910138703940174	19.510353088378906
21.58	2.935217391304348	0.28723076923076923	-0.14221394008071966	0.20950153451386458	0.005871318814257411	-0.004021313105121048	19.169845581054688
21.58	2.935217391304348	0.29542307692307695	-0.14997394301043698	0.20874080941985912	0.005593850960003673	-0.004323850440118183	18.81881332397461
21.58	2.935217391304348	0.3036153846153847	-0.15713894542202733	0.2065411809443968	0.005639647296966341	-0.004569740081364503	18.531362533569336
21.58	2.935217391304348	0.31180769230769234	-0.1638573121939565	0.20446988295520993	0.005283169184251562	-0.005034584633745707	18.237220764160156
21.58	2.935217391304348	0.32	-0.17141736154116616	0.20245671756930408	0.005539747819280424	-0.005128702237046664	17.998741149902344
21.58	2.943913043478261	0.0005	-0.019073611541166165	0.15284734256930405	0.007763196857271967	0.003234018149561283	12.815879821777344
21.58	2.943913043478261	0.008692307692307694	-0.0004479706720255407	0.1454262305087572	0.007899996192176906	0.003270465175029362	39.36846160888672
21.58	2.943913043478261	0.016884615384615387	-0.0032890126541994615	0.17021157183117913	0.007874783503553088	0.003335841445209256	44.207244873046875
21.58	2.943913043478261	0.02507692307692308	-0.003489097337276254	0.17682676281811457	0.007706883191690616	0.0030314522784689636	46.48755645751953
21.58	2.943913043478261	0.03326923076923077	-0.0007931662737769506	0.18312523467148445	0.007845357544690096	0.0028783589084413613	47.16281509399414
21.58	2.943913043478261	0.041461538461538466	-0.0038938507364741992	0.18704623174681356	0.007454977089113913	0.002668866256908734	45.002620697021484
21.58	2.943913043478261	0.04965384615384616	-0.0051424156699590795	0.19093268412007622	0.007192826459749831	0.0025087712581235763	41.90959167480469
21.58	2.943913043478261	0.05784615384615385	-0.005371148308020127	0.19701935351668526	0.007432901629030742	0.002816049434902801	40.902292251586914
21.58	2.943913043478261	0.06603846153846155	-0.004696918587605993	0.19800600079040545	0.006980902871406245	0.002329183445045837	39.38331604003906
21.58	2.943913043478261	0.07423076923076924	-0.006573376042242685	0.20011670699029732	0.007078724504833549	0.00236299430260604	37.61486053466797
21.58	2.943913043478261	0.08242307692307693	-0.00670148117159444	0.20059086330722914	0.00709691393137058	0.0025104629640713442	36.51376152038574
21.58	2.943913043478261	0.09061538461538463	-0.007610845754582159	0.20238533800927708	0.007007495496240204	0.0022003728913308467	35.33444595336914
21.58	2.943913043478261	0.09880769230769232	-0.009637317165809406	0.20304840978840383	0.007004559389046381	0.0022956230545436154	34.546897888183594
21.58	2.943913043478261	0.10700000000000001	-0.009554519314859386	0.2039718932583677	0.006933799721995496	0.002343263986050594	33.70498275756836
21.58	2.943913043478261	0.1151923076923077	-0.01111669142965027	0.2063147560360997	0.006798164686669262	0.002066787553120654	33.268062591552734
21.58	2.943913043478261	0.1233846153846154	-0.01226245681743311	0.208711966585222	0.007028058570885185	0.0021453381403933845	32.2043342590332
21.58	2.943913043478261	0.1315769230769231	-0.015000682277485605	0.2105203178635271	0.006938037297701288	0.0019851526203210333	31.372215270996094
21.58	2.943913043478261	0.13976923076923078	-0.01838485687027859	0.21484868320808131	0.006958618387336316	0.0018655293093761958	30.529495239257812
21.58	2.943913043478261	0.14796153846153848	-0.021535652150407293	0.21872725232947182	0.007075731880477427	0.001686351293343019	29.630706787109375
21.58	2.943913043478261	0.15615384615384617	-0.026091681610261774	0.22240498665446415	0.007131850960602092	0.0014356244512984736	28.635873794555664
21.58	2.943913043478261	0.16434615384615386	-0.0327665837687586	0.2254191295038575	0.007139941108498579	0.0011673683103268619	27.815418243408203
21.58	2.943913043478261	0.17253846153846156	-0.03986883001543434	0.22712192271431517	0.006906290347278675	0.0007717451163458534	26.901697158813477
21.58	2.943913043478261	0.18073076923076925	-0.04812117447950073	0.22813512495190827	0.006922799793282069	0.0003951629944107481	26.021915435791016
21.58	2.943913043478261	0.18892307692307694	-0.057368512436413555	0.22953685596290035	0.006694880042925212	-0.00020454601392906892	25.246557235717773
21.58	2.943913043478261	0.19711538461538464	-0.06649132359529969	0.23115775159672353	0.006716961833216725	-0.00031542125652223843	24.459760665893555
21.58	2.943913043478261	0.20530769230769233	-0.07645551039739071	0.23027577945161454	0.006746148592562281	-0.0005097469327597099	23.678791046142578
21.58	2.943913043478261	0.21350000000000002	-0.08567275769083184	0.23048182049466426	0.006843914765228806	-0.0006841073981535829	23.023889541625977
21.58	2.943913043478261	0.22169230769230772	-0.09517424324358702	0.23108977466551023	0.006405427993856321	-0.0010387282847136245	22.40460205078125
21.58	2.943913043478261	0.2298846153846154	-0.10518048702570498	0.22917677674637543	0.006342968084539693	-0.0015298141517869116	21.770658493041992
21.58	2.943913043478261	0.2380769230769231	-0.11499290134557241	0.22780720013214634	0.006338723551710655	-0.0015450469367588003	21.302480697631836
21.58	2.943913043478261	0.2462692307692308	-0.12366706981006728	0.22679097127364836	0.0059912391493719365	-0.0021067654363673373	20.76388168334961
21.58	2.943913043478261	0.25446153846153846	-0.13309754864172219	0.22567616910131538	0.005969379784572631	-0.002250612799659906	20.332311630249023
21.58	2.943913043478261	0.2626538461538462	-0.14187137334945932	0.22314393759542692	0.005996558908098998	-0.002520657956777147	19.932571411132812
21.58	2.943913043478261	0.2708461538461539	-0.15086360074376107	0.22169752889790453	0.005568735710469197	-0.002633369273242255	19.552291870117188
21.58	2.943913043478261	0.27903846153846157	-0.1590087588999461	0.2192199142095449	0.005588747584770158	-0.0029197354392423622	19.176301956176758
21.58	2.943913043478261	0.28723076923076923	-0.16735522884980109	0.21799774374044073	0.005435119925965649	-0.0031851076763261188	18.874408721923828
21.58	2.943913043478261	0.29542307692307695	-0.17492399935715164	0.2151031611643223	0.005517958590058934	-0.0033887243508062643	18.538042068481445
21.58	2.943913043478261	0.3036153846153847	-0.18240022814094403	0.21342988412087266	0.005307148843543542	-0.003734654316141308	18.227066040039062
21.58	2.943913043478261	0.31180769230769234	-0.18944435923549996	0.21144567456641417	0.005096385120585506	-0.004003183046230669	17.967824935913086
21.58	2.943913043478261	0.32	-0.19596704520542935	0.20880390014538913	0.005138072847792826	-0.004277903266707987	17.7158203125
21.58	2.952608695652174	0.0005	-0.24196466483433557	0.1592212280262485	0.006975875763699477	0.003984310195258908	13.883781433105469
21.58	2.952608695652174	0.008692307692307694	-0.004872669189603133	0.0898260704638544	0.007496971004601036	0.004573092891022168	38.363258361816406
21.58	2.952608695652174	0.016884615384615387	-0.004256909971149531	0.11624523467629316	0.007273139532352032	0.004315744088106506	44.90449905395508
21.58	2.952608695652174	0.02507692307692308	-0.003751974205510585	0.11870589860494349	0.00715812778676842	0.004274176816378379	47.62453842163086
21.58	2.952608695652174	0.03326923076923077	-0.0015738708357953411	0.13277060000035287	0.007199269090468406	0.003974472961889327	46.50066375732422
21.58	2.952608695652174	0.041461538461538466	-0.0029572964376110467	0.14016193414869196	0.006988475403025281	0.003960774103958342	46.68130111694336
21.58	2.952608695652174	0.04965384615384616	-0.0030224718291118656	0.1472551609739283	0.007032950202364436	0.0036989325511844985	45.39177322387695
21.58	2.952608695652174	0.05784615384615385	-0.0020428029160936226	0.1523160352909026	0.007047464772648953	0.003545315927646241	43.204322814941406
21.58	2.952608695652174	0.06603846153846155	-0.0041790019656671555	0.16126150748905368	0.006871347979984435	0.003375333701287326	40.59295082092285
21.58	2.952608695652174	0.07423076923076924	-0.002891507381127486	0.16164453812134622	0.006944615877867449	0.003470042378004431	39.7379093170166
21.58	2.952608695652174	0.08242307692307693	-0.0031079461595622197	0.16711079755855512	0.006993756383395425	0.0034084742192344677	38.60894584655762
21.58	2.952608695652174	0.09061538461538463	-0.004136945162176844	0.1697634763491129	0.006817851399004225	0.003203905025068442	37.17507553100586
21.58	2.952608695652174	0.09880769230769232	-0.004631640221200644	0.1743338125582574	0.006819067230439044	0.0030228022629241492	36.500701904296875
21.58	2.952608695652174	0.10700000000000001	-0.0054928612026607145	0.1772712830919096	0.006925888320810758	0.0031908545485674032	35.51386260986328
21.58	2.952608695652174	0.1151923076923077	-0.006346094332398135	0.18123809565795512	0.006854657299672384	0.0029906392907758355	34.30294227600098
21.58	2.952608695652174	0.1233846153846154	-0.00830718928662929	0.1869132448465058	0.0069339592187756365	0.00289668906820688	33.15256118774414
21.58	2.952608695652174	0.1315769230769231	-0.00991344730317462	0.18991159497061338	0.0067260254267947385	0.0026667198751190767	32.118160247802734
21.58	2.952608695652174	0.13976923076923078	-0.012837761479372711	0.19379286046721567	0.006842113261771232	0.002711349272171709	31.09430694580078
21.58	2.952608695652174	0.14796153846153848	-0.017537831679415923	0.1988490252320284	0.00703232289600325	0.0025771876076368934	30.119413375854492
21.58	2.952608695652174	0.15615384615384617	-0.021501345748334517	0.20312916361082284	0.006842885510587591	0.0020713922399927254	29.18757438659668
21.58	2.952608695652174	0.16434615384615386	-0.026498818683399674	0.20631373512306994	0.0066701471200656505	0.0018189842112178174	28.07761001586914
21.58	2.952608695652174	0.17253846153846156	-0.033410989271011084	0.21045307735779545	0.0064547959181931215	0.0015201479263130665	27.17789649963379
21.58	2.952608695652174	0.18073076923076925	-0.04151220385818849	0.2125025908466346	0.006551150198515094	0.001207356407322357	26.30738067626953
21.58	2.952608695652174	0.18892307692307694	-0.04959133047072224	0.2133125828157243	0.006654005581502654	0.0009166374935557635	25.468231201171875
21.58	2.952608695652174	0.19711538461538464	-0.057878033720627504	0.215423528860283	0.0064394413006071535	0.000710114441058077	24.65640640258789
21.58	2.952608695652174	0.20530769230769233	-0.06595868596830723	0.21552917167887592	0.006383717690913341	0.00033390926054836263	23.90093994140625
21.58	2.952608695652174	0.21350000000000002	-0.07397752149752658	0.21485683009255246	0.006275798933314957	-6.065569668032888e-05	23.293474197387695
21.58	2.952608695652174	0.22169230769230772	-0.08329964162722805	0.21540484824807452	0.006064219425407158	-0.0004563505627461403	22.695785522460938
21.58	2.952608695652174	0.2298846153846154	-0.09035654441648691	0.21470882150558296	0.006143224683565004	-0.0003755692491554363	22.099843978881836
21.58	2.952608695652174	0.2380769230769231	-0.0992412686737495	0.21337259193733948	0.0058423676240820545	-0.0009618711225643942	21.575063705444336
21.58	2.952608695652174	0.2462692307692308	-0.10745194642136509	0.21283944038984448	0.005681305133961973	-0.0009833426488993968	21.07568359375
21.58	2.952608695652174	0.25446153846153846	-0.11448474879639856	0.21134584664211686	0.005586521849668017	-0.0013258209457062	20.639644622802734
21.58	2.952608695652174	0.2626538461538462	-0.12333731743770354	0.21075456800715145	0.005495720708617834	-0.0013590039741329183	20.224895477294922
21.58	2.952608695652174	0.2708461538461539	-0.12959163244118543	0.2079525555770559	0.005413069505853135	-0.0016605781891438959	19.857423782348633
21.58	2.952608695652174	0.27903846153846157	-0.1383319779069629	0.20685158270180112	0.005226903270833365	-0.0019478714269228134	19.492034912109375
21.58	2.952608695652174	0.28723076923076923	-0.144950095178236	0.2059248117912596	0.00500842833747965	-0.002036436295851911	19.110889434814453
21.58	2.952608695652174	0.29542307692307695	-0.151123312251146	0.20432885701011338	0.004876626212829676	-0.0022894863731414985	18.834609985351562
21.58	2.952608695652174	0.3036153846153847	-0.1573755985083683	0.20165177019953198	0.004861437018301758	-0.0022719711793831973	18.517127990722656
21.58	2.952608695652174	0.31180769230769234	-0.16341567366194637	0.1997816491202678	0.00493668245018671	-0.0024766973293334164	18.25714874267578
21.58	2.952608695652174	0.32	-0.16956347221251322	0.19757974624776284	0.004674375312804844	-0.002904655272763062	17.991954803466797
21.58	2.961304347826087	0.0005	-0.04516771664102416	0.20836770673723137	0.0076241753606318555	0.004945564256209898	14.164077758789062
21.58	2.961304347826087	0.008692307692307694	0.015646527344781516	0.1689861021188385	0.007902525907093885	0.00503080202033436	38.85437774658203
21.58	2.961304347826087	0.016884615384615387	0.015379065657455084	0.1866266186532861	0.007770809682961779	0.004851136574867835	45.663326263427734
21.58	2.961304347826087	0.02507692307692308	0.014672980839807158	0.19220274306808766	0.007675739861243638	0.0047443904037512245	47.046531677246094
21.58	2.961304347826087	0.03326923076923077	0.014233835237521298	0.19836137967159206	0.007508372773391893	0.004564490238074854	47.18055725097656
21.58	2.961304347826087	0.041461538461538466	0.011703132661480074	0.20389074815412211	0.00750419507216882	0.004406311707716638	44.96963119506836
21.58	2.961304347826087	0.04965384615384616	0.00940549877514279	0.20458612872262644	0.0074681223233496775	0.004158830186390267	42.97469711303711
21.58	2.961304347826087	0.05784615384615385	0.008060124696194113	0.2078247035580025	0.007337372245981936	0.004045711301014782	40.457664489746094
21.58	2.961304347826087	0.06603846153846155	0.006919475172608075	0.2087152254959838	0.007363464379385147	0.003935270443141454	39.187156677246094
21.58	2.961304347826087	0.07423076923076924	0.004964235744400795	0.20544128589856342	0.007360995337079073	0.0039242070072666516	37.15948295593262
21.58	2.961304347826087	0.08242307692307693	0.003639848917477485	0.20547667424175634	0.00736995716974473	0.003742014388159195	36.84255599975586
21.58	2.961304347826087	0.09061538461538463	0.0024017563425462653	0.20508184468194696	0.007185063043596177	0.003797567688200761	35.82991027832031
21.58	2.961304347826087	0.09880769230769232	0.0008631445898437639	0.20564643429796595	0.007342928172219228	0.0036732590683767824	34.946210861206055
21.58	2.961304347826087	0.10700000000000001	-0.001137810601009196	0.20601290272164735	0.007259957150094726	0.003528892756710599	34.1786003112793
21.58	2.961304347826087	0.1151923076923077	-0.002552759675396749	0.20726030965882924	0.007274561748978115	0.0038411879826174672	33.65969276428223
21.58	2.961304347826087	0.1233846153846154	-0.004651624453996566	0.20878359513311548	0.0074019283832294155	0.003617861167537143	32.645307540893555
21.58	2.961304347826087	0.1315769230769231	-0.007796052638935179	0.2130087158353508	0.007062471455579642	0.003437782285919397	31.985057830810547
21.58	2.961304347826087	0.13976923076923078	-0.011184834158541893	0.21657726931753307	0.007220928083221818	0.003308217806444844	31.099185943603516
21.58	2.961304347826087	0.14796153846153848	-0.016581713716062044	0.221870806109111	0.007179245056579417	0.0032111259667485814	30.13443374633789
21.58	2.961304347826087	0.15615384615384617	-0.022877507175929165	0.22598867945071277	0.007078153301986873	0.0029049086105931	29.236013412475586
21.58	2.961304347826087	0.16434615384615386	-0.03002891256115891	0.23027938085888486	0.00705090442606038	0.0028990239888901114	28.322120666503906
21.58	2.961304347826087	0.17253846153846156	-0.038839072230855975	0.23338748419244462	0.006717535312379263	0.0021452093698733467	27.492897033691406
21.58	2.961304347826087	0.18073076923076925	-0.047537441523543854	0.23602490263963802	0.006880527206027983	0.0021108577555785553	26.616601943969727
21.58	2.961304347826087	0.18892307692307694	-0.05755913888447877	0.23782886206006915	0.006601038031687383	0.0018760901039079428	25.747825622558594
21.58	2.961304347826087	0.19711538461538464	-0.06721423123913892	0.23917039788810185	0.006622428237407595	0.0015979668508965207	24.95427894592285
21.58	2.961304347826087	0.20530769230769233	-0.07782564703325814	0.2408160493245127	0.006483403537211276	0.001459970954347142	24.184715270996094
21.58	2.961304347826087	0.21350000000000002	-0.08733743357007195	0.2413506071581245	0.00635250878561041	0.0012371692984924293	23.538114547729492
21.58	2.961304347826087	0.22169230769230772	-0.0970523883707405	0.24134952532588244	0.006275720097219404	0.0007045685133091165	22.85562515258789
21.58	2.961304347826087	0.2298846153846154	-0.10791096087219687	0.24090096974216604	0.0062212825465033025	0.000602307327197396	22.269344329833984
21.58	2.961304347826087	0.2380769230769231	-0.11774965702203319	0.24109282214383349	0.006158394923989718	0.00039024626918527283	21.736923217773438
21.58	2.961304347826087	0.2462692307692308	-0.12706537807321602	0.2398871329670791	0.0059792708635208235	0.00021709886251793456	21.265090942382812
21.58	2.961304347826087	0.25446153846153846	-0.136569416292264	0.23988159156607441	0.0059172239147877856	-9.566302677247688e-05	20.799062728881836
21.58	2.961304347826087	0.2626538461538462	-0.1454398853516238	0.2384117104050214	0.005769166112282523	-0.00021169921055009963	20.39163589477539
21.58	2.961304347826087	0.2708461538461539	-0.15481168465204853	0.23747356867487307	0.005711234069009054	-0.00042399802659095684	19.981821060180664
21.58	2.961304347826087	0.27903846153846157	-0.16414194109976843	0.23517708816533317	0.005532119520490495	-0.0006948456313610519	19.60519790649414
21.58	2.961304347826087	0.28723076923076923	-0.17085632396252418	0.23385724460933133	0.005366341650651045	-0.0008663623292077946	19.265222549438477
21.58	2.961304347826087	0.29542307692307695	-0.1787113757184293	0.23242920970771233	0.005265098190676376	-0.0009979104444708979	18.973594665527344
21.58	2.961304347826087	0.3036153846153847	-0.18653630034042817	0.22999621711455237	0.005245171012868293	-0.0011759572220210032	18.680278778076172
21.58	2.961304347826087	0.31180769230769234	-0.19297341705152588	0.22922645600458652	0.004926857842153648	-0.0014804985006701436	18.41006851196289
21.58	2.961304347826087	0.32	-0.19980223957301874	0.2269441722467732	0.004981641301190294	-0.0016327632085480846	18.120859146118164
21.58	2.97	0.0005	-0.027091128933564242	0.16468610969801178	0.007742522092876599	0.005260854705093408	13.684478759765625
21.58	2.97	0.008692307692307694	0.01507302026990809	0.0963282862856048	0.008048271375499565	0.005540156066440404	37.43860626220703
21.58	2.97	0.016884615384615387	0.013764797591197557	0.11335604614237271	0.008027810881738793	0.005242193533690594	41.959712982177734
21.58	2.97	0.02507692307692308	0.012379061125743456	0.11516094631174528	0.007502408278067835	0.004788085931563701	39.74143981933594
21.58	2.97	0.03326923076923077	0.013266314122942987	0.12165252834115703	0.007776415377280885	0.005122678209398017	50.921348571777344
21.58	2.97	0.041461538461538466	0.011053825471667356	0.12669728070054725	0.007984962153879113	0.004992455590897035	45.31665802001953
21.58	2.97	0.04965384615384616	0.00888259678968532	0.13066982948171374	0.00776905925882045	0.004853760487108359	46.20174026489258
21.58	2.97	0.05784615384615385	0.00830042630323513	0.13697106563436262	0.00769626231846485	0.004646552469133979	44.63786697387695
21.58	2.97	0.06603846153846155	0.007447863592010234	0.1393475651488655	0.007741148812934966	0.004436574861378265	43.02009201049805
21.58	2.97	0.07423076923076924	0.005268286055385159	0.14124775063684997	0.0075290286515084116	0.004445755726215701	40.222280502319336
21.58	2.97	0.08242307692307693	0.0047411746144881695	0.14586902726880127	0.007663095995469827	0.004349913294731172	40.08999252319336
21.58	2.97	0.09061538461538463	0.0022745752313618455	0.14854807746465004	0.007533330027747774	0.003978192179942505	39.14641189575195
21.58	2.97	0.09880769230769232	0.0006774753209460994	0.15045012463198693	0.007578123270424553	0.004080932068707193	38.59928321838379
21.58	2.97	0.10700000000000001	-0.0002439153008604001	0.1537375570285967	0.007659965990889469	0.004187974081203291	37.39118194580078
21.58	2.97	0.1151923076923077	-0.0016642784545078905	0.1573373846340182	0.007719643523297856	0.004032721903702194	36.49686622619629
21.58	2.97	0.1233846153846154	-0.003339377724719322	0.16017081890035736	0.007294152227542944	0.0035960298707391567	35.57980728149414
21.58	2.97	0.1315769230769231	-0.005223864371523686	0.16568327543274958	0.007599236287222336	0.004078187751428083	34.48455810546875
21.58	2.97	0.13976923076923078	-0.007682464857705381	0.17026412097216334	0.0074648612685018646	0.004047527274904664	33.319732666015625
21.58	2.97	0.14796153846153848	-0.011416928060705284	0.1751378586911897	0.007714888598504784	0.003916226747786081	32.201507568359375
21.58	2.97	0.15615384615384617	-0.01579695640345715	0.17940288270481058	0.007380040971067953	0.0035922743626981006	31.010318756103516
21.58	2.97	0.16434615384615386	-0.02175987215589697	0.18465025063116047	0.00732314130328734	0.003473128743541724	29.9022216796875
21.58	2.97	0.17253846153846156	-0.028578359797464085	0.18950886615410914	0.007078896554512512	0.003191158319318893	28.829273223876953
21.58	2.97	0.18073076923076925	-0.03592106535720796	0.19261421272298407	0.00693423203163008	0.0030844566638463062	27.79024314880371
21.58	2.97	0.18892307692307694	-0.04529765126904956	0.1964416949796633	0.007023210516194069	0.002985176710417526	26.84244728088379
21.58	2.97	0.19711538461538464	-0.05317987487429698	0.19947562219469187	0.0066714009267107586	0.002509751170209871	25.87960433959961
21.58	2.97	0.20530769230769233	-0.06249376593920011	0.20117106930189582	0.006657198496463075	0.0021571291245619942	25.089767456054688
21.58	2.97	0.21350000000000002	-0.07096335427928559	0.20409401836365393	0.006610050835319321	0.0021739040555941534	24.272323608398438
21.58	2.97	0.22169230769230772	-0.0808485294546348	0.20452611437734797	0.006624068699418835	0.001895846355034789	23.535621643066406
21.58	2.97	0.2298846153846154	-0.08987450909586314	0.2064260468992309	0.0064667389517222085	0.0018934939280427412	22.927051544189453
21.58	2.97	0.2380769230769231	-0.09980967356776671	0.2067559590484514	0.006347217735342654	0.00162309042325856	22.37827491760254
21.58	2.97	0.2462692307692308	-0.10917536499590491	0.2068568490011337	0.006111696398020553	0.0013370328342190614	21.80503273010254
21.58	2.97	0.25446153846153846	-0.11913551273436163	0.20770998667308116	0.006223285006726923	0.001360853327007281	21.350854873657227
21.58	2.97	0.2626538461538462	-0.12710325419583235	0.20729635681805184	0.006087271717040373	0.0012500362271074244	20.88654327392578
21.58	2.97	0.2708461538461539	-0.13664558143035382	0.2065663031333776	0.005937689658747213	0.0009934953525279123	20.45639991760254
21.58	2.97	0.27903846153846157	-0.14523893701815388	0.20582296320812987	0.005590950776875922	0.0006148380671569932	20.08365249633789
21.58	2.97	0.28723076923076923	-0.15230596423324308	0.20496655714619072	0.00545413081242886	0.0004203259628885067	19.743860244750977
21.58	2.97	0.29542307692307695	-0.16123577632287045	0.2045273505739266	0.005594655933670664	0.00044132537773480606	19.39972686767578
21.58	2.97	0.3036153846153847	-0.16878689052181134	0.20310053218204355	0.00536875451257609	0.00016982611456724337	19.08332061767578
21.58	2.97	0.31180769230769234	-0.1758997582230628	0.20238802767761843	0.005239195113616311	1.219698128807422e-05	18.819204330444336
21.58	2.97	0.32	-0.1829016482903024	0.20171422728726168	0.005202688551953951	-0.00030048424951782345	18.490676879882812
21.58	2.978695652173913	0.0005	0.06397335170969772	0.30952672728726166	0.008407941431660623	0.005777632349865239	10.629188537597656
21.58	2.978695652173913	0.008692307692307694	0.019437632869060084	0.1553859146497202	0.008620853900418174	0.005783870486174625	36.92296600341797
21.58	2.978695652173913	0.016884615384615387	0.01731357898713196	0.17755130688238874	0.008606013691976682	0.005777975260529469	43.81327438354492
21.58	2.978695652173913	0.02507692307692308	0.015803646116155326	0.1862833972023612	0.008454021634613873	0.005551150940622588	47.80144119262695
21.58	2.978695652173913	0.03326923076923077	0.01239780343509203	0.189098854568337	0.00832301604143425	0.005548635444418717	48.83041000366211
21.58	2.978695652173913	0.041461538461538466	0.013584964162220886	0.1938145659261445	0.008408148612769825	0.005372190367144044	43.483327865600586
21.58	2.978695652173913	0.04965384615384616	0.01098106020494361	0.1954465461559166	0.008162369052825169	0.005192602664012459	41.78913116455078
21.58	2.978695652173913	0.05784615384615385	0.008730341993520574	0.19768285201280528	0.008246722158468759	0.005119826067648419	41.93804168701172
21.58	2.978695652173913	0.06603846153846155	0.007377171294080628	0.19730040799477294	0.00822118691700202	0.005157624373565369	39.551591873168945
21.58	2.978695652173913	0.07423076923076924	0.007087253597580433	0.19516895200649895	0.008317186238640393	0.004909149910632579	37.766143798828125
21.58	2.978695652173913	0.08242307692307693	0.00625532567968273	0.19601018150861071	0.008099905707103271	0.0047405461739122605	36.977378845214844
21.58	2.978695652173913	0.09061538461538463	0.004494451910738438	0.19377570305660066	0.008071457621201551	0.004767394630491254	36.29925346374512
21.58	2.978695652173913	0.09880769230769232	0.00303158943310061	0.19442199197074103	0.008023936673122211	0.004472917344176543	35.531089782714844
21.58	2.978695652173913	0.10700000000000001	0.0012112822328499292	0.1937173365971847	0.008047417213161812	0.004602745534978615	34.61717224121094
21.58	2.978695652173913	0.1151923076923077	3.021708720276983e-05	0.19310293068774798	0.008078762203255225	0.004813783978787213	34.25135040283203
21.58	2.978695652173913	0.1233846153846154	-0.0015856744364062675	0.1941219570603801	0.007980765581480781	0.0045411048972247604	33.73476791381836
21.58	2.978695652173913	0.1315769230769231	-0.003944949726263406	0.193323277378487	0.007932746802616844	0.0044913516696673565	32.88965034484863
21.58	2.978695652173913	0.13976923076923078	-0.00613734845739451	0.19675974837065166	0.00797530165173133	0.004503575639238162	32.12831687927246
21.58	2.978695652173913	0.14796153846153848	-0.01002597014765616	0.19925857288893056	0.007897592557270381	0.004293848396919627	31.365779876708984
21.58	2.978695652173913	0.15615384615384617	-0.014016947386956425	0.20211200044962493	0.00797765496814097	0.004511979755143754	30.284027099609375
21.58	2.978695652173913	0.16434615384615386	-0.019516038991680956	0.2060799256340312	0.007811233410626268	0.004044269253673035	29.216571807861328
21.58	2.978695652173913	0.17253846153846156	-0.026682290174536948	0.20931245816911642	0.00763542362632291	0.004077817333612987	28.303340911865234
21.58	2.978695652173913	0.18073076923076925	-0.03440351231670019	0.21197538425567114	0.0078048741577164266	0.0036128723959827826	27.36803436279297
21.58	2.978695652173913	0.18892307692307694	-0.043041246191884694	0.21349762465224198	0.007414633065096619	0.003651605806281481	26.440256118774414
21.58	2.978695652173913	0.19711538461538464	-0.052961417170942424	0.21560520491638827	0.007269274416997291	0.003319639408782042	25.512306213378906
21.58	2.978695652173913	0.20530769230769233	-0.06251806888268963	0.2166717813289806	0.007152170152552908	0.0028390433683636515	24.706485748291016
21.58	2.978695652173913	0.21350000000000002	-0.07195267635029927	0.21784451091514317	0.0072176312974551095	0.0029278718333511497	23.89895248413086
21.58	2.978695652173913	0.22169230769230772	-0.0823811575957118	0.21996266322459007	0.0071567768752830874	0.0027574204398237885	23.192415237426758
21.58	2.978695652173913	0.2298846153846154	-0.09275013155550575	0.219253329929291	0.006943343353870786	0.0026409303807926917	22.556129455566406
21.58	2.978695652173913	0.2380769230769231	-0.10320434755751429	0.2198712065948825	0.006990788476943759	0.002423713042461226	21.93800163269043
21.58	2.978695652173913	0.2462692307692308	-0.11251930348455297	0.21932448002227134	0.006860867126053688	0.002443196650145603	21.419506072998047
21.58	2.978695652173913	0.25446153846153846	-0.12169769615186178	0.21794470857658996	0.0064603073121345	0.002093828179674453	20.9238338470459
21.58	2.978695652173913	0.2626538461538462	-0.1329662763180046	0.2188527646969417	0.006502028489791248	0.001837619912384251	20.527223587036133
21.58	2.978695652173913	0.2708461538461539	-0.1417927496176368	0.21751884197057014	0.0065060288905954685	0.0018129143339130683	20.100648880004883
21.58	2.978695652173913	0.27903846153846157	-0.15217860704553696	0.21619509094435857	0.006343252278617281	0.0016899857989294115	19.709470748901367
21.58	2.978695652173913	0.28723076923076923	-0.16070160851279314	0.21505777250296154	0.00626523423912323	0.0015092812088361872	19.378902435302734
21.58	2.978695652173913	0.29542307692307695	-0.1687032664192181	0.21414894578757587	0.005998940022851742	0.0010278759075838082	19.051076889038086
21.58	2.978695652173913	0.3036153846153847	-0.1773591103029709	0.21281989967229661	0.005987840470726327	0.0013303811653365375	18.730609893798828
21.58	2.978695652173913	0.31180769230769234	-0.18587113322402976	0.21213212019121047	0.005884316341354237	0.0009296244642079783	18.45295524597168
21.58	2.978695652173913	0.32	-0.19300185284057325	0.21002673793756177	0.005868962681991315	0.0008410896607259048	18.191267013549805
21.58	2.987391304347826	0.0005	0.13198850282813254	0.16002417126784302	0.008822643603555546	0.00535812682262104	12.7451171875
21.58	2.987391304347826	0.008692307692307694	0.02247312196875752	0.09096899548659304	0.009078239549033498	0.0057341846745775134	38.192832946777344
21.58	2.987391304347826	0.016884615384615387	0.0206112636008376	0.11859880009779902	0.0090853147298715	0.00564928735449295	46.284423828125
21.58	2.987391304347826	0.02507692307692308	0.01957631537104787	0.12091554174313515	0.008985881840456181	0.005521245060401838	47.297203063964844
21.58	2.987391304347826	0.03326923076923077	0.018276069685070374	0.12574369551693804	0.008936304721057935	0.0053722613740661675	47.47453308105469
21.58	2.987391304347826	0.041461538461538466	0.015969339728172723	0.13117348820319952	0.00886650377881575	0.005394910128507149	48.15750694274902
21.58	2.987391304347826	0.04965384615384616	0.014184110310664322	0.13453733386245947	0.008909632343536715	0.005245721929077378	43.5180721282959
21.58	2.987391304347826	0.05784615384615385	0.012242569380244166	0.13850811878924651	0.008685507418092809	0.004978359628421575	41.347835540771484
21.58	2.987391304347826	0.06603846153846155	0.008506097250422385	0.13929858366732872	0.008708863161271202	0.004916329736352171	40.197885513305664
21.58	2.987391304347826	0.07423076923076924	0.007885571175059222	0.14032576541190422	0.00852061492926417	0.004878936948716848	38.67163848876953
21.58	2.987391304347826	0.08242307692307693	0.006386395633383355	0.14317643405609567	0.008735599065982657	0.004930561666971426	38.133522033691406
21.58	2.987391304347826	0.09061538461538463	0.004572112202807025	0.14416059838347872	0.008549669282550434	0.004629056826111814	37.21989059448242
21.58	2.987391304347826	0.09880769230769232	0.0025066785478728513	0.1464138936318531	0.008721762473217947	0.00476817517105319	36.656999588012695
21.58	2.987391304347826	0.10700000000000001	0.0008013507242495552	0.14836196393365775	0.00859939699736837	0.004652317709471795	35.921566009521484
21.58	2.987391304347826	0.1151923076923077	-0.0005978919272237326	0.15103332825308619	0.00856142114932349	0.004651863831825218	35.283180236816406
21.58	2.987391304347826	0.1233846153846154	-0.0029047421934009425	0.15375610328699407	0.008588772162607748	0.00459998584608793	34.42790222167969
21.58	2.987391304347826	0.1315769230769231	-0.004852433768570174	0.15624708621118605	0.008696794129087759	0.004673323255045669	33.52037048339844
21.58	2.987391304347826	0.13976923076923078	-0.008086757115557543	0.16030227166422095	0.008436628255094733	0.004343015588523255	32.581336975097656
21.58	2.987391304347826	0.14796153846153848	-0.011050976492377242	0.16462015012021858	0.00852455740239252	0.0046574365770249565	31.46272087097168
21.58	2.987391304347826	0.15615384615384617	-0.015398837305518111	0.16895427206273872	0.008400089075416464	0.004566283690717857	30.237878799438477
21.58	2.987391304347826	0.16434615384615386	-0.020357687825704178	0.17147378961844778	0.008283056016985615	0.0043122096228982686	29.13953399658203
21.58	2.987391304347826	0.17253846153846156	-0.026830468060593964	0.17575095483466507	0.008425119096454778	0.004221635202378093	28.220266342163086
21.58	2.987391304347826	0.18073076923076925	-0.03365829664752438	0.17808474872021154	0.00792197751326253	0.004197190475121672	27.177845001220703
21.58	2.987391304347826	0.18892307692307694	-0.041950029912447485	0.1799639460792966	0.007886349618251567	0.0037787677582068043	26.183074951171875
21.58	2.987391304347826	0.19711538461538464	-0.05052097823083751	0.18161510837095254	0.007861873271525356	0.0037013867017110865	25.286630630493164
21.58	2.987391304347826	0.20530769230769233	-0.05959964061032588	0.18360746938279643	0.007642034138046681	0.003454470167868564	24.460121154785156
21.58	2.987391304347826	0.21350000000000002	-0.0686478298605825	0.18469067716973592	0.007583797907078268	0.003470176928777647	23.713254928588867
21.58	2.987391304347826	0.22169230769230772	-0.07875406523532777	0.18574567335322717	0.007694639596654356	0.0032974254961599414	23.0316104888916
21.58	2.987391304347826	0.2298846153846154	-0.08805755384098346	0.18596421756679404	0.007485962751495292	0.0029733314358990357	22.437332153320312
21.58	2.987391304347826	0.2380769230769231	-0.09775856820999475	0.18547292281257877	0.007393520025821257	0.0030220865214908134	21.835607528686523
21.58	2.987391304347826	0.2462692307692308	-0.10725515369274027	0.1850280093245099	0.007361579925356689	0.002817668435211172	21.311275482177734
21.58	2.987391304347826	0.25446153846153846	-0.11624057326159339	0.18443977966448505	0.007058466088830805	0.0027193618934980737	20.80266571044922
21.58	2.987391304347826	0.2626538461538462	-0.1260372942008882	0.18415347755760453	0.006933500491151547	0.002536251962646241	20.4075870513916
21.58	2.987391304347826	0.2708461538461539	-0.1352535915581199	0.18315425583477293	0.006899904209478093	0.0023543460732746496	19.971288681030273
21.58	2.987391304347826	0.27903846153846157	-0.1438502421059353	0.18172166908381604	0.006716673626897756	0.0022617283324852717	19.591693878173828
21.58	2.987391304347826	0.28723076923076923	-0.152874283758266	0.1803143467809773	0.0068557744260037716	0.0021125846779914163	19.24264907836914
21.58	2.987391304347826	0.29542307692307695	-0.16162596072446472	0.17964931039815013	0.006679457026985327	0.002079648538086055	18.915634155273438
21.58	2.987391304347826	0.3036153846153847	-0.1685056928889349	0.17767957740806964	0.0064684244000095354	0.0019412649298037416	18.601070404052734
21.58	2.987391304347826	0.31180769230769234	-0.17603253299988458	0.17683245453090268	0.006469351187256823	0.001852586666786218	18.32294464111328
21.58	2.987391304347826	0.32	-0.18351680375147733	0.17493365962591112	0.006437381953724383	0.0017769412319414458	18.053760528564453
21.58	2.996086956521739	0.0005	0.0735555496115598	-0.02461510937128116	0.009653784494871927	0.005233344753645932	14.46514892578125
21.58	2.996086956521739	0.008692307692307694	0.011578687657824445	0.14844177920904106	0.009681822381531074	0.005411072191777045	31.785568237304688
21.58	2.996086956521739	0.016884615384615387	0.01611398123692601	0.1783737059363359	0.00981582104197303	0.0053451810899207974	43.0857048034668
21.58	2.996086956521739	0.02507692307692308	0.013748969747907208	0.18566225891999993	0.009590589941146085	0.005429242798625899	48.1417350769043
21.58	2.996086956521739	0.03326923076923077	0.014008273794538065	0.18971828347139152	0.009544771678901078	0.005472737208090003	48.506805419921875
21.58	2.996086956521739	0.041461538461538466	0.009932164527988948	0.19403151469151242	0.00956393990914538	0.005221406814110718	43.800209045410156
21.58	2.996086956521739	0.04965384615384616	0.007379501738167325	0.19374366225520828	0.009506475676477097	0.005244283426021479	41.25422477722168
21.58	2.996086956521739	0.05784615384615385	0.006340615786257355	0.19545966427173395	0.009531359726548796	0.0051344210288003286	38.37114906311035
21.58	2.996086956521739	0.06603846153846155	0.004954671077075571	0.19370988740917222	0.009268580621613887	0.005098392161103062	37.47469711303711
21.58	2.996086956521739	0.07423076923076924	0.004180934539579812	0.1927068552761742	0.009105751249792625	0.0048845675946355815	36.1961612701416
21.58	2.996086956521739	0.08242307692307693	0.0032204166093739864	0.19164375285035282	0.00930301915476123	0.0051267771577019365	35.05073356628418
21.58	2.996086956521739	0.09061538461538463	0.0021595847744626095	0.18989935279095593	0.009309735599352113	0.004842718950928585	34.40728569030762
21.58	2.996086956521739	0.09880769230769232	0.0011671574252112532	0.19028714253224266	0.009011288298650298	0.004883038285058473	33.72088813781738
21.58	2.996086956521739	0.10700000000000001	0.0005618459501896414	0.18879492800546227	0.008959703012954897	0.004725063162974362	33.13990020751953
21.58	2.996086956521739	0.1151923076923077	-0.0007324485251877088	0.18770425144304714	0.009183972818961095	0.004897411358672122	32.15542221069336
21.58	2.996086956521739	0.1233846153846154	-0.0021038005737784907	0.18740571666696298	0.008986939597768188	0.004676523379597302	31.735666275024414
21.58	2.996086956521739	0.1315769230769231	-0.004901031274385324	0.18902531005770587	0.008959902175852612	0.004718241815350369	31.033933639526367
21.58	2.996086956521739	0.13976923076923078	-0.007300257581555786	0.19111347853359917	0.008800726200443414	0.004593882897460551	30.25048828125
21.58	2.996086956521739	0.14796153846153848	-0.010266834327235982	0.19313350538632001	0.008794273279148501	0.004526495229416802	29.372756958007812
21.58	2.996086956521739	0.15615384615384617	-0.015535348544695578	0.19603647558305745	0.008869926835780962	0.004538422382771721	28.548891067504883
21.58	2.996086956521739	0.16434615384615386	-0.020985093184613793	0.1985347100888226	0.00883472468296868	0.004454533016221126	27.73882293701172
21.58	2.996086956521739	0.17253846153846156	-0.028063721302174327	0.20109078382678036	0.008558840629781864	0.004298470109519635	26.75856590270996
21.58	2.996086956521739	0.18073076923076925	-0.036390855367795405	0.20218756039770136	0.00855569183620512	0.004440387777510866	26.063175201416016
21.58	2.996086956521739	0.18892307692307694	-0.04485763625344198	0.203098660749797	0.008660543289603449	0.0039968802056717795	25.20708465576172
21.58	2.996086956521739	0.19711538461538464	-0.05295138838783326	0.2031853982425536	0.008426950716789536	0.0039770828216082015	24.418954849243164
21.58	2.996086956521739	0.20530769230769233	-0.0620047949728412	0.20302688457921714	0.008372775122088193	0.003896670566358204	23.669572830200195
21.58	2.996086956521739	0.21350000000000002	-0.07077473057457792	0.20248616144083434	0.008193111216345472	0.003636398709660608	23.054561614990234
21.58	2.996086956521739	0.22169230769230772	-0.0801203325530257	0.20206179765391874	0.00791430280699734	0.003646909453256267	22.412445068359375
21.58	2.996086956521739	0.2298846153846154	-0.08934348569707751	0.20128003839532935	0.008138801731214531	0.0035415835421203873	21.837486267089844
21.58	2.996086956521739	0.2380769230769231	-0.09878700067745329	0.19950091583783824	0.007788516182696775	0.0031570903991982417	21.28795051574707
21.58	2.996086956521739	0.2462692307692308	-0.10660763026705852	0.19807864609812376	0.00781855477989361	0.003330910327902934	20.814970016479492
21.58	2.996086956521739	0.25446153846153846	-0.11588610585047307	0.19678171782199047	0.007670506146740311	0.0031774978249710247	20.370763778686523
21.58	2.996086956521739	0.2626538461538462	-0.12378453684857546	0.19520290315850997	0.0076642526981756135	0.0032323731357432823	19.971298217773438
21.58	2.996086956521739	0.2708461538461539	-0.13211859590353503	0.19255441467700085	0.007498672923637482	0.002984506258405794	19.57454490661621
21.58	2.996086956521739	0.27903846153846157	-0.14004314593019024	0.19050905856726247	0.007477497476603246	0.0029508756891856733	19.208824157714844
21.58	2.996086956521739	0.28723076923076923	-0.1474508715325786	0.18911755423483922	0.007382910895487123	0.0028646329423764115	18.870182037353516
21.58	2.996086956521739	0.29542307692307695	-0.15451351231874955	0.18690823804078172	0.007287722868560156	0.00292788961349394	18.554798126220703
21.58	2.996086956521739	0.3036153846153847	-0.16133313211725236	0.18597488615584187	0.007278647348211769	0.0029350547494684355	18.2629451751709
21.58	2.996086956521739	0.31180769230769234	-0.16772481230942765	0.1838900714013479	0.007070178645000142	0.0025823472326083835	17.992115020751953
21.58	2.996086956521739	0.32	-0.1756318306295387	0.18239065090014336	0.006935455178273714	0.0025407032927506354	17.72968864440918
21.58	3.004782608695652	0.0005	-0.08971529954357071	0.18002770224406123	0.010109176347970079	0.0050173845884347364	15.345527648925781
21.58	3.004782608695652	0.008692307692307694	0.022454749812322573	0.10529598967347925	0.01042429439986631	0.005164073920158689	39.22972869873047
21.58	3.004782608695652	0.016884615384615387	0.02596919376578592	0.13679910138905338	0.010353892625437984	0.004991655272451018	42.73601531982422
21.58	3.004782608695652	0.02507692307692308	0.02276974756446145	0.14129989579975896	0.010281706667432692	0.004958454177001354	49.3397331237793
21.58	3.004782608695652	0.03326923076923077	0.020569907551407245	0.14073499175007975	0.010240401931081828	0.005031826992997107	47.82926940917969
21.58	3.004782608695652	0.041461538461538466	0.019420718902847165	0.1424564652204683	0.01007865210915431	0.00485979004293537	42.83270835876465
21.58	3.004782608695652	0.04965384615384616	0.015718403361597313	0.14707210542294175	0.00995442198466141	0.005078542588632869	41.04519462585449
21.58	3.004782608695652	0.05784615384615385	0.012950654358928308	0.14860913333725162	0.009972305629502689	0.00506009228714217	39.64112091064453
21.58	3.004782608695652	0.06603846153846155	0.011230125049431954	0.14893952569952207	0.010010574693819097	0.00491997021629911	38.16532897949219
21.58	3.004782608695652	0.07423076923076924	0.009850597553785477	0.14789196251396497	0.01004430989680416	0.005044872689122381	36.622135162353516
21.58	3.004782608695652	0.08242307692307693	0.008170878830905129	0.14900751843044127	0.00972206519040228	0.004589821501494907	35.7315616607666
21.58	3.004782608695652	0.09061538461538463	0.005394800798430178	0.15059150020495812	0.009586678038263798	0.00464271094707093	35.189693450927734
21.58	3.004782608695652	0.09880769230769232	0.0045603874488817555	0.15213908897665834	0.00969291172542824	0.004710795315188322	34.51373481750488
21.58	3.004782608695652	0.10700000000000001	0.003141926421093757	0.15386963018925898	0.009794248597895315	0.0047958985574243955	33.9678955078125
21.58	3.004782608695652	0.1151923076923077	0.0015384417101897466	0.15704180538867446	0.009604275273034668	0.004614961720032165	33.21416473388672
21.58	3.004782608695652	0.1233846153846154	-0.0003552696481109765	0.15852269693770368	0.009698953665304655	0.004668406106353811	32.48911094665527
21.58	3.004782608695652	0.1315769230769231	-0.002378467729170953	0.16231881475060495	0.009669891989539386	0.0047051965400188005	31.696311950683594
21.58	3.004782608695652	0.13976923076923078	-0.006682015709260161	0.1656735686951912	0.009647442185302273	0.004634063690466133	30.814353942871094
21.58	3.004782608695652	0.14796153846153848	-0.01091342646201092	0.17109787236556054	0.00964843161949516	0.004795206694254445	30.034786224365234
21.58	3.004782608695652	0.15615384615384617	-0.01637750927280586	0.173946332946132	0.009560312822139906	0.004508126323868132	29.101287841796875
21.58	3.004782608695652	0.16434615384615386	-0.023598949684909994	0.1758027025644584	0.009494808878679404	0.004441373598570942	28.194908142089844
21.58	3.004782608695652	0.17253846153846156	-0.031149091763162974	0.17923652382530014	0.009419307275782919	0.004445586747708824	27.176658630371094
21.58	3.004782608695652	0.18073076923076925	-0.039649240305388356	0.1807595563303653	0.009334286248001969	0.004194954630323886	26.422080993652344
21.58	3.004782608695652	0.18892307692307694	-0.04906464070614614	0.18186131037734185	0.009120463278610734	0.004158947905500103	25.547286987304688
21.58	3.004782608695652	0.19711538461538464	-0.057180802529418845	0.18195298828147077	0.009261576178447754	0.003979474546860734	24.761112213134766
21.58	3.004782608695652	0.20530769230769233	-0.06732121980911349	0.1826904859562481	0.009196033468815819	0.003883186321629756	24.024555206298828
21.58	3.004782608695652	0.21350000000000002	-0.07629206879171899	0.18260514040499065	0.00890376796558508	0.00395033019035748	23.322486877441406
21.58	3.004782608695652	0.22169230769230772	-0.0846925882167684	0.1826670702129889	0.008955483817393396	0.0037830813763931473	22.664396286010742
21.58	3.004782608695652	0.2298846153846154	-0.09488031235630977	0.18241207236911236	0.008775277072012469	0.003728609167994454	22.134620666503906
21.58	3.004782608695652	0.2380769230769231	-0.1039736968434565	0.1820997609286825	0.008608520427091058	0.0036081678318551896	21.538848876953125
21.58	3.004782608695652	0.2462692307692308	-0.1127660219526999	0.18059513368599814	0.008679833958680173	0.0035617682405173607	21.098140716552734
21.58	3.004782608695652	0.25446153846153846	-0.12062242747909954	0.17934247241311468	0.008471772634503431	0.003320580034684101	20.610031127929688
21.58	3.004782608695652	0.2626538461538462	-0.12891425622195796	0.1783334985230485	0.00848373746193838	0.003394807430218721	20.184080123901367
21.58	3.004782608695652	0.2708461538461539	-0.137477564603465	0.17702681160072675	0.008446981474117009	0.0033472916060289654	19.78334617614746
21.58	3.004782608695652	0.27903846153846157	-0.14585258482460264	0.17588878003835845	0.008508058339066437	0.003377582978997317	19.427513122558594
21.58	3.004782608695652	0.28723076923076923	-0.15299156586319068	0.17491427811720336	0.008459739534737408	0.003160869928602418	19.09892463684082
21.58	3.004782608695652	0.29542307692307695	-0.16046229384286187	0.17261136215921424	0.008568227266498134	0.003092065641197098	18.767623901367188
21.58	3.004782608695652	0.3036153846153847	-0.16686618782026552	0.17129735876616012	0.008235993238162891	0.0031210560518791963	18.4482421875
21.58	3.004782608695652	0.31180769230769234	-0.17240161083581498	0.16865772543260857	0.00823563441252027	0.002777361289160213	18.18836212158203
21.58	3.004782608695652	0.32	-0.1786041669268265	0.16777124809032556	0.008130976912734749	0.002907205155192335	17.894582748413086
21.58	3.013478260869565	0.0005	-0.09110416692682649	0.17402124809032557	0.010940812143899213	0.004480350949292463	16.171630859375
21.58	3.013478260869565	0.008692307692307694	0.022796177278367906	0.1296168425696168	0.010991963162072472	0.004606087736396296	39.83583068847656
21.58	3.013478260869565	0.016884615384615387	0.018657521589928876	0.15840025837979282	0.011003862972273511	0.004662985483981383	44.55134582519531
21.58	3.013478260869565	0.02507692307692308	0.017085533741506412	0.16370778610351763	0.010875208117126507	0.0043973301137172	48.25994110107422
21.58	3.013478260869565	0.03326923076923077	0.012143764924627794	0.16989470005473514	0.010920857745191335	0.004503041908298451	45.13842010498047
21.58	3.013478260869565	0.041461538461538466	0.013249726491565956	0.17219119222602497	0.010700708615445774	0.0046683189715047545	43.78622055053711
21.58	3.013478260869565	0.04965384615384616	0.012587763764470895	0.1754933729004902	0.010801892515542429	0.004430395979385845	40.50476837158203
21.58	3.013478260869565	0.05784615384615385	0.012529327743262124	0.17582569058806125	0.010624425025192745	0.004542743341444232	39.19038391113281
21.58	3.013478260869565	0.06603846153846155	0.011519252736076195	0.17667841778657772	0.010515263161536255	0.004371562319938616	37.29294395446777
21.58	3.013478260869565	0.07423076923076924	0.009793644146390102	0.1766480493006686	0.010497290164806243	0.0043852599781725975	36.18296241760254
21.58	3.013478260869565	0.08242307692307693	0.009896434643729907	0.17736966801790754	0.01042655440355075	0.0045158437904515274	35.39230918884277
21.58	3.013478260869565	0.09061538461538463	0.007943828161945776	0.1765915580467303	0.010405393864980662	0.004413858643309626	34.474246978759766
21.58	3.013478260869565	0.09880769230769232	0.00735953325325217	0.17552421819692954	0.010557273983938251	0.004539049209232733	33.6370906829834
21.58	3.013478260869565	0.10700000000000001	0.0061160914393939446	0.17537242858653906	0.010442298627999353	0.0045186857110867075	32.996267318725586
21.58	3.013478260869565	0.1151923076923077	0.0061370132292312436	0.17536255172837245	0.010429848257647483	0.004498799826044706	32.4416618347168
21.58	3.013478260869565	0.1233846153846154	0.0039609082835581726	0.17686996775449315	0.010116912324256676	0.004339072358497908	31.760282516479492
21.58	3.013478260869565	0.1315769230769231	0.0022305884492438872	0.17864460230342172	0.01041885925430995	0.004457614924409903	31.14778709411621
21.58	3.013478260869565	0.13976923076923078	-0.0010166202657942594	0.18088757038024728	0.010228994179368435	0.004276760142568198	30.329782485961914
21.58	3.013478260869565	0.14796153846153848	-0.0054097371831390035	0.18528481425130985	0.010537026318724116	0.00438222157572617	29.68264389038086
21.58	3.013478260869565	0.15615384615384617	-0.010475695664057207	0.18856636631847457	0.010235474394738868	0.004289360173972259	28.79717254638672
21.58	3.013478260869565	0.16434615384615386	-0.01729524151421494	0.1909820820352538	0.010110289188031764	0.004158372767234856	28.04175567626953
21.58	3.013478260869565	0.17253846153846156	-0.024694935713772345	0.19397773966941845	0.010198657010931943	0.0040084962829512565	27.203258514404297
21.58	3.013478260869565	0.18073076923076925	-0.03299899873041586	0.19542592838170775	0.010060477401401738	0.0038277566362938014	26.343490600585938
21.58	3.013478260869565	0.18892307692307694	-0.04205687910967544	0.19610638627546673	0.010118543103630036	0.0039025662557508316	25.476539611816406
21.58	3.013478260869565	0.19711538461538464	-0.04968101688960606	0.19775642511722924	0.010161402691545736	0.0037310634641260455	24.763647079467773
21.58	3.013478260869565	0.20530769230769233	-0.05889294932570824	0.19814467949287107	0.00993819898586489	0.003637289173870079	24.04825210571289
21.58	3.013478260869565	0.21350000000000002	-0.0673772209600783	0.19771599883639324	0.010015267765729816	0.0034443042328838706	23.34804344177246
21.58	3.013478260869565	0.22169230769230772	-0.07598675004057409	0.19862093064863282	0.009773349086206974	0.0033610078854931225	22.777999877929688
21.58	3.013478260869565	0.2298846153846154	-0.08371151408633717	0.19738704583193065	0.009852076914192829	0.0034225229070184615	22.182132720947266
21.58	3.013478260869565	0.2380769230769231	-0.09311634313768277	0.19778444466697873	0.009758840443321806	0.0034122254688092515	21.581682205200195
21.58	3.013478260869565	0.2462692307692308	-0.10148141256055364	0.19634368291641474	0.009888739544478446	0.0035662764214300755	21.146757125854492
21.58	3.013478260869565	0.25446153846153846	-0.10993860829657896	0.1959477914926589	0.009629144452630847	0.0031948556274308	20.676122665405273
21.58	3.013478260869565	0.2626538461538462	-0.1168617383597039	0.19426501411914887	0.009631217035350694	0.0031375314220219944	20.286376953125
21.58	3.013478260869565	0.2708461538461539	-0.12468185247330307	0.19307681829401802	0.009696507657295007	0.0030922186536322437	19.853092193603516
21.58	3.013478260869565	0.27903846153846157	-0.13283514529330065	0.19223212211444815	0.009380844672480071	0.0032808551019577435	19.512365341186523
21.58	3.013478260869565	0.28723076923076923	-0.13910239916001166	0.1897201963226794	0.009583779410779937	0.0032048657888363993	19.16766929626465
21.58	3.013478260869565	0.29542307692307695	-0.14603038577924837	0.1885202336673838	0.00937560341716813	0.0030730492870926604	18.83822250366211
21.58	3.013478260869565	0.3036153846153847	-0.15197054826285106	0.18683418278482072	0.009231792241709672	0.003094373846054863	18.565946578979492
21.58	3.013478260869565	0.31180769230769234	-0.1583885155051562	0.1850123657069497	0.009440875589436511	0.00297884211033603	18.26944923400879
21.58	3.013478260869565	0.32	-0.16478890509724667	0.18462026472637888	0.009477724877789412	0.003055740040404626	17.98827362060547
21.58	3.022173913043478	0.0005	0.07271109490275338	0.40337026472637877	0.01134889581880209	0.0036913027338283336	12.903694152832031
21.58	3.022173913043478	0.008692307692307694	0.031095535649343753	0.13058039047901893	0.011627496734195832	0.0038619990467162186	38.03834915161133
21.58	3.022173913043478	0.016884615384615387	0.02706380669622066	0.15509668500309254	0.01138773297022979	0.0039058731904554494	41.5451774597168
21.58	3.022173913043478	0.02507692307692308	0.026742011832682537	0.15932600554999904	0.011515276044067976	0.003852840835003924	48.066280364990234
21.58	3.022173913043478	0.03326923076923077	0.023981254582902536	0.15690073808412078	0.01139843878503089	0.003947485033203413	45.674354553222656
21.58	3.022173913043478	0.041461538461538466	0.020261143053501518	0.15645889124109774	0.011395847671255437	0.003936976267133454	44.9072265625
21.58	3.022173913043478	0.04965384615384616	0.01980186921024528	0.1582128576179174	0.011423213459782408	0.003961593760220081	41.64106369018555
21.58	3.022173913043478	0.05784615384615385	0.01698772611538447	0.15895386682496465	0.011138661828270476	0.0036569350358712	39.96294975280762
21.58	3.022173913043478	0.06603846153846155	0.014965865803639209	0.15825508178642975	0.01110475259015226	0.003757536202794499	38.805633544921875
21.58	3.022173913043478	0.07423076923076924	0.013071947214881694	0.1581125043096304	0.01098296216627937	0.0037484015159514753	37.23525619506836
21.58	3.022173913043478	0.08242307692307693	0.01178192262652739	0.1569990700963811	0.011166616373200721	0.003952535705649853	36.42213249206543
21.58	3.022173913043478	0.09061538461538463	0.009370350568441831	0.15663545331709117	0.011144372402894134	0.0038993360019611194	35.44765090942383
21.58	3.022173913043478	0.09880769230769232	0.007463432155727102	0.15816076867932366	0.01079972714764886	0.0036288630344295885	34.92836570739746
21.58	3.022173913043478	0.10700000000000001	0.005117182951598123	0.15760384751202447	0.01083571623495624	0.0038101325497589484	34.65199661254883
21.58	3.022173913043478	0.1151923076923077	0.0037035485321569002	0.16009412659050803	0.011002595204438618	0.003814918747319305	33.81993865966797
21.58	3.022173913043478	0.1233846153846154	0.001772175996389251	0.16121111725712206	0.010959124831972152	0.003614112322384056	33.22064971923828
21.58	3.022173913043478	0.1315769230769231	-0.0013667014550305821	0.1640410183861294	0.01095121823571275	0.003997155571422736	32.66120529174805
21.58	3.022173913043478	0.13976923076923078	-0.003083486634481686	0.166093938441705	0.010976017123201686	0.003792915688913057	31.740461349487305
21.58	3.022173913043478	0.14796153846153848	-0.009358211619023222	0.17113573611037808	0.010943268002699673	0.0036704798515358474	31.071643829345703
21.58	3.022173913043478	0.15615384615384617	-0.014542538182457106	0.17437730027872284	0.010954411838270235	0.0036043924999625354	30.098106384277344
21.58	3.022173913043478	0.16434615384615386	-0.021950612316230373	0.17889724798912962	0.01113889903446921	0.003464177482370116	29.232101440429688
21.58	3.022173913043478	0.17253846153846156	-0.03013905073175771	0.18208623953576047	0.010938706636645075	0.0035415286863514956	28.181406021118164
21.58	3.022173913043478	0.18073076923076925	-0.03945634924466355	0.1852097188256945	0.010828966951359471	0.0032447126482527296	27.183691024780273
21.58	3.022173913043478	0.18892307692307694	-0.048788350500488714	0.18752400301343608	0.010789935706267094	0.0032179576698620578	26.218671798706055
21.58	3.022173913043478	0.19711538461538464	-0.05882735955464709	0.18875645278849332	0.010909372627325475	0.0029603727955091613	25.368728637695312
21.58	3.022173913043478	0.20530769230769233	-0.06873856977335352	0.19068698286273505	0.01085621932678402	0.0029558615897386214	24.579608917236328
21.58	3.022173913043478	0.21350000000000002	-0.0786672726425951	0.19216314154223035	0.010683565727877133	0.002759363374808693	23.859493255615234
21.58	3.022173913043478	0.22169230769230772	-0.08930342694060221	0.1926025309561913	0.010636492407375114	0.002725866746901719	23.081716537475586
21.58	3.022173913043478	0.2298846153846154	-0.09906599218131681	0.19439926219432713	0.010749376424664732	0.0027552656188949004	22.424802780151367
21.58	3.022173913043478	0.2380769230769231	-0.10878745747471391	0.19405465681233225	0.01067943772128281	0.002622838244848372	21.873973846435547
21.58	3.022173913043478	0.2462692307692308	-0.11866847980583432	0.19468855757754097	0.01066361045707051	0.0025577747635508862	21.378131866455078
21.58	3.022173913043478	0.25446153846153846	-0.12991771362705207	0.19494826422164221	0.010718410441250447	0.002367054907517051	20.905628204345703
21.58	3.022173913043478	0.2626538461538462	-0.13773121261880555	0.19363582740557628	0.01066848957369652	0.0024234429115521745	20.42190933227539
21.58	3.022173913043478	0.2708461538461539	-0.14726292100646354	0.1930297246065108	0.01059505332522017	0.0020275638039065043	20.027759552001953
21.58	3.022173913043478	0.27903846153846157	-0.1551316349060268	0.19184435530122668	0.010727729510096061	0.0021773959372266656	19.662343978881836
21.58	3.022173913043478	0.28723076923076923	-0.1648841822448665	0.19073784838750976	0.010794354111897796	0.002215002302861929	19.293020248413086
21.58	3.022173913043478	0.29542307692307695	-0.17202172285940964	0.1903903683979012	0.010617160331066803	0.002130803996689675	18.941125869750977
21.58	3.022173913043478	0.3036153846153847	-0.17986806569859382	0.1893628145011904	0.010796732259559601	0.0021272176319797583	18.646703720092773
21.58	3.022173913043478	0.31180769230769234	-0.1862601596884697	0.1876615197564938	0.010740780372516405	0.002081075863290493	18.335262298583984
21.58	3.022173913043478	0.32	-0.19339109940457844	0.18671117898011308	0.01059239159986428	0.0017580479325026775	18.088851928710938
21.58	3.030869565217391	0.0005	-0.24886168355125682	0.1335926615440259	0.012249618281864022	0.002719019430551371	9.913726806640625
21.58	3.030869565217391	0.008692307692307694	0.014212853166462988	0.10218898866300577	0.012343112169901008	0.002689033214814771	37.014373779296875
21.58	3.030869565217391	0.016884615384615387	0.013769489976765732	0.12542111489896765	0.012312538018209213	0.002923327403337559	44.08268737792969
21.58	3.030869565217391	0.02507692307692308	0.012177853468346265	0.12921456100643317	0.012330201356421723	0.002885683031664365	48.078487396240234
21.58	3.030869565217391	0.03326923076923077	0.012431968224881535	0.133734663626587	0.012112184964922671	0.0028250265814894916	47.815731048583984
21.58	3.030869565217391	0.041461538461538466	0.010615311297987318	0.1360692626163149	0.012081636500152959	0.0029440429355295054	46.32426452636719
21.58	3.030869565217391	0.04965384615384616	0.010615040096853587	0.1377916327044153	0.012024234216248274	0.002885611729305253	43.24118232727051
21.58	3.030869565217391	0.05784615384615385	0.007870396334145876	0.1392701823562169	0.01194304142343845	0.0030406056194013913	40.81458854675293
21.58	3.030869565217391	0.06603846153846155	0.009168643425618024	0.13765014329177977	0.012066231286808948	0.002989266366796871	38.87628936767578
21.58	3.030869565217391	0.07423076923076924	0.006857869755071073	0.1380714101028679	0.011677656424109053	0.0029098599646321193	37.40768814086914
21.58	3.030869565217391	0.08242307692307693	0.006167476512086059	0.1393613035568087	0.011827980485766668	0.0028994547054915438	36.46246337890625
21.58	3.030869565217391	0.09061538461538463	0.00466510185686087	0.14011457035249397	0.01177526292996931	0.003099056558442983	35.910017013549805
21.58	3.030869565217391	0.09880769230769232	0.003452737500245289	0.1392352341443306	0.011770198576990085	0.0028853317520308565	35.15270233154297
21.58	3.030869565217391	0.10700000000000001	0.002578763761610327	0.14060544079712173	0.011799763291483613	0.00321768994163275	34.24351692199707
21.58	3.030869565217391	0.1151923076923077	0.0009473205591147512	0.1412030198293044	0.011640737629079478	0.0030242412659376014	33.61006546020508
21.58	3.030869565217391	0.1233846153846154	0.00043009223027485265	0.14341108940905942	0.011771800052470924	0.0031304046917121856	33.00740432739258
21.58	3.030869565217391	0.1315769230769231	-0.0008067191292836333	0.1448698844346694	0.011750087084854892	0.0031822401201067837	32.316383361816406
21.58	3.030869565217391	0.13976923076923078	-0.003759380299656264	0.1478026653067953	0.011572572552877499	0.0029300893103890897	31.61896514892578
21.58	3.030869565217391	0.14796153846153848	-0.0064223178163084335	0.15142257772213796	0.011948507028174564	0.003032679926118541	30.65431785583496
21.58	3.030869565217391	0.15615384615384617	-0.010760911224773823	0.1556476110575257	0.011824038701198504	0.0029415270398114404	29.84038543701172
21.58	3.030869565217391	0.16434615384615386	-0.0168633009506303	0.1593956543930342	0.011842626836042824	0.002826092883051564	28.958139419555664
21.58	3.030869565217391	0.17253846153846156	-0.023579205196714696	0.16373912363606513	0.011699362478606572	0.0024051670449638574	27.910383224487305
21.58	3.030869565217391	0.18073076923076925	-0.030993444841718967	0.1665250775154215	0.011748627794812581	0.0026259440479320844	27.046602249145508
21.58	3.030869565217391	0.18892307692307694	-0.03923162805904895	0.1691126396515466	0.011895919103011032	0.0024490146282591407	26.070955276489258
21.58	3.030869565217391	0.19711538461538464	-0.047737505477094266	0.17238750208167708	0.011550842501280734	0.0022271122413345494	25.19690704345703
21.58	3.030869565217391	0.20530769230769233	-0.05635028004570415	0.1738771749730071	0.011761645746759787	0.001824938057697112	24.39068031311035
21.58	3.030869565217391	0.21350000000000002	-0.06509672006992817	0.1751052624203909	0.01195696047996854	0.0017795569922865492	23.645532608032227
21.58	3.030869565217391	0.22169230769230772	-0.07363363371456702	0.1765948562962763	0.011801894815071382	0.001903582323262813	22.962793350219727
21.58	3.030869565217391	0.2298846153846154	-0.08322378785575467	0.17738523884544297	0.01182505082748345	0.0016884120907037108	22.329984664916992
21.58	3.030869565217391	0.2380769230769231	-0.0925767064042145	0.17824276732926236	0.011773930262879966	0.0014917405251310945	21.716249465942383
21.58	3.030869565217391	0.2462692307692308	-0.10154736177326065	0.17844478925407187	0.01186327164916828	0.001357445885211977	21.184640884399414
21.58	3.030869565217391	0.25446153846153846	-0.10913901510910012	0.17733163418896747	0.011833429764083529	0.0013523713104040584	20.71886444091797
21.58	3.030869565217391	0.2626538461538462	-0.11968278592781807	0.17795058744603123	0.011699131783312977	0.0012323295746406349	20.315673828125
21.58	3.030869565217391	0.2708461538461539	-0.127828049055335	0.1776704015814914	0.011889465384375759	0.0011384845860058068	19.872207641601562
21.58	3.030869565217391	0.27903846153846157	-0.1353542001477802	0.17688359813614346	0.011871809240948451	0.0008578223389641895	19.498775482177734
21.58	3.030869565217391	0.28723076923076923	-0.14386023390361918	0.1762091590076551	0.011728439066252304	0.0007926149503021875	19.145742416381836
21.58	3.030869565217391	0.29542307692307695	-0.15109296590344862	0.1756069143520534	0.011700124550958839	0.0008166865784063272	18.811059951782227
21.58	3.030869565217391	0.3036153846153847	-0.1577020605045592	0.1739309767291766	0.011730469761647957	0.0005666734712634501	18.51331329345703
21.58	3.030869565217391	0.31180769230769234	-0.16496406227470023	0.17324295468367074	0.011889769358191813	0.0004203996952640882	18.234851837158203
21.58	3.030869565217391	0.32	-0.17293752045401067	0.1723114414626345	0.01189627019371958	0.0001973955817402499	17.94159698486328
21.58	3.0395652173913046	0.0005	-0.022937241802296383	0.22231153608500814	0.012912797752685244	0.0017068022841169872	14.934333801269531
21.58	3.0395652173913046	0.008692307692307694	0.02097755311957862	0.11347974897563318	0.013152335662534003	0.0018504835899389735	39.235076904296875
21.58	3.0395652173913046	0.016884615384615387	0.022927035276793867	0.15060123831154698	0.013158473210723144	0.002063452086573831	43.2956428527832
21.58	3.0395652173913046	0.02507692307692308	0.023752428214768678	0.1491223362458905	0.013105695996972921	0.0020492887799687925	42.857215881347656
21.58	3.0395652173913046	0.03326923076923077	0.020457642302259615	0.15437099998527268	0.013013927764467647	0.001866100000731041	46.04914093017578
21.58	3.0395652173913046	0.041461538461538466	0.01736704014275949	0.15390639071994525	0.012933722221582102	0.0019313447132417246	43.38811492919922
21.58	3.0395652173913046	0.04965384615384616	0.015533326069854615	0.15455224731254963	0.012709375854187212	0.0018327444024662171	40.78224563598633
21.58	3.0395652173913046	0.05784615384615385	0.013680550145946858	0.1562333891472557	0.012615480954999262	0.0019644465120975388	39.08819770812988
21.58	3.0395652173913046	0.06603846153846155	0.010197852153736746	0.15593327558927111	0.01247400696630244	0.0018395684364761586	36.82802200317383
21.58	3.0395652173913046	0.07423076923076924	0.008659075547415414	0.15159184797994668	0.012327086962860088	0.001975572384611872	36.130496978759766
21.58	3.0395652173913046	0.08242307692307693	0.006679729906649643	0.15329442409510688	0.012334198529571596	0.002044063778470897	35.18659019470215
21.58	3.0395652173913046	0.09061538461538463	0.005269147038383713	0.15371994614342427	0.012190920266443361	0.0021466640607350398	34.37934684753418
21.58	3.0395652173913046	0.09880769230769232	0.0033498071418109686	0.152339252584483	0.0120858373663696	0.0020514397955309024	33.90332794189453
21.58	3.0395652173913046	0.10700000000000001	0.0015291528965364564	0.15454961856496932	0.012183537626812535	0.0020523147601436637	33.400875091552734
21.58	3.0395652173913046	0.1151923076923077	-0.000286456883839637	0.15410780900845533	0.012277588728356825	0.0021659845223201543	32.97314262390137
21.58	3.0395652173913046	0.1233846153846154	-0.002285891498423248	0.1565925365989286	0.012164593973197843	0.002122558454367534	32.15272331237793
21.58	3.0395652173913046	0.1315769230769231	-0.004849036454789403	0.15844293925825773	0.012191293190082823	0.00209186635686414	31.476953506469727
21.58	3.0395652173913046	0.13976923076923078	-0.007416269976494647	0.1618652242308954	0.012321246425333287	0.0019474635488796069	30.80205535888672
21.58	3.0395652173913046	0.14796153846153848	-0.011640346068544426	0.16433638003891937	0.012347257769966338	0.0018817324696944783	30.07250213623047
21.58	3.0395652173913046	0.15615384615384617	-0.016511457813593883	0.1671078557778427	0.012396513792120848	0.001844631891822736	29.101234436035156
21.58	3.0395652173913046	0.16434615384615386	-0.02303278049364904	0.17068900930794637	0.01239371180528984	0.0015626875445077012	28.272418975830078
21.58	3.0395652173913046	0.17253846153846156	-0.03101327810871167	0.1730220977497564	0.012169162561277376	0.0015475531506735432	27.35557746887207
21.58	3.0395652173913046	0.18073076923076925	-0.039207133568625055	0.17557660143370363	0.012426237698141081	0.001273161910132849	26.44575309753418
21.58	3.0395652173913046	0.18892307692307694	-0.04825685480979698	0.1779194643540445	0.012492871730241488	0.0009321797765392765	25.65129852294922
21.58	3.0395652173913046	0.19711538461538464	-0.05789280326941479	0.17854322769503553	0.012347192610896049	0.0009023948497581952	24.716747283935547
21.58	3.0395652173913046	0.20530769230769233	-0.06836441231428703	0.1794898742028128	0.012157297707444841	0.0007215368952113863	23.962501525878906
21.58	3.0395652173913046	0.21350000000000002	-0.07814045620619374	0.18011063273629058	0.012235465871044755	0.00039472327385220744	23.2371826171875
21.58	3.0395652173913046	0.22169230769230772	-0.08844982143949102	0.18037866558892723	0.012455960036886704	0.0002447491800506308	22.56077766418457
21.58	3.0395652173913046	0.2298846153846154	-0.0980606038924308	0.18048051104966706	0.01258431073517395	0.0002659843321037549	21.96685218811035
21.58	3.0395652173913046	0.2380769230769231	-0.10859692144669711	0.18028537277032014	0.012424158937632317	-8.743831593170393e-05	21.367870330810547
21.58	3.0395652173913046	0.2462692307692308	-0.11992315215456431	0.1798535256007573	0.012511588566441897	-0.00019758744401271092	20.854963302612305
21.58	3.0395652173913046	0.25446153846153846	-0.12888228216097009	0.17903389135512143	0.012392693843550767	-0.000409594519482665	20.411291122436523
21.58	3.0395652173913046	0.2626538461538462	-0.13856943355468612	0.17912514466165394	0.012458080113767315	-0.0006016173071152602	19.986255645751953
21.58	3.0395652173913046	0.2708461538461539	-0.14726693326202733	0.17777255601554004	0.012409856252317792	-0.0007273978441339873	19.55047035217285
21.58	3.0395652173913046	0.27903846153846157	-0.1568628442823931	0.1767406879384617	0.012534567929517017	-0.0011975894657048369	19.21294403076172
21.58	3.0395652173913046	0.28723076923076923	-0.16544117194144498	0.17517573918291235	0.012595043134407066	-0.0011027087134756483	18.85881805419922
21.58	3.0395652173913046	0.29542307692307695	-0.1734162586313398	0.17377414245505413	0.012428489468284934	-0.0012417063363876777	18.548824310302734
21.58	3.0395652173913046	0.3036153846153847	-0.18201529016608356	0.17219607472059667	0.01238813269469764	-0.0014358853651579107	18.246601104736328
21.58	3.0395652173913046	0.31180769230769234	-0.1887128879690378	0.17119989701113547	0.012286576305926618	-0.001556637203504445	17.951385498046875
21.58	3.0395652173913046	0.32	-0.19645867623176744	0.16984115874710046	0.012423764870854344	-0.0018238200799116323	17.67236328125
21.58	3.0482608695652176	0.0005	-0.2964586762317673	0.18234115874710044	0.013993570789138206	0.0005460639267235706	6.937652587890625
21.58	3.0482608695652176	0.008692307692307694	0.01720259873408513	0.08843075580278897	0.013908896338349947	0.0005012698038750413	38.10834884643555
21.58	3.0482608695652176	0.016884615384615387	0.011723223728423507	0.10430505384767072	0.013865873964707218	0.0005193079576340247	42.5468864440918
21.58	3.0482608695652176	0.02507692307692308	0.013061754805331617	0.10961523984634895	0.01384109121060884	0.00044661297889528085	47.44475173950195
21.58	3.0482608695652176	0.03326923076923077	0.008492109485034456	0.11148886840454161	0.01361550237475826	0.0004933351787673548	46.61448287963867
21.58	3.0482608695652176	0.041461538461538466	0.0093542692105459	0.11403088984732841	0.013271502933510832	0.0004601135695753844	42.458805084228516
21.58	3.0482608695652176	0.04965384615384616	0.006899320582253713	0.11493151072243729	0.01325212154902915	0.0003698137274529082	40.2143669128418
21.58	3.0482608695652176	0.05784615384615385	0.005755245188576952	0.1168239105103401	0.013295505135314164	0.00046347372491086956	38.0950927734375
21.58	3.0482608695652176	0.06603846153846155	0.005228644112450851	0.11978048864583052	0.013089947219801739	0.0006470456506603827	37.1033992767334
21.58	3.0482608695652176	0.07423076923076924	0.004189986931623268	0.1183296291720063	0.013088413662785299	0.0006855057941295926	36.04690170288086
21.58	3.0482608695652176	0.08242307692307693	0.0031939687305105225	0.12049609521440573	0.012895006139433198	0.0007320247119567352	34.78413391113281
21.58	3.0482608695652176	0.09061538461538463	0.0014434117874238452	0.12258801886554112	0.012693213611737253	0.0009469225558094035	33.7131462097168
21.58	3.0482608695652176	0.09880769230769232	0.00037720275233046657	0.12376277345956498	0.012740275300484159	0.0009127597060030949	33.07947540283203
21.58	3.0482608695652176	0.10700000000000001	-0.00047858590604259036	0.12609667191772916	0.012514422666526758	0.0006758571754433497	32.34086990356445
21.58	3.0482608695652176	0.1151923076923077	-0.002204310944019695	0.12695158885817237	0.012687877936468528	0.0009030470810246751	31.638015747070312
21.58	3.0482608695652176	0.1233846153846154	-0.004613996338488094	0.13047672798279442	0.01279325939080964	0.000838536426832259	31.098495483398438
21.58	3.0482608695652176	0.1315769230769231	-0.006631480867177604	0.13357918464602714	0.01268122710075631	0.000818125416859229	30.422868728637695
21.58	3.0482608695652176	0.13976923076923078	-0.00842170475483349	0.13637310911576078	0.012777049135229111	0.0007058507607014787	29.759078979492188
21.58	3.0482608695652176	0.14796153846153848	-0.013024805229757342	0.13982056740346177	0.012817716600727355	0.0005655858789369293	28.989530563354492
21.58	3.0482608695652176	0.15615384615384617	-0.01802690823063663	0.14462031524303182	0.01295261278722791	0.0005853495920719651	28.21466064453125
21.58	3.0482608695652176	0.16434615384615386	-0.024268348965811898	0.14732721829781828	0.012787537778934554	0.0002602181846558309	27.39480209350586
21.58	3.0482608695652176	0.17253846153846156	-0.030803951819515077	0.15088757239515266	0.012891228072630538	4.0876769728334354e-05	26.585311889648438
21.58	3.0482608695652176	0.18073076923076925	-0.039004508650949433	0.15275119787780872	0.012870488954531243	-0.0003097887960646183	25.776758193969727
21.58	3.0482608695652176	0.18892307692307694	-0.04611067053634405	0.15406411310576767	0.012904210271217211	-0.0006711725196698528	24.982311248779297
21.58	3.0482608695652176	0.19711538461538464	-0.05439356584134522	0.15680801433294464	0.012806443476065467	-0.0007538025188547582	24.229944229125977
21.58	3.0482608695652176	0.20530769230769233	-0.0625368000942749	0.15715267223089383	0.012975883514027441	-0.0008704167376005379	23.492830276489258
21.58	3.0482608695652176	0.21350000000000002	-0.07024781608812054	0.15575285632907088	0.01272757911420226	-0.001415784382499593	22.91024398803711
21.58	3.0482608695652176	0.22169230769230772	-0.07885547371439178	0.15684882052986554	0.012789852822338021	-0.0014532012054423514	22.2440242767334
21.58	3.0482608695652176	0.2298846153846154	-0.08737510483635645	0.15740972666494094	0.01284675222787368	-0.0016203096786575452	21.716949462890625
21.58	3.0482608695652176	0.2380769230769231	-0.09531163525791797	0.15700217012633988	0.01285323860002276	-0.0019534318521272943	21.17438507080078
21.58	3.0482608695652176	0.2462692307692308	-0.10427492585988675	0.1562259719925136	0.012894023453523622	-0.002297927471729423	20.689537048339844
21.58	3.0482608695652176	0.25446153846153846	-0.11266887960048354	0.15554777469803993	0.01286129965390051	-0.0024992299926460365	20.24152374267578
21.58	3.0482608695652176	0.2626538461538462	-0.11993776066058293	0.15451960223019923	0.012763852366140374	-0.0026087959627439797	19.82573127746582
21.58	3.0482608695652176	0.2708461538461539	-0.12769110922065538	0.1540072544523594	0.01297210621986555	-0.0028051246868763795	19.4425106048584
21.58	3.0482608695652176	0.27903846153846157	-0.13449676902657826	0.152025562816267	0.01285892017402834	-0.0030337368254841697	19.060932159423828
21.58	3.0482608695652176	0.28723076923076923	-0.14216733616469876	0.15149974915009462	0.012787443412316997	-0.0033347290291386106	18.747392654418945
21.58	3.0482608695652176	0.29542307692307695	-0.14835669261596696	0.14994196377175273	0.01264960550012815	-0.003377885047502854	18.42491340637207
21.58	3.0482608695652176	0.3036153846153847	-0.154670420179214	0.14770525530858303	0.012711117330236582	-0.004029396733080896	18.131832122802734
21.58	3.0482608695652176	0.31180769230769234	-0.16079271778657625	0.14672235674171108	0.012761413619730733	-0.0039053244973862103	17.84947395324707
21.58	3.0482608695652176	0.32	-0.16678068885224512	0.14502301510214574	0.012849405960755986	-0.004256858497224902	17.58265495300293
21.58	3.0569565217391306	0.0005	0.032723638921802675	0.0981808691823459	0.014558360717515317	-0.0013180609980698603	14.478996276855469
21.58	3.0569565217391306	0.008692307692307694	0.018429826848719424	0.12707639693430217	0.014561612676211956	-0.0012170470486088103	39.55311584472656
21.58	3.0569565217391306	0.016884615384615387	0.017601347750544127	0.1474433966106256	0.01453886461168265	-0.0010586987565351699	44.067657470703125
21.58	3.0569565217391306	0.02507692307692308	0.016338599155110115	0.15549771822640207	0.014148521319299175	-0.0010528347334206145	44.90065383911133
21.58	3.0569565217391306	0.03326923076923077	0.013566414057802107	0.14953974366978523	0.014261806359723852	-0.0010565431922463263	43.536376953125
21.58	3.0569565217391306	0.041461538461538466	0.011779683479632883	0.15306721171688997	0.014060849727895279	-0.0012125469216522208	41.204111099243164
21.58	3.0569565217391306	0.04965384615384616	0.009337738692717909	0.1584222645318471	0.01402290489880385	-0.0010274296331596012	38.63466262817383
21.58	3.0569565217391306	0.05784615384615385	0.00884528848398732	0.15740830468591527	0.013566105474168061	-0.0010384828015931092	37.258222579956055
21.58	3.0569565217391306	0.06603846153846155	0.007055663839078951	0.1580682294530953	0.01356212710998703	-0.0009658340239349076	35.42407035827637
21.58	3.0569565217391306	0.07423076923076924	0.005284112002796933	0.15634208755513374	0.013429003084735857	-0.0008410969836114542	34.534584045410156
21.58	3.0569565217391306	0.08242307692307693	0.004826337707660021	0.15760199927994384	0.013205849595881433	-0.0007450249548367697	33.222307205200195
21.58	3.0569565217391306	0.09061538461538463	0.002676472024491846	0.15748088352651668	0.01302376413621698	-0.0007118249450753108	32.80644989013672
21.58	3.0569565217391306	0.09880769230769232	0.002079625739448559	0.15803551769444582	0.012883029797805663	-0.0007182285199820362	32.041826248168945
21.58	3.0569565217391306	0.10700000000000001	0.0010194222766094314	0.15886266662368415	0.012704236005373681	-0.0008018294287128669	31.55569839477539
21.58	3.0569565217391306	0.1151923076923077	-0.0009112848754663926	0.1606747845499555	0.012797217658003655	-0.0006603373230905543	30.96487045288086
21.58	3.0569565217391306	0.1233846153846154	-0.003537343391770199	0.16272635678304714	0.013005177898831965	-0.0005807279070910751	30.181875228881836
21.58	3.0569565217391306	0.1315769230769231	-0.006029698786010621	0.1642619174288389	0.012835911215172992	-0.0005663679241937128	29.595718383789062
21.58	3.0569565217391306	0.13976923076923078	-0.010739609225134256	0.1670060023066885	0.012820749202895124	-0.0009072619536258052	28.905099868774414
21.58	3.0569565217391306	0.14796153846153848	-0.015855023391491627	0.17026152748566303	0.01299576788276392	-0.0010137885389528642	28.237812042236328
21.58	3.0569565217391306	0.15615384615384617	-0.022393371808544105	0.17257668687569966	0.012813301527355016	-0.0013901516457369466	27.46790885925293
21.58	3.0569565217391306	0.16434615384615386	-0.030805517248441876	0.17490562894511402	0.01296201207730368	-0.0013342930759998313	26.85527801513672
21.58	3.0569565217391306	0.17253846153846156	-0.03887000602338478	0.1758784485263952	0.012740727909448048	-0.0020680228194785944	26.127918243408203
21.58	3.0569565217391306	0.18073076923076925	-0.04762998713780207	0.17657495343407775	0.012686296808868373	-0.002210726509768229	25.329425811767578
21.58	3.0569565217391306	0.18892307692307694	-0.056350053933122125	0.17786303954464394	0.01261970031217435	-0.002406066125855871	24.659164428710938
21.58	3.0569565217391306	0.19711538461538464	-0.06593732358203169	0.17848348422241406	0.012549612048288528	-0.0028595993380755172	23.912782669067383
21.58	3.0569565217391306	0.20530769230769233	-0.07447846354232074	0.17722781552267267	0.012608465294007165	-0.0030516275730356787	23.18775177001953
21.58	3.0569565217391306	0.21350000000000002	-0.08385436147223464	0.176706235523807	0.012597851501387602	-0.0034448798822218863	22.59523582458496
21.58	3.0569565217391306	0.22169230769230772	-0.09334034966935326	0.17618016748310497	0.012443666671943911	-0.003817501718362637	22.042619705200195
21.58	3.0569565217391306	0.2298846153846154	-0.1024213929723661	0.1755433849859374	0.012549038286902191	-0.0037925301864828636	21.496501922607422
21.58	3.0569565217391306	0.2380769230769231	-0.11002817047124755	0.17393534452076853	0.012505167982117359	-0.0037633097593851683	20.97893714904785
21.58	3.0569565217391306	0.2462692307692308	-0.11939378349520305	0.17338973391294313	0.012156981838551734	-0.0043980388418256595	20.48117446899414
21.58	3.0569565217391306	0.25446153846153846	-0.1276559834183636	0.1716395499963074	0.012316716135455211	-0.004415742656053958	20.07638931274414
21.58	3.0569565217391306	0.2626538461538462	-0.1357896640013414	0.16946559049754795	0.01229261131574729	-0.004737290421868635	19.703781127929688
21.58	3.0569565217391306	0.2708461538461539	-0.1431423635478573	0.16790603223146147	0.012224465080539614	-0.004973981580038924	19.322423934936523
21.58	3.0569565217391306	0.27903846153846157	-0.15060736419888873	0.16677350760043652	0.012098501874602315	-0.005376360051374318	18.959022521972656
21.58	3.0569565217391306	0.28723076923076923	-0.15763256064119885	0.1650736787296469	0.011904415303478242	-0.005557969411620389	18.646257400512695
21.58	3.0569565217391306	0.29542307692307695	-0.16424393997107486	0.16356165493478392	0.012258776465067865	-0.005490153295704612	18.306135177612305
21.58	3.0569565217391306	0.3036153846153847	-0.17098160878334978	0.16148467818846315	0.012103127311501236	-0.0060788134784160765	18.054662704467773
21.58	3.0569565217391306	0.31180769230769234	-0.17653633969398852	0.15967711016737968	0.01190766526350107	-0.006379624146723545	17.76899528503418
21.58	3.0569565217391306	0.32	-0.18181219338016866	0.15741265215101818	0.012209718798034671	-0.006614387926752511	17.51047134399414
21.58	3.0656521739130436	0.0005	-0.006421568380168587	0.11190483965101816	0.014625392617667179	-0.0031949430555738003	11.678916931152344
21.58	3.0656521739130436	0.008692307692307694	0.011275701534619606	0.08899915193387936	0.014622784024881492	-0.0030180304544370094	37.768890380859375
21.58	3.0656521739130436	0.016884615384615387	0.010888706457486422	0.10415016089746426	0.014801327530848982	-0.0029218251688835333	41.985774993896484
21.58	3.0656521739130436	0.02507692307692308	0.007876435266958588	0.10803385892714071	0.014457038369184256	-0.003184185784590879	44.50061798095703
21.58	3.0656521739130436	0.03326923076923077	0.009944798676447975	0.11169424046593415	0.014150083096825129	-0.003056504799300673	46.75724411010742
21.58	3.0656521739130436	0.041461538461538466	0.008137446754712683	0.11391429853432	0.013917098985572451	-0.0030071074469886334	42.42288398742676
21.58	3.0656521739130436	0.04965384615384616	0.006389518909677268	0.118351901456701	0.013706914419466585	-0.0029862890568144894	41.8774299621582
21.58	3.0656521739130436	0.05784615384615385	0.004756901617915706	0.11884121766510553	0.013310445801866244	-0.0027974079836082617	40.044647216796875
21.58	3.0656521739130436	0.06603846153846155	0.004157091580123425	0.119962594319071	0.013153236798962015	-0.002544388794214659	37.47064399719238
21.58	3.0656521739130436	0.07423076923076924	0.003041780606766146	0.11988003563278485	0.012766381480969279	-0.002470722287964215	36.59076690673828
21.58	3.0656521739130436	0.08242307692307693	0.00125820817127797	0.12251092286273721	0.012758867907142694	-0.0021944648648425658	34.92968559265137
21.58	3.0656521739130436	0.09061538461538463	0.0006752547219392923	0.12218758242629349	0.012511384909850154	-0.0022092940320729117	34.394832611083984
21.58	3.0656521739130436	0.09880769230769232	-0.0010399622828273078	0.12458664373789191	0.01248777409870074	-0.0019291157495356774	33.12377166748047
21.58	3.0656521739130436	0.10700000000000001	-0.0009793319055162101	0.12616429460001485	0.012581587751411844	-0.001825059465536735	32.584856033325195
21.58	3.0656521739130436	0.1151923076923077	-0.002683276296119453	0.1286510040380448	0.012184397216662016	-0.001922642854370037	31.7896728515625
21.58	3.0656521739130436	0.1233846153846154	-0.004725297294811799	0.13218401299404817	0.012245753287986785	-0.0019631454170220596	31.18334197998047
21.58	3.0656521739130436	0.1315769230769231	-0.008536301400767152	0.13587730588938018	0.012456662174479475	-0.0019532371495924244	30.36654281616211
21.58	3.0656521739130436	0.13976923076923078	-0.012083073117850326	0.13875429935092126	0.012483671114857906	-0.0020282017632606963	29.662382125854492
21.58	3.0656521739130436	0.14796153846153848	-0.017953292330111295	0.1429679665912203	0.012230189723338883	-0.0024028564151021064	28.79644775390625
21.58	3.0656521739130436	0.15615384615384617	-0.02496066811483489	0.1455498194963244	0.012243352834052656	-0.0027492014512969704	28.053131103515625
21.58	3.0656521739130436	0.16434615384615386	-0.03135734205192749	0.14813353060600926	0.012370856807824694	-0.002740517121833069	27.2619686126709
21.58	3.0656521739130436	0.17253846153846156	-0.03935493008233934	0.1502037596859911	0.012133564462269156	-0.0033172312698129527	26.452728271484375
21.58	3.0656521739130436	0.18073076923076925	-0.046848497197574626	0.15208902947629496	0.012049500847581206	-0.00357795951363546	25.65558624267578
21.58	3.0656521739130436	0.18892307692307694	-0.054908974446666106	0.15379614464905272	0.012226050323454096	-0.003685993808316152	24.813827514648438
21.58	3.0656521739130436	0.19711538461538464	-0.06239590242163526	0.1536520858571322	0.012147651361515703	-0.003907834377052081	24.083343505859375
21.58	3.0656521739130436	0.20530769230769233	-0.07041697125656779	0.1545758332431006	0.01176885458509042	-0.004479712723216503	23.432220458984375
21.58	3.0656521739130436	0.21350000000000002	-0.07773990658804739	0.1550912963627561	0.011910112400883015	-0.004671865552234914	22.834789276123047
21.58	3.0656521739130436	0.22169230769230772	-0.08598267617615254	0.15524255315440674	0.011777543362668445	-0.005134830930718121	22.21421241760254
21.58	3.0656521739130436	0.2298846153846154	-0.09151358432116302	0.15472294230612887	0.011789385966303603	-0.00524976303421539	21.677082061767578
21.58	3.0656521739130436	0.2380769230769231	-0.10063647825626511	0.15466368023478996	0.011546966259393228	-0.005520819521201193	21.16168212890625
21.58	3.0656521739130436	0.2462692307692308	-0.10692202121303909	0.1539080816082754	0.011443223046839783	-0.005784323119470146	20.723556518554688
21.58	3.0656521739130436	0.25446153846153846	-0.11531736212927955	0.15322951957711783	0.011376520673368407	-0.006048632041663168	20.25309944152832
21.58	3.0656521739130436	0.2626538461538462	-0.12045387612597426	0.15202546710931647	0.011254409387586393	-0.006224818664711295	19.88665199279785
21.58	3.0656521739130436	0.2708461538461539	-0.12773182397543104	0.15149448310988536	0.011054968480541553	-0.006772552865160958	19.521657943725586
21.58	3.0656521739130436	0.27903846153846157	-0.1339924444870336	0.15022414544513024	0.011164077050504479	-0.006867448624501522	19.16980743408203
21.58	3.0656521739130436	0.28723076923076923	-0.13942837210672557	0.1489263347655957	0.010954545670408026	-0.0073112397889360334	18.831985473632812
21.58	3.0656521739130436	0.29542307692307695	-0.1456284555210219	0.14806545770228108	0.010967160017974441	-0.007402705545083224	18.539989471435547
21.58	3.0656521739130436	0.3036153846153847	-0.1509907131943245	0.14678646109253576	0.010792542757216472	-0.00786171362026504	18.23335838317871
21.58	3.0656521739130436	0.31180769230769234	-0.15585730727048108	0.1448973604217212	0.010911850175162347	-0.00809216798791206	17.951902389526367
21.58	3.0656521739130436	0.32	-0.16034806455004474	0.1438455409866332	0.010867736079072142	-0.008407781403935614	17.73198699951172
21.58	3.0743478260869566	0.0005	-0.05497784698832302	0.16452665995178217	0.014789755631600995	-0.005470062441772196	15.686882019042969
21.58	3.0743478260869566	0.008692307692307694	0.012604006235027651	0.16359935936626013	0.014681676396121	-0.005320255936583858	33.73058319091797
21.58	3.0743478260869566	0.016884615384615387	0.010198791925335262	0.16945599255260047	0.01460791745260347	-0.005365665281436344	40.74750518798828
21.58	3.0743478260869566	0.02507692307692308	0.008823296292319219	0.17351166607387936	0.014292560481594122	-0.005248495032156594	41.886810302734375
21.58	3.0743478260869566	0.03326923076923077	0.005840819007351313	0.17374488181941783	0.013976983562956308	-0.005294677047850882	42.87085723876953
21.58	3.0743478260869566	0.041461538461538466	0.007412225431396873	0.17415308795445233	0.013599206372817127	-0.005006128357537806	42.49149703979492
21.58	3.0743478260869566	0.04965384615384616	0.006125243469721532	0.17419470580281693	0.013236307693717118	-0.004841416075227685	40.51850700378418
21.58	3.0743478260869566	0.05784615384615385	0.005530799467231037	0.17473921152633626	0.0129530586989521	-0.00452314268092276	39.21803092956543
21.58	3.0743478260869566	0.06603846153846155	0.00556079252448201	0.17209011885208086	0.012572373099431296	-0.004110293786438415	37.746511459350586
21.58	3.0743478260869566	0.07423076923076924	0.005171318527003923	0.16849693718043568	0.01218858959638318	-0.004100612221181548	36.255775451660156
21.58	3.0743478260869566	0.08242307692307693	0.0035548680754566393	0.169380152930654	0.011912496830833418	-0.003619925157551613	35.17890167236328
21.58	3.0743478260869566	0.09061538461538463	0.002592254924979223	0.1681312227222691	0.01175859336185009	-0.0033600147019296964	34.10095977783203
21.58	3.0743478260869566	0.09880769230769232	0.0014182799681748456	0.16631552833537777	0.011440791007067016	-0.0033672845692403306	33.47026824951172
21.58	3.0743478260869566	0.10700000000000001	-0.0006673810933277309	0.1688320683456691	0.011584708831942231	-0.003119327982122307	32.808380126953125
21.58	3.0743478260869566	0.1151923076923077	-0.0017195273069606529	0.1678582311115665	0.011460515707876585	-0.0031542483258731593	32.16013717651367
21.58	3.0743478260869566	0.1233846153846154	-0.003871513223907097	0.1691336410071429	0.01119248570059976	-0.0032778622942315865	31.49485206604004
21.58	3.0743478260869566	0.1315769230769231	-0.007170552686488376	0.17084361074470988	0.011289950287324279	-0.0032425237087919845	30.716537475585938
21.58	3.0743478260869566	0.13976923076923078	-0.013464330730470833	0.17191803663503857	0.011209656283905169	-0.003285707705396044	30.068622589111328
21.58	3.0743478260869566	0.14796153846153848	-0.019532543435058797	0.17556488471648352	0.011141356459459108	-0.0034975445849755983	29.28687286376953
21.58	3.0743478260869566	0.15615384615384617	-0.027576007541574125	0.17902226641209182	0.011110904616227877	-0.0036325671832307628	28.48724365234375
21.58	3.0743478260869566	0.16434615384615386	-0.03585089061998534	0.1803667856370411	0.011036098723239428	-0.004142220632092196	27.44777488708496
21.58	3.0743478260869566	0.17253846153846156	-0.04463988838651805	0.1819981059002275	0.010911298993128746	-0.004324813961101445	26.611339569091797
21.58	3.0743478260869566	0.18073076923076925	-0.05430262395275297	0.18177586154607342	0.01085799710296117	-0.004481274172920914	25.759777069091797
21.58	3.0743478260869566	0.18892307692307694	-0.0630833208447195	0.18303299726243707	0.010678912388779212	-0.00492887284270075	24.942760467529297
21.58	3.0743478260869566	0.19711538461538464	-0.0728921063195443	0.18434176294078908	0.010588421306744828	-0.00523532921451208	24.223142623901367
21.58	3.0743478260869566	0.20530769230769233	-0.08094083144771813	0.1838565811323174	0.010586546903648087	-0.005538616122240841	23.434467315673828
21.58	3.0743478260869566	0.21350000000000002	-0.09071639757114408	0.18503806952332932	0.010288285890527563	-0.005889664161486081	22.8194637298584
21.58	3.0743478260869566	0.22169230769230772	-0.09914099904219563	0.18499464807512092	0.010303279771307019	-0.005941110142162669	22.239755630493164
21.58	3.0743478260869566	0.2298846153846154	-0.10793722140590056	0.18399540249398952	0.010201632731315214	-0.006350121246947111	21.6826114654541
21.58	3.0743478260869566	0.2380769230769231	-0.11665668747375116	0.18399104325241455	0.010138837094547222	-0.006497638699516555	21.192882537841797
21.58	3.0743478260869566	0.2462692307692308	-0.12448679916708011	0.1833859848017408	0.010019991812424725	-0.0068313121366425375	20.708045959472656
21.58	3.0743478260869566	0.25446153846153846	-0.13225382138191005	0.18229445974999786	0.009893307171415743	-0.007318461345476664	20.25644302368164
21.58	3.0743478260869566	0.2626538461538462	-0.14056559758175385	0.18115989841595964	0.009690929137769935	-0.0076901740938235714	19.88767433166504
21.58	3.0743478260869566	0.2708461538461539	-0.14812066505187751	0.18027968469580352	0.009540115887821839	-0.007858233759592818	19.509231567382812
21.58	3.0743478260869566	0.27903846153846157	-0.15586649402845243	0.17942182849447863	0.00952808243190875	-0.008166885885716846	19.157371520996094
21.58	3.0743478260869566	0.28723076923076923	-0.16224679127662064	0.17766801211478728	0.009483953717382112	-0.008482502317291977	18.791404724121094
21.58	3.0743478260869566	0.29542307692307695	-0.16849986393389382	0.1769028644740099	0.009413278050852611	-0.008517407451151657	18.515892028808594
21.58	3.0743478260869566	0.3036153846153847	-0.17440339154017248	0.1747298240858579	0.009460814748950663	-0.008639182002502098	18.247482299804688
21.58	3.0743478260869566	0.31180769230769234	-0.1810013658778099	0.17398509841519233	0.00935497027158447	-0.009107772515402943	17.973907470703125
21.58	3.0743478260869566	0.32	-0.18586958447739566	0.17168960940840006	0.009289016156469349	-0.009501641812314419	17.710182189941406
21.58	3.0830434782608696	0.0005	0.014160164945869767	0.17169916701318977	0.012393444067890572	-0.0069604902538252	14.537994384765625
21.58	3.0830434782608696	0.008692307692307694	0.00683898433654569	0.1480814885863361	0.012440091799521423	-0.006627743900340719	38.967247009277344
21.58	3.0830434782608696	0.016884615384615387	0.004775122067267068	0.15358121733211694	0.012171228965089808	-0.006710801612994273	43.74765396118164
21.58	3.0830434782608696	0.02507692307692308	0.003931764027411107	0.15509163479351218	0.011809690992626236	-0.0066962756137577475	43.252201080322266
21.58	3.0830434782608696	0.03326923076923077	0.0028731062806490663	0.15271266520053858	0.011617572007021383	-0.006466884014443492	41.480716705322266
21.58	3.0830434782608696	0.041461538461538466	0.0009799913301411862	0.15355034836598452	0.011183690690854725	-0.006105032702234309	41.79300880432129
21.58	3.0830434782608696	0.04965384615384616	-4.5187488843597525e-05	0.14966782560530595	0.010932466619858567	-0.005795177289351708	40.5615348815918
21.58	3.0830434782608696	0.05784615384615385	0.0003363016208699796	0.1496247029835872	0.010612896783532732	-0.005167125691989358	40.67339897155762
21.58	3.0830434782608696	0.06603846153846155	-0.0016904172340341983	0.1457272536093883	0.010388141956589336	-0.004833379861064865	38.0528507232666
21.58	3.0830434782608696	0.07423076923076924	-0.001874788556427619	0.14099950892576504	0.009962080264286832	-0.004421657861462378	37.726654052734375
21.58	3.0830434782608696	0.08242307692307693	-0.0029438141843665363	0.14194312251718932	0.009842690502173288	-0.004013776915755368	36.55532264709473
21.58	3.0830434782608696	0.09061538461538463	-0.00397032430566736	0.1403743044946923	0.0097500420114465	-0.0037586273553160193	36.23079299926758
21.58	3.0830434782608696	0.09880769230769232	-0.00590090853176929	0.13915995590540017	0.009724749193474554	-0.003370783853709765	35.05802536010742
21.58	3.0830434782608696	0.10700000000000001	-0.007255136412752965	0.13999774732991027	0.009586926244656338	-0.003337542347502204	34.37660598754883
21.58	3.0830434782608696	0.1151923076923077	-0.010433644205850249	0.1412198035840519	0.009656909326468429	-0.0030306359216169584	33.48745346069336
21.58	3.0830434782608696	0.1233846153846154	-0.013408542201441411	0.1432899572749264	0.009824942750497515	-0.003072871028517494	32.674272537231445
21.58	3.0830434782608696	0.1315769230769231	-0.016516404114748515	0.14573581419688025	0.009734264009556941	-0.003180933831954783	31.8998966217041
21.58	3.0830434782608696	0.13976923076923078	-0.022498250256115505	0.1486856873959118	0.009825129234587199	-0.003285683167153798	30.942058563232422
21.58	3.0830434782608696	0.14796153846153848	-0.028784779596157585	0.15225286744821503	0.009770450245304534	-0.003426773136594217	30.03968620300293
21.58	3.0830434782608696	0.15615384615384617	-0.03672068917380296	0.15426445867919983	0.009793309598132235	-0.0036393242878416687	28.907201766967773
21.58	3.0830434782608696	0.16434615384615386	-0.04488549261978472	0.15721070636842047	0.009669800719158623	-0.0039622117165814055	27.981842041015625
21.58	3.0830434782608696	0.17253846153846156	-0.05419669329813327	0.1597023034546116	0.009753555555099982	-0.004191567514946255	26.991931915283203
21.58	3.0830434782608696	0.18073076923076925	-0.06305585473265377	0.1603498499634558	0.009558254593677366	-0.004574244522420083	26.080242156982422
21.58	3.0830434782608696	0.18892307692307694	-0.07147856892507398	0.16139425526176326	0.010057648042303875	-0.004351497468170741	25.180282592773438
21.58	3.0830434782608696	0.19711538461538464	-0.08075987042348706	0.16326038132224907	0.009462605757774446	-0.005117560965292698	24.37945556640625
21.58	3.0830434782608696	0.20530769230769233	-0.09091725765440821	0.16416552579646693	0.00911901474005845	-0.005468419240670833	23.644765853881836
21.58	3.0830434782608696	0.21350000000000002	-0.0996600030327864	0.16469396510562384	0.009127552091549692	-0.0059521176632701765	22.89580535888672
21.58	3.0830434782608696	0.22169230769230772	-0.10834912651802375	0.16515702935336618	0.009190484347882406	-0.006276267254776459	22.321918487548828
21.58	3.0830434782608696	0.2298846153846154	-0.11724314171473454	0.16708155068969816	0.009112539464720189	-0.006526481820356116	21.779338836669922
21.58	3.0830434782608696	0.2380769230769231	-0.12647961550859693	0.16644053053220728	0.00900207956007097	-0.006666089339575471	21.26486587524414
21.58	3.0830434782608696	0.2462692307692308	-0.13426437424963295	0.16566227960044505	0.008872147414834147	-0.007091393037636026	20.74631118774414
21.58	3.0830434782608696	0.25446153846153846	-0.1421963367556054	0.16483563620255898	0.008638479250251224	-0.007188598943694691	20.336950302124023
21.58	3.0830434782608696	0.2626538461538462	-0.15051654390439578	0.16453014339910454	0.00865654034070022	-0.0074311650877336155	19.922998428344727
21.58	3.0830434782608696	0.2708461538461539	-0.15760122648820468	0.16322803970085092	0.008367760084063923	-0.007811392211012201	19.579212188720703
21.58	3.0830434782608696	0.27903846153846157	-0.16540626965825928	0.1622174481660659	0.008439414092435444	-0.008106856120621089	19.192766189575195
21.58	3.0830434782608696	0.28723076923076923	-0.17173821412389645	0.16131814520662374	0.008249519188984235	-0.008287714075167898	18.87259292602539
21.58	3.0830434782608696	0.29542307692307695	-0.17862104254555433	0.15994062478452173	0.00834643994818609	-0.008815182915636606	18.592327117919922
21.58	3.0830434782608696	0.3036153846153847	-0.18505531039800976	0.15865479413218048	0.00823235301883389	-0.009011510014183653	18.312183380126953
21.58	3.0830434782608696	0.31180769230769234	-0.19104465999981457	0.15781077842670116	0.008165913490815652	-0.009250267548136248	18.04278564453125
21.58	3.0830434782608696	0.32	-0.1968103255339393	0.1560068962210003	0.008083885954876871	-0.009530735203414721	17.78285789489746
21.58	3.0917391304347825	0.0005	-0.20384157553393933	0.05131939622100033	0.010925759048331558	-0.0056932096129130635	11.293609619140625
21.58	3.0917391304347825	0.008692307692307694	-0.005438842224744934	0.1813777043762762	0.011268191271410056	-0.005463380599634561	34.857994079589844
21.58	3.0917391304347825	0.016884615384615387	-0.007698798303814459	0.1833700303325109	0.010694873082613788	-0.005484292223522847	39.45802307128906
21.58	3.0917391304347825	0.02507692307692308	-0.006629809736042355	0.18262473524134193	0.010529195264272094	-0.0053478258607417405	41.8508186340332
21.58	3.0917391304347825	0.03326923076923077	-0.004682405105560155	0.18245356532331145	0.010235703088429691	-0.005210944197466907	40.810482025146484
21.58	3.0917391304347825	0.041461538461538466	-0.0035673397013499778	0.18110470041432264	0.00973003404399484	-0.005136060283894486	41.06167793273926
21.58	3.0917391304347825	0.04965384615384616	-0.004312985149087411	0.17707322224560565	0.009849103603708468	-0.004364087578481668	40.28664779663086
21.58	3.0917391304347825	0.05784615384615385	-0.004794490328865156	0.17729987726598428	0.009414493977381058	-0.0041114787286465814	39.649940490722656
21.58	3.0917391304347825	0.06603846153846155	-0.00372030568382508	0.16980350079957826	0.00904485767684482	-0.003819538570010973	38.6135311126709
21.58	3.0917391304347825	0.07423076923076924	-0.004375397837290456	0.16431591493147388	0.008933399521159279	-0.003427529585126589	37.14160919189453
21.58	3.0917391304347825	0.08242307692307693	-0.005051000187674452	0.1623807664595075	0.008916412500078127	-0.0029704049984438236	35.738609313964844
21.58	3.0917391304347825	0.09061538461538463	-0.005736915010444881	0.15921119803493422	0.008479672110974784	-0.0030852226286806	35.14080619812012
21.58	3.0917391304347825	0.09880769230769232	-0.007149925898144668	0.15732067787335619	0.008566184091018508	-0.0027191098322072826	34.426368713378906
21.58	3.0917391304347825	0.10700000000000001	-0.008958506411279068	0.15583834331849383	0.008505655400254481	-0.0024601298382516106	33.84564018249512
21.58	3.0917391304347825	0.1151923076923077	-0.01060552950685377	0.1559475739472257	0.008675060875280478	-0.002476890673093601	32.948387145996094
21.58	3.0917391304347825	0.1233846153846154	-0.0122948681909358	0.15673921899727453	0.008638171901143802	-0.00235814479946961	32.235774993896484
21.58	3.0917391304347825	0.1315769230769231	-0.017547341838308715	0.15782922659022117	0.008592505439142532	-0.0024822394296041736	31.522613525390625
21.58	3.0917391304347825	0.13976923076923078	-0.021548682750254015	0.16031843460373496	0.008640862597295138	-0.0024873006828432637	30.557647705078125
21.58	3.0917391304347825	0.14796153846153848	-0.027895878497029476	0.1630248449641184	0.008657132179740758	-0.0026928144368591374	29.735055923461914
21.58	3.0917391304347825	0.15615384615384617	-0.03631670107603022	0.16548648621742612	0.00865684646559544	-0.0030612962574261475	28.62419891357422
21.58	3.0917391304347825	0.16434615384615386	-0.045132776158639365	0.16729247096167482	0.00860100197605221	-0.0034395051464409326	27.663326263427734
21.58	3.0917391304347825	0.17253846153846156	-0.05391375168058894	0.16900425396901508	0.008705797191277048	-0.0038152577783827817	26.761932373046875
21.58	3.0917391304347825	0.18073076923076925	-0.06351803212258839	0.17036610797089474	0.00866617832352479	-0.003992296276804982	25.779727935791016
21.58	3.0917391304347825	0.18892307692307694	-0.07270071045492878	0.17116683009401906	0.00842002823328205	-0.004539821803586083	24.9071044921875
21.58	3.0917391304347825	0.19711538461538464	-0.08267144350429029	0.17304553522437033	0.00845615484388769	-0.004618886407462189	24.106185913085938
21.58	3.0917391304347825	0.20530769230769233	-0.09099924486690167	0.17427104580157593	0.008117125269010428	-0.005268260480568136	23.377002716064453
21.58	3.0917391304347825	0.21350000000000002	-0.10121064401791396	0.17470315477286621	0.00818649999076011	-0.0053195597321348004	22.695199966430664
21.58	3.0917391304347825	0.22169230769230772	-0.10999429888651671	0.17490480846201223	0.00805961498579372	-0.005628293101463866	22.092788696289062
21.58	3.0917391304347825	0.2298846153846154	-0.11953845324187008	0.17462648390339078	0.008015984950432441	-0.006096857754883755	21.561765670776367
21.58	3.0917391304347825	0.2380769230769231	-0.12817677859376897	0.17411001295270506	0.00793785152480716	-0.006315363999103553	21.040571212768555
21.58	3.0917391304347825	0.2462692307692308	-0.13773586890916661	0.1737491782467766	0.007641640509141255	-0.006566872744817644	20.58254051208496
21.58	3.0917391304347825	0.25446153846153846	-0.14502165533844905	0.1729031955324435	0.00781873336380606	-0.006741609196344413	20.135217666625977
21.58	3.0917391304347825	0.2626538461538462	-0.1532367023314219	0.17142445915405816	0.007614052830040453	-0.007350044837588101	19.768070220947266
21.58	3.0917391304347825	0.2708461538461539	-0.1607174063138569	0.17049503672803196	0.007496570423372404	-0.007448018876540591	19.393953323364258
21.58	3.0917391304347825	0.27903846153846157	-0.16814016077340566	0.1682399470364247	0.007464445274071845	-0.007629331679937893	19.042076110839844
21.58	3.0917391304347825	0.28723076923076923	-0.17605178727040283	0.16713045995951423	0.007108001447286013	-0.008013542215259364	18.73267936706543
21.58	3.0917391304347825	0.29542307692307695	-0.18323743997435502	0.16602837428308503	0.007020438178777562	-0.008457915783619813	18.419673919677734
21.58	3.0917391304347825	0.3036153846153847	-0.18982239851764363	0.1638488048307133	0.006841139947981433	-0.00872651783032792	18.127620697021484
21.58	3.0917391304347825	0.31180769230769234	-0.19591628897622188	0.1627013839313528	0.006879568727207226	-0.009065302965282298	17.856367111206055
21.58	3.0917391304347825	0.32	-0.20266041567381654	0.16171104180736579	0.006995926973846208	-0.009153615661326154	17.611814498901367
21.58	3.1004347826086955	0.0005	-0.11586841939900192	0.1679732490820648	0.00937716388142324	-0.0036847477604022836	11.691505432128906
21.58	3.1004347826086955	0.008692307692307694	0.0003750438666529825	0.13214455751742304	0.009552477510384034	-0.003528069875627706	37.42964553833008
21.58	3.1004347826086955	0.016884615384615387	-0.0035802881368808565	0.14587178697849695	0.009398221352499585	-0.003473685996626853	42.98828125
21.58	3.1004347826086955	0.02507692307692308	-0.004700746212043239	0.14908221910163774	0.009135391877790729	-0.003432285333805753	42.13080596923828
21.58	3.1004347826086955	0.03326923076923077	-0.006080490920581291	0.14967061752840888	0.00859659389199927	-0.003429891952295708	41.538169860839844
21.58	3.1004347826086955	0.041461538461538466	-0.004365364856144448	0.1497234679521397	0.008563671448907937	-0.003226011210975515	40.53733444213867
21.58	3.1004347826086955	0.04965384615384616	-0.006188357642909549	0.14741229133171588	0.00821002260840789	-0.002880096651815117	40.33616065979004
21.58	3.1004347826086955	0.05784615384615385	-0.007410157655172526	0.14544744411721228	0.007852512848920301	-0.0026259000684053227	39.968807220458984
21.58	3.1004347826086955	0.06603846153846155	-0.008948968627296867	0.1390345745650619	0.007754519099033418	-0.0021863269670252044	39.590084075927734
21.58	3.1004347826086955	0.07423076923076924	-0.009605386527620672	0.13911026906625884	0.0077289863514564015	-0.0020188719578431574	37.68154335021973
21.58	3.1004347826086955	0.08242307692307693	-0.011192846561142666	0.13820010082402284	0.0075761425938612945	-0.0017849199311174631	36.70361328125
21.58	3.1004347826086955	0.09061538461538463	-0.011317035471861706	0.13572064194894912	0.007437055196003732	-0.001797959643793735	35.68552589416504
21.58	3.1004347826086955	0.09880769230769232	-0.014513150897502481	0.13508629163209407	0.007528254314768688	-0.0016981166562215608	34.85189628601074
21.58	3.1004347826086955	0.10700000000000001	-0.01684725830952781	0.1365988389583683	0.0074972576948703264	-0.0014748991423727672	33.98183631896973
21.58	3.1004347826086955	0.1151923076923077	-0.018333272278115754	0.13625621266362692	0.007588274042739626	-0.001363050349787689	33.28301239013672
21.58	3.1004347826086955	0.1233846153846154	-0.02235554469799958	0.13860625282867972	0.007612851665913246	-0.0015946171592913373	32.39664649963379
21.58	3.1004347826086955	0.1315769230769231	-0.02601308689462862	0.14075996334602767	0.007699578195796596	-0.0013095330617878178	31.42585563659668
21.58	3.1004347826086955	0.13976923076923078	-0.03156186347855508	0.14339277460055544	0.00779919929829611	-0.0017344482543006725	30.58968734741211
21.58	3.1004347826086955	0.14796153846153848	-0.038007514979972234	0.14645984000342088	0.007886081845222968	-0.0018708755806952104	29.635404586791992
21.58	3.1004347826086955	0.15615384615384617	-0.04553632672264027	0.14885148893188105	0.00793741419629889	-0.0023438584878083153	28.775318145751953
21.58	3.1004347826086955	0.16434615384615386	-0.05418641594427134	0.15185854203497567	0.007871884793807953	-0.0025241776544196112	27.742250442504883
21.58	3.1004347826086955	0.17253846153846156	-0.06293543379418513	0.1534863031707266	0.007581392672368494	-0.003126992823633111	26.83580780029297
21.58	3.1004347826086955	0.18073076923076925	-0.07251205953966636	0.15478354901093125	0.00798409674298526	-0.003207920776440943	25.883731842041016
21.58	3.1004347826086955	0.18892307692307694	-0.08176185997558566	0.15502907289214338	0.007560146653839438	-0.0036743927318182434	24.99271583557129
21.58	3.1004347826086955	0.19711538461538464	-0.09118222006486533	0.15546882586808788	0.007385823789980603	-0.003961982301325202	24.234420776367188
21.58	3.1004347826086955	0.20530769230769233	-0.10018913135404503	0.1569863359940835	0.007309843282427846	-0.004486605467286095	23.508874893188477
21.58	3.1004347826086955	0.21350000000000002	-0.10933503309474829	0.15697222987314022	0.007257391459665725	-0.004898017397646923	22.823774337768555
21.58	3.1004347826086955	0.22169230769230772	-0.11816262738989236	0.15607208294918096	0.00719098789383538	-0.005083004766421534	22.224206924438477
21.58	3.1004347826086955	0.2298846153846154	-0.12768439023370248	0.15497579526014899	0.007145908195840607	-0.005511024557010042	21.710342407226562
21.58	3.1004347826086955	0.2380769230769231	-0.13582220102329687	0.15552607144515287	0.007104914128782698	-0.005614193276316308	21.162540435791016
21.58	3.1004347826086955	0.2462692307692308	-0.14412321864296632	0.15488335390861405	0.006919685766364196	-0.005939763379904776	20.686994552612305
21.58	3.1004347826086955	0.25446153846153846	-0.15256548213441803	0.15225729069958702	0.00678274864683182	-0.006396138560415579	20.28693962097168
21.58	3.1004347826086955	0.2626538461538462	-0.15984934954315272	0.1515640835471124	0.006721483451922054	-0.006805412292342451	19.898399353027344
21.58	3.1004347826086955	0.2708461538461539	-0.16734153171945038	0.15036131733554386	0.006559587023538143	-0.0068549091113341894	19.475034713745117
21.58	3.1004347826086955	0.27903846153846157	-0.17470722287087947	0.14936451595233874	0.006618342152604555	-0.007271510311929514	19.151689529418945
21.58	3.1004347826086955	0.28723076923076923	-0.18093527886211183	0.14729893347205714	0.006622156660433446	-0.00727436405285788	18.845712661743164
21.58	3.1004347826086955	0.29542307692307695	-0.1887041407913317	0.14612045789416678	0.006626625128684158	-0.007925716815218933	18.53816032409668
21.58	3.1004347826086955	0.3036153846153847	-0.19427028577219843	0.14442741700683182	0.006114970360454993	-0.008076518485636817	18.2371826171875
21.58	3.1004347826086955	0.31180769230769234	-0.20016864060739736	0.14250813889538194	0.006154437084683983	-0.008361293530838785	17.965879440307617
21.58	3.1004347826086955	0.32	-0.204373757656093	0.14001717950904063	0.006226485495177133	-0.008569898828823613	17.735450744628906
21.58	3.1091304347826085	0.0005	-0.007477146502013581	0.2981473905196158	0.008488056503598147	-0.0006224978823915841	11.40313720703125
21.58	3.1091304347826085	0.008692307692307694	-0.012456852312560458	0.091856191789147	0.00858872051660533	-0.0008265346535658707	39.6805534362793
21.58	3.1091304347826085	0.016884615384615387	-0.016949039812560455	0.118711660539147	0.008256352648937402	-0.0009029350887026187	43.93250274658203
21.58	3.1091304347826085	0.02507692307692308	-0.01324843563920565	0.12385067493177254	0.008185114910465486	-0.0007890983409472845	46.77765655517578
21.58	3.1091304347826085	0.03326923076923077	-0.012790195130172446	0.12840957195020514	0.007877473571024455	-0.0011017148901194475	43.45100784301758
21.58	3.1091304347826085	0.041461538461538466	-0.012008170987927384	0.13365720628188626	0.007813447277711258	-0.0006749454808206462	43.41960525512695
21.58	3.1091304347826085	0.04965384615384616	-0.01212615420504547	0.13353384344311497	0.007541387921399474	-0.0007560787821981991	41.734994888305664
21.58	3.1091304347826085	0.05784615384615385	-0.01324610500011899	0.13472979194028678	0.0073187555061065505	-0.0006932673132266422	39.799007415771484
21.58	3.1091304347826085	0.06603846153846155	-0.012161173549223022	0.13402415870931372	0.0072164351375374955	-0.0005515304952038788	38.05581092834473
21.58	3.1091304347826085	0.07423076923076924	-0.012447167286538975	0.1336412224506252	0.0069106311070652494	-0.0003193589466147582	36.88201904296875
21.58	3.1091304347826085	0.08242307692307693	-0.013493598351144689	0.13369438383330035	0.006946494910459735	-0.00020697963294541893	35.43379211425781
21.58	3.1091304347826085	0.09061538461538463	-0.012689443235513746	0.1336567554059494	0.006749236986558825	-0.00021490233033209555	34.55217933654785
21.58	3.1091304347826085	0.09880769230769232	-0.014434153435514303	0.1333785202314665	0.006827607114052878	-0.00013510500208330876	33.671775817871094
21.58	3.1091304347826085	0.10700000000000001	-0.015319123777818168	0.13462362448995355	0.006978043520143522	9.914216202515723e-06	33.1917781829834
21.58	3.1091304347826085	0.1151923076923077	-0.016802280013194518	0.13543032444120529	0.006676025164328579	-0.0002788317332640587	32.41913414001465
21.58	3.1091304347826085	0.1233846153846154	-0.01866089663349673	0.13722318037451386	0.006957576908018447	-0.0003517154561903913	31.595535278320312
21.58	3.1091304347826085	0.1315769230769231	-0.022187240853650717	0.1396693432497899	0.007027341942875473	-0.0004027227378570632	30.900531768798828
21.58	3.1091304347826085	0.13976923076923078	-0.026517829730851795	0.14144456403135464	0.007225994332156519	-0.000621139166099624	30.0225772857666
21.58	3.1091304347826085	0.14796153846153848	-0.03186535231491891	0.14534808859434434	0.007064142412464091	-0.0007552343166316024	29.17687225341797
21.58	3.1091304347826085	0.15615384615384617	-0.03821256877111611	0.1477165346962446	0.007137893978413378	-0.001293433048798119	28.446666717529297
21.58	3.1091304347826085	0.16434615384615386	-0.045928192865514625	0.1498076298311024	0.006939319343016722	-0.0017327975367182231	27.58062744140625
21.58	3.1091304347826085	0.17253846153846156	-0.0538422670215114	0.1510301145227093	0.007001634248715896	-0.0019761322530969638	26.61705780029297
21.58	3.1091304347826085	0.18073076923076925	-0.062228700182569874	0.15228447264492828	0.006834290403910745	-0.0023343740201228645	25.78891372680664
21.58	3.1091304347826085	0.18892307692307694	-0.06983624048454845	0.15280982900843343	0.006539750012141486	-0.0029451098987040435	24.99272346496582
21.58	3.1091304347826085	0.19711538461538464	-0.07812310862511553	0.154100150434201	0.006699590541436737	-0.003222763333613596	24.153156280517578
21.58	3.1091304347826085	0.20530769230769233	-0.08661073255509294	0.15432626363438867	0.006594484038532171	-0.0034166956922669672	23.463016510009766
21.58	3.1091304347826085	0.21350000000000002	-0.0949965398198893	0.155362104344134	0.0064261281720967905	-0.0039025450488631604	22.771175384521484
21.58	3.1091304347826085	0.22169230769230772	-0.103057560206844	0.15601119015704634	0.006284214328115337	-0.004533761741863328	22.160301208496094
21.58	3.1091304347826085	0.2298846153846154	-0.11080255407063591	0.15402702955078004	0.00617515689519536	-0.004507689911685927	21.61235809326172
21.58	3.1091304347826085	0.2380769230769231	-0.1174089367739006	0.1541973223164223	0.00595707828479903	-0.004991996602400149	21.12650489807129
21.58	3.1091304347826085	0.2462692307692308	-0.12630493888408584	0.15363530806019104	0.005930415218387703	-0.005244534124525479	20.669628143310547
21.58	3.1091304347826085	0.25446153846153846	-0.13276917350721257	0.15203351173070392	0.005816758930221497	-0.005316313407461959	20.219345092773438
21.58	3.1091304347826085	0.2626538461538462	-0.13917153473429558	0.15102035996926844	0.005868650300861575	-0.005789185490271729	19.820512771606445
21.58	3.1091304347826085	0.2708461538461539	-0.1460574191280006	0.149475914422808	0.005688896914691084	-0.00602922185603526	19.460708618164062
21.58	3.1091304347826085	0.27903846153846157	-0.15214076830701745	0.14790161578656474	0.005348728897578701	-0.006310438717560702	19.114973068237305
21.58	3.1091304347826085	0.28723076923076923	-0.15802369639090097	0.1469828762908822	0.005314358348904516	-0.006553957237235934	18.795230865478516
21.58	3.1091304347826085	0.29542307692307695	-0.16444289521458805	0.14544864608625288	0.004998966644658077	-0.007224211340157428	18.507448196411133
21.58	3.1091304347826085	0.3036153846153847	-0.16968046002375203	0.14427698206630055	0.005146935044482173	-0.007097676887851163	18.224777221679688
21.58	3.1091304347826085	0.31180769230769234	-0.17401407516963097	0.14195201211907893	0.005096408436307624	-0.007331436039921144	17.949243545532227
21.58	3.1091304347826085	0.32	-0.17927267279041842	0.1405466552201871	0.0051225029104991025	-0.007638086634666047	17.695091247558594
21.58	3.117826086956522	0.0005	-0.04209332503409975	0.20574696613077337	0.007566759350581981	0.0009980580208143496	12.036636352539062
21.58	3.117826086956522	0.008692307692307694	0.0024626430120886036	0.05874733281854807	0.008118319724088028	0.0014433492635566128	35.17810821533203
21.58	3.117826086956522	0.016884615384615387	-0.002414728430093257	0.09136519466767337	0.007761630241873747	0.0012149214159057195	44.57330322265625
21.58	3.117826086956522	0.02507692307692308	-0.0017686455594310444	0.09848265058601523	0.007676020048113855	0.0011400324046223662	45.2540168762207
21.58	3.117826086956522	0.03326923076923077	-0.002842864309431043	0.10507444746101523	0.007583653542353995	0.0011098743593481483	44.70269012451172
21.58	3.117826086956522	0.041461538461538466	-0.005904957197716445	0.11028111393600251	0.007322600868803788	0.0009704613510677039	44.38048553466797
21.58	3.117826086956522	0.04965384615384616	-0.006891195991564762	0.1170455966169581	0.007068954453360641	0.0007110003902446279	42.91268730163574
21.58	3.117826086956522	0.05784615384615385	-0.007888731875945102	0.11937504895279258	0.007109095119809172	0.001020750771876772	40.3358097076416
21.58	3.117826086956522	0.06603846153846155	-0.011625204005766884	0.12016551383087484	0.006937317331299563	0.0009312110297151347	38.31899833679199
21.58	3.117826086956522	0.07423076923076924	-0.010962685307661785	0.1219773222557955	0.00683264103288214	0.000945456103310156	37.87365913391113
21.58	3.117826086956522	0.08242307692307693	-0.013041852383859806	0.12235140879498022	0.006925242551624071	0.0012148376740117443	36.69466781616211
21.58	3.117826086956522	0.09061538461538463	-0.01560813492819612	0.12261649538623068	0.00667947752546371	0.0009808328549183421	35.370073318481445
21.58	3.117826086956522	0.09880769230769232	-0.01588555407492855	0.12444128211127725	0.00666848748110231	0.0011081901869324762	34.76763343811035
21.58	3.117826086956522	0.10700000000000001	-0.01754397975579345	0.12666170418822711	0.006752868401714003	0.000929139762303764	33.73419380187988
21.58	3.117826086956522	0.1151923076923077	-0.019537620431002916	0.12847926311522292	0.006593126804920497	0.0010270358123163948	32.594451904296875
21.58	3.117826086956522	0.1233846153846154	-0.022284464220195532	0.13143487280305727	0.006821589433055296	0.0009866043179862696	31.820850372314453
21.58	3.117826086956522	0.1315769230769231	-0.024964357545525867	0.13365666437968782	0.006767751477794432	0.0006396535849511711	30.965190887451172
21.58	3.117826086956522	0.13976923076923078	-0.02965338386339154	0.13812222548601644	0.006750887120400135	0.0005192631399290024	30.323974609375
21.58	3.117826086956522	0.14796153846153848	-0.03351988598106273	0.14001915685691857	0.006648400733306128	0.00011023198631468734	29.314157485961914
21.58	3.117826086956522	0.15615384615384617	-0.04082632608579316	0.14312254441062905	0.006725759320019798	4.754813299390873e-05	28.484825134277344
21.58	3.117826086956522	0.16434615384615386	-0.04803825775185058	0.14642501051774098	0.006527249473205822	-0.000691584282043693	27.647296905517578
21.58	3.117826086956522	0.17253846153846156	-0.055866937656697604	0.1481953773800509	0.006422879103311808	-0.000799149840358754	26.83440399169922
21.58	3.117826086956522	0.18073076923076925	-0.063875445364812	0.14864041539539774	0.006395702715897936	-0.0012990505076263923	25.938735961914062
21.58	3.117826086956522	0.18892307692307694	-0.07258726288557715	0.14895399192749012	0.006362966172972226	-0.0017319412303582202	25.13159942626953
21.58	3.117826086956522	0.19711538461538464	-0.0806726725663797	0.14981520281377494	0.006062919080258838	-0.0021297926138292107	24.34258460998535
21.58	3.117826086956522	0.20530769230769233	-0.08855689935625133	0.15112161531540502	0.006103824212738301	-0.0024111317053492785	23.613065719604492
21.58	3.117826086956522	0.21350000000000002	-0.09684178334326798	0.1514772753193297	0.00591708299805891	-0.002837327183823075	22.939208984375
21.58	3.117826086956522	0.22169230769230772	-0.10481046933392668	0.15113305327403578	0.0057761300603347745	-0.003280073157112579	22.35392189025879
21.58	3.117826086956522	0.2298846153846154	-0.11240097938181157	0.15082518741154866	0.005554779976304934	-0.003783018953073421	21.782615661621094
21.58	3.117826086956522	0.2380769230769231	-0.11997892613268463	0.14989334279717173	0.005608404268335309	-0.003729583446271252	21.263202667236328
21.58	3.117826086956522	0.2462692307692308	-0.12735378787598578	0.14929431215905814	0.005460982420984893	-0.003912535455639162	20.797889709472656
21.58	3.117826086956522	0.25446153846153846	-0.13516598355633008	0.1483772789682955	0.005276717347945326	-0.00412747253900409	20.361021041870117
21.58	3.117826086956522	0.2626538461538462	-0.14118493225688158	0.14658669034099917	0.0052241000508303995	-0.004565143121145525	19.943479537963867
21.58	3.117826086956522	0.2708461538461539	-0.14818789680049918	0.1461740991843912	0.00520601761770028	-0.004885080872778281	19.595752716064453
21.58	3.117826086956522	0.27903846153846157	-0.1548838554930796	0.14476766207237274	0.004858000392686715	-0.005233025426126891	19.239694595336914
21.58	3.117826086956522	0.28723076923076923	-0.15977678062462808	0.14273317053144446	0.005168436506846247	-0.005119348875336051	18.900249481201172
21.58	3.117826086956522	0.29542307692307695	-0.16676502939207571	0.14184841596712233	0.004915796385497552	-0.005624409324022885	18.617002487182617
21.58	3.117826086956522	0.3036153846153847	-0.17259615940944892	0.14021873234188312	0.004796490352358698	-0.005895664511249305	18.31709098815918
21.58	3.117826086956522	0.31180769230769234	-0.17745107977622787	0.1393867848894944	0.004719397065585523	-0.006179632334771358	18.049381256103516
21.58	3.117826086956522	0.32	-0.1827804770510002	0.13824062217166655	0.004666547031959646	-0.006547424230313173	17.83269500732422
21.58	3.126521739130435	0.0005	-0.063885113243322	0.1788569794981741	0.007555575083920359	0.00286109239014972	13.153160095214844
21.58	3.126521739130435	0.008692307692307694	-0.009642207017435848	0.04283865276182594	0.007593923927082696	0.0031126698972358726	33.38531494140625
21.58	3.126521739130435	0.016884615384615387	-0.010708722417161021	0.06204808122082439	0.007462946413132327	0.002815554950055442	43.55177688598633
21.58	3.126521739130435	0.02507692307692308	-0.008812088350800017	0.07192499393230362	0.007402494181504316	0.0027619172499073405	47.039878845214844
21.58	3.126521739130435	0.03326923076923077	-0.009087835886583937	0.07518516260943087	0.007194921673643127	0.002716437036204512	47.561363220214844
21.58	3.126521739130435	0.041461538461538466	-0.009514246450106883	0.0786897392453271	0.007120842992198794	0.002463675387914247	42.94246864318848
21.58	3.126521739130435	0.04965384615384616	-0.0098945403366793	0.08602034715505798	0.007120158647230548	0.0022697273008837	40.55099868774414
21.58	3.126521739130435	0.05784615384615385	-0.009991876438723513	0.09000639460492896	0.0069384906481807975	0.0024302962870726913	39.88142013549805
21.58	3.126521739130435	0.06603846153846155	-0.010259397127563305	0.09003855122408769	0.006780660809172171	0.00237037234235437	37.99390411376953
21.58	3.126521739130435	0.07423076923076924	-0.010748872007141058	0.09334965827564648	0.006546704053916815	0.002047949638451667	36.0032844543457
21.58	3.126521739130435	0.08242307692307693	-0.01025195319719164	0.09502404248177243	0.0066714831749306765	0.0021979919911843415	35.17011260986328
21.58	3.126521739130435	0.09061538461538463	-0.01155933458765884	0.09583023955465331	0.006781551833726754	0.002179880466579294	34.77089500427246
21.58	3.126521739130435	0.09880769230769232	-0.011559079463481062	0.09926185577178409	0.006791756412625159	0.0021052751207429376	33.977787017822266
21.58	3.126521739130435	0.10700000000000001	-0.012661366504530504	0.1025158410084552	0.006543725065333616	0.00203242020336291	32.95370101928711
21.58	3.126521739130435	0.1151923076923077	-0.013167753996230422	0.10470653213011989	0.006538261025483346	0.0020639680748894378	32.44620132446289
21.58	3.126521739130435	0.1233846153846154	-0.015095673250666432	0.10761581016268545	0.006694710898367317	0.001652650992127187	31.64096450805664
21.58	3.126521739130435	0.1315769230769231	-0.017276003949544254	0.11122664255372024	0.006635429681094656	0.0016106549931913672	30.725719451904297
21.58	3.126521739130435	0.13976923076923078	-0.019867182329224315	0.11579475149696947	0.006777268119423148	0.0017361719340654716	29.991451263427734
21.58	3.126521739130435	0.14796153846153848	-0.02419776287124064	0.12050136350688329	0.006707568151813708	0.0013586338166453995	29.182918548583984
21.58	3.126521739130435	0.15615384615384617	-0.028748373633330125	0.1251318143646865	0.006591842677568502	0.001062503740283823	28.40961456298828
21.58	3.126521739130435	0.16434615384615386	-0.03441441230952064	0.12862954394589066	0.00644113973290282	0.0007182261006142219	27.50455093383789
21.58	3.126521739130435	0.17253846153846156	-0.041643821303837696	0.1312548955313384	0.006247951486563262	0.00025043781224444667	26.66836166381836
21.58	3.126521739130435	0.18073076923076925	-0.04798932325920348	0.1336131495853176	0.006379445019735296	0.00010763071445358071	25.89339828491211
21.58	3.126521739130435	0.18892307692307694	-0.05560363710584838	0.13627282634812254	0.006091303564971172	-0.000442721170523125	25.062976837158203
21.58	3.126521739130435	0.19711538461538464	-0.06190650268735263	0.13782663820567026	0.006057283108418678	-0.0006086619623076587	24.226776123046875
21.58	3.126521739130435	0.20530769230769233	-0.06939757139245364	0.13966275395303238	0.00583385680478158	-0.000995612305580134	23.553955078125
21.58	3.126521739130435	0.21350000000000002	-0.07717845708886478	0.1415879601374196	0.005728006736842405	-0.0014079110772329219	22.88738441467285
21.58	3.126521739130435	0.22169230769230772	-0.08341575426076621	0.1417168724395903	0.005651499218481592	-0.00172599386384466	22.279186248779297
21.58	3.126521739130435	0.2298846153846154	-0.09120660962545832	0.1432108888355994	0.0054961858049182265	-0.001936837324738897	21.67829132080078
21.58	3.126521739130435	0.2380769230769231	-0.09818737110307933	0.14301567052402442	0.005311866140012606	-0.0023097890058449084	21.168628692626953
21.58	3.126521739130435	0.2462692307692308	-0.10530797764494577	0.14313483305245078	0.005305581947808127	-0.0022394002044490145	20.66962432861328
21.58	3.126521739130435	0.25446153846153846	-0.11100472502711724	0.1426385923588406	0.004898398529377647	-0.002923397293930168	20.27617645263672
21.58	3.126521739130435	0.2626538461538462	-0.11831422509155867	0.14295362333367903	0.004612255838461312	-0.00291368148841325	19.836978912353516
21.58	3.126521739130435	0.2708461538461539	-0.12373138241772559	0.14198498734078546	0.004618788245540843	-0.0033359598999955706	19.45635986328125
21.58	3.126521739130435	0.27903846153846157	-0.13165333554451375	0.1422298102527036	0.00448902227781879	-0.0037076810147842407	19.121456146240234
21.58	3.126521739130435	0.28723076923076923	-0.1359429134377599	0.1404866992102226	0.0042281716851059765	-0.0037232978756397573	18.785694122314453
21.58	3.126521739130435	0.29542307692307695	-0.14158509388813717	0.14013266195825902	0.004366963385099107	-0.004107832138872905	18.484045028686523
21.58	3.126521739130435	0.3036153846153847	-0.14616311605219695	0.1387123649706239	0.0039114616629272025	-0.004263399027734264	18.228984832763672
21.58	3.126521739130435	0.31180769230769234	-0.15309436825630318	0.13786217877590584	0.004179571592070035	-0.0046960864529856875	17.91903305053711
21.58	3.126521739130435	0.32	-0.15717853107200994	0.13724570062717442	0.0038469234215596183	-0.004679675649619552	17.69955062866211
21.58	3.135217391304348	0.0005	0.06096643409980404	0.09015047338565832	0.007767742259210203	0.003649953165061649	12.402046203613281
21.58	3.135217391304348	0.008692307692307694	0.006262895021144243	0.06311941164383239	0.008194759887162275	0.003924325643211504	38.88899612426758
21.58	3.135217391304348	0.016884615384615387	0.0092610324952043	0.07961832302460023	0.00813456776992758	0.0040347449560527646	45.003875732421875
21.58	3.135217391304348	0.02507692307692308	0.006672373901609267	0.08152085178369232	0.008026983439978354	0.003965235296613329	48.71535873413086
21.58	3.135217391304348	0.03326923076923077	0.006294294439511309	0.09388582032768103	0.007965771484912117	0.003648344053680438	47.26898193359375
21.58	3.135217391304348	0.041461538461538466	0.002765258448096079	0.09940605030945066	0.007731160323666331	0.0035716222901070833	45.11914825439453
21.58	3.135217391304348	0.04965384615384616	0.0007891573911854084	0.10129703293375228	0.007541644732074559	0.0033608909826368114	41.04543685913086
21.58	3.135217391304348	0.05784615384615385	-0.0022454000109485275	0.10494386191300603	0.007527211154254391	0.00324218318563615	39.97890853881836
21.58	3.135217391304348	0.06603846153846155	-0.003453820514854455	0.10662106173253981	0.007537344700565801	0.0031140895152809924	37.727678298950195
21.58	3.135217391304348	0.07423076923076924	-0.005663236531686142	0.10755140187591729	0.0074162021036810605	0.0032566296063770593	37.130069732666016
21.58	3.135217391304348	0.08242307692307693	-0.007115324908076894	0.10763361262268567	0.007293634370600245	0.003094935535366315	35.33579063415527
21.58	3.135217391304348	0.09061538461538463	-0.008683022132422367	0.11017882217809577	0.007254742272031397	0.0029445489410349357	34.57759094238281
21.58	3.135217391304348	0.09880769230769232	-0.010463696210931399	0.11105416123589795	0.007111977726757774	0.0029598921812336552	33.892343521118164
21.58	3.135217391304348	0.10700000000000001	-0.012235421509357263	0.11367041838965428	0.006926359579912788	0.0027898456130874194	33.15114402770996
21.58	3.135217391304348	0.1151923076923077	-0.013395963477777412	0.11689773881952326	0.0071844943305001616	0.002684315451511183	32.038827896118164
21.58	3.135217391304348	0.1233846153846154	-0.015692182128890758	0.12081591433614702	0.00696117538033925	0.0025796045368150547	31.257993698120117
21.58	3.135217391304348	0.1315769230769231	-0.01819521072156397	0.12500386884378967	0.006926954311594289	0.0027258669913788978	30.384506225585938
21.58	3.135217391304348	0.13976923076923078	-0.02246629082491758	0.12752642355947755	0.007053530438380239	0.0024944674616489268	29.56232261657715
21.58	3.135217391304348	0.14796153846153848	-0.027019734516816038	0.1329129671281834	0.007070740917216439	0.002333945131242106	28.78274917602539
21.58	3.135217391304348	0.15615384615384617	-0.033616442814545525	0.13761045686664772	0.0068216698393384085	0.0019046344064871277	27.879316329956055
21.58	3.135217391304348	0.16434615384615386	-0.03955628194295037	0.13907574080626262	0.006707385075789183	0.00143382111945797	27.105934143066406
21.58	3.135217391304348	0.17253846153846156	-0.04737439595543014	0.14133838937381987	0.006708055361419267	0.0013709843904881774	26.311626434326172
21.58	3.135217391304348	0.18073076923076925	-0.05500715540088981	0.14384154684357492	0.006417191134387959	0.0010631779553965709	25.5489559173584
21.58	3.135217391304348	0.18892307692307694	-0.06390633772442544	0.14555974891141168	0.00654986288074281	0.0006930156494172577	24.703025817871094
21.58	3.135217391304348	0.19711538461538464	-0.07214210628314173	0.14720223563371276	0.006167673117227935	0.00042046579424678793	23.968135833740234
21.58	3.135217391304348	0.20530769230769233	-0.08047261405405733	0.14764049319091083	0.006078187170702775	-0.0001886682274669766	23.2423095703125
21.58	3.135217391304348	0.21350000000000002	-0.08870278722793358	0.14947005366182853	0.006155333317439372	-0.00041231595198890135	22.57719612121582
21.58	3.135217391304348	0.22169230769230772	-0.09739718422247595	0.1501496826028261	0.0057244603328505134	-0.0005588374754591566	21.971099853515625
21.58	3.135217391304348	0.2298846153846154	-0.10578232859132047	0.1502914882523288	0.005600835491997356	-0.0008177569246111741	21.434432983398438
21.58	3.135217391304348	0.2380769230769231	-0.11396860335824247	0.14971902438228024	0.005262565424031692	-0.0012705560157557343	20.926908493041992
21.58	3.135217391304348	0.2462692307692308	-0.1228569552755093	0.1502821511847247	0.005329775202385267	-0.0013040382497494442	20.47049331665039
21.58	3.135217391304348	0.25446153846153846	-0.13098054261225925	0.1503051882021046	0.005385449859299831	-0.0015379965053299886	19.99885368347168
21.58	3.135217391304348	0.2626538461538462	-0.1377167228036127	0.14935327782199492	0.005111482363285895	-0.001929398308802021	19.609285354614258
21.58	3.135217391304348	0.2708461538461539	-0.14575102920822233	0.14855107390705696	0.005048475481741924	-0.0020952153821967145	19.2416934967041
21.58	3.135217391304348	0.27903846153846157	-0.1529970341059741	0.14707705044949854	0.004911136696971222	-0.0023170517022849013	18.897918701171875
21.58	3.135217391304348	0.28723076923076923	-0.1587154176669717	0.14640133820477874	0.004747377443906046	-0.002649685425109551	18.5795841217041
21.58	3.135217391304348	0.29542307692307695	-0.16550930913959724	0.14660291084994329	0.004530408376209565	-0.002602545782116563	18.280593872070312
21.58	3.135217391304348	0.3036153846153847	-0.17225600735945518	0.14491131883498676	0.004353010499489141	-0.0032789363088698872	18.005878448486328
21.58	3.135217391304348	0.31180769230769234	-0.17714556174423862	0.14341961705885942	0.004363764122097255	-0.0033370399636951224	17.73409080505371
21.58	3.135217391304348	0.32	-0.18364626186039607	0.1423371207138161	0.004470326817865529	-0.0032589121389464053	17.484806060791016
21.58	3.143913043478261	0.0005	-0.005152414162422944	-0.08550435377456136	0.007906546518127732	0.00416249044164938	12.937042236328125
21.58	3.143913043478261	0.008692307692307694	0.009547053120784979	0.030868138081311433	0.008101753573200943	0.004378357568843217	37.42001724243164
21.58	3.143913043478261	0.016884615384615387	0.0010290375274946487	0.049375898471950765	0.00804253986271777	0.004249519049975948	45.52223205566406
21.58	3.143913043478261	0.02507692307692308	0.0020639221770563667	0.05754526016189365	0.007889924065975887	0.004206027529702781	45.880672454833984
21.58	3.143913043478261	0.03326923076923077	-0.0019239321454606897	0.06508942196025014	0.007717967509243116	0.004140154331666213	45.95920944213867
21.58	3.143913043478261	0.041461538461538466	-0.0024304352047566265	0.06862329645601999	0.007843293404137695	0.00410100982165209	42.39770317077637
21.58	3.143913043478261	0.04965384615384616	-0.003160888636362915	0.07005376248208771	0.007671301827607023	0.0039701259396838886	39.44659423828125
21.58	3.143913043478261	0.05784615384615385	-0.00535165675680084	0.07325360438365883	0.007697693241455635	0.0038823200153433905	37.516571044921875
21.58	3.143913043478261	0.06603846153846155	-0.00673870452444	0.07647994420070595	0.007545058064517817	0.003725861053806746	36.34254455566406
21.58	3.143913043478261	0.07423076923076924	-0.007209249725441831	0.07656738635133681	0.007586071991716677	0.0038401978744918835	34.51849365234375
21.58	3.143913043478261	0.08242307692307693	-0.007948002096232653	0.07931171287161357	0.007183989234216212	0.003683567202064757	33.59137153625488
21.58	3.143913043478261	0.09061538461538463	-0.009963050641086584	0.08131494009246176	0.007535472259804305	0.0035232507659789082	32.798622131347656
21.58	3.143913043478261	0.09880769230769232	-0.010319902904298791	0.08469998137404267	0.007364441955758886	0.0035380767243300484	32.11568832397461
21.58	3.143913043478261	0.10700000000000001	-0.012160628996931192	0.08606963626695732	0.007309418649548185	0.0033863437126357148	31.410154342651367
21.58	3.143913043478261	0.1151923076923077	-0.013819588759110634	0.09084291187527885	0.00731312974225572	0.0033716820329909025	30.883956909179688
21.58	3.143913043478261	0.1233846153846154	-0.015577175556722646	0.09484036983731092	0.007317507900592919	0.0033687093113593815	30.07447624206543
21.58	3.143913043478261	0.1315769230769231	-0.018157517428084843	0.09871484699351603	0.007174398751615036	0.0033199180341906198	29.462627410888672
21.58	3.143913043478261	0.13976923076923078	-0.021555600019678094	0.10451948490617682	0.007285234779421758	0.0031599511713291794	28.755647659301758
21.58	3.143913043478261	0.14796153846153848	-0.02639193400667897	0.10882300125424585	0.006902442337827362	0.002711074895632482	28.031862258911133
21.58	3.143913043478261	0.15615384615384617	-0.032829949038801695	0.1135903046411064	0.006860600114760739	0.0023949434305485665	27.3209228515625
21.58	3.143913043478261	0.16434615384615386	-0.03968001456348394	0.11765572226140983	0.00705668737412069	0.0025078516945008155	26.59323501586914
21.58	3.143913043478261	0.17253846153846156	-0.04660248737606852	0.1211718776598024	0.006837977692365633	0.0020402097459360268	25.83230209350586
21.58	3.143913043478261	0.18073076923076925	-0.05438491427457455	0.12397536841322591	0.006602746857269186	0.002014884176931975	25.13326644897461
21.58	3.143913043478261	0.18892307692307694	-0.06277986048796327	0.12693425666420144	0.006667842078631025	0.001520038909037413	24.356952667236328
21.58	3.143913043478261	0.19711538461538464	-0.07082671403029116	0.12846790205566566	0.006347803668166297	0.001470668146722377	23.60038948059082
21.58	3.143913043478261	0.20530769230769233	-0.07879908411839161	0.13209411974875607	0.00601364613756959	0.0008176952210497219	22.934885025024414
21.58	3.143913043478261	0.21350000000000002	-0.08768469948615412	0.133316204158648	0.005990681748506173	0.0007017295068372142	22.30483627319336
21.58	3.143913043478261	0.22169230769230772	-0.09655497489902308	0.13444943135532877	0.005933177444956524	0.000547199467037934	21.70186996459961
21.58	3.143913043478261	0.2298846153846154	-0.10519290586630241	0.13497495695371992	0.005771146884177821	0.00019375519273049873	21.158126831054688
21.58	3.143913043478261	0.2380769230769231	-0.11255048733250597	0.13514385536143902	0.00556354992886997	0.00022392288270608828	20.65210723876953
21.58	3.143913043478261	0.2462692307692308	-0.12153344541834094	0.13590192781592136	0.0054613514262244894	-9.880906158244462e-05	20.20826530456543
21.58	3.143913043478261	0.25446153846153846	-0.1288988657237443	0.13642751778419981	0.0053475096880946415	-0.0003747058729818777	19.752534866333008
21.58	3.143913043478261	0.2626538461538462	-0.13697949592896663	0.1354415094512157	0.005103409895950674	-0.00048661562690497924	19.413658142089844
21.58	3.143913043478261	0.2708461538461539	-0.14539225241459833	0.13537628155931514	0.004993617289216867	-0.0007688443934527132	19.000946044921875
21.58	3.143913043478261	0.27903846153846157	-0.15230709261085768	0.13420049222217545	0.004967159463701329	-0.001008563802999236	18.700572967529297
21.58	3.143913043478261	0.28723076923076923	-0.15987096945192403	0.13376357111070714	0.005042688439945113	-0.0012213038872453561	18.356245040893555
21.58	3.143913043478261	0.29542307692307695	-0.16530997638857306	0.13294172973388796	0.004543331762189397	-0.0013291454767334438	18.066465377807617
21.58	3.143913043478261	0.3036153846153847	-0.17174693493307103	0.13228212317583973	0.004755157569676323	-0.0015214837241031547	17.784250259399414
21.58	3.143913043478261	0.31180769230769234	-0.1769616370366745	0.13123066070773598	0.004455751428790729	-0.0017090913645417699	17.523719787597656
21.58	3.143913043478261	0.32	-0.1834259614906838	0.13022934071680792	0.004580771892537929	-0.0022343890972890447	17.27370834350586
21.58	3.152608695652174	0.0005	0.06681964764375178	-0.012423667461068466	0.00814259629496533	0.004659590529366656	14.847755432128906
21.58	3.152608695652174	0.008692307692307694	0.011658697098028172	0.0781202550825882	0.008472954649733001	0.0046722812460880635	39.57379913330078
21.58	3.152608695652174	0.016884615384615387	0.014671258896123874	0.09491898974750516	0.008479102298548619	0.004937205833241879	39.32972717285156
21.58	3.152608695652174	0.02507692307692308	0.01472247600713698	0.10541937306814621	0.008331770436012822	0.004478972862828363	45.69078063964844
21.58	3.152608695652174	0.03326923076923077	0.013040158750209498	0.11225396946363878	0.00815918415860907	0.004403481974962183	44.84727096557617
21.58	3.152608695652174	0.041461538461538466	0.008864868546061456	0.11317285009980227	0.007963052922792497	0.004293914357818535	42.611154556274414
21.58	3.152608695652174	0.04965384615384616	0.007448087942525595	0.11558667699652998	0.008113971528347145	0.004339956494139847	39.24734115600586
21.58	3.152608695652174	0.05784615384615385	0.003971372854634967	0.11667272130805342	0.007964543228782964	0.0039958305125762095	37.26910400390625
21.58	3.152608695652174	0.06603846153846155	0.0017109338712025433	0.11795601903596889	0.007977949444632305	0.004186929302777153	36.12348175048828
21.58	3.152608695652174	0.07423076923076924	-0.0018036332480114601	0.11468043483435168	0.007899263563441773	0.003973296018011065	35.029226303100586
21.58	3.152608695652174	0.08242307692307693	-0.002736714685699546	0.11513639845213909	0.007952886001177377	0.004067384345670913	33.869855880737305
21.58	3.152608695652174	0.09061538461538463	-0.004751523810802604	0.11472643969607596	0.00785063393438713	0.004055472623894501	33.21025466918945
21.58	3.152608695652174	0.09880769230769232	-0.0069925208614450025	0.11609960975478233	0.007660739030935927	0.0038746146693476938	32.527774810791016
21.58	3.152608695652174	0.10700000000000001	-0.008846905487939722	0.11678619265734516	0.007757001379589799	0.003916285441649778	31.91044044494629
21.58	3.152608695652174	0.1151923076923077	-0.011580619970686733	0.11835102314074823	0.007645916769708969	0.003881774161336372	30.824153900146484
21.58	3.152608695652174	0.1233846153846154	-0.01498859451187402	0.12134839842041324	0.007693380053299296	0.0038387676357977156	30.316822052001953
21.58	3.152608695652174	0.1315769230769231	-0.018037782496890052	0.12506067210928368	0.007595669085892331	0.0036072745405146623	29.609811782836914
21.58	3.152608695652174	0.13976923076923078	-0.023780364809386882	0.12939856391987944	0.007578463750535813	0.0036557494877799152	28.874980926513672
21.58	3.152608695652174	0.14796153846153848	-0.0290875394922078	0.13232884227238478	0.0074189123115439	0.003542510914530948	27.998842239379883
21.58	3.152608695652174	0.15615384615384617	-0.03689731861002299	0.1341001483209978	0.007409750574208182	0.003165656830995701	27.25656509399414
21.58	3.152608695652174	0.16434615384615386	-0.04509946688656425	0.13649214402869186	0.007105498904808687	0.002856957379950286	26.511272430419922
21.58	3.152608695652174	0.17253846153846156	-0.053330240880564886	0.13863715314694056	0.007214952357559727	0.0028615995806065223	25.771310806274414
21.58	3.152608695652174	0.18073076923076925	-0.06334646982022703	0.13947205695593373	0.006935054172742443	0.002389742827031837	24.90616226196289
21.58	3.152608695652174	0.18892307692307694	-0.07264967406399689	0.14100771403617338	0.006940165016737211	0.002302869474729776	24.177261352539062
21.58	3.152608695652174	0.19711538461538464	-0.08252860415277226	0.14193758054597716	0.0065916664259810034	0.0020643034498023538	23.4953670501709
21.58	3.152608695652174	0.20530769230769233	-0.09185106014383178	0.1424890140812699	0.006488817039814222	0.0014303532151787265	22.828807830810547
21.58	3.152608695652174	0.21350000000000002	-0.10134159274368423	0.14234853595772334	0.006441646235524238	0.0014983450510701463	22.240636825561523
21.58	3.152608695652174	0.22169230769230772	-0.11069601448535613	0.14277222130548867	0.0063969524006064265	0.0013306959145402988	21.636146545410156
21.58	3.152608695652174	0.2298846153846154	-0.12029376977821774	0.14255697445498128	0.006182304439104301	0.0010419678984781738	21.108203887939453
21.58	3.152608695652174	0.2380769230769231	-0.12936558826964709	0.1423943431968092	0.00595892370271389	0.000962120965544048	20.60232162475586
21.58	3.152608695652174	0.2462692307692308	-0.13864728581359897	0.14110704291115822	0.005927745160600101	0.000597450941282747	20.1672306060791
21.58	3.152608695652174	0.25446153846153846	-0.14612859068884745	0.1398645464840153	0.005729669572790702	0.0005416972670933267	19.74909782409668
21.58	3.152608695652174	0.2626538461538462	-0.15573450318771173	0.13940984271443232	0.005684464973635589	0.0003968965574163983	19.339962005615234
21.58	3.152608695652174	0.2708461538461539	-0.1629478125833043	0.13735642104269724	0.005523294183890977	8.46459267087701e-05	18.979816436767578
21.58	3.152608695652174	0.27903846153846157	-0.17094781096094042	0.13614115062495474	0.005520993302692078	-0.00013168384287392832	18.655715942382812
21.58	3.152608695652174	0.28723076923076923	-0.1775755548181746	0.13415543577331535	0.005370191755863165	-0.00040364438925063215	18.30963897705078
21.58	3.152608695652174	0.29542307692307695	-0.18448614070229435	0.13251140131294722	0.00497957876170624	-0.0006727753626958209	18.07530403137207
21.58	3.152608695652174	0.3036153846153847	-0.1909949997426264	0.13139749892696023	0.005046344588299804	-0.0007336126092701167	17.774263381958008
21.58	3.152608695652174	0.31180769230769234	-0.1967839972016488	0.13056411617997177	0.004853869332873843	-0.0008064189844622735	17.515336990356445
21.58	3.152608695652174	0.32	-0.20254928831878044	0.1291096413098562	0.0048099809724278676	-0.0012294036172212546	17.266319274902344
21.58	3.161304347826087	0.0005	-0.06180814953718491	0.055699501949653035	0.008510841730358832	0.004932884995580804	12.961380004882812
21.58	3.161304347826087	0.008692307692307694	0.014276125529202004	0.045696907473552976	0.008961692201048345	0.005052731007620537	36.44402313232422
21.58	3.161304347826087	0.016884615384615387	0.009421143668977429	0.07188329422913127	0.008779549223644394	0.005177339356503793	44.203426361083984
21.58	3.161304347826087	0.02507692307692308	0.00914059847840593	0.07259486184220645	0.00870056554515436	0.005051783317215088	48.83403778076172
21.58	3.161304347826087	0.03326923076923077	0.006275778410635146	0.07707071337381263	0.008499357623122197	0.004755250195712783	44.70278549194336
21.58	3.161304347826087	0.041461538461538466	0.004745523219607027	0.07548796092623727	0.008612788658302358	0.004789712483118073	40.30951118469238
21.58	3.161304347826087	0.04965384615384616	0.0038923244528986543	0.07912435685748118	0.008520301557637774	0.004707999032136451	39.63141632080078
21.58	3.161304347826087	0.05784615384615385	-6.261795220877876e-05	0.0753585611269029	0.00848725401690678	0.0047515528262238125	37.0997257232666
21.58	3.161304347826087	0.06603846153846155	-0.0019917037913374583	0.07584752221823526	0.008308294673113378	0.0044481304438932015	35.62453842163086
21.58	3.161304347826087	0.07423076923076924	-0.004101196524480728	0.07390440089161365	0.00823253542337403	0.004347570784125307	34.768667221069336
21.58	3.161304347826087	0.08242307692307693	-0.00593460566457095	0.07325997717975784	0.008341210408452426	0.0043456994376336894	33.8386287689209
21.58	3.161304347826087	0.09061538461538463	-0.007363702258540297	0.0737853257258249	0.00848239713401438	0.004345014690187509	33.12986373901367
21.58	3.161304347826087	0.09880769230769232	-0.009795863088170749	0.07579882563948931	0.008248007170061671	0.004299452209778521	32.6690731048584
21.58	3.161304347826087	0.10700000000000001	-0.010645441434560657	0.0771853099538383	0.008140098362730552	0.004229489443895279	31.859853744506836
21.58	3.161304347826087	0.1151923076923077	-0.013873257999974034	0.08079973402449461	0.008141330431101433	0.004328348907591779	31.024412155151367
21.58	3.161304347826087	0.1233846153846154	-0.015724934590714716	0.08428121273422215	0.008156920217334405	0.004189140353129033	30.596664428710938
21.58	3.161304347826087	0.1315769230769231	-0.01965135473920588	0.08834728687792445	0.00813435800550266	0.004017326657400851	29.97945213317871
21.58	3.161304347826087	0.13976923076923078	-0.023775043066878318	0.09247710406702025	0.008081369984008513	0.004182476759663016	29.265422821044922
21.58	3.161304347826087	0.14796153846153848	-0.029621553450149284	0.09657156589817194	0.007954301782315942	0.003850120059184409	28.44976806640625
21.58	3.161304347826087	0.15615384615384617	-0.03582731095597891	0.10054436151196156	0.007850760419144759	0.0037244652907367053	27.57891273498535
21.58	3.161304347826087	0.16434615384615386	-0.04354699488253142	0.10395622148436397	0.007577658323684882	0.0034144265489962373	26.909740447998047
21.58	3.161304347826087	0.17253846153846156	-0.05105535356783119	0.10715472302191795	0.007585773995406384	0.0033152288746768526	26.11865234375
21.58	3.161304347826087	0.18073076923076925	-0.05895927416317615	0.10923875150830593	0.0072011924398621184	0.0029713168165166086	25.259078979492188
21.58	3.161304347826087	0.18892307692307694	-0.06735815124743139	0.11022320789844839	0.007166583320196691	0.0028545278339059395	24.483312606811523
21.58	3.161304347826087	0.19711538461538464	-0.0761823624882211	0.11236800368398277	0.0069513046122476295	0.002578773151555503	23.7862548828125
21.58	3.161304347826087	0.20530769230769233	-0.08373796388481905	0.11440205154696328	0.006820666862722121	0.0024001807828704117	23.09648323059082
21.58	3.161304347826087	0.21350000000000002	-0.09216419888420685	0.11480253611317992	0.006576250939041911	0.0021621496471020867	22.453996658325195
21.58	3.161304347826087	0.22169230769230772	-0.10065040889634178	0.11635684653669337	0.006598244288414323	0.0021134583274424338	21.86503028869629
21.58	3.161304347826087	0.2298846153846154	-0.10937949515385911	0.11571068236157038	0.006395914101602219	0.0019541179245315763	21.311050415039062
21.58	3.161304347826087	0.2380769230769231	-0.1176497758187786	0.11618324491443396	0.006286739780051106	0.001866688347643477	20.798582077026367
21.58	3.161304347826087	0.2462692307692308	-0.124741029814674	0.11536417874755622	0.0059974834258974844	0.001448377782497091	20.305830001831055
21.58	3.161304347826087	0.25446153846153846	-0.1324176790218069	0.11506690703551335	0.005924306806871865	0.0013933065434848396	19.88353729248047
21.58	3.161304347826087	0.2626538461538462	-0.13869212836979095	0.11407205896554565	0.005954794373126898	0.0015722802578402178	19.49853515625
21.58	3.161304347826087	0.2708461538461539	-0.14700841067932668	0.1141480319544408	0.005569611125854971	0.0011316207965300844	19.12313461303711
21.58	3.161304347826087	0.27903846153846157	-0.1528424097948901	0.11256825975403559	0.005783684345913674	0.0011065101769354149	18.77362060546875
21.58	3.161304347826087	0.28723076923076923	-0.15976643296049683	0.1118560504184723	0.005691157764203881	0.0008625180397034652	18.466291427612305
21.58	3.161304347826087	0.29542307692307695	-0.16715493979023546	0.11063176132903096	0.005432409433457355	0.0006549471418489841	18.181915283203125
21.58	3.161304347826087	0.3036153846153847	-0.17116951968379102	0.10978583837441765	0.005302408671287946	0.0004091574336636015	17.909934997558594
21.58	3.161304347826087	0.31180769230769234	-0.17694942772717592	0.10963897089466741	0.005256563424801021	0.00016113071101761083	17.628684997558594
21.58	3.161304347826087	0.32	-0.18228981765345342	0.1077859355865087	0.005258405046798319	5.298507999830328e-06	17.372379302978516
21.58	3.17	0.0005	0.04583518234654653	0.12809843558650866	0.009206786231730577	0.004801116218771474	13.904975891113281
21.58	3.17	0.008692307692307694	0.01664158322522431	0.09301813836996754	0.009538515156815034	0.0048903814535544154	39.04003143310547
21.58	3.17	0.016884615384615387	0.014958920261357124	0.1099750399202605	0.009481817048951709	0.0048614912634789165	43.209251403808594
21.58	3.17	0.02507692307692308	0.014600387962069514	0.10772790086544431	0.009259803533829766	0.004767833081883968	45.30915069580078
21.58	3.17	0.03326923076923077	0.012896423898425432	0.11233300086750875	0.009166565948878195	0.004901402695055829	46.81346893310547
21.58	3.17	0.041461538461538466	0.00891441850317293	0.11138146340545167	0.00911847588781953	0.004727931857311903	44.69620895385742
21.58	3.17	0.04965384615384616	0.005749417122660958	0.11218827036746115	0.008992023486964764	0.004491495331964889	41.13839340209961
21.58	3.17	0.05784615384615385	0.003936873309294381	0.10965098464009879	0.008908898329766672	0.0046993583293870175	39.412139892578125
21.58	3.17	0.06603846153846155	0.0023195131942431117	0.10599458539006826	0.00895040299272365	0.0045359329557429304	38.06002235412598
21.58	3.17	0.07423076923076924	-0.000520577770954888	0.10490942913886411	0.008848196893068922	0.004595718811425932	36.490196228027344
21.58	3.17	0.08242307692307693	-0.0008416084981146394	0.10418398190532012	0.008966053104796402	0.004441659143005119	35.059879302978516
21.58	3.17	0.09061538461538463	-0.002552036622043054	0.1034785821484028	0.00881401318054541	0.0045087963362172145	34.494598388671875
21.58	3.17	0.09880769230769232	-0.004178482792164253	0.10365003553737817	0.008603577463917957	0.004458473802535792	33.58338928222656
21.58	3.17	0.10700000000000001	-0.005214224735797434	0.10335671349889058	0.008729614504608338	0.004519751205730997	32.85135078430176
21.58	3.17	0.1151923076923077	-0.007306243516965277	0.10527979338314375	0.008645869185073828	0.004543499827246551	32.31702423095703
21.58	3.17	0.1233846153846154	-0.009304883576184092	0.10608911894628026	0.00854275681145909	0.004133497951498773	31.561857223510742
21.58	3.17	0.1315769230769231	-0.012661636807675989	0.10840988320082602	0.008605388302623303	0.004450969317496112	30.82011604309082
21.58	3.17	0.13976923076923078	-0.01664840571094495	0.11049086703019043	0.00837794465824585	0.004007643463207488	30.05027198791504
21.58	3.17	0.14796153846153848	-0.02190471581936102	0.11416125614855105	0.008321353791226168	0.004089368214272115	29.06180191040039
21.58	3.17	0.15615384615384617	-0.02832245973542407	0.1167740776494122	0.008265949487114153	0.003952367425290294	28.397401809692383
21.58	3.17	0.16434615384615386	-0.03573042562245364	0.11876358222080402	0.007977230874152901	0.0038400820681685184	27.592498779296875
21.58	3.17	0.17253846153846156	-0.042441521729482075	0.12003788932789128	0.00804817510960835	0.0038198707533895417	26.661571502685547
21.58	3.17	0.18073076923076925	-0.0513323620791314	0.12114205547695514	0.007704766789712958	0.0034228032207040734	25.7691707611084
21.58	3.17	0.18892307692307694	-0.0598352120156167	0.12239304819231386	0.00762554328165766	0.003438950696639288	24.938579559326172
21.58	3.17	0.19711538461538464	-0.0665569149952865	0.12236239951282922	0.007549973600036029	0.003138659964680099	24.17340087890625
21.58	3.17	0.20530769230769233	-0.0751046319090313	0.1232852217898909	0.007157084736028482	0.0030153562736820985	23.472043991088867
21.58	3.17	0.21350000000000002	-0.08348803121754493	0.12345618837655652	0.0072328632282200826	0.0028602540336130737	22.695592880249023
21.58	3.17	0.22169230769230772	-0.09266306241899323	0.12394095634602136	0.007236922130293543	0.002766045343553355	22.094261169433594
21.58	3.17	0.2298846153846154	-0.09947055295034835	0.12369841075062872	0.0071257150376979675	0.002521042071287026	21.51279067993164
21.58	3.17	0.2380769230769231	-0.10810658598729805	0.12384636169843628	0.006920703790244452	0.0025830314333621365	21.049083709716797
21.58	3.17	0.2462692307692308	-0.11614781806656556	0.12252606032960371	0.006749039516016388	0.002340224296195961	20.55963706970215
21.58	3.17	0.25446153846153846	-0.12185261661597926	0.12129483661227182	0.00663505401551422	0.002163780581823961	20.131576538085938
21.58	3.17	0.2626538461538462	-0.13006546202001085	0.12125280430214519	0.006458988687681735	0.001790482014686283	19.68352508544922
21.58	3.17	0.2708461538461539	-0.1350701963678388	0.11918658969615446	0.006289042474381137	0.0017222742396221056	19.334056854248047
21.58	3.17	0.27903846153846157	-0.14320136121375654	0.11826859966105444	0.006258246725483986	0.0017128831869951205	19.01596450805664
21.58	3.17	0.28723076923076923	-0.14925884311803778	0.11699425442503893	0.006142264397028816	0.0014823883718951588	18.666608810424805
21.58	3.17	0.29542307692307695	-0.15362443854817348	0.11642927652584517	0.006383787174648789	0.0016662513131917482	18.37483787536621
21.58	3.17	0.3036153846153847	-0.1602613061272461	0.11501951431283858	0.0061623675456119525	0.0014508342730757229	18.070899963378906
21.58	3.17	0.31180769230769234	-0.1650853918321986	0.11410599773880228	0.006033196673324518	0.0012113096619465946	17.785972595214844
21.58	3.17	0.32	-0.17067915546109313	0.1126314819565733	0.005891924714767164	0.0012300568945910959	17.518898010253906
