base_if_frequency_mhz	lo_frequency_ghz	if_amplitude	g	phi	I_offset	Q_offset	sfdr_db
21.58	2.57	0.01	0.003117370605468752	0.2658622741699218	0.007813284151479392	0.0025379898849518406	38.7883415222168
21.58	2.57	0.02526315789473684	-0.00467118373926496	0.27610754103807256	0.007790319762415969	0.002422024170739332	49.050045013427734
21.58	2.57	0.04052631578947368	-0.0033288745404092815	0.28547178660807593	0.007898942814512807	0.0021832306522082245	47.57291030883789
21.58	2.57	0.05578947368421053	-0.0020893840313760802	0.2943275586265085	0.007552292791594028	0.0020774021275675094	42.7757625579834
21.58	2.57	0.07105263157894737	-0.0009639098126285722	0.2996337065510313	0.007519707227881098	0.0019555488324177355	39.85542678833008
21.58	2.57	0.0863157894736842	-0.0006955845037745202	0.3053167937443113	0.00738166259502783	0.0018996950403803777	37.76181411743164
21.58	2.57	0.10157894736842105	-0.00010540645309982735	0.30832506473163385	0.007108524275022103	0.001955810592080865	37.05978584289551
21.58	2.57	0.11684210526315789	-0.0013181453731030007	0.30951605461525045	0.007094551106924662	0.002204670729152326	35.747419357299805
21.58	2.57	0.13210526315789473	-0.0038516738912200334	0.3106254742737401	0.0068379597837764945	0.0022156258100674226	34.293617248535156
21.58	2.57	0.1473684210526316	-0.006473319584362262	0.31072411969804203	0.0067797607558435745	0.0020967167730427706	32.866180419921875
21.58	2.57	0.16263157894736843	-0.010657637356522542	0.3136761217960692	0.006921627210876447	0.0021638816537811116	31.36179542541504
21.58	2.57	0.17789473684210527	-0.015861451481104183	0.3153376753496242	0.006738635284150417	0.0018638775100921262	29.68280029296875
21.58	2.57	0.1931578947368421	-0.023998122504552084	0.31863574970663233	0.006662810552975323	0.0017913266262407652	27.96543312072754
21.58	2.57	0.20842105263157895	-0.034758621960052485	0.3216875294808828	0.006864713193352266	0.0012635342316589867	26.286319732666016
21.58	2.57	0.2236842105263158	-0.04818503581277393	0.3246149155431026	0.006635241694523456	0.001095289267817062	24.848230361938477
21.58	2.57	0.23894736842105263	-0.06179563600830799	0.3251688817279188	0.0067053150733878755	0.0007012501141776141	23.608430862426758
21.58	2.57	0.25421052631578944	-0.0775427629921618	0.3249870691590304	0.006445893857152585	0.0002640517357386974	22.626937866210938
21.58	2.57	0.2694736842105263	-0.09160171171700687	0.32309963383324813	0.0059633164609957596	-9.472778731248075e-06	21.68160629272461
21.58	2.57	0.2847368421052632	-0.10739812348673212	0.3226298881410073	0.006083835560783466	-0.0004977082162686644	20.901391983032227
21.58	2.57	0.3	-0.12208076401189663	0.3199467553916293	0.005822630262193913	-0.0006559560730603991	20.240270614624023
21.58	2.5801694915254236	0.01	-0.0006926517677658403	0.28192365965742294	0.006955099358876962	0.005137018092327538	38.293190002441406
21.58	2.5801694915254236	0.02526315789473684	0.0015860932134654443	0.2853343048677744	0.006959468136731286	0.005027005320775802	45.40576934814453
21.58	2.5801694915254236	0.04052631578947368	-0.004196331389637764	0.2897366734544905	0.006946697315909567	0.0046763489800134474	44.20106506347656
21.58	2.5801694915254236	0.05578947368421053	-0.00521481486910206	0.29232255950657604	0.006744082421830985	0.004311814914274897	42.67805480957031
21.58	2.5801694915254236	0.07105263157894737	-0.0028893741586915813	0.2946309172231141	0.00675220898417193	0.004070813433149908	39.12920379638672
21.58	2.5801694915254236	0.0863157894736842	-0.0031110833968273225	0.2956692405259831	0.006752855457597559	0.0037941054118491805	37.03659439086914
21.58	2.5801694915254236	0.10157894736842105	-0.003950122736380307	0.2973943473802296	0.006700532643185751	0.0037168434352637613	35.619537353515625
21.58	2.5801694915254236	0.11684210526315789	-0.003006029674536415	0.29650007685433355	0.00672458990634036	0.0035496656291027014	34.65151023864746
21.58	2.5801694915254236	0.13210526315789473	-0.004394264215982267	0.2981373063288786	0.0067566569355416006	0.003506007308740419	33.33166694641113
21.58	2.5801694915254236	0.1473684210526316	-0.004759032581380316	0.2991676806705229	0.006420875710870324	0.003557927181003547	32.14335060119629
21.58	2.5801694915254236	0.16263157894736843	-0.005947952856688506	0.30033067472979125	0.006624851235125254	0.0035231415802115295	30.92023468017578
21.58	2.5801694915254236	0.17789473684210527	-0.009856892661785691	0.303157064585518	0.006653036120957414	0.003286178133470175	29.43965721130371
21.58	2.5801694915254236	0.1931578947368421	-0.014227546591767615	0.30591444281446173	0.006755470202057087	0.0031090161584558006	27.83824920654297
21.58	2.5801694915254236	0.20842105263157895	-0.02285752602092389	0.3098291700388284	0.006549229586190078	0.0027240145303915175	26.331958770751953
21.58	2.5801694915254236	0.2236842105263158	-0.03322720424081198	0.311505671111568	0.00664263923693177	0.0023542715802957995	24.990882873535156
21.58	2.5801694915254236	0.23894736842105263	-0.046145545825113425	0.3131296066655116	0.006435946904114649	0.0017807713728627693	23.76409149169922
21.58	2.5801694915254236	0.25421052631578944	-0.060877275894001714	0.31402954385526327	0.006366252668952259	0.0017649879094717518	22.723752975463867
21.58	2.5801694915254236	0.2694736842105263	-0.07516164909541882	0.3142135054409485	0.006078767446651547	0.001391891180800988	21.796926498413086
21.58	2.5801694915254236	0.2847368421052632	-0.09139494601480008	0.31273686845504955	0.005870075306611029	0.0008129394289331275	21.05572509765625
21.58	2.5801694915254236	0.3	-0.10744031080979081	0.3105606082675698	0.005765122973950332	0.0006214098492045632	20.38047981262207
21.58	2.5903389830508474	0.01	-0.01603135796074614	0.23231759979769512	0.007552341524221395	0.005783746441115864	34.418636322021484
21.58	2.5903389830508474	0.02526315789473684	-0.008914268607167162	0.2441667576942163	0.007520088929247269	0.0057634780857506035	46.93125915527344
21.58	2.5903389830508474	0.04052631578947368	-0.007229126090077316	0.2499438306007104	0.007272291315142131	0.00528733309627053	43.519691467285156
21.58	2.5903389830508474	0.05578947368421053	-0.0073484188261307825	0.260205384126635	0.007349111512460871	0.005087249801703667	39.773807525634766
21.58	2.5903389830508474	0.07105263157894737	-0.006571481222180285	0.2657248025450425	0.007435112025926347	0.00489162537505702	37.502864837646484
21.58	2.5903389830508474	0.0863157894736842	-0.006354418767126585	0.268874574073948	0.007324183794410769	0.0046032028771145015	36.114990234375
21.58	2.5903389830508474	0.10157894736842105	-0.0049958214244849985	0.272729132435393	0.007158308037705069	0.0045305224305111445	34.85996437072754
21.58	2.5903389830508474	0.11684210526315789	-0.004884624412182998	0.27420535718517847	0.007154730035707983	0.004413916069140206	34.00913619995117
21.58	2.5903389830508474	0.13210526315789473	-0.005987912906233499	0.2750529112988943	0.0071561406026466835	0.004361817563252005	32.93470764160156
21.58	2.5903389830508474	0.1473684210526316	-0.00745423731942875	0.2754524216983327	0.0070320913982941415	0.0042409586444481714	31.730716705322266
21.58	2.5903389830508474	0.16263157894736843	-0.009683265832677396	0.2778688177937636	0.007012552864971322	0.004321457559224855	30.276294708251953
21.58	2.5903389830508474	0.17789473684210527	-0.012226672425708646	0.2803132813996978	0.006896636124364626	0.004229048389486619	29.014814376831055
21.58	2.5903389830508474	0.1931578947368421	-0.01646160218831469	0.28282765490568057	0.006821451908107441	0.003907110286188894	27.495227813720703
21.58	2.5903389830508474	0.20842105263157895	-0.02270287594026272	0.28583646557509723	0.007016662835739148	0.0036652854471575713	25.894933700561523
21.58	2.5903389830508474	0.2236842105263158	-0.03165971987555154	0.2896511097782208	0.00684945826847426	0.0035336231169643788	24.474353790283203
21.58	2.5903389830508474	0.23894736842105263	-0.04308952722431046	0.2908256715987375	0.006690623039344996	0.002949494734117841	23.313508987426758
21.58	2.5903389830508474	0.25421052631578944	-0.05464846636832578	0.29187087164116415	0.006518837482286645	0.002702113670517236	22.21031951904297
21.58	2.5903389830508474	0.2694736842105263	-0.06840835476605198	0.2916775850645319	0.0063887434121566965	0.0021814826134522536	21.281143188476562
21.58	2.5903389830508474	0.2847368421052632	-0.0820492565463609	0.2904808785916214	0.0059779149755920585	0.0019811185580194796	20.511960983276367
21.58	2.5903389830508474	0.3	-0.09539008932087353	0.28878033554954874	0.00593373372094652	0.0016787919929597541	19.809741973876953
21.58	2.600508474576271	0.01	0.008239298919950965	0.2626995043648402	0.007742934937329891	0.006660884203371548	39.02250671386719
21.58	2.600508474576271	0.02526315789473684	0.004979649689226775	0.26625910073230097	0.007530295454859919	0.006297800093695056	47.95932388305664
21.58	2.600508474576271	0.04052631578947368	0.004226941376426403	0.2726518965323376	0.007380037447803485	0.006049484551694144	44.4769287109375
21.58	2.600508474576271	0.05578947368421053	0.0024079024882797716	0.28036482128150336	0.007147339940690311	0.005649613450675556	39.24223327636719
21.58	2.600508474576271	0.07105263157894737	0.0004131779709349805	0.28512657185800483	0.007322242745119021	0.0053981139890833816	36.666500091552734
21.58	2.600508474576271	0.0863157894736842	-0.00022092743512630233	0.28855245459215934	0.0075089726805930585	0.005351120648452108	35.050167083740234
21.58	2.600508474576271	0.10157894736842105	0.00020837686696167717	0.2931367120030567	0.007255205477581525	0.005027211032100949	34.68992614746094
21.58	2.600508474576271	0.11684210526315789	-0.0005736953391078485	0.2953542880049813	0.007294100737140079	0.005004928230940807	33.395084381103516
21.58	2.600508474576271	0.13210526315789473	-0.0009116106711644352	0.2962473335593845	0.007287703124909524	0.004878794360045079	32.231998443603516
21.58	2.600508474576271	0.1473684210526316	-0.002503493851827427	0.29900560860167247	0.007035600547310436	0.00499489886765676	30.792312622070312
21.58	2.600508474576271	0.16263157894736843	-0.004320300269385038	0.30119623867276796	0.0071942633855587804	0.004888492721582937	29.281570434570312
21.58	2.600508474576271	0.17789473684210527	-0.007331058212069041	0.3053220653039749	0.007005030070210488	0.00466142038311745	27.6429443359375
21.58	2.600508474576271	0.1931578947368421	-0.012511710023020576	0.30804812723718333	0.007039351728523759	0.004683797177485481	26.02325439453125
21.58	2.600508474576271	0.20842105263157895	-0.020183941672687666	0.3108939052377572	0.006980613562988727	0.004346828523184467	24.55122184753418
21.58	2.600508474576271	0.2236842105263158	-0.029845864797491822	0.3136767271244061	0.006991886894608759	0.00395606742166792	23.205097198486328
21.58	2.600508474576271	0.23894736842105263	-0.04295751715009494	0.31444828337780784	0.006773197396175376	0.003875231849078498	22.06856346130371
21.58	2.600508474576271	0.25421052631578944	-0.057227619498500026	0.3133055227622799	0.00658896061468573	0.0033766196256690686	21.10231590270996
21.58	2.600508474576271	0.2694736842105263	-0.07136641600859897	0.312121162489162	0.006548569921134002	0.0031934618787294706	20.26657485961914
21.58	2.600508474576271	0.2847368421052632	-0.08690262050286385	0.30983655628239926	0.006338661541456233	0.003063700818982728	19.530506134033203
21.58	2.600508474576271	0.3	-0.10320075868020351	0.30745810312781635	0.006093520217631453	0.0026605964355737705	18.907445907592773
21.58	2.610677966101695	0.01	0.0006293553267926355	0.2587326992825061	0.008190078219808052	0.0068972570642315476	38.33387756347656
21.58	2.610677966101695	0.02526315789473684	0.005052827205701089	0.2740165706782012	0.007952643848419663	0.006692033994729793	43.913883209228516
21.58	2.610677966101695	0.04052631578947368	0.0010977127911348883	0.28383828082149776	0.0080555607597932	0.0065351080855204444	45.04579162597656
21.58	2.610677966101695	0.05578947368421053	-0.0009900253517014287	0.2928438164823878	0.007899895878334697	0.00644075447708263	40.42864418029785
21.58	2.610677966101695	0.07105263157894737	-0.0015827611411293697	0.2939345019278098	0.007735191192886031	0.005995723566595808	37.700252532958984
21.58	2.610677966101695	0.0863157894736842	-0.003270933126181037	0.2936678299701259	0.007862135329604543	0.0060929620802223135	35.858154296875
21.58	2.610677966101695	0.10157894736842105	-0.003170726325255373	0.29181087076185463	0.007776719571355737	0.005606144480201717	35.15977478027344
21.58	2.610677966101695	0.11684210526315789	-0.00429524022891996	0.28958242843071835	0.00768998707300828	0.005518982520402166	34.136545181274414
21.58	2.610677966101695	0.13210526315789473	-0.0062652312280046096	0.2891101888718614	0.007775182311997676	0.0056950327221099275	32.7905330657959
21.58	2.610677966101695	0.1473684210526316	-0.008201030691540268	0.29003276012693013	0.007619609854030375	0.005483878118979596	31.223955154418945
21.58	2.610677966101695	0.16263157894736843	-0.011400945966425121	0.292460682414725	0.007458546880500748	0.005722462794460114	29.593608856201172
21.58	2.610677966101695	0.17789473684210527	-0.016382593016456087	0.29656212358365974	0.007566227664031127	0.00539379803714175	27.754207611083984
21.58	2.610677966101695	0.1931578947368421	-0.024281388993690936	0.3018993229661437	0.007521754673737335	0.005338012574236671	26.009305953979492
21.58	2.610677966101695	0.20842105263157895	-0.0332732954380416	0.30547129027670106	0.00735203075873828	0.004950600620664345	24.411466598510742
21.58	2.610677966101695	0.2236842105263158	-0.04517662631319614	0.30998586507537423	0.007221876382891013	0.004637189291880104	23.104534149169922
21.58	2.610677966101695	0.23894736842105263	-0.05898103456916067	0.31060869324044343	0.007101967247353558	0.004400297246884774	21.987140655517578
21.58	2.610677966101695	0.25421052631578944	-0.0723017322318112	0.30984138064551847	0.006805840070077389	0.004287589953023229	20.97793960571289
21.58	2.610677966101695	0.2694736842105263	-0.08791595417826396	0.30973772277385914	0.0069716889929931445	0.003923143767028336	20.11856460571289
21.58	2.610677966101695	0.2847368421052632	-0.10229456927447539	0.3071436826258991	0.006588329059282057	0.0035516746917290763	19.42664909362793
21.58	2.610677966101695	0.3	-0.11670342429244851	0.30488134043727527	0.006300173870671704	0.0036915839528963287	18.76803970336914
21.58	2.620847457627119	0.01	0.027089782573217907	0.2533857935314856	0.009068431653513193	0.006732157047878666	39.150089263916016
21.58	2.620847457627119	0.02526315789473684	0.018908058665307852	0.2665570537413414	0.008653388480854809	0.006440141123607239	42.88153839111328
21.58	2.620847457627119	0.04052631578947368	0.018894562497350068	0.2747457690390701	0.008849139098276972	0.006405819407086304	44.970014572143555
21.58	2.620847457627119	0.05578947368421053	0.014821800961705538	0.287524718776619	0.008784467342309435	0.006167476792426943	41.38863754272461
21.58	2.620847457627119	0.07105263157894737	0.012532547581259094	0.29324289707710427	0.008645884249613139	0.006065270899970034	39.27500915527344
21.58	2.620847457627119	0.0863157894736842	0.009267633966419775	0.298910709594017	0.00855302988805308	0.005909053297992573	37.87144470214844
21.58	2.620847457627119	0.10157894736842105	0.009794780401762501	0.30252271070621367	0.008720909952001504	0.005808208953464705	36.93593215942383
21.58	2.620847457627119	0.11684210526315789	0.008260953770861479	0.3072667824646915	0.008539225424295267	0.005825700151660489	35.83840560913086
21.58	2.620847457627119	0.13210526315789473	0.006555230168976922	0.3082934287179655	0.008527161826362394	0.005845025124824241	34.3081111907959
21.58	2.620847457627119	0.1473684210526316	0.004509777911824278	0.3123496503313931	0.00829384133031734	0.005862416211845918	32.71871376037598
21.58	2.620847457627119	0.16263157894736843	0.00031491638595812916	0.3154034904122767	0.008207525587170566	0.006032849269388059	30.61093521118164
21.58	2.620847457627119	0.17789473684210527	-0.005321023443559026	0.32084633239777244	0.007930243437956536	0.005651189748156512	28.74567222595215
21.58	2.620847457627119	0.1931578947368421	-0.014392226907022484	0.3258427931327189	0.008072413425854734	0.005621256095808573	26.72189712524414
21.58	2.620847457627119	0.20842105263157895	-0.027054188908606946	0.3303890396590161	0.007965981361205535	0.0053595177866311555	25.12101936340332
21.58	2.620847457627119	0.2236842105263158	-0.04092491347861309	0.33146711739067025	0.007656503887536813	0.005271495217628172	23.748130798339844
21.58	2.620847457627119	0.23894736842105263	-0.05633639686196771	0.3317757047840332	0.007686552072242682	0.005001962171419804	22.594682693481445
21.58	2.620847457627119	0.25421052631578944	-0.07319585394792455	0.3321802032220349	0.007483005032360355	0.004718996183916501	21.64147186279297
21.58	2.620847457627119	0.2694736842105263	-0.0904026756429965	0.3299731107343379	0.00730861494934078	0.004752913814115918	20.831518173217773
21.58	2.620847457627119	0.2847368421052632	-0.10748078475183942	0.32734510288885044	0.007336617066810494	0.004575136095107965	20.076126098632812
21.58	2.620847457627119	0.3	-0.12385855208811675	0.32466114682773817	0.00721809463180788	0.004573584397118398	19.419771194458008
21.58	2.6310169491525426	0.01	0.017157072911883238	0.24731739682773812	0.009596859292160195	0.006209298369273315	39.75602722167969
21.58	2.6310169491525426	0.02526315789473684	0.009284352881027972	0.2725146133769269	0.009624250866451866	0.0062272798537779	48.03727340698242
21.58	2.6310169491525426	0.04052631578947368	0.00973602867369533	0.27560976285749883	0.00949666112439882	0.006100838397420893	46.68891525268555
21.58	2.6310169491525426	0.05578947368421053	0.005492416730938281	0.2843939560509575	0.009474054819409432	0.006066892706770662	41.19669151306152
21.58	2.6310169491525426	0.07105263157894737	0.006773465705073683	0.28269982632072926	0.00937633294502382	0.00594925209229356	40.50490951538086
21.58	2.6310169491525426	0.0863157894736842	0.007194505698017091	0.28174849053202483	0.009387948527321785	0.005997768574295577	38.46151161193848
21.58	2.6310169491525426	0.10157894736842105	0.006385452324052361	0.2800182454278789	0.009326059404078692	0.006119165608961713	37.69688606262207
21.58	2.6310169491525426	0.11684210526315789	0.004722446997522105	0.278321720423483	0.00926463554168214	0.0060156721287549335	36.73740005493164
21.58	2.6310169491525426	0.13210526315789473	0.0047023780204939695	0.27404079213396504	0.008854633183552361	0.0056608781482688645	35.674428939819336
21.58	2.6310169491525426	0.1473684210526316	0.0031696280727970456	0.2735423171077431	0.009214420524307113	0.006102980147081308	34.139034271240234
21.58	2.6310169491525426	0.16263157894736843	0.0009203792927346691	0.27633015298976515	0.008914152820327967	0.005758905764050613	32.41563415527344
21.58	2.6310169491525426	0.17789473684210527	-0.0038769979777008327	0.28145918929106073	0.008938213548643551	0.005866929270745967	30.35672378540039
21.58	2.6310169491525426	0.1931578947368421	-0.011391187442037431	0.2878759394644499	0.008784465327486089	0.00545149206364459	28.412282943725586
21.58	2.6310169491525426	0.20842105263157895	-0.021304804814550254	0.2944134275673628	0.00879894155820335	0.005666226494127668	26.566415786743164
21.58	2.6310169491525426	0.2236842105263158	-0.03395675818928441	0.2987034774950212	0.008633186304783574	0.005578814697178868	25.01604652404785
21.58	2.6310169491525426	0.23894736842105263	-0.04834428762578329	0.3011048494006014	0.008403901912551599	0.0053209341183547395	23.7911376953125
21.58	2.6310169491525426	0.25421052631578944	-0.06364006120841953	0.30190511062059733	0.008456374972174165	0.005194068475394557	22.712589263916016
21.58	2.6310169491525426	0.2694736842105263	-0.07931672541584123	0.30230557701174476	0.008325033271929162	0.0052753856460996725	21.798683166503906
21.58	2.6310169491525426	0.2847368421052632	-0.0950807741770476	0.3016189661139179	0.00810484861384455	0.005300599112254417	21.0018310546875
21.58	2.6310169491525426	0.3	-0.10995767069217247	0.29999520287877035	0.00803192696570139	0.004985631966181135	20.30943489074707
21.58	2.641186440677966	0.01	0.03847376276570877	0.21945702096475378	0.010007690229154733	0.0057387093233063815	36.841339111328125
21.58	2.641186440677966	0.02526315789473684	0.03111177851277908	0.23722969552530065	0.009925100889567216	0.005563212977686586	46.19783020019531
21.58	2.641186440677966	0.04052631578947368	0.027257962718787988	0.2506314780379655	0.009750332403300786	0.005566491562838215	47.73038864135742
21.58	2.641186440677966	0.05578947368421053	0.024607010161372726	0.26215446152280864	0.009731553318346199	0.0057214278819839	42.712528228759766
21.58	2.641186440677966	0.07105263157894737	0.023718558850800923	0.2680469415331418	0.009865664998682184	0.0056717787893359045	40.712215423583984
21.58	2.641186440677966	0.0863157894736842	0.02052943822387276	0.2754749173023698	0.009793269679533981	0.005739872019192364	39.20362663269043
21.58	2.641186440677966	0.10157894736842105	0.019017993699942212	0.2784333061152098	0.009676871301069105	0.005629367157552339	38.324344635009766
21.58	2.641186440677966	0.11684210526315789	0.017977996304814198	0.2805216600378003	0.009596789306395837	0.005549361561676052	37.1976318359375
21.58	2.641186440677966	0.13210526315789473	0.016000950650465865	0.2823110301809607	0.009571375096383998	0.005669592009683474	36.04732894897461
21.58	2.641186440677966	0.1473684210526316	0.013066448862066107	0.28391545770061843	0.009386139488529833	0.0055427013196575736	34.54436111450195
21.58	2.641186440677966	0.16263157894736843	0.010683192190465127	0.2850349277279519	0.009348495667987688	0.0054989588725701515	32.74748611450195
21.58	2.641186440677966	0.17789473684210527	0.00610701885062295	0.28895579676651556	0.009391483796701659	0.005638418818605964	30.82105255126953
21.58	2.641186440677966	0.1931578947368421	-0.0001798338645569954	0.29375995684801065	0.009277628731564038	0.005567013199950704	28.844812393188477
21.58	2.641186440677966	0.20842105263157895	-0.008981147235998204	0.2969489064281913	0.00930924299264596	0.005329624534343977	26.88873863220215
21.58	2.641186440677966	0.2236842105263158	-0.020638916779267612	0.29970959231536515	0.009409586303255175	0.005280646441956846	25.32970428466797
21.58	2.641186440677966	0.23894736842105263	-0.034755493111339034	0.3012645697611319	0.009051190303026353	0.00538445811717385	23.986894607543945
21.58	2.641186440677966	0.25421052631578944	-0.04900589377376121	0.30135604649958486	0.00910523834699311	0.005018790372837897	22.835330963134766
21.58	2.641186440677966	0.2694736842105263	-0.06535472419686165	0.3005125284041972	0.009033354913187457	0.005118740341769781	21.848329544067383
21.58	2.641186440677966	0.2847368421052632	-0.08131284894259988	0.2990232844992105	0.008883486489296485	0.005238173141475181	21.01346778869629
21.58	2.641186440677966	0.3	-0.09810401443131195	0.29668334127520923	0.009007098815866336	0.00488146550101728	20.327957153320312
21.58	2.6513559322033897	0.01	-0.0015764439452432295	0.26410002411460287	0.011031447694424495	0.005080290818233056	37.403656005859375
21.58	2.6513559322033897	0.02526315789473684	0.0042319970231510465	0.28321869150852574	0.010890715957423521	0.0052937726571027025	46.249366760253906
21.58	2.6513559322033897	0.04052631578947368	0.0027546409514507	0.28539853555005523	0.010799147122167323	0.004968674711543617	44.52973937988281
21.58	2.6513559322033897	0.05578947368421053	0.0016652762886842408	0.29075599268865326	0.010666127880660103	0.0050826912937585265	40.44336700439453
21.58	2.6513559322033897	0.07105263157894737	0.001088897217193996	0.2843506175075342	0.010465734996734241	0.005014535582350475	38.41632270812988
21.58	2.6513559322033897	0.0863157894736842	0.0009738498219646567	0.28156788898451823	0.010490568939104845	0.00534068585083409	36.27239799499512
21.58	2.6513559322033897	0.10157894736842105	0.0007141020996921494	0.2778595871915709	0.01037968671257966	0.005264587074371916	35.58576202392578
21.58	2.6513559322033897	0.11684210526315789	0.0014526151838420236	0.2739958357983507	0.010418188979758955	0.005361980780469559	35.02413368225098
21.58	2.6513559322033897	0.13210526315789473	0.0012005866291640585	0.26916489461299553	0.010497271257208013	0.005365195091028081	33.953046798706055
21.58	2.6513559322033897	0.1473684210526316	0.0004764833666906955	0.2666119129681556	0.010384569630591802	0.005378125558455618	32.56995391845703
21.58	2.6513559322033897	0.16263157894736843	-0.0009449051700049457	0.26777363713902186	0.010312768617488864	0.005460445553559104	30.977445602416992
21.58	2.6513559322033897	0.17789473684210527	-0.004034218305938425	0.27055586776007284	0.010236064022252696	0.005230722628009514	29.116573333740234
21.58	2.6513559322033897	0.1931578947368421	-0.00892164958383191	0.2754953631945917	0.010273768735818431	0.00520708806979996	27.226179122924805
21.58	2.6513559322033897	0.20842105263157895	-0.015759932806000593	0.2798318640609303	0.010264746962378824	0.005219952144396981	25.54696273803711
21.58	2.6513559322033897	0.2236842105263158	-0.02550659808285108	0.283234426339635	0.010242212821061806	0.005260243044903063	24.106420516967773
21.58	2.6513559322033897	0.23894736842105263	-0.0369367304543238	0.28413619265327417	0.010032938733378505	0.00483886831279847	22.85208511352539
21.58	2.6513559322033897	0.25421052631578944	-0.050617878604686584	0.2854037067611913	0.010209769987808495	0.005055825471389422	21.7811222076416
21.58	2.6513559322033897	0.2694736842105263	-0.06435117635108288	0.28478910429685317	0.010159672729927571	0.004934180125446833	20.85910415649414
21.58	2.6513559322033897	0.2847368421052632	-0.07926189321085253	0.28387415627032075	0.00994637220272043	0.004488290758270099	20.09832191467285
21.58	2.6513559322033897	0.3	-0.09388171617744948	0.28219571894243844	0.010135152465150815	0.005028350413156227	19.40645980834961
21.58	2.6615254237288135	0.01	0.022967738314881112	0.21799919044808036	0.011447368503209794	0.0039776876348674006	37.81156921386719
21.58	2.6615254237288135	0.02526315789473684	0.017280385579331897	0.25029270316683233	0.01141835694626562	0.0041418656986002365	48.98747634887695
21.58	2.6615254237288135	0.04052631578947368	0.014394668170760391	0.2608058472873556	0.011331802989347599	0.003928935928393737	43.44552993774414
21.58	2.6615254237288135	0.05578947368421053	0.010883771868000743	0.2725188917258668	0.011297249267956139	0.004388647671115235	40.10272026062012
21.58	2.6615254237288135	0.07105263157894737	0.010080850610714271	0.27849774718402553	0.011243659783487304	0.004184275938544728	37.87144660949707
21.58	2.6615254237288135	0.0863157894736842	0.008608357050887524	0.2840135533690207	0.011007377742812807	0.004084228235018499	36.911624908447266
21.58	2.6615254237288135	0.10157894736842105	0.0078027442370651335	0.2865484546373564	0.011061639161687358	0.004421647696427428	35.997337341308594
21.58	2.6615254237288135	0.11684210526315789	0.004983850386284103	0.29116338594741775	0.011130282743158762	0.004303643691083307	35.161752700805664
21.58	2.6615254237288135	0.13210526315789473	0.003526162555311657	0.2896824821992472	0.011274206515383967	0.004232559083232827	33.71871757507324
21.58	2.6615254237288135	0.1473684210526316	0.000824391657379702	0.29263292318569445	0.011083709130818516	0.004422731549871044	32.12906265258789
21.58	2.6615254237288135	0.16263157894736843	-0.00297007719906969	0.295858967775168	0.011253142619619756	0.004428975073390525	30.136579513549805
21.58	2.6615254237288135	0.17789473684210527	-0.007634638766223363	0.29940273309176374	0.011135517214012083	0.0040008020767269906	28.168025970458984
21.58	2.6615254237288135	0.1931578947368421	-0.0158994229047259	0.30411577820440383	0.01117474150644483	0.004025649821785658	26.234588623046875
21.58	2.6615254237288135	0.20842105263157895	-0.02553110061653141	0.3060277392849667	0.011368746112420634	0.0041325557877157386	24.52688217163086
21.58	2.6615254237288135	0.2236842105263158	-0.0381227144456673	0.3076946047827942	0.011467457155604273	0.0039422133864383604	23.11275863647461
21.58	2.6615254237288135	0.23894736842105263	-0.05263322744370807	0.3063083528611048	0.011526401765255366	0.0037532206983455596	21.930644989013672
21.58	2.6615254237288135	0.25421052631578944	-0.06756957074272658	0.3046415824428652	0.011339800204692514	0.003859293077621714	20.982866287231445
21.58	2.6615254237288135	0.2694736842105263	-0.08316928145584795	0.30170307607191543	0.011399875936528543	0.0035717554392548072	20.12377166748047
21.58	2.6615254237288135	0.2847368421052632	-0.10006938927396616	0.2991993910149797	0.011218757908319719	0.0034534880152372956	19.342336654663086
21.58	2.6615254237288135	0.3	-0.116065657662665	0.2950165976679895	0.011378811336443483	0.003141539754940331	18.691268920898438
21.58	2.6716949152542373	0.01	0.008854996634210043	0.2670930136836145	0.01219657135542455	0.003283172720764433	33.9988899230957
21.58	2.6716949152542373	0.02526315789473684	0.0067703863132131245	0.29374889465318654	0.012354293370562104	0.003507927385069216	47.45620346069336
21.58	2.6716949152542373	0.04052631578947368	0.0028436799991262115	0.29845015140520076	0.01221034106641944	0.003592018831752701	46.12117004394531
21.58	2.6716949152542373	0.05578947368421053	0.002078868960155265	0.2990059587572669	0.012100860275126635	0.003629076164300164	40.565189361572266
21.58	2.6716949152542373	0.07105263157894737	0.0015757230771790225	0.29704842588173586	0.0118760085111666	0.003524620083801672	38.98805046081543
21.58	2.6716949152542373	0.0863157894736842	0.0012132166818567493	0.2943383208962823	0.011697892907813569	0.0032362570581156063	36.506202697753906
21.58	2.6716949152542373	0.10157894736842105	0.0015368395388966252	0.28897258928741043	0.01160043268281033	0.0036648191326715362	36.370357513427734
21.58	2.6716949152542373	0.11684210526315789	0.00013296836026961068	0.2897508247825009	0.011580754534907721	0.003370673222143513	35.324941635131836
21.58	2.6716949152542373	0.13210526315789473	-0.000382605856573044	0.28736606380666313	0.011480017301307183	0.0034253149114272007	33.706703186035156
21.58	2.6716949152542373	0.1473684210526316	-0.0030949259731253348	0.2928427978295494	0.01166790838961428	0.003565597372540563	31.833879470825195
21.58	2.6716949152542373	0.16263157894736843	-0.007247042081866998	0.29690482099807913	0.011815719386612427	0.0030132123181249035	29.810171127319336
21.58	2.6716949152542373	0.17789473684210527	-0.014197486055177217	0.30378938001963585	0.011956829948612739	0.002895249111502067	27.88606071472168
21.58	2.6716949152542373	0.1931578947368421	-0.02355107571520872	0.3092732675206904	0.012248482274421792	0.0027719715654218316	25.957923889160156
21.58	2.6716949152542373	0.20842105263157895	-0.036020584070137085	0.31252182652951754	0.01219619370069493	0.002570281508976219	24.442655563354492
21.58	2.6716949152542373	0.2236842105263158	-0.04872633645074595	0.31438213141403326	0.012233734029107352	0.0021901463340118356	23.21247100830078
21.58	2.6716949152542373	0.23894736842105263	-0.06382455666698268	0.3139045650635304	0.012165159245182088	0.0018531407155821691	21.991310119628906
21.58	2.6716949152542373	0.25421052631578944	-0.07965643790635604	0.31315001811393695	0.012338700020449699	0.001709206906832815	21.133129119873047
21.58	2.6716949152542373	0.2694736842105263	-0.09547791751150494	0.31150823321130483	0.012221507650439814	0.0015298818394685284	20.244163513183594
21.58	2.6716949152542373	0.2847368421052632	-0.11150673838595247	0.309286788577967	0.012056341829349473	0.001057400313965428	19.562767028808594
21.58	2.6716949152542373	0.3	-0.12554733779905403	0.3051101733527476	0.012154021239192701	0.0010538291620105665	18.93513298034668
21.58	2.681864406779661	0.01	0.02711809818940197	0.21111224629612213	0.013530084512630167	0.0016797218234115051	39.79127502441406
21.58	2.681864406779661	0.02526315789473684	0.023150582548277045	0.23766981047565158	0.013445464842755352	0.0017684646666901373	48.358821868896484
21.58	2.681864406779661	0.04052631578947368	0.020280641719745057	0.2497643621264588	0.01345377216154058	0.0018137164533407648	47.23035430908203
21.58	2.681864406779661	0.05578947368421053	0.017726184132339718	0.25918390802710806	0.013301628936400007	0.0018478260448843366	42.720075607299805
21.58	2.681864406779661	0.07105263157894737	0.01504265450203633	0.26511374409913574	0.012878323240632674	0.0016954920892727988	41.22188949584961
21.58	2.681864406779661	0.0863157894736842	0.012398203655908165	0.2715516461469003	0.01295267217695575	0.0018683038300493227	40.329172134399414
21.58	2.681864406779661	0.10157894736842105	0.011070602415321458	0.2749993905111947	0.012861191216248655	0.001926079662472136	38.62436485290527
21.58	2.681864406779661	0.11684210526315789	0.008651591493008712	0.27835394718346973	0.012919424008186842	0.0017221995782233303	37.95928955078125
21.58	2.681864406779661	0.13210526315789473	0.006192890521571283	0.2819210534248047	0.012908131928970619	0.0018681283936598232	36.6674919128418
21.58	2.681864406779661	0.1473684210526316	0.0013510392062964379	0.28615738496705845	0.012944214166538112	0.0018498884046510558	34.14137268066406
21.58	2.681864406779661	0.16263157894736843	-0.004783063165287612	0.29250788320647775	0.012938621964430498	0.0015226526398417258	32.0078010559082
21.58	2.681864406779661	0.17789473684210527	-0.013779913829510148	0.3000503162681923	0.013151420906969443	0.000965850051688724	29.6110782623291
21.58	2.681864406779661	0.1931578947368421	-0.024987468319779597	0.3054549613772266	0.01299581615586774	0.0005339816801446207	27.62256622314453
21.58	2.681864406779661	0.20842105263157895	-0.038608520854524715	0.30927138497448103	0.013279814789294303	0.0002121025638424521	25.92611312866211
21.58	2.681864406779661	0.2236842105263158	-0.05397184764214637	0.312092561785532	0.013476944983759294	-0.00011419001136721169	24.45229148864746
21.58	2.681864406779661	0.23894736842105263	-0.06982382465566357	0.3120245808080584	0.013083415531073827	-0.000615640339787318	23.246047973632812
21.58	2.681864406779661	0.25421052631578944	-0.08705853568949437	0.3117892793550099	0.013294105227615342	-0.0008078632098878393	22.236923217773438
21.58	2.681864406779661	0.2694736842105263	-0.1039727931069146	0.30995997456307856	0.013060334302104452	-0.0012117831857740326	21.360740661621094
21.58	2.681864406779661	0.2847368421052632	-0.12020857538428313	0.30818227231645656	0.012802553166425777	-0.001697288316838231	20.616596221923828
21.58	2.681864406779661	0.3	-0.1351391334941508	0.3041529474971625	0.013114878292713536	-0.00172020357463406	19.954391479492188
21.58	2.692033898305085	0.01	0.01191451963860666	0.24196058723200886	0.013790001050105721	-7.257081909303891e-06	40.585140228271484
21.58	2.692033898305085	0.02526315789473684	0.009154779479025384	0.2677771867493475	0.013741493179654288	-5.101765831841432e-05	48.967002868652344
21.58	2.692033898305085	0.04052631578947368	0.00993457598722557	0.2711133685249131	0.01356918455457014	7.178406391898996e-06	49.12583923339844
21.58	2.692033898305085	0.05578947368421053	0.0074669888941754385	0.27577579558154813	0.013368152759228594	0.00021453007302003912	44.376596450805664
21.58	2.692033898305085	0.07105263157894737	0.0064306049676629475	0.2724710122018824	0.013132967858662283	8.079771934550769e-05	41.52568435668945
21.58	2.692033898305085	0.0863157894736842	0.005524562329428148	0.2704567774350526	0.012833131549988738	9.659440468739734e-05	39.76197052001953
21.58	2.692033898305085	0.10157894736842105	0.00636285080980043	0.2709470830643714	0.012822600175597158	-4.016966283243567e-05	39.19651794433594
21.58	2.692033898305085	0.11684210526315789	0.006080221026767963	0.26885285077047805	0.012640780668827262	-8.103660678084513e-06	37.67431831359863
21.58	2.692033898305085	0.13210526315789473	0.005752439636948565	0.2700592098433424	0.012694936746212674	7.953197678661596e-05	36.604061126708984
21.58	2.692033898305085	0.1473684210526316	0.003887727840041857	0.2732382635406145	0.012512348677086702	1.9454149341957953e-05	34.605567932128906
21.58	2.692033898305085	0.16263157894736843	-1.223185043508425e-05	0.278883886735376	0.012801181467950284	-0.00023413279776266557	32.56893348693848
21.58	2.692033898305085	0.17789473684210527	-0.006121055971364144	0.2859942451907146	0.01272001278346759	-0.0008051021859353362	30.303298950195312
21.58	2.692033898305085	0.1931578947368421	-0.01589511335221924	0.2921635199194599	0.012715315448394503	-0.0012269573720569487	28.31343650817871
21.58	2.692033898305085	0.20842105263157895	-0.028182855251709604	0.29637292212301974	0.012827934645155945	-0.0016336801329426619	26.666322708129883
21.58	2.692033898305085	0.2236842105263158	-0.04215870523219803	0.30049157460181153	0.012518154121040074	-0.002316705883320941	25.166217803955078
21.58	2.692033898305085	0.23894736842105263	-0.05710183930340637	0.3021872273432088	0.012773945410798706	-0.0027750575866726085	23.92183494567871
21.58	2.692033898305085	0.25421052631578944	-0.0731509716842465	0.30359843450275814	0.012515361850482066	-0.0030991203026871903	22.814659118652344
21.58	2.692033898305085	0.2694736842105263	-0.08957928971316682	0.3033441085280839	0.012190144603798265	-0.003625952355351231	21.906147003173828
21.58	2.692033898305085	0.2847368421052632	-0.10588037789802181	0.3029307866800067	0.012142288193851568	-0.0039920915428142065	21.150787353515625
21.58	2.692033898305085	0.3	-0.12243409886813611	0.30120639980923314	0.011951032005153617	-0.004227891585348129	20.445476531982422
21.58	2.7022033898305082	0.01	0.013465259750815148	0.18946016719038297	0.014058200946215137	-0.0013730881678837667	39.71961975097656
21.58	2.7022033898305082	0.02526315789473684	0.004662661564141596	0.2186687635892029	0.013963913416205388	-0.0015254783429098481	46.240943908691406
21.58	2.7022033898305082	0.04052631578947368	0.005495564949303946	0.22710562820368954	0.013855073600930561	-0.0013698176448889879	49.90505599975586
21.58	2.7022033898305082	0.05578947368421053	0.004824471272731141	0.2330521335605015	0.013759489847794116	-0.001224675961282791	42.44392013549805
21.58	2.7022033898305082	0.07105263157894737	0.004112214904888934	0.23743516001175227	0.01326187328492455	-0.0013482017555540861	41.07545280456543
21.58	2.7022033898305082	0.0863157894736842	0.004470778242684131	0.2444347955106212	0.013352139695738454	-0.0012115516034450439	39.10152816772461
21.58	2.7022033898305082	0.10157894736842105	0.0038487650035080962	0.24668274457743383	0.012914196081046082	-0.000977739192796426	38.01665496826172
21.58	2.7022033898305082	0.11684210526315789	0.003222021592304814	0.25043455510750434	0.012587426625686949	-0.001075962536938436	36.888484954833984
21.58	2.7022033898305082	0.13210526315789473	0.0014567091531803122	0.2524354399413804	0.012680842434310769	-0.0008770815263371123	35.779836654663086
21.58	2.7022033898305082	0.1473684210526316	3.761681092280837e-05	0.2552527903811076	0.012577974350751907	-0.0008509334810834648	34.06193733215332
21.58	2.7022033898305082	0.16263157894736843	-0.0030633793858128467	0.25959084723717546	0.012584616121166618	-0.0012153763662492354	32.17343711853027
21.58	2.7022033898305082	0.17789473684210527	-0.008887188902189147	0.26565953263233355	0.012620913125167917	-0.0016043728768306044	30.154455184936523
21.58	2.7022033898305082	0.1931578947368421	-0.017880940174667945	0.269060836141764	0.012301851704108031	-0.0018964331559610493	28.183032989501953
21.58	2.7022033898305082	0.20842105263157895	-0.02926197761227234	0.27388060868506947	0.012143099313691692	-0.002259783952357895	26.32041358947754
21.58	2.7022033898305082	0.2236842105263158	-0.041808376102939686	0.2769841864032082	0.011891172901817092	-0.0030645408950286876	24.820545196533203
21.58	2.7022033898305082	0.23894736842105263	-0.05572752128520227	0.2779087667327098	0.01180969453984541	-0.003380585012818403	23.481082916259766
21.58	2.7022033898305082	0.25421052631578944	-0.06952460403735615	0.27904176359849797	0.011665097643531668	-0.0037797843814519746	22.430431365966797
21.58	2.7022033898305082	0.2694736842105263	-0.08553720820613128	0.27922194209758167	0.011269343476794105	-0.004345853405785138	21.503074645996094
21.58	2.7022033898305082	0.2847368421052632	-0.09920881079284577	0.2772419180864295	0.01122791608764048	-0.0045607911580429214	20.735637664794922
21.58	2.7022033898305082	0.3	-0.11529367692317566	0.2761949951280525	0.010974749461869514	-0.0050957235385123215	20.039411544799805
21.58	2.712372881355932	0.01	0.005421655108074323	0.28765129395617756	0.013324203071523455	-0.0041934357460564654	37.02763366699219
21.58	2.712372881355932	0.02526315789473684	-7.307651001713976e-05	0.29097094014144154	0.013140429393378086	-0.0040203805182687635	44.16911315917969
21.58	2.712372881355932	0.04052631578947368	-0.003828226686601863	0.28920286903014975	0.012780258138460274	-0.004018101245231116	44.57273864746094
21.58	2.712372881355932	0.05578947368421053	-0.002802545488958584	0.2905138620161134	0.012510380351566219	-0.0036993525712217183	44.76021385192871
21.58	2.712372881355932	0.07105263157894737	-0.002180832908635369	0.28509777476868214	0.012013716592574284	-0.0034849334899853305	40.6376838684082
21.58	2.712372881355932	0.0863157894736842	-0.0011629892822320803	0.2858422963435733	0.011699252653434888	-0.003217062821445208	38.694698333740234
21.58	2.712372881355932	0.10157894736842105	0.00044263382843106225	0.2838082935275017	0.011479267619622811	-0.0029626012420700043	36.76913833618164
21.58	2.712372881355932	0.11684210526315789	0.0005978080746962969	0.2837303092947897	0.011398158055814381	-0.002549640357267917	35.844024658203125
21.58	2.712372881355932	0.13210526315789473	0.000762803137792581	0.28309634642328285	0.011155490304590676	-0.002256453947109652	33.883113861083984
21.58	2.712372881355932	0.1473684210526316	-0.00018800684946930837	0.2847749088902693	0.011122285132542617	-0.0022797944893687655	32.273298263549805
21.58	2.712372881355932	0.16263157894736843	-0.0031800014763398708	0.28781292383111645	0.010935165833190088	-0.002459864192195936	30.118057250976562
21.58	2.712372881355932	0.17789473684210527	-0.009896460373311614	0.29106901173842825	0.0110599463481902	-0.00270631050068505	28.14333152770996
21.58	2.712372881355932	0.1931578947368421	-0.018125075800235695	0.29352233737488037	0.01098445338103723	-0.0030551483227786807	26.163536071777344
21.58	2.712372881355932	0.20842105263157895	-0.03000943887735095	0.29613406428731737	0.010788891599365831	-0.0033361144360061113	24.608848571777344
21.58	2.712372881355932	0.2236842105263158	-0.042162663700456515	0.29650244957163374	0.01059792511943445	-0.004087009728191416	23.22616195678711
21.58	2.712372881355932	0.23894736842105263	-0.056458253572455666	0.29606201997595616	0.01041228470699446	-0.00435416413051632	22.115447998046875
21.58	2.712372881355932	0.25421052631578944	-0.07138709179899286	0.29585628620708077	0.010003172878553263	-0.004698931611873333	21.157180786132812
21.58	2.712372881355932	0.2694736842105263	-0.08683849013806288	0.29446789397195544	0.009671634328721576	-0.005460360214206875	20.28118324279785
21.58	2.712372881355932	0.2847368421052632	-0.1023019122599621	0.29144095572544026	0.00950596456271912	-0.005678404754930257	19.557857513427734
21.58	2.712372881355932	0.3	-0.11684341100032965	0.2900144506650984	0.009355806371876284	-0.005840189120745521	18.937467575073242
21.58	2.722542372881356	0.01	-0.004990402329233462	0.28005960486274933	0.01221415407602423	-0.004263136283329316	38.68345260620117
21.58	2.722542372881356	0.02526315789473684	-0.0032255326392920613	0.29286239645820833	0.012064938533499346	-0.0039760508239300345	45.50006866455078
21.58	2.722542372881356	0.04052631578947368	-0.005711570256492111	0.2905686375155208	0.011467337048439049	-0.003952712902118419	42.464332580566406
21.58	2.722542372881356	0.05578947368421053	-0.004712566217796849	0.28912288566650324	0.01093074645044476	-0.003503422183816309	43.14127731323242
21.58	2.722542372881356	0.07105263157894737	-0.0028161063524130463	0.2831649412663605	0.01049290200979447	-0.003166242726631484	41.19428062438965
21.58	2.722542372881356	0.0863157894736842	-0.0032573774190786968	0.282609440878215	0.010099736372912437	-0.0027568434633923333	39.41942596435547
21.58	2.722542372881356	0.10157894736842105	-0.0023930917809884683	0.2803986415122122	0.009738772837762937	-0.0022152202313992604	37.55182647705078
21.58	2.722542372881356	0.11684210526315789	-0.0033092937529836464	0.27962289811627816	0.00940410425274255	-0.00204915020063254	36.16658401489258
21.58	2.722542372881356	0.13210526315789473	-0.005196678356963879	0.2775923233208699	0.009363294161113329	-0.0018302669016655808	34.09206008911133
21.58	2.722542372881356	0.1473684210526316	-0.008191706661180277	0.27957805665607416	0.0093972400198538	-0.0016935808918013733	32.136993408203125
21.58	2.722542372881356	0.16263157894736843	-0.01506402679337613	0.2832346823109828	0.009422166392517785	-0.0018412347365449298	29.85350799560547
21.58	2.722542372881356	0.17789473684210527	-0.024104882316574976	0.2873729420403533	0.009445212122749912	-0.0024119098974460977	27.71052360534668
21.58	2.722542372881356	0.1931578947368421	-0.035508312412886225	0.28966129967301807	0.009327288185999677	-0.0028020475968014644	25.792831420898438
21.58	2.722542372881356	0.20842105263157895	-0.049207751088610675	0.2916102378964696	0.009105252337871529	-0.0031843293165957276	24.1671142578125
21.58	2.722542372881356	0.2236842105263158	-0.0644219138043214	0.29224561235031976	0.008964890764149781	-0.003625868517578972	22.90644073486328
21.58	2.722542372881356	0.23894736842105263	-0.07884850054302062	0.2912640177109709	0.008640766075523148	-0.0038930235267753783	21.70166015625
21.58	2.722542372881356	0.25421052631578944	-0.09395958801827958	0.28926976998503606	0.008442138785158109	-0.0043420541552405285	20.780784606933594
21.58	2.722542372881356	0.2694736842105263	-0.10950644607286537	0.2880324529151368	0.008314239038991292	-0.0049415031663284596	19.985219955444336
21.58	2.722542372881356	0.2847368421052632	-0.12419383235210009	0.28539053922661595	0.008072809192034399	-0.005249860268991559	19.3028507232666
21.58	2.722542372881356	0.3	-0.13851988441274185	0.2817402303263651	0.007773450431471837	-0.005609528490861947	18.70112419128418
21.58	2.7327118644067796	0.01	-0.001785589521384385	0.306273406748484	0.010950918725342169	-0.003842192371342636	39.413841247558594
21.58	2.7327118644067796	0.02526315789473684	0.004144802450585201	0.3283894050178803	0.010705604845927287	-0.0035521492706074155	42.142845153808594
21.58	2.7327118644067796	0.04052631578947368	0.0035564494723556725	0.32219369814374804	0.010260772066314663	-0.003573890326359917	42.78177261352539
21.58	2.7327118644067796	0.05578947368421053	0.00422626518234472	0.32053014956800474	0.009838863700310362	-0.003027303754951997	42.86069297790527
21.58	2.7327118644067796	0.07105263157894737	0.004683244866876409	0.31752721643461124	0.009332181937674653	-0.0027726191614234888	42.81661796569824
21.58	2.7327118644067796	0.0863157894736842	0.00548384687417295	0.31611382316151604	0.008930156582473758	-0.002187883861249587	40.6805534362793
21.58	2.7327118644067796	0.10157894736842105	0.005088236538298341	0.31394571549863654	0.008510110575562323	-0.0017162536446152204	39.38602828979492
21.58	2.7327118644067796	0.11684210526315789	0.0033042945574686404	0.3134370807150908	0.00842660614557145	-0.0014457093556575424	37.728410720825195
21.58	2.7327118644067796	0.13210526315789473	0.0007777200883221848	0.31326038614630547	0.0082909558540855	-0.0014998020168877839	35.97700119018555
21.58	2.7327118644067796	0.1473684210526316	-0.0036112157738305345	0.3165255922442725	0.008328055938677158	-0.0012374775805528903	33.21147537231445
21.58	2.7327118644067796	0.16263157894736843	-0.010979239992115909	0.3199028325234897	0.00833338722113559	-0.001577731089760614	30.748197555541992
21.58	2.7327118644067796	0.17789473684210527	-0.02281870973303601	0.3245762310110639	0.008476151276517166	-0.001888171815688617	28.504165649414062
21.58	2.7327118644067796	0.1931578947368421	-0.035740490965616566	0.3263974173579971	0.008286130284722283	-0.0023514929918642844	26.523006439208984
21.58	2.7327118644067796	0.20842105263157895	-0.052667728658269394	0.32773390706695293	0.008078892093155477	-0.0027537663177412504	24.7829647064209
21.58	2.7327118644067796	0.2236842105263158	-0.06962238390058881	0.32856628993940873	0.007815355164167271	-0.0032517971188093216	23.409767150878906
21.58	2.7327118644067796	0.23894736842105263	-0.0859681449983164	0.32817251584147067	0.007642682755068677	-0.003679795284642156	22.275020599365234
21.58	2.7327118644067796	0.25421052631578944	-0.10360827617913135	0.32594881525237773	0.007586861850706896	-0.0039948068161743105	21.376861572265625
21.58	2.7327118644067796	0.2694736842105263	-0.12047701889458223	0.32340816955493246	0.007165332695431766	-0.004502975020319293	20.583349227905273
21.58	2.7327118644067796	0.2847368421052632	-0.13687522517237266	0.3197831962942932	0.007150907160676772	-0.004553693311050606	19.880626678466797
21.58	2.7327118644067796	0.3	-0.1517896018779374	0.3157380277106771	0.006580859168425443	-0.005240496964019989	19.30312156677246
21.58	2.7428813559322034	0.01	-0.015017413552670333	0.2416312126320467	0.008999197438768139	-0.0009545229420005412	40.19413757324219
21.58	2.7428813559322034	0.02526315789473684	-0.009290122445492606	0.2552907375496492	0.008528387316303057	-0.001070881434494413	45.53113555908203
21.58	2.7428813559322034	0.04052631578947368	-0.007321898403864603	0.2595700688851895	0.008276690751201892	-0.0009208614879717514	45.462310791015625
21.58	2.7428813559322034	0.05578947368421053	-0.0045142313060863816	0.2593265171048233	0.007849930088809761	-0.0011616445924638088	42.81759071350098
21.58	2.7428813559322034	0.07105263157894737	-0.0014968637772228158	0.25763898920794326	0.007737848337933445	-0.000770120336421378	44.168155670166016
21.58	2.7428813559322034	0.0863157894736842	-0.0002762829534305576	0.2599896182447893	0.007285522798387499	-0.0003489192366397549	41.68792533874512
21.58	2.7428813559322034	0.10157894736842105	-5.479162533255016e-05	0.259068029477603	0.006994505301421844	-0.00022355911472926338	41.615840911865234
21.58	2.7428813559322034	0.11684210526315789	0.00015942931804229456	0.2592780066628293	0.00699610568170596	1.2188796137469883e-05	40.0008602142334
21.58	2.7428813559322034	0.13210526315789473	-0.0020956047399758697	0.26176541468025194	0.006942097622417385	0.0001504496159012079	37.88982391357422
21.58	2.7428813559322034	0.1473684210526316	-0.004840006675954988	0.26483170059790917	0.0068992879755130085	0.00011639170455957479	35.30450630187988
21.58	2.7428813559322034	0.16263157894736843	-0.011510053832467726	0.27111538346206865	0.007032638857406087	1.5705427382145576e-05	32.71748924255371
21.58	2.7428813559322034	0.17789473684210527	-0.019882282087497503	0.27638672631864536	0.007072885747099746	-0.0003845468141427208	30.37558364868164
21.58	2.7428813559322034	0.1931578947368421	-0.03224689702285649	0.2834005191135417	0.0070577028127077595	-0.0009159966199010386	28.05393409729004
21.58	2.7428813559322034	0.20842105263157895	-0.0475603332796945	0.2883482500502337	0.006994386146252113	-0.0013351399894279015	26.314495086669922
21.58	2.7428813559322034	0.2236842105263158	-0.06299997362723475	0.2915065325182637	0.006871388672297656	-0.0018464037903729166	24.846193313598633
21.58	2.7428813559322034	0.23894736842105263	-0.07870830883728187	0.29262008856750843	0.0068068678848790636	-0.0022347164783102034	23.56525421142578
21.58	2.7428813559322034	0.25421052631578944	-0.09524041553484121	0.2934175160131586	0.00663795016463387	-0.0026709627721116314	22.528141021728516
21.58	2.7428813559322034	0.2694736842105263	-0.11108468081326997	0.29338634143352327	0.006477572385203849	-0.003086605930281803	21.64969253540039
21.58	2.7428813559322034	0.2847368421052632	-0.1266659064170889	0.2926133984583599	0.006155193401075259	-0.0033238524319196576	20.953948974609375
21.58	2.7428813559322034	0.3	-0.1407708002206854	0.28908297511517844	0.005961610685787882	-0.0037800312932897828	20.272350311279297
21.58	2.753050847457627	0.01	-0.012268531618406922	0.23421551243356475	0.008281860524083234	0.002053802729809066	37.35258865356445
21.58	2.753050847457627	0.02526315789473684	-0.003911231433972644	0.2534609479551534	0.008212821021496182	0.0018447220826447487	44.74673843383789
21.58	2.753050847457627	0.04052631578947368	-0.0040287390109150865	0.25937936880638407	0.007826265837118825	0.0017249780480443036	44.216278076171875
21.58	2.753050847457627	0.05578947368421053	-0.0025294942004593516	0.267536028485304	0.007607771226892705	0.0016476894842144796	44.55202865600586
21.58	2.753050847457627	0.07105263157894737	-0.0015227855933490106	0.2708852410290576	0.00734214084128885	0.001564260913105935	43.812408447265625
21.58	2.753050847457627	0.0863157894736842	-0.0006166683867454273	0.27380685577668123	0.0070135866682595905	0.0016925173833765093	42.134443283081055
21.58	2.753050847457627	0.10157894736842105	-0.00047366942743137466	0.2738942734870716	0.006931662316825307	0.0017144336490086806	40.395931243896484
21.58	2.753050847457627	0.11684210526315789	-0.0009944529388874808	0.2757695809853384	0.006903876387335638	0.0019470225634092933	38.857730865478516
21.58	2.753050847457627	0.13210526315789473	-0.001634928477092488	0.2766170824580522	0.006795760238955645	0.0018307412560076013	37.22123336791992
21.58	2.753050847457627	0.1473684210526316	-0.0038773016632560955	0.2791406277153338	0.006675945226158265	0.0018137292323291022	35.055850982666016
21.58	2.753050847457627	0.16263157894736843	-0.007588120286210646	0.2825616993636384	0.006784139035332221	0.0015531144670196631	32.96757507324219
21.58	2.753050847457627	0.17789473684210527	-0.013970208754155049	0.28741340651037417	0.007023663390279419	0.001284033463757845	30.87746238708496
21.58	2.753050847457627	0.1931578947368421	-0.023237209049376848	0.2909864971865925	0.006738966966074096	0.0008070058333535063	28.746265411376953
21.58	2.753050847457627	0.20842105263157895	-0.03557892900370943	0.2950981889230075	0.006803691254023596	0.0004580005798336418	26.738826751708984
21.58	2.753050847457627	0.2236842105263158	-0.05039229924567862	0.2969416902113413	0.006788653497775899	-0.00012114335670026973	25.184507369995117
21.58	2.753050847457627	0.23894736842105263	-0.06633376563676521	0.2979300499606584	0.006780182755161886	-0.0007318959918118364	23.830942153930664
21.58	2.753050847457627	0.25421052631578944	-0.08369233949444282	0.29850874344724937	0.006345730320160154	-0.00133849621026435	22.791109085083008
21.58	2.753050847457627	0.2694736842105263	-0.09953220376147916	0.2973324292749144	0.0062244280664703645	-0.001705031035361852	21.858665466308594
21.58	2.753050847457627	0.2847368421052632	-0.11707944053589546	0.2954843696711824	0.006176384396566799	-0.0019790309565444744	21.038043975830078
21.58	2.753050847457627	0.3	-0.13275696797311487	0.29342988712699214	0.005933203318380473	-0.002383217095387207	20.345108032226562
21.58	2.763220338983051	0.01	-0.006876326855422891	0.18720655834288402	0.007243485771190552	0.003539273294059384	35.397525787353516
21.58	2.763220338983051	0.02526315789473684	-0.01062601603582684	0.20646509567261742	0.0071153292621638775	0.003383421383769347	46.714508056640625
21.58	2.763220338983051	0.04052631578947368	-0.012551828010624242	0.20969524576896864	0.007109045069959402	0.0034538101851652415	49.010093688964844
21.58	2.763220338983051	0.05578947368421053	-0.009747986282605644	0.21878757122715528	0.006940633801204334	0.003091986512856297	42.60463333129883
21.58	2.763220338983051	0.07105263157894737	-0.008734229226479661	0.224718453409458	0.006700831548392443	0.002851054185654285	40.258872985839844
21.58	2.763220338983051	0.0863157894736842	-0.007239684481988086	0.22945715677955225	0.00670370628311861	0.0029964433085971727	38.843482971191406
21.58	2.763220338983051	0.10157894736842105	-0.005879208464989795	0.23264137399413662	0.0071465842064633665	0.0031104469478694117	37.321678161621094
21.58	2.763220338983051	0.11684210526315789	-0.006551240185740756	0.23729696994590843	0.006658488490212375	0.002861207855938801	36.031005859375
21.58	2.763220338983051	0.13210526315789473	-0.00618524084472971	0.23909138416814887	0.006837507973251528	0.0029683713116253345	34.654972076416016
21.58	2.763220338983051	0.1473684210526316	-0.007334115627908653	0.24331424197376955	0.006626456010054576	0.0026635782019081957	32.61944580078125
21.58	2.763220338983051	0.16263157894736843	-0.009166754681372588	0.24878882149429307	0.006614550636914977	0.00251570316776338	30.867509841918945
21.58	2.763220338983051	0.17789473684210527	-0.01336583052999048	0.25329885103477395	0.006864901507107026	0.0023220982477039384	29.019010543823242
21.58	2.763220338983051	0.1931578947368421	-0.019964719538053177	0.25793509323511754	0.0067885794334167655	0.0017880721818482488	27.196874618530273
21.58	2.763220338983051	0.20842105263157895	-0.02913419389382684	0.2625082036363482	0.006797160385355766	0.0015054694855871228	25.50306510925293
21.58	2.763220338983051	0.2236842105263158	-0.04122477234745957	0.2650803804686704	0.006444575514808459	0.0008562809959431355	24.072633743286133
21.58	2.763220338983051	0.23894736842105263	-0.05526395955507753	0.26597508029521044	0.006447744206718565	0.0003766406160894739	22.795207977294922
21.58	2.763220338983051	0.25421052631578944	-0.06925637174258586	0.2663402443431907	0.0064910564471687415	-6.266451957063102e-05	21.788774490356445
21.58	2.763220338983051	0.2694736842105263	-0.08380677294030678	0.2653835489999339	0.0061520319352097435	-0.0007344857591459981	20.901844024658203
21.58	2.763220338983051	0.2847368421052632	-0.0986911913954376	0.2638517884262358	0.0058977203101789185	-0.0008760613700514166	20.144378662109375
21.58	2.763220338983051	0.3	-0.11281020435194511	0.26119836362353394	0.005917806388393294	-0.0011425915166680342	19.480539321899414
21.58	2.7733898305084743	0.01	0.004255511437849791	0.22497418912402223	0.007152894425134	0.005397562312377148	38.47911071777344
21.58	2.7733898305084743	0.02526315789473684	-0.0019270141764995024	0.23799316296530323	0.006998652566916422	0.0050460415328454356	48.35154724121094
21.58	2.7733898305084743	0.04052631578947368	-0.0028557241535648497	0.2500283977213838	0.007005456170817485	0.0048872881259778185	45.3090705871582
21.58	2.7733898305084743	0.05578947368421053	-0.0029943942203002113	0.2568095148485225	0.006787470202188119	0.004430837447948021	41.06306457519531
21.58	2.7733898305084743	0.07105263157894737	-0.003735378023125424	0.26179993464053386	0.006801241898678736	0.004447381790067926	38.37363815307617
21.58	2.7733898305084743	0.0863157894736842	-0.0038704466185348137	0.26460250853002776	0.006681819378026906	0.004081798138874027	37.099687576293945
21.58	2.7733898305084743	0.10157894736842105	-0.00594103333861982	0.26711621854058853	0.006719313186467464	0.0038602442448349666	36.36772155761719
21.58	2.7733898305084743	0.11684210526315789	-0.006097085296748772	0.2691232754386712	0.00671105866421347	0.0037870273503826197	34.65116882324219
21.58	2.7733898305084743	0.13210526315789473	-0.00871126231515278	0.2723162742800762	0.006716320947494061	0.00391540950325414	32.918792724609375
21.58	2.7733898305084743	0.1473684210526316	-0.011798243100510091	0.2765772428586113	0.006627398253944893	0.0037843931226370863	31.091596603393555
21.58	2.7733898305084743	0.16263157894736843	-0.015113372824246468	0.2807061932651196	0.006579622033886928	0.003440911386693095	29.181427001953125
21.58	2.7733898305084743	0.17789473684210527	-0.021189295456836392	0.28561860750390783	0.006682204906047826	0.003095636730130982	27.3328857421875
21.58	2.7733898305084743	0.1931578947368421	-0.03168417356998898	0.2886340396678878	0.006680908902221965	0.002845393629541417	25.542173385620117
21.58	2.7733898305084743	0.20842105263157895	-0.044139398719813386	0.29037498111265614	0.0065963748874176345	0.0022786833298717836	23.99412727355957
21.58	2.7733898305084743	0.2236842105263158	-0.05974853686602526	0.29079449845418015	0.006552360838109318	0.001686169094603759	22.739547729492188
21.58	2.7733898305084743	0.23894736842105263	-0.0751352911171105	0.2896146635099841	0.006461793610232769	0.0015048407687227104	21.620351791381836
21.58	2.7733898305084743	0.25421052631578944	-0.09107632705090307	0.28732358660023327	0.006335092546193384	0.0009839166725360842	20.69680404663086
21.58	2.7733898305084743	0.2694736842105263	-0.10849233139559361	0.28455934981923703	0.005972450113110144	0.0004125690167403204	19.911483764648438
21.58	2.7733898305084743	0.2847368421052632	-0.12516491751556014	0.2810044769097927	0.005790935942718644	-5.019486476840082e-05	19.18816375732422
21.58	2.7733898305084743	0.3	-0.14068594418460115	0.27693818342954624	0.005559215974973617	-0.0003011125067900524	18.60679054260254
21.58	2.7835593220338986	0.01	0.0020448918703421144	0.19237175697239653	0.007495198307334777	0.005808668036038904	37.639076232910156
21.58	2.7835593220338986	0.02526315789473684	-0.0008418325502263894	0.2169018995494742	0.007268325519000046	0.0056638704644824955	49.56840896606445
21.58	2.7835593220338986	0.04052631578947368	0.0011201083949929566	0.2282968129995703	0.007185028655337505	0.0056362410707145785	45.986480712890625
21.58	2.7835593220338986	0.05578947368421053	-0.001803394226986466	0.2338367239568293	0.007292142785033629	0.005213667634642963	44.066423416137695
21.58	2.7835593220338986	0.07105263157894737	-0.0018834226243905675	0.23945966320954404	0.007238701084904588	0.004974898180079737	40.04351997375488
21.58	2.7835593220338986	0.0863157894736842	-0.0010518364455274485	0.24375699540431603	0.0071119829825346354	0.004833018163998759	38.250314712524414
21.58	2.7835593220338986	0.10157894736842105	-0.001410960088083819	0.24599752970569755	0.007179806764285661	0.004617365345513235	36.885711669921875
21.58	2.7835593220338986	0.11684210526315789	-0.00234895484388836	0.25098483669170163	0.00707629107938997	0.004435799202366752	35.28384780883789
21.58	2.7835593220338986	0.13210526315789473	-0.0036624416323102317	0.25445331539557303	0.007219244327425808	0.004661151833099553	33.26995849609375
21.58	2.7835593220338986	0.1473684210526316	-0.006483364631504645	0.26191346620369044	0.0071049684186384136	0.004310935899731357	31.106534957885742
21.58	2.7835593220338986	0.16263157894736843	-0.01221063321140205	0.2690979049036716	0.006906886149166572	0.004074589744077773	28.941730499267578
21.58	2.7835593220338986	0.17789473684210527	-0.019574225426953817	0.2760762302031683	0.00699867890992054	0.003646141711766822	27.003883361816406
21.58	2.7835593220338986	0.1931578947368421	-0.031502931180188494	0.28000310037982423	0.006929974503671738	0.0033648853667561656	25.348278045654297
21.58	2.7835593220338986	0.20842105263157895	-0.04533648506262068	0.2835846893934534	0.006721555490892827	0.0028097163802901512	23.889028549194336
21.58	2.7835593220338986	0.2236842105263158	-0.059633651284861464	0.28476452714907946	0.006629055418514584	0.0024948970688971834	22.713016510009766
21.58	2.7835593220338986	0.23894736842105263	-0.07549034699554283	0.28400872855358766	0.006458319488072706	0.0024434635675395044	21.649160385131836
21.58	2.7835593220338986	0.25421052631578944	-0.09136833509186944	0.2824661016269122	0.0063975229832324496	0.0019271634545991315	20.804044723510742
21.58	2.7835593220338986	0.2694736842105263	-0.10706154106662272	0.28011266103909294	0.006033337013134255	0.001546046975384605	20.011898040771484
21.58	2.7835593220338986	0.2847368421052632	-0.12164520644834687	0.27681897559010404	0.0058052610776098265	0.001615712942417111	19.345314025878906
21.58	2.7835593220338986	0.3	-0.13611305504153376	0.2735968515642031	0.005629311472428015	0.0010054093663127647	18.75504493713379
21.58	2.793728813559322	0.01	0.022349348149254086	0.21810084213661463	0.007904274409800046	0.00630310036552672	36.938228607177734
21.58	2.793728813559322	0.02526315789473684	0.01740664490218377	0.23172465195106773	0.0077724919378919614	0.006208155745330974	49.061771392822266
21.58	2.793728813559322	0.04052631578947368	0.01420178510899758	0.24009546642350466	0.0077506791222429474	0.0057199082644841335	47.60983657836914
21.58	2.793728813559322	0.05578947368421053	0.013889933404897322	0.24721431034153785	0.0077848099852065355	0.0057786133565109615	43.710906982421875
21.58	2.793728813559322	0.07105263157894737	0.010980383582271484	0.2507906233866525	0.0076692051294731285	0.0055335491750348655	42.17477035522461
21.58	2.793728813559322	0.0863157894736842	0.008701804601649366	0.2524885089769815	0.007700214924820483	0.005230265972657152	38.83407974243164
21.58	2.793728813559322	0.10157894736842105	0.005823613643859844	0.2556639662032533	0.007553726013311097	0.004980008323212595	38.102155685424805
21.58	2.793728813559322	0.11684210526315789	0.0033093324675963764	0.2565674564733922	0.007562000675267079	0.004869973725289484	36.75617790222168
21.58	2.793728813559322	0.13210526315789473	0.0005845289184605155	0.26074077131682927	0.007623112219584712	0.004710320514184969	35.03060531616211
21.58	2.793728813559322	0.1473684210526316	-0.004503291848033163	0.2681931658274486	0.00749804038557011	0.004755840644166072	32.919944763183594
21.58	2.793728813559322	0.16263157894736843	-0.011805243720829217	0.27700101179446995	0.007348263004537271	0.004671304375534775	30.776025772094727
21.58	2.793728813559322	0.17789473684210527	-0.0234264174011285	0.2846782721264325	0.007159708420054256	0.004306680063682982	28.688318252563477
21.58	2.793728813559322	0.1931578947368421	-0.03802770897752889	0.29002204585466895	0.007158033379437649	0.004060424803861222	26.724864959716797
21.58	2.793728813559322	0.20842105263157895	-0.054962177438036795	0.29326285024027554	0.007374860819436827	0.003887123193276691	25.11222267150879
21.58	2.793728813559322	0.2236842105263158	-0.07277380262617801	0.2959169169482838	0.0066982172066003855	0.0033404058401002813	23.799543380737305
21.58	2.793728813559322	0.23894736842105263	-0.09132139411754754	0.2959418079352535	0.006763858801984902	0.0030298157858605016	22.65019989013672
21.58	2.793728813559322	0.25421052631578944	-0.11061438487315985	0.29572070539311834	0.0066686435397218125	0.0026843433982984624	21.70384407043457
21.58	2.793728813559322	0.2694736842105263	-0.1279407446615814	0.2932754545562189	0.005984849275971495	0.0022305909793184603	20.9205265045166
21.58	2.793728813559322	0.2847368421052632	-0.1449777652852653	0.29045129335450337	0.00615967836039766	0.0021593097380654402	20.195859909057617
21.58	2.793728813559322	0.3	-0.16067397066156344	0.2876714143307749	0.006153394168193183	0.0022296985394613337	19.575056076049805
21.58	2.8038983050847457	0.01	0.01040528491164073	0.18809789199499788	0.00855608346011416	0.006114555040560752	34.354312896728516
21.58	2.8038983050847457	0.02526315789473684	0.014362868119743452	0.21751390743070653	0.008684180605466671	0.006528229104308499	49.205257415771484
21.58	2.8038983050847457	0.04052631578947368	0.012509627000209675	0.22734200727195855	0.008499167650966158	0.006084143084243943	52.31184768676758
21.58	2.8038983050847457	0.05578947368421053	0.01370575410571395	0.23533928497695744	0.008285246902464606	0.00598187203702687	46.53462028503418
21.58	2.8038983050847457	0.07105263157894737	0.01194217522886096	0.2362804607581478	0.008510211973919216	0.005794322236644906	44.34670829772949
21.58	2.8038983050847457	0.0863157894736842	0.010940316913612275	0.23856001151394082	0.008331734888208542	0.0056244496710406875	42.203224182128906
21.58	2.8038983050847457	0.10157894736842105	0.01031850072875525	0.23977238768525722	0.00822870191236775	0.005348865718450387	41.31086730957031
21.58	2.8038983050847457	0.11684210526315789	0.010476433107106938	0.24206597208790787	0.008173272169086386	0.005388183553536584	40.57275581359863
21.58	2.8038983050847457	0.13210526315789473	0.008599847712031563	0.24409868825273895	0.00803664003456761	0.005194509170026328	38.06810760498047
21.58	2.8038983050847457	0.1473684210526316	0.005496328379575271	0.24648559940441134	0.008098438045222164	0.005322762471365296	35.747840881347656
21.58	2.8038983050847457	0.16263157894736843	0.0021865778048147373	0.2531672675766969	0.008019867210577066	0.005192021176059511	33.337215423583984
21.58	2.8038983050847457	0.17789473684210527	-0.005681443293150802	0.25999166963379705	0.007880426628138558	0.005102907566264692	30.570453643798828
21.58	2.8038983050847457	0.1931578947368421	-0.01721368454470329	0.26791877659784974	0.007670521262186676	0.004854475326303546	28.196353912353516
21.58	2.8038983050847457	0.20842105263157895	-0.03042685530108713	0.27274093641629815	0.007747056513178257	0.004720058889527026	26.449237823486328
21.58	2.8038983050847457	0.2236842105263158	-0.0464718251578262	0.2757195727407039	0.00730152751308632	0.004223113968149566	24.866615295410156
21.58	2.8038983050847457	0.23894736842105263	-0.06220311136183573	0.27763862863474353	0.007595101350741317	0.004176557965931756	23.573942184448242
21.58	2.8038983050847457	0.25421052631578944	-0.07964161062834257	0.2786043096869453	0.007084804726165834	0.003745624036459603	22.52840232849121
21.58	2.8038983050847457	0.2694736842105263	-0.09555141755033336	0.2777707844085873	0.00702788507254963	0.003699296098297608	21.672935485839844
21.58	2.8038983050847457	0.2847368421052632	-0.112672424190597	0.27698326682421076	0.00684426501606294	0.003387495876326839	20.904050827026367
21.58	2.8038983050847457	0.3	-0.12822979444396987	0.27543982017650914	0.006539994644898776	0.003326065934968192	20.19426155090332
21.58	2.8140677966101695	0.01	0.021536203366785044	0.19435624563466472	0.0095978571004334	0.006209251295556152	38.246429443359375
21.58	2.8140677966101695	0.02526315789473684	0.017312570554285044	0.19925126516591474	0.009479422625783784	0.006134843436842747	50.02284240722656
21.58	2.8140677966101695	0.04052631578947368	0.017464838547619817	0.2096722777133911	0.00920847098937172	0.005943944079985045	49.33483123779297
21.58	2.8140677966101695	0.05578947368421053	0.01585548504184635	0.21448548956409663	0.00916435689328152	0.0056283306639614925	45.3260383605957
21.58	2.8140677966101695	0.07105263157894737	0.013385129560937003	0.21512660196617814	0.00931658811919275	0.005708737900653317	40.95138168334961
21.58	2.8140677966101695	0.0863157894736842	0.011992832389065117	0.2168252983167503	0.009114461594665193	0.0055481194322909416	39.37630271911621
21.58	2.8140677966101695	0.10157894736842105	0.009403122314571187	0.21913325404653297	0.008938235286454094	0.005375598928746127	38.8753662109375
21.58	2.8140677966101695	0.11684210526315789	0.006908898389976678	0.2194700852735214	0.008918025308406742	0.005386655891093795	37.995670318603516
21.58	2.8140677966101695	0.13210526315789473	0.00673175176971403	0.22228254548429233	0.009121263121954916	0.005428909599036816	36.27148246765137
21.58	2.8140677966101695	0.1473684210526316	0.004413822501830728	0.22435632220624668	0.00884066673369839	0.005326062271056547	34.461875915527344
21.58	2.8140677966101695	0.16263157894736843	-4.593075849219615e-05	0.22981215694804907	0.00886068020635801	0.005369731446859238	32.58644485473633
21.58	2.8140677966101695	0.17789473684210527	-0.006243647933469612	0.23651941021778367	0.008769904471178303	0.0051259628383660836	30.221263885498047
21.58	2.8140677966101695	0.1931578947368421	-0.015631622304671907	0.24260824392656544	0.008627374317207132	0.005271037534413315	28.010604858398438
21.58	2.8140677966101695	0.20842105263157895	-0.028452427268521298	0.24784882657618706	0.008644246626163121	0.005005367539057991	26.145488739013672
21.58	2.8140677966101695	0.2236842105263158	-0.04338879990627002	0.25029334120841207	0.008437256385408187	0.004805368171312687	24.609041213989258
21.58	2.8140677966101695	0.23894736842105263	-0.05938793705699035	0.252102138848163	0.008289517607837396	0.0046054802306882674	23.345394134521484
21.58	2.8140677966101695	0.25421052631578944	-0.07674593837515097	0.2523297171959046	0.008179128899674745	0.004564600826810644	22.205656051635742
21.58	2.8140677966101695	0.2694736842105263	-0.09422438924017007	0.2522437954997502	0.007818072198079406	0.004321712596634883	21.30493927001953
21.58	2.8140677966101695	0.2847368421052632	-0.11136091942686	0.25196674582250744	0.00782594157115507	0.003996354321776439	20.512718200683594
21.58	2.8140677966101695	0.3	-0.12901245077960882	0.2504789073365162	0.0076491008392900565	0.004206268375383904	19.832319259643555
21.58	2.8242372881355933	0.01	0.016624290012933855	0.2149364322303215	0.010167259009917648	0.0054974935902637806	37.088375091552734
21.58	2.8242372881355933	0.02526315789473684	0.016189468168832905	0.2415313184140602	0.010111814187270968	0.005447455269785731	47.97876739501953
21.58	2.8242372881355933	0.04052631578947368	0.012990660662254606	0.24644788407142787	0.009943687413046744	0.005443771497192811	46.24666213989258
21.58	2.8242372881355933	0.05578947368421053	0.009145230195978196	0.2517707552466292	0.009812023051475813	0.005208084406612131	44.37730026245117
21.58	2.8242372881355933	0.07105263157894737	0.008439786526984072	0.2494920861103439	0.009843636179269928	0.005443410488359321	40.95853805541992
21.58	2.8242372881355933	0.0863157894736842	0.006668936097381636	0.24947919927254966	0.009729843327571692	0.00534337997788398	38.50042152404785
21.58	2.8242372881355933	0.10157894736842105	0.005526287583021439	0.247590916070125	0.00968484032719549	0.005417630901699787	37.53940200805664
21.58	2.8242372881355933	0.11684210526315789	0.006367917390858745	0.24671132568220316	0.009393185741742274	0.005249201869644359	35.9223518371582
21.58	2.8242372881355933	0.13210526315789473	0.005518826048470324	0.24529207820306892	0.009585091084709677	0.0053015894590816934	34.7181396484375
21.58	2.8242372881355933	0.1473684210526316	0.0034275551448936193	0.2468604856786877	0.009633381365290046	0.005248814081654546	32.74789237976074
21.58	2.8242372881355933	0.16263157894736843	-0.0008650149171521786	0.2505735327270523	0.009754271738860438	0.0054688797140375976	30.431228637695312
21.58	2.8242372881355933	0.17789473684210527	-0.006468408149179719	0.25461552436697105	0.009418389912295676	0.0049758722725994735	28.356698989868164
21.58	2.8242372881355933	0.1931578947368421	-0.014420823869382031	0.259316080406531	0.009563634429653339	0.004951904403179828	26.233022689819336
21.58	2.8242372881355933	0.20842105263157895	-0.026434545067691245	0.26125880130519097	0.009292412963989359	0.004780710110691323	24.521408081054688
21.58	2.8242372881355933	0.2236842105263158	-0.03960227578151478	0.262540814483207	0.009337306132968251	0.004845271803498147	23.215591430664062
21.58	2.8242372881355933	0.23894736842105263	-0.05451818140935833	0.26148307314756636	0.009203098507929228	0.004574015934158615	21.999361038208008
21.58	2.8242372881355933	0.25421052631578944	-0.07019920999388043	0.2596769893175249	0.009070378860228824	0.004535014560262568	21.06609344482422
21.58	2.8242372881355933	0.2694736842105263	-0.08569231506640855	0.2569785380834972	0.008899829353857077	0.0044603920958458075	20.20616340637207
21.58	2.8242372881355933	0.2847368421052632	-0.10102925615588962	0.25363006737141663	0.00872008186648325	0.0042784104221039385	19.516450881958008
21.58	2.8242372881355933	0.3	-0.11618318872730074	0.2503672852745538	0.008622871400721484	0.004524851972889886	18.86486053466797
21.58	2.834406779661017	0.01	0.017671777916838764	0.16882645278354427	0.010904680619955235	0.0050052392694228	38.2496223449707
21.58	2.834406779661017	0.02526315789473684	0.017804025690706167	0.20543362653155267	0.01072507407009956	0.004883067893324748	47.65718078613281
21.58	2.834406779661017	0.04052631578947368	0.014383783023507986	0.20881159460444393	0.010490695228411902	0.004937117162814511	47.67536926269531
21.58	2.834406779661017	0.05578947368421053	0.012029317162368398	0.21130137053805712	0.01046602395933231	0.004742431034600949	40.60812759399414
21.58	2.834406779661017	0.07105263157894737	0.008237290651440566	0.21489701845821302	0.010467822804900013	0.00492095556026693	38.41640853881836
21.58	2.834406779661017	0.0863157894736842	0.008507704070843884	0.21529094569325524	0.0103332417946934	0.004928607188669457	36.973548889160156
21.58	2.834406779661017	0.10157894736842105	0.006008997698317614	0.2182800216056213	0.010317990965513647	0.00486027005077439	35.8843936920166
21.58	2.834406779661017	0.11684210526315789	0.004057950466794348	0.2209308990692781	0.010317966079506701	0.004930199242174579	34.52891540527344
21.58	2.834406779661017	0.13210526315789473	0.0028682719319289706	0.22603064770308007	0.010404293839579592	0.004925007767108922	33.064430236816406
21.58	2.834406779661017	0.1473684210526316	-0.0006842390474235504	0.23301568691756722	0.010317089002106483	0.0050036628508890995	30.9945125579834
21.58	2.834406779661017	0.16263157894736843	-0.006855286908250487	0.23954671239762204	0.010369918883355225	0.004644279271417031	29.024658203125
21.58	2.834406779661017	0.17789473684210527	-0.01643889393696331	0.24570015911069631	0.01010667485331446	0.004445118723110683	26.95844268798828
21.58	2.834406779661017	0.1931578947368421	-0.02908497905997255	0.24927507007168298	0.010357442281537243	0.004554132125027907	25.263399124145508
21.58	2.834406779661017	0.20842105263157895	-0.044754786479153416	0.25123460964904787	0.010240258502196274	0.0045476442078581265	23.818702697753906
21.58	2.834406779661017	0.2236842105263158	-0.060542075258546255	0.25223714827233606	0.009983344392273325	0.004319309582140872	22.56846046447754
21.58	2.834406779661017	0.23894736842105263	-0.07815886792374047	0.2510317671229518	0.01012681783331222	0.004106737622775412	21.570322036743164
21.58	2.834406779661017	0.25421052631578944	-0.09546057639232575	0.24900594836657772	0.010141032120058083	0.004096079457448132	20.650047302246094
21.58	2.834406779661017	0.2694736842105263	-0.1112605176098089	0.24654741835278615	0.010131897184819851	0.004005513190683901	19.830575942993164
21.58	2.834406779661017	0.2847368421052632	-0.12785414039859572	0.2435565219117437	0.009945295624257005	0.004111585569960059	19.154273986816406
21.58	2.834406779661017	0.3	-0.14334961261371176	0.23983665181753386	0.00987593275034701	0.0036807006097361386	18.533456802368164
21.58	2.8445762711864404	0.01	0.018761002162899536	0.2281394548570846	0.01169057033001454	0.003940545362190935	33.91415786743164
21.58	2.8445762711864404	0.02526315789473684	0.01914535675426918	0.25715178920385584	0.011705400892406832	0.003851603417981548	49.43168640136719
21.58	2.8445762711864404	0.04052631578947368	0.017896888412032	0.26361699409048234	0.01163967494956603	0.003960280365984089	47.67778015136719
21.58	2.8445762711864404	0.05578947368421053	0.01346846909695045	0.26749773009600414	0.011392579402715283	0.0038593013674714863	42.50360107421875
21.58	2.8445762711864404	0.07105263157894737	0.011893008215106408	0.2663287564139486	0.011292972052973083	0.0038477573269081076	39.17832565307617
21.58	2.8445762711864404	0.0863157894736842	0.009734543027337283	0.2654987312410281	0.011387318200427949	0.004110768245017896	37.85947227478027
21.58	2.8445762711864404	0.10157894736842105	0.008530127945952478	0.2639949342274059	0.011165720230709952	0.003950600807827822	36.412309646606445
21.58	2.8445762711864404	0.11684210526315789	0.007016559634022776	0.26512856427961484	0.011204120419196729	0.0040690342987845275	35.08964729309082
21.58	2.8445762711864404	0.13210526315789473	0.004623880188076309	0.265760687550198	0.01115107875622522	0.004016277608722999	33.53951072692871
21.58	2.8445762711864404	0.1473684210526316	2.3629467098525874e-05	0.2704930877291074	0.011319991481965927	0.003860059912348518	31.41585922241211
21.58	2.8445762711864404	0.16263157894736843	-0.008376448566865084	0.27671677406170514	0.011433368111383898	0.003841534655699144	29.304035186767578
21.58	2.8445762711864404	0.17789473684210527	-0.02088549220095842	0.28241557036812787	0.011554413665354075	0.0034381217085220975	27.364973068237305
21.58	2.8445762711864404	0.1931578947368421	-0.03631986330338725	0.28494712982634907	0.011540946013329376	0.0036730527668888805	25.60934066772461
21.58	2.8445762711864404	0.20842105263157895	-0.05238011132069837	0.2857815963433207	0.011572944998718212	0.0036705822781429743	24.150827407836914
21.58	2.8445762711864404	0.2236842105263158	-0.06920911005773556	0.286180469694835	0.011468727406193266	0.003258365976695786	22.908832550048828
21.58	2.8445762711864404	0.23894736842105263	-0.08680008394108805	0.28349692059220477	0.011295203604597716	0.0029928612542113532	21.8470401763916
21.58	2.8445762711864404	0.25421052631578944	-0.10370720406168327	0.2803185347767962	0.011481679057535589	0.0030153849286995355	20.958415985107422
21.58	2.8445762711864404	0.2694736842105263	-0.12026076882226255	0.2768236089029583	0.011234351050649516	0.002708939599095359	20.169954299926758
21.58	2.8445762711864404	0.2847368421052632	-0.13636445407767323	0.27280460691964836	0.011334690086439931	0.002833597437284112	19.490718841552734
21.58	2.8445762711864404	0.3	-0.15060706750967084	0.26834446521662764	0.011365869973180698	0.0027173536809308287	18.89954948425293
21.58	2.8547457627118646	0.01	0.023766359755128953	0.1341019604127855	0.012731760327860477	0.002817640666734964	39.50478744506836
21.58	2.8547457627118646	0.02526315789473684	0.021739281706570055	0.16978820257701457	0.012633910142341564	0.002734923517164966	48.49397659301758
21.58	2.8547457627118646	0.04052631578947368	0.021089445178287737	0.1769072452357382	0.01232486450151708	0.0025849126748661664	45.35487174987793
21.58	2.8547457627118646	0.05578947368421053	0.017160106574075934	0.18172114917844237	0.012275332856546617	0.0030741028774698732	45.43901824951172
21.58	2.8547457627118646	0.07105263157894737	0.016960127266703425	0.1840128576774029	0.012211310328888232	0.0030360272805026248	42.22473907470703
21.58	2.8547457627118646	0.0863157894736842	0.013955928477572535	0.18968465501511192	0.01219426367990642	0.0029903981869184824	40.134246826171875
21.58	2.8547457627118646	0.10157894736842105	0.011850716686973755	0.1949402810080022	0.011974132166709442	0.0029408761625719683	39.27126884460449
21.58	2.8547457627118646	0.11684210526315789	0.009777002890257565	0.20161495313004862	0.01200333349336111	0.002783057868052433	37.735870361328125
21.58	2.8547457627118646	0.13210526315789473	0.006838212550281017	0.20604108531915857	0.012123238475520708	0.0028312480711094714	35.99452781677246
21.58	2.8547457627118646	0.1473684210526316	0.0018868858768089506	0.21427000315488998	0.012192654475562816	0.0026195272913384876	33.778703689575195
21.58	2.8547457627118646	0.16263157894736843	-0.005698135976638011	0.22451049090923497	0.01243621804114972	0.0025589596156212306	31.419729232788086
21.58	2.8547457627118646	0.17789473684210527	-0.017834280912722773	0.23318463639916617	0.012372242126969567	0.002056728973067995	29.18128776550293
21.58	2.8547457627118646	0.1931578947368421	-0.03286211851304956	0.24041316386789202	0.012385165171702376	0.0017726040214229672	27.18094253540039
21.58	2.8547457627118646	0.20842105263157895	-0.04954624668830633	0.24496422250009717	0.012350472749032951	0.001294646283726401	25.519290924072266
21.58	2.8547457627118646	0.2236842105263158	-0.06585379900152566	0.24724169994145914	0.012467267502759814	0.0012910363195595153	24.182891845703125
21.58	2.8547457627118646	0.23894736842105263	-0.08387825249935849	0.2482237660641446	0.012408863630613082	0.0009281030177664908	22.916269302368164
21.58	2.8547457627118646	0.25421052631578944	-0.10197022936133723	0.24859005211699384	0.012615096758900256	0.000664940261069491	21.969562530517578
21.58	2.8547457627118646	0.2694736842105263	-0.11876116935343906	0.24790607735644005	0.01254320960341125	0.0005304417518938065	21.049875259399414
21.58	2.8547457627118646	0.2847368421052632	-0.13485504035086793	0.24704297080765386	0.012358607988228194	0.0004374760032670658	20.328874588012695
21.58	2.8547457627118646	0.3	-0.14797912482352416	0.24477017417679442	0.012703893553800534	6.918098482866348e-05	19.674184799194336
21.58	2.864915254237288	0.01	0.020039883812950413	0.1976108838630737	0.013644286892333421	0.0013307708679713977	35.54152297973633
21.58	2.864915254237288	0.02526315789473684	0.01895342003373937	0.22854930020998146	0.013407876586706845	0.0012968337027326584	48.17304992675781
21.58	2.864915254237288	0.04052631578947368	0.014214564473688771	0.23720952098776385	0.013441959710389497	0.0012949818280015876	47.52965545654297
21.58	2.864915254237288	0.05578947368421053	0.012911617928505112	0.24054923133046163	0.013154300052470728	0.0013804651872931914	44.44300651550293
21.58	2.864915254237288	0.07105263157894737	0.011948711379641874	0.2390838069448967	0.012988142902208259	0.0013872516233533957	40.30238723754883
21.58	2.864915254237288	0.0863157894736842	0.009238495923323754	0.23862042914994744	0.012766740118420265	0.001411137604141347	38.51144027709961
21.58	2.864915254237288	0.10157894736842105	0.008760067321105115	0.23547252010472797	0.01252627205921947	0.001167772427420803	37.31988716125488
21.58	2.864915254237288	0.11684210526315789	0.006154373053266546	0.23587077185878944	0.012688591919792599	0.0014406725916620896	36.31290817260742
21.58	2.864915254237288	0.13210526315789473	0.004804223565077204	0.23587782530465942	0.012858520140358971	0.0011926754588336339	35.1185417175293
21.58	2.864915254237288	0.1473684210526316	0.0011368844563494416	0.23735260240883174	0.01259700000584105	0.0010533301515812648	33.419158935546875
21.58	2.864915254237288	0.16263157894736843	-0.0062495620084573565	0.24476353367008818	0.012824004940514293	0.0010301204815162182	31.26317024230957
21.58	2.864915254237288	0.17789473684210527	-0.015853800965856868	0.2505326129476129	0.012811611983570247	0.0004900361036502953	29.139690399169922
21.58	2.864915254237288	0.1931578947368421	-0.028943339791299892	0.2556921040619311	0.012980872425275746	0.00029806475316634213	27.133752822875977
21.58	2.864915254237288	0.20842105263157895	-0.0451517219380603	0.2594200544142989	0.012945427783749918	-0.00022654010728130993	25.497512817382812
21.58	2.864915254237288	0.2236842105263158	-0.06151571017272183	0.26135943847148535	0.012818202748980715	-0.0007151976538144913	24.061872482299805
21.58	2.864915254237288	0.23894736842105263	-0.07969481125056158	0.2617900069188219	0.012643711395454497	-0.0009870669105508127	22.857078552246094
21.58	2.864915254237288	0.25421052631578944	-0.09754015326739689	0.2613593217910231	0.012689796497252144	-0.0013551541153246248	21.807628631591797
21.58	2.864915254237288	0.2694736842105263	-0.11559359740427326	0.2603136911577431	0.012881756573906288	-0.0017267939399088594	20.9069766998291
21.58	2.864915254237288	0.2847368421052632	-0.1319018464061043	0.25859949969724255	0.012754146696524814	-0.002272637578155736	20.153390884399414
21.58	2.864915254237288	0.3	-0.14843623309774168	0.2562756860655776	0.012730257280139379	-0.0024127132636429603	19.511882781982422
21.58	2.875084745762712	0.01	0.012167576258947741	0.1140563333434097	0.014173458441604612	-0.00021882539776095844	38.74477005004883
21.58	2.875084745762712	0.02526315789473684	0.00877259944773158	0.14801297975631866	0.013949767863073639	-0.00023719514387631114	43.655250549316406
21.58	2.875084745762712	0.04052631578947368	0.009056016367141807	0.14898588206546814	0.013790411778487447	-0.0005009511443136636	45.39503860473633
21.58	2.875084745762712	0.05578947368421053	0.007881163947060647	0.15687250161012894	0.013398536838119337	-0.0003564703863491467	43.88816261291504
21.58	2.875084745762712	0.07105263157894737	0.0075426989717035904	0.16215587222418074	0.013268319295277234	-0.0003472388888193625	40.14491271972656
21.58	2.875084745762712	0.0863157894736842	0.00748613025225693	0.17053768813079478	0.0130324064344695	-0.00014544026732701978	38.73734474182129
21.58	2.875084745762712	0.10157894736842105	0.0066967964579707885	0.1777115004887769	0.012908390867612612	-0.00013652374080899655	37.48920822143555
21.58	2.875084745762712	0.11684210526315789	0.004772082703118955	0.18379740118846757	0.012728014554308598	-0.00018435035260986772	36.030351638793945
21.58	2.875084745762712	0.13210526315789473	0.003368308761505045	0.18931256150051606	0.012715781321607623	-9.231671563534478e-05	34.25536346435547
21.58	2.875084745762712	0.1473684210526316	0.00013135769356750827	0.19527521037452905	0.01286100499821323	-0.0003609467847761849	32.36604881286621
21.58	2.875084745762712	0.16263157894736843	-0.005750532309070596	0.20458810443014885	0.01293087841332264	-0.000551764191136675	30.13248634338379
21.58	2.875084745762712	0.17789473684210527	-0.014254249963346136	0.21027489136076766	0.013008220366571937	-0.0007954685153221763	28.022424697875977
21.58	2.875084745762712	0.1931578947368421	-0.02668029578555861	0.21483026633259145	0.012955033230460045	-0.0010857170579071222	26.174869537353516
21.58	2.875084745762712	0.20842105263157895	-0.03998008581031599	0.21831170508858053	0.012975180517164784	-0.0017892520875135507	24.606826782226562
21.58	2.875084745762712	0.2236842105263158	-0.05500431699867905	0.22076620663710783	0.012729419429843621	-0.002193849122727338	23.306528091430664
21.58	2.875084745762712	0.23894736842105263	-0.07039075583991206	0.22111606617245266	0.012755705200870451	-0.0028905273611008345	22.18208885192871
21.58	2.875084745762712	0.25421052631578944	-0.08579018933297788	0.22055827161979946	0.012599315476872888	-0.003076311342679258	21.19550895690918
21.58	2.875084745762712	0.2694736842105263	-0.10258981844591629	0.21975686045638831	0.012441596895967166	-0.0037874482079764383	20.354280471801758
21.58	2.875084745762712	0.2847368421052632	-0.11691762096080652	0.21807211944701227	0.012497976577849556	-0.004320516063462008	19.634063720703125
21.58	2.875084745762712	0.3	-0.13292235740913516	0.21612553292320097	0.012380809816038604	-0.004581905587173849	18.990835189819336
21.58	2.8852542372881356	0.01	0.012962971361601846	0.21498482121573426	0.014345111701202482	-0.002749756977636451	35.90312957763672
21.58	2.8852542372881356	0.02526315789473684	0.010378132494414348	0.23419105900870302	0.014249757683369519	-0.0027646129064698623	45.265933990478516
21.58	2.8852542372881356	0.04052631578947368	0.004770372541869178	0.23840646638022384	0.013948226756692519	-0.002633019449397653	43.672157287597656
21.58	2.8852542372881356	0.05578947368421053	0.0016465104965468639	0.2377543235634622	0.013601837433353036	-0.0024792707756148813	41.02350044250488
21.58	2.8852542372881356	0.07105263157894737	0.0016008563188811505	0.23671643533456896	0.01334427324281072	-0.0023146080462481994	37.8330192565918
21.58	2.8852542372881356	0.0863157894736842	0.0019195180235406083	0.2370448098023591	0.0129649003886839	-0.0019817274837408026	35.62198257446289
21.58	2.8852542372881356	0.10157894736842105	0.001040758549978367	0.23738513183492996	0.012687031263854384	-0.00195513073766168	34.24233627319336
21.58	2.8852542372881356	0.11684210526315789	0.0007463707437714222	0.23646705681171099	0.01258757165902856	-0.0016772675334152936	33.25956916809082
21.58	2.8852542372881356	0.13210526315789473	-0.0018213138193382277	0.2383246110403381	0.012503487483277727	-0.0017572737636385553	31.60860824584961
21.58	2.8852542372881356	0.1473684210526316	-0.0072238788858080645	0.2432136824209412	0.012394848662746753	-0.0020685098814346597	30.04584503173828
21.58	2.8852542372881356	0.16263157894736843	-0.016715903362447996	0.24807136446183378	0.012564155969149681	-0.0024389402683997422	28.148189544677734
21.58	2.8852542372881356	0.17789473684210527	-0.0295027007732565	0.25210292478736307	0.012454604591956756	-0.0027497893050170957	26.464134216308594
21.58	2.8852542372881356	0.1931578947368421	-0.04376749427738006	0.25491449648306014	0.012263967929498774	-0.0035329523653344734	24.816110610961914
21.58	2.8852542372881356	0.20842105263157895	-0.05963610402522944	0.2544212981496356	0.011944927394875635	-0.003892578518742976	23.436542510986328
21.58	2.8852542372881356	0.2236842105263158	-0.0758205871011114	0.2534608701098813	0.011919903722815284	-0.004440700967633328	22.28055191040039
21.58	2.8852542372881356	0.23894736842105263	-0.09209940237058163	0.2505501964915646	0.011424054187233043	-0.004644369355436519	21.24179458618164
21.58	2.8852542372881356	0.25421052631578944	-0.10908777859519884	0.24827482946096718	0.011381376035285813	-0.005356446846269877	20.389068603515625
21.58	2.8852542372881356	0.2694736842105263	-0.12552486459251214	0.24576397518507004	0.010943100761221885	-0.005733535172328461	19.568584442138672
21.58	2.8852542372881356	0.2847368421052632	-0.1406863554054098	0.24207125975630048	0.010830515926223635	-0.006282352508968886	18.93576431274414
21.58	2.8852542372881356	0.3	-0.15476264833308448	0.23795967929769204	0.010880633928987702	-0.006743070125229695	18.339122772216797
21.58	2.8954237288135594	0.01	-0.0008327868538202251	0.1632000997728576	0.013000856354080456	-0.004719596330666546	38.87904739379883
21.58	2.8954237288135594	0.02526315789473684	0.00600660728402151	0.18483120796364372	0.0127067774804333	-0.004512838944069666	43.976226806640625
21.58	2.8954237288135594	0.04052631578947368	0.0072164583324536525	0.18957968851015256	0.012516405856876339	-0.004350982637310514	46.005191802978516
21.58	2.8954237288135594	0.05578947368421053	0.005004862260733526	0.19692064796969577	0.011958762423872164	-0.0042470474938454406	43.73177909851074
21.58	2.8954237288135594	0.07105263157894737	0.005159015118891858	0.20091004371012322	0.011596068822685211	-0.003825160135454538	41.771087646484375
21.58	2.8954237288135594	0.0863157894736842	0.005275422426078816	0.20672026364438414	0.011344823380189282	-0.003149761709403249	38.878387451171875
21.58	2.8954237288135594	0.10157894736842105	0.006541610786829485	0.21075783077933075	0.011133048224515402	-0.0029615629722399973	37.09707832336426
21.58	2.8954237288135594	0.11684210526315789	0.003930396203353001	0.21709683762120582	0.011074172341303102	-0.002524949284997982	35.12832450866699
21.58	2.8954237288135594	0.13210526315789473	0.00026785279128786505	0.2218642811955887	0.01096959812124823	-0.0025616185486041325	33.19821548461914
21.58	2.8954237288135594	0.1473684210526316	-0.007274341768649471	0.22928557762017043	0.011274799275036163	-0.0027504655237196316	30.901859283447266
21.58	2.8954237288135594	0.16263157894736843	-0.018235289887112892	0.2345013101029181	0.011107796544222472	-0.003159936434282588	28.795169830322266
21.58	2.8954237288135594	0.17789473684210527	-0.0324814874502151	0.23899953557285164	0.010859478786635264	-0.003784035406342314	26.7331600189209
21.58	2.8954237288135594	0.1931578947368421	-0.04774117798885683	0.24061766062014983	0.010609118927330179	-0.004215619458575685	25.088871002197266
21.58	2.8954237288135594	0.20842105263157895	-0.06290355051978781	0.24077848873827565	0.010320217414888073	-0.004758865330082849	23.650487899780273
21.58	2.8954237288135594	0.2236842105263158	-0.07871188235527597	0.24058116756609896	0.01044618807322495	-0.005171685093269998	22.512073516845703
21.58	2.8954237288135594	0.23894736842105263	-0.09392915705894891	0.2386959184843609	0.009835419157743257	-0.005750659281834984	21.50440788269043
21.58	2.8954237288135594	0.25421052631578944	-0.10892805460540703	0.23697651885457252	0.00967585867432676	-0.006225750511503564	20.66872215270996
21.58	2.8954237288135594	0.2694736842105263	-0.12326180171154566	0.23332793526940893	0.009418088939425653	-0.0066155389430598965	19.92804718017578
21.58	2.8954237288135594	0.2847368421052632	-0.13566613688532392	0.23075164919144386	0.009143813522120462	-0.006951449480229098	19.25418472290039
21.58	2.8954237288135594	0.3	-0.14817721254591026	0.22688132868504995	0.009055787726037488	-0.007703235476800562	18.68181610107422
21.58	2.905593220338983	0.01	0.014830548992118414	0.2595084530243923	0.012465397816526452	-0.005798713179434636	40.03782272338867
21.58	2.905593220338983	0.02526315789473684	0.008193291654548223	0.27355196298456685	0.012113746958856966	-0.005726190769395383	42.64898681640625
21.58	2.905593220338983	0.04052631578947368	0.009938552533945618	0.2667476276809623	0.011490089570137748	-0.005386557562526604	43.008949279785156
21.58	2.905593220338983	0.05578947368421053	0.007494166889897163	0.26300566731377445	0.01087573592686892	-0.004730975697890413	42.18177032470703
21.58	2.905593220338983	0.07105263157894737	0.006733601425524056	0.25363853321942165	0.01059746407490968	-0.0039435284707721886	39.7848014831543
21.58	2.905593220338983	0.0863157894736842	0.0052680354710653255	0.25125765950133727	0.00996763076981588	-0.0032776783848872757	37.43572425842285
21.58	2.905593220338983	0.10157894736842105	0.0041150363074600495	0.2486170641793281	0.009714715332657217	-0.0029523064596047484	36.44708824157715
21.58	2.905593220338983	0.11684210526315789	0.0010758318821907373	0.24830080412544514	0.009506729186810009	-0.0026668543369702184	35.552528381347656
21.58	2.905593220338983	0.13210526315789473	-0.0056730711017727534	0.24958038266964466	0.009414766060322183	-0.002776530507102153	33.690067291259766
21.58	2.905593220338983	0.1473684210526316	-0.015548773587214905	0.25487654127396864	0.00913006979027621	-0.0029544506931266454	31.72491455078125
21.58	2.905593220338983	0.16263157894736843	-0.02910082314128807	0.26054403489120725	0.009468095181378046	-0.0034728211128673215	29.709089279174805
21.58	2.905593220338983	0.17789473684210527	-0.046887219852805306	0.2650133643682313	0.009139686119628426	-0.003939312073469575	27.568359375
21.58	2.905593220338983	0.1931578947368421	-0.06651851201736386	0.26989201952865927	0.009057284589666318	-0.00420765754649604	25.828096389770508
21.58	2.905593220338983	0.20842105263157895	-0.08425538393043933	0.27086941351345384	0.008700378799052933	-0.004850836330180602	24.32320213317871
21.58	2.905593220338983	0.2236842105263158	-0.10355468662296441	0.2716983243070974	0.008567936346311837	-0.005377623861087916	23.04895782470703
21.58	2.905593220338983	0.23894736842105263	-0.12143706637755386	0.2710061928705437	0.008330765783559388	-0.005636735118596862	22.056659698486328
21.58	2.905593220338983	0.25421052631578944	-0.13857474443541412	0.26904332214712096	0.008030112578218888	-0.006259050512372208	21.159564971923828
21.58	2.905593220338983	0.2694736842105263	-0.15565934312801383	0.26635724796309995	0.007836924331879328	-0.006726838800741985	20.379791259765625
21.58	2.905593220338983	0.2847368421052632	-0.17088151546692043	0.26363531936609896	0.0076222212346312695	-0.007261997692040681	19.710575103759766
21.58	2.905593220338983	0.3	-0.18579142425168216	0.26036650379362775	0.007421722993883934	-0.007572707477980367	19.14272689819336
21.58	2.9157627118644065	0.01	-0.013927388588752816	0.18932014611271172	0.010116974709810548	-0.004268971405636658	35.79802322387695
21.58	2.9157627118644065	0.02526315789473684	-0.006409533221848045	0.20368844137326764	0.009913093865052559	-0.004078463709945748	44.665164947509766
21.58	2.9157627118644065	0.04052631578947368	-0.002394075591690579	0.21232588753835252	0.009521017946699623	-0.003598826078221275	45.26030349731445
21.58	2.9157627118644065	0.05578947368421053	0.0002881185220408039	0.21299397066966583	0.008746753309410639	-0.0032628467884572203	42.15090751647949
21.58	2.9157627118644065	0.07105263157894737	0.0004442149376350201	0.21153608587835865	0.008240330641488254	-0.0029563994973480414	41.71455001831055
21.58	2.9157627118644065	0.0863157894736842	0.001883831766791899	0.21225628917370876	0.008090425006831768	-0.0021555518603362505	40.25059509277344
21.58	2.9157627118644065	0.10157894736842105	0.0007923549633792337	0.21244108407616102	0.00785338441697718	-0.0019830317799586702	40.34175491333008
21.58	2.9157627118644065	0.11684210526315789	-0.00039561827619628506	0.21286114609454468	0.008019995502330627	-0.0015066738713086524	39.78886795043945
21.58	2.9157627118644065	0.13210526315789473	-0.0035285114815261673	0.2158060583503852	0.007893854628164887	-0.001617166552601253	37.531023025512695
21.58	2.9157627118644065	0.1473684210526316	-0.008972074689226374	0.22097829951422174	0.007933010044872532	-0.001866668603403566	34.60612487792969
21.58	2.9157627118644065	0.16263157894736843	-0.017867874122699808	0.22722521360851392	0.007930921211125727	-0.0019244085060315542	31.70490074157715
21.58	2.9157627118644065	0.17789473684210527	-0.031210160908764314	0.23373876145928665	0.007835196145431884	-0.002407087465665184	29.35359764099121
21.58	2.9157627118644065	0.1931578947368421	-0.04707893947752051	0.23866852669945862	0.00780849018991837	-0.0031647523845745678	27.125436782836914
21.58	2.9157627118644065	0.20842105263157895	-0.06265603971960118	0.24111397969301965	0.00777678917036393	-0.0036135757567274515	25.386096954345703
21.58	2.9157627118644065	0.2236842105263158	-0.078852244700614	0.24338319028230626	0.0075420595021649765	-0.004432065002765211	23.979782104492188
21.58	2.9157627118644065	0.23894736842105263	-0.0954189019966303	0.24503574457493382	0.00734246027596679	-0.004571639888262707	22.768678665161133
21.58	2.9157627118644065	0.25421052631578944	-0.11159314902469607	0.24445664743326587	0.007187852280356732	-0.005138452123036249	21.800395965576172
21.58	2.9157627118644065	0.2694736842105263	-0.1283796443444455	0.2436996840181051	0.006879892495109528	-0.005719084525824635	20.999502182006836
21.58	2.9157627118644065	0.2847368421052632	-0.14273412127646692	0.2420149545188393	0.006680953611040492	-0.006324994965797701	20.277219772338867
21.58	2.9157627118644065	0.3	-0.15653549899713773	0.23939590895593865	0.006303388852149524	-0.006658235845710878	19.6453857421875
21.58	2.9259322033898307	0.01	0.0007810903583310739	0.20426712477625117	0.009115300166497047	-0.0014557962229756211	38.69343566894531
21.58	2.9259322033898307	0.02526315789473684	-0.003926057847157849	0.21616364306815677	0.008845346689219125	-0.001474719007239516	44.25940704345703
21.58	2.9259322033898307	0.04052631578947368	-0.002558320494309798	0.21738494596489483	0.008334360581728022	-0.0014094333621425363	42.00703048706055
21.58	2.9259322033898307	0.05578947368421053	-0.002142502349941465	0.2203095737357999	0.0080619298879301	-0.0012558963439911728	41.858652114868164
21.58	2.9259322033898307	0.07105263157894737	-0.0033928882001628535	0.2151214656457101	0.007475178575320991	-0.0008946020305703453	41.42502975463867
21.58	2.9259322033898307	0.0863157894736842	-0.0024628559325361008	0.2143587760200989	0.007360682659616453	-0.000639128362144327	39.5811767578125
21.58	2.9259322033898307	0.10157894736842105	-0.0049810651746551304	0.2128117542935059	0.007296450795654401	-0.0005173787978211437	38.25491142272949
21.58	2.9259322033898307	0.11684210526315789	-0.007578535909265981	0.21275754064790825	0.007200776277434585	-0.0003310892630426736	36.422922134399414
21.58	2.9259322033898307	0.13210526315789473	-0.011060722825107732	0.2148330243540169	0.007369982688081019	7.028142729537134e-06	34.86312294006348
21.58	2.9259322033898307	0.1473684210526316	-0.016471612714861625	0.2192456759508115	0.00728039923401675	-0.0002980304618606216	32.73360061645508
21.58	2.9259322033898307	0.16263157894736843	-0.0243218273259253	0.22526552682184509	0.007476865543299176	-0.0006667869215787009	30.65244483947754
21.58	2.9259322033898307	0.17789473684210527	-0.03570972535382218	0.2305026844646864	0.0072726638762935	-0.0011560871625935292	28.607545852661133
21.58	2.9259322033898307	0.1931578947368421	-0.052233184075452486	0.23546303433317153	0.007101501544176407	-0.0020789878344604825	26.61127281188965
21.58	2.9259322033898307	0.20842105263157895	-0.0697038385205126	0.23873102479405278	0.0071573184256441685	-0.0021366585081470002	24.928062438964844
21.58	2.9259322033898307	0.2236842105263158	-0.08755263936802682	0.24151387529799792	0.007111554738227147	-0.0027382895949263414	23.510112762451172
21.58	2.9259322033898307	0.23894736842105263	-0.10588686158046064	0.24128630066642615	0.007082204267359205	-0.003115123528040882	22.368440628051758
21.58	2.9259322033898307	0.25421052631578944	-0.12450114180430708	0.24144712591895912	0.006694965917582752	-0.004053368230861037	21.411975860595703
21.58	2.9259322033898307	0.2694736842105263	-0.14297696333126103	0.24031507954877418	0.006462334277337431	-0.00445440763275575	20.591596603393555
21.58	2.9259322033898307	0.2847368421052632	-0.16000433889896543	0.23741927919854028	0.006240303557918124	-0.005006479547734319	19.894590377807617
21.58	2.9259322033898307	0.3	-0.17600049291543135	0.23561476874255427	0.005943518255840371	-0.005655612673570311	19.274932861328125
21.58	2.936101694915254	0.01	-0.02147350770261425	0.13642539688201896	0.007893189929808475	0.0015055994960821786	39.35527801513672
21.58	2.936101694915254	0.02526315789473684	-0.015865015730525435	0.16400087167324767	0.0075698323089046175	0.0011148227717993073	44.87023162841797
21.58	2.936101694915254	0.04052631578947368	-0.01430456701275589	0.17908084921427084	0.007378383002712933	0.0011287692601941648	46.22268295288086
21.58	2.936101694915254	0.05578947368421053	-0.011097046305759339	0.18903241655453154	0.0069955116475871725	0.0010252818573393673	44.22718620300293
21.58	2.936101694915254	0.07105263157894737	-0.01045935624343234	0.1923311679482828	0.00675560093548636	0.0010715151878848011	41.21708297729492
21.58	2.936101694915254	0.0863157894736842	-0.00794684314233142	0.19847315166596274	0.006633744506537358	0.0011970788575902552	38.90954399108887
21.58	2.936101694915254	0.10157894736842105	-0.008199929174940002	0.20044765830063177	0.006709059534053257	0.0011998870839627638	37.496891021728516
21.58	2.936101694915254	0.11684210526315789	-0.009239036279801622	0.20154358750038673	0.006533588637806268	0.0012382428823881804	35.49610137939453
21.58	2.936101694915254	0.13210526315789473	-0.010871081261011169	0.20663077732906582	0.006599092786241305	0.0011649296638995509	33.38018035888672
21.58	2.936101694915254	0.1473684210526316	-0.014073153046937983	0.21140829375372172	0.006866602267519728	0.0010234389736242574	31.35201072692871
21.58	2.936101694915254	0.16263157894736843	-0.02126222597360497	0.2170798463695986	0.007003142411381123	0.0007098096819066607	29.349788665771484
21.58	2.936101694915254	0.17789473684210527	-0.03162223534625092	0.22148574034079774	0.007003452887107409	4.02608575018939e-06	27.27552032470703
21.58	2.936101694915254	0.1931578947368421	-0.04429487163167514	0.22376350092097977	0.006756006823667114	-0.0007172099823067067	25.533288955688477
21.58	2.936101694915254	0.20842105263157895	-0.05899418139425469	0.22519723646534684	0.006825845890267367	-0.0012509488336975131	24.055830001831055
21.58	2.936101694915254	0.2236842105263158	-0.07413035090404231	0.225578874727826	0.006449442195538729	-0.0019294826617319073	22.763086318969727
21.58	2.936101694915254	0.23894736842105263	-0.09011275730418641	0.22418287797469968	0.006264888949677841	-0.0026107061735283826	21.695703506469727
21.58	2.936101694915254	0.25421052631578944	-0.1049882572349151	0.22176313178497986	0.006182120217462351	-0.0028824056566629105	20.765613555908203
21.58	2.936101694915254	0.2694736842105263	-0.12077788524341207	0.21954606037034574	0.005956571415876123	-0.0031988057045334107	20.003326416015625
21.58	2.936101694915254	0.2847368421052632	-0.13482131255415142	0.21606624307738873	0.005662906624487687	-0.004057049378689667	19.324419021606445
21.58	2.936101694915254	0.3	-0.14875371998856457	0.21280226794596238	0.0056421199439806845	-0.004277571778577482	18.72097396850586
21.58	2.9462711864406783	0.01	0.0035741522128096477	0.1256070287003771	0.007794438223469655	0.003728505571915896	40.79909133911133
21.58	2.9462711864406783	0.02526315789473684	-1.5455384424941817e-05	0.1464857592250515	0.007728108026900906	0.0035402779366896864	45.78569793701172
21.58	2.9462711864406783	0.04052631578947368	-0.0034975393788836	0.15987395373444058	0.00738045951683179	0.00288884657434131	46.2814826965332
21.58	2.9462711864406783	0.05578947368421053	-0.00382623366284585	0.172361140970988	0.007259642159157549	0.0029347967496042983	42.138938903808594
21.58	2.9462711864406783	0.07105263157894737	-0.005606326969006634	0.17773423196300853	0.0069648488035799466	0.002524608061446668	38.67130470275879
21.58	2.9462711864406783	0.0863157894736842	-0.007067002039854721	0.183121204699241	0.006950359556476846	0.002658701501983121	37.19098663330078
21.58	2.9462711864406783	0.10157894736842105	-0.008771087255137876	0.18873526147078978	0.006850637892189601	0.0024952045841732415	35.21426582336426
21.58	2.9462711864406783	0.11684210526315789	-0.010583492763077608	0.19546094910969217	0.006888479522372411	0.0023198530516114783	33.743717193603516
21.58	2.9462711864406783	0.13210526315789473	-0.013494683079158652	0.2029221793802567	0.006988730803716711	0.0024701067259545254	31.8701229095459
21.58	2.9462711864406783	0.1473684210526316	-0.020068631343280657	0.21037691889126975	0.007015224185200014	0.0019122542450847563	30.148527145385742
21.58	2.9462711864406783	0.16263157894736843	-0.029009616375162264	0.21701134685649964	0.006964367046278155	0.0014632893791119426	28.416784286499023
21.58	2.9462711864406783	0.17789473684210527	-0.04167933801382967	0.22162693809882705	0.006712860358577999	0.0008451702284479334	26.693115234375
21.58	2.9462711864406783	0.1931578947368421	-0.05785836526516684	0.22343853309503373	0.006707923950847237	-1.8883819296367578e-05	25.111295700073242
21.58	2.9462711864406783	0.20842105263157895	-0.07520237510121983	0.2247768708213562	0.006630904124750631	-0.0003400608590590523	23.70060157775879
21.58	2.9462711864406783	0.2236842105263158	-0.09209761390608362	0.224623942212188	0.006208024030924968	-0.0009621211447954782	22.555227279663086
21.58	2.9462711864406783	0.23894736842105263	-0.108957597369099	0.22306679654575812	0.006047164487645055	-0.001618073785488634	21.50728988647461
21.58	2.9462711864406783	0.25421052631578944	-0.12679475370119694	0.22050963168440313	0.005725358384042771	-0.0018439385084496134	20.631591796875
21.58	2.9462711864406783	0.2694736842105263	-0.14160224813991595	0.21673267740116386	0.005560170001663057	-0.00246260828329858	19.865915298461914
21.58	2.9462711864406783	0.2847368421052632	-0.15631639268272923	0.21370317912951975	0.005240368180638897	-0.003106118327327095	19.188194274902344
21.58	2.9462711864406783	0.3	-0.17069315095455756	0.21005433870305237	0.004957694942289221	-0.0031427515600538514	18.582332611083984
21.58	2.9564406779661017	0.01	-0.0016634400470685387	0.15524081501935533	0.0073675258005216696	0.004804942388463701	41.437255859375
21.58	2.9564406779661017	0.02526315789473684	0.002079539512978846	0.17828914861020556	0.007347119005648924	0.004565801006814401	49.53881072998047
21.58	2.9564406779661017	0.04052631578947368	0.002484192559440887	0.18979701032322216	0.007021048200990695	0.004214580560168364	47.416194915771484
21.58	2.9564406779661017	0.05578947368421053	0.0017738304333214468	0.20025405403385257	0.006835289757608649	0.003946060316004642	41.89913749694824
21.58	2.9564406779661017	0.07105263157894737	0.0019762204387838486	0.20462011584608078	0.006848507571620671	0.0036342183452257267	38.536346435546875
21.58	2.9564406779661017	0.0863157894736842	-7.620653455610651e-07	0.20691895709900376	0.00692900337891808	0.0037140174265933735	36.44014930725098
21.58	2.9564406779661017	0.10157894736842105	-0.001394458739840568	0.20815492902332874	0.0068267428908435415	0.003493345027847779	35.05938148498535
21.58	2.9564406779661017	0.11684210526315789	-0.0030229594752277725	0.21076523711821019	0.0068826020618595225	0.0033447679465344747	33.698068618774414
21.58	2.9564406779661017	0.13210526315789473	-0.0064242649085904935	0.21668065328998443	0.006759932198810577	0.003229319809022044	31.80438995361328
21.58	2.9564406779661017	0.1473684210526316	-0.012432408666526106	0.22266360463839904	0.006811468615988247	0.002945554899576086	29.9656982421875
21.58	2.9564406779661017	0.16263157894736843	-0.022387982412063655	0.22931647166991548	0.006697285627806533	0.002558547924797012	28.42190170288086
21.58	2.9564406779661017	0.17789473684210527	-0.035492903277503964	0.23481845873106294	0.0065765387363265915	0.0017453017498487216	26.76462173461914
21.58	2.9564406779661017	0.1931578947368421	-0.050282583691302556	0.23744557579680522	0.006581947670188456	0.0013309898127308482	25.207523345947266
21.58	2.9564406779661017	0.20842105263157895	-0.06602271700449107	0.2375763165546577	0.00646085347687891	0.0008989438221296655	23.863502502441406
21.58	2.9564406779661017	0.2236842105263158	-0.0823325699689344	0.23715444515619322	0.006105617332559183	0.00041837367092423635	22.668703079223633
21.58	2.9564406779661017	0.23894736842105263	-0.09904991780189647	0.23637099421702534	0.005686335323207007	-1.896850641375785e-05	21.660097122192383
21.58	2.9564406779661017	0.25421052631578944	-0.11351202468635366	0.23356559056209608	0.005617906130153405	-0.0004934125154724417	20.767133712768555
21.58	2.9564406779661017	0.2694736842105263	-0.12808933994803484	0.2299439899504527	0.005275734263939504	-0.0011846693185836147	20.031627655029297
21.58	2.9564406779661017	0.2847368421052632	-0.14199206098169512	0.2278874638916577	0.005030496559200909	-0.0011152316301030374	19.356937408447266
21.58	2.9564406779661017	0.3	-0.15475039505586452	0.223764116126823	0.004764736171208423	-0.0014271140893123396	18.83070182800293
21.58	2.9666101694915255	0.01	0.01183502956223247	0.1182540181926571	0.007844850313076288	0.005295853733989985	38.87666320800781
21.58	2.9666101694915255	0.02526315789473684	0.015022620864855113	0.13626994059194014	0.007742802632134645	0.005000422733154559	46.81759262084961
21.58	2.9666101694915255	0.04052631578947368	0.013359209951417862	0.14631300438613132	0.007627808700102141	0.004754474342802618	46.62942314147949
21.58	2.9666101694915255	0.05578947368421053	0.010478705717432407	0.1555663587336356	0.007229061462236555	0.0044299693499975385	43.11925506591797
21.58	2.9666101694915255	0.07105263157894737	0.006905185119430628	0.15903822061809925	0.007341580884022872	0.004188110166195985	39.965118408203125
21.58	2.9666101694915255	0.0863157894736842	0.004139735354292296	0.16371600123093671	0.007387797238278523	0.004239079953794691	37.89186477661133
21.58	2.9666101694915255	0.10157894736842105	0.0010867120382061063	0.16924334525213977	0.007545905505629573	0.004047188598878539	36.68255615234375
21.58	2.9666101694915255	0.11684210526315789	-0.0019851136686367932	0.17493181560109708	0.007263438535245449	0.00403587852440015	35.3241024017334
21.58	2.9666101694915255	0.13210526315789473	-0.006415383863644122	0.18247698876927942	0.0073433737277252015	0.0038922671645827077	33.742454528808594
21.58	2.9666101694915255	0.1473684210526316	-0.012459981454888509	0.19083067349072125	0.007179039408527975	0.0035855502083626638	31.79205894470215
21.58	2.9666101694915255	0.16263157894736843	-0.021952822938622597	0.20156303954079097	0.007186497113742592	0.00322432564177635	29.850574493408203
21.58	2.9666101694915255	0.17789473684210527	-0.03624550258307817	0.20902140685744103	0.00685843557906868	0.0027617894553890526	28.005569458007812
21.58	2.9666101694915255	0.1931578947368421	-0.05290830885558488	0.21331827589697652	0.00697815173802031	0.0024884009781721145	26.193859100341797
21.58	2.9666101694915255	0.20842105263157895	-0.07020389881134131	0.21751062196658905	0.006564110395075348	0.0020699720976730136	24.679107666015625
21.58	2.9666101694915255	0.2236842105263158	-0.08915400232368124	0.22002559574331126	0.006330009248317153	0.0015550123246280696	23.297697067260742
21.58	2.9666101694915255	0.23894736842105263	-0.10692559765598711	0.22101012735521391	0.0060737751916840445	0.0011061903070321293	22.252269744873047
21.58	2.9666101694915255	0.25421052631578944	-0.1251182815613502	0.22153263769006326	0.005770204949862385	0.000914552006271741	21.3244686126709
21.58	2.9666101694915255	0.2694736842105263	-0.14230910244524925	0.21989819065221183	0.005561341303677474	0.00047997879892286373	20.50847625732422
21.58	2.9666101694915255	0.2847368421052632	-0.15873437435310428	0.21882500625948698	0.00532277024251409	-0.00015662080513571054	19.80312728881836
21.58	2.9666101694915255	0.3	-0.17313152666940662	0.21680139261016168	0.005257948032866096	-0.0002304941930122985	19.194971084594727
21.58	2.9767796610169492	0.01	0.01724351529226329	0.15937114315757078	0.00855406887880289	0.00573719146726471	39.90284729003906
21.58	2.9767796610169492	0.02526315789473684	0.008246933261013294	0.18401103573569577	0.008175200398638626	0.005380934166178862	46.50043869018555
21.58	2.9767796610169492	0.04052631578947368	0.009723459521389265	0.18778012352713863	0.008104829196608765	0.005199878587648706	46.8725471496582
21.58	2.9767796610169492	0.05578947368421053	0.007529625633812211	0.19430019589790623	0.008015360474471208	0.004847992924646357	41.512027740478516
21.58	2.9767796610169492	0.07105263157894737	0.006923103496571235	0.19491448623093913	0.007808613688777992	0.004774062962507694	38.691572189331055
21.58	2.9767796610169492	0.0863157894736842	0.004965488975316566	0.19469438608255404	0.008034879556746312	0.005015861396725036	36.95783805847168
21.58	2.9767796610169492	0.10157894736842105	0.0039856786968394745	0.1944476943773934	0.00788340145078657	0.004795046810119594	35.68040084838867
21.58	2.9767796610169492	0.11684210526315789	0.0013578860567159564	0.19555750180932413	0.007615724700584791	0.004413845362104922	34.50458335876465
21.58	2.9767796610169492	0.13210526315789473	-0.0011728612643443336	0.1957978579795962	0.007745032044348559	0.004356653700308789	33.19501304626465
21.58	2.9767796610169492	0.1473684210526316	-0.006565868508780258	0.20030484722778386	0.007552791617134938	0.004299479274693883	31.56060028076172
21.58	2.9767796610169492	0.16263157894736843	-0.013594866808665711	0.20656865309988845	0.007561630000663809	0.004156106405086512	29.581085205078125
21.58	2.9767796610169492	0.17789473684210527	-0.02623591076971384	0.21383770328080046	0.007343377137540028	0.003697258440540219	27.7833251953125
21.58	2.9767796610169492	0.1931578947368421	-0.04149666214053714	0.21842367359235865	0.007170316737478694	0.003456198273401633	26.00787925720215
21.58	2.9767796610169492	0.20842105263157895	-0.05802818426719814	0.22000534714738745	0.007125974669909288	0.0029604167311821587	24.45929527282715
21.58	2.9767796610169492	0.2236842105263158	-0.07584865270072004	0.2227765596712965	0.0065425429416245675	0.0025766340412280006	23.130252838134766
21.58	2.9767796610169492	0.23894736842105263	-0.09351322976761839	0.22253976606382314	0.006656372892133932	0.0024923563649944733	22.002819061279297
21.58	2.9767796610169492	0.25421052631578944	-0.11071530929884316	0.22308079473023004	0.006228836530020477	0.0017983729429257773	21.08283805847168
21.58	2.9767796610169492	0.2694736842105263	-0.1285012795601636	0.22140019257367288	0.006191427352361233	0.0014372230763950262	20.27658462524414
21.58	2.9767796610169492	0.2847368421052632	-0.1446031122480184	0.21936501656473315	0.0059820217036804305	0.001553042365507385	19.587337493896484
21.58	2.9767796610169492	0.3	-0.1595343661506325	0.21751787039265666	0.005983422868489496	0.0013187148684702284	18.99749755859375
21.58	2.9869491525423726	0.01	0.03017011385360016	0.10699917667530334	0.00891914360715842	0.0057357459502596474	39.595863342285156
21.58	2.9869491525423726	0.02526315789473684	0.02034175361637533	0.1250229965642162	0.008858786455834572	0.00573795260254845	46.535579681396484
21.58	2.9869491525423726	0.04052631578947368	0.01683751457036048	0.13520240209559653	0.008785899840745195	0.005254221013573968	45.48709487915039
21.58	2.9869491525423726	0.05578947368421053	0.012262855768639534	0.13901351986001342	0.008635405733525336	0.005194048639650258	41.22164726257324
21.58	2.9869491525423726	0.07105263157894737	0.010132387951452219	0.14283239820520488	0.00871543613994155	0.004912256641292583	40.140785217285156
21.58	2.9869491525423726	0.0863157894736842	0.007485597171907242	0.1472290514023868	0.00857880220535654	0.004881029353312968	37.85823631286621
21.58	2.9869491525423726	0.10157894736842105	0.003724550826458794	0.15088148823531777	0.008388907301905333	0.00470017139876616	36.69157791137695
21.58	2.9869491525423726	0.11684210526315789	0.0009927546470263724	0.15437508841685452	0.008714578466224246	0.004805630199447097	35.35617256164551
21.58	2.9869491525423726	0.13210526315789473	-0.002333911592313086	0.15965189207328861	0.008401760832401243	0.004672188894187559	33.48735427856445
21.58	2.9869491525423726	0.1473684210526316	-0.00867366697889287	0.16756883569161785	0.008241071050195503	0.0045020145887293556	31.70281219482422
21.58	2.9869491525423726	0.16263157894736843	-0.016196112896022387	0.17465038307111158	0.008239067538479682	0.004524844403792031	29.583881378173828
21.58	2.9869491525423726	0.17789473684210527	-0.027412142071579576	0.18070786391019272	0.00787614023198056	0.004044090259288969	27.70439910888672
21.58	2.9869491525423726	0.1931578947368421	-0.043167056838455606	0.18496987903474285	0.00782519300712106	0.003856378971901197	25.860580444335938
21.58	2.9869491525423726	0.20842105263157895	-0.058292581836166785	0.18754204595445112	0.007855478036886824	0.0036712897699351064	24.291519165039062
21.58	2.9869491525423726	0.2236842105263158	-0.07659079450381745	0.18935620248141272	0.007168487770080221	0.0030332577081646295	22.977733612060547
21.58	2.9869491525423726	0.23894736842105263	-0.09421902021199405	0.1883911571140015	0.0072083471075265245	0.002843706770686639	21.90315818786621
21.58	2.9869491525423726	0.25421052631578944	-0.1116032048854651	0.18862432278619895	0.007122215435159351	0.0029154704093107744	20.956235885620117
21.58	2.9869491525423726	0.2694736842105263	-0.12891085155118726	0.18675006613993833	0.006714212390291698	0.0025556092898787507	20.15138053894043
21.58	2.9869491525423726	0.2847368421052632	-0.14508405285726997	0.1849800654454149	0.006582094400308429	0.002500609967352427	19.425344467163086
21.58	2.9869491525423726	0.3	-0.16012561424306118	0.18327395862401064	0.006528420702632879	0.0021566143051919046	18.799020767211914
21.58	2.997118644067797	0.01	0.028349425461810844	0.17859752171942755	0.009891202327387574	0.005598638960423631	41.09918212890625
21.58	2.997118644067797	0.02526315789473684	0.021173055448189208	0.19602015183635313	0.009691882774169686	0.005263718783119127	49.19938659667969
21.58	2.997118644067797	0.04052631578947368	0.013731743336137773	0.2006900872860547	0.009611555690372597	0.005409121923001321	43.88146209716797
21.58	2.997118644067797	0.05578947368421053	0.010342116552709816	0.20543659900749617	0.009581095599116733	0.0051912797022567484	38.803213119506836
21.58	2.997118644067797	0.07105263157894737	0.008316889366885644	0.20116213104458833	0.009320149088909883	0.0048831027106360355	36.23003005981445
21.58	2.997118644067797	0.0863157894736842	0.006043507237073829	0.19967801838839366	0.009315175289709321	0.004830689051812866	34.67944145202637
21.58	2.997118644067797	0.10157894736842105	0.004084720277809099	0.1956109241672346	0.00920789042812163	0.004979635251073403	33.4793586730957
21.58	2.997118644067797	0.11684210526315789	0.0007346185764456651	0.19528686916140098	0.009137958826438137	0.004934342500599513	32.37667465209961
21.58	2.997118644067797	0.13210526315789473	-0.0015547118691917926	0.19618219838496836	0.009155547019015157	0.004872366310531536	30.91456413269043
21.58	2.997118644067797	0.1473684210526316	-0.008118419391774058	0.1996520848469397	0.00890731866716765	0.004777111477609168	29.570093154907227
21.58	2.997118644067797	0.16263157894736843	-0.017022506935261607	0.2048962087826392	0.008863667466558867	0.004792341411515794	28.0133056640625
21.58	2.997118644067797	0.17789473684210527	-0.03223968185936478	0.2084057980137583	0.00858692154335705	0.004196964691331291	26.3604679107666
21.58	2.997118644067797	0.1931578947368421	-0.04693767428850201	0.20954750524039234	0.008416349309455937	0.0040369150584038515	24.902191162109375
21.58	2.997118644067797	0.20842105263157895	-0.06374648790328716	0.2090445456298739	0.008039857938922005	0.0036033838919433967	23.543201446533203
21.58	2.997118644067797	0.2236842105263158	-0.08049072660027953	0.2080005776340813	0.008048781083887194	0.0035385065967382815	22.345020294189453
21.58	2.997118644067797	0.23894736842105263	-0.09757796074950084	0.20603698857885044	0.008059914156939064	0.003462321338879718	21.356494903564453
21.58	2.997118644067797	0.25421052631578944	-0.11409153175295283	0.20275294888124054	0.007810135887467268	0.0033622466496310327	20.494873046875
21.58	2.997118644067797	0.2694736842105263	-0.12892244278977735	0.20034526434278346	0.007807907973420604	0.0030298614880123007	19.69681167602539
21.58	2.997118644067797	0.2847368421052632	-0.14379752117788155	0.19682487760387346	0.007577317124409956	0.0029336706477113292	19.05329132080078
21.58	2.997118644067797	0.3	-0.1566496631113136	0.1934230623736522	0.007318122148749304	0.002893331646577059	18.465110778808594
21.58	3.00728813559322	0.01	0.025644610265151302	0.10928934197570297	0.010524820640578072	0.004966621981639046	42.01288604736328
21.58	3.00728813559322	0.02526315789473684	0.017291484216109553	0.12904119472648115	0.010487836602336181	0.005248953481068531	46.26397705078125
21.58	3.00728813559322	0.04052631578947368	0.01736915200570377	0.1324987818694051	0.010249880271006404	0.004792106594950532	45.553144454956055
21.58	3.00728813559322	0.05578947368421053	0.01620661258319172	0.1382635903751786	0.010231610248304929	0.0048306239720570035	41.20158004760742
21.58	3.00728813559322	0.07105263157894737	0.009971073470960734	0.13837579074205833	0.009897297372053531	0.0047780068462371025	38.81020545959473
21.58	3.00728813559322	0.0863157894736842	0.009007558555229656	0.14234666652860833	0.009879246446241791	0.004823538287304426	36.59344482421875
21.58	3.00728813559322	0.10157894736842105	0.004687046868774081	0.14310771298747343	0.009806739981902488	0.004649486312734151	35.26425552368164
21.58	3.00728813559322	0.11684210526315789	0.0022809466617656573	0.14815783000936567	0.009783440808566937	0.0045024085615628425	33.747474670410156
21.58	3.00728813559322	0.13210526315789473	-0.001705934615758279	0.15319736411016271	0.00975265937280433	0.004815548797399172	32.2318000793457
21.58	3.00728813559322	0.1473684210526316	-0.008338615919349614	0.16152328035058716	0.009600829709313025	0.004597592727794218	30.36577796936035
21.58	3.00728813559322	0.16263157894736843	-0.01735427240317492	0.1679797201937556	0.009595290547583252	0.004576757864750101	28.657400131225586
21.58	3.00728813559322	0.17789473684210527	-0.03083139449223908	0.17288269646545612	0.009161766019094028	0.004184928200091228	26.975048065185547
21.58	3.00728813559322	0.1931578947368421	-0.04579258642931179	0.17544954581784428	0.00928643324253418	0.0038610070896270285	25.369384765625
21.58	3.00728813559322	0.20842105263157895	-0.06057331503552453	0.1769040458493632	0.009298470902587647	0.00406423989658878	23.994239807128906
21.58	3.00728813559322	0.2236842105263158	-0.07575193131521418	0.17729877624011134	0.009134740445734861	0.003787196696801239	22.7750244140625
21.58	3.00728813559322	0.23894736842105263	-0.09117992520511224	0.17634191246984993	0.009094662417029723	0.0038432066524578135	21.75716209411621
21.58	3.00728813559322	0.25421052631578944	-0.10641243750504331	0.1752962025853797	0.009070521840044952	0.003612630258810418	20.871280670166016
21.58	3.00728813559322	0.2694736842105263	-0.12038835816540609	0.1734410863321152	0.008755375500527934	0.003462722098895459	20.061256408691406
21.58	3.00728813559322	0.2847368421052632	-0.1338834252533395	0.170824895119096	0.008702778939825177	0.003131103703307387	19.383811950683594
21.58	3.00728813559322	0.3	-0.14525114941400322	0.1680154033538762	0.008603187672158008	0.003135356414551521	18.758047103881836
21.58	3.017457627118644	0.01	0.02512451511818144	0.16658375138164194	0.011049672331782449	0.004125726366939211	41.020477294921875
21.58	3.017457627118644	0.02526315789473684	0.023465508679032063	0.19622060075149567	0.01115127645581155	0.004328616210815832	48.292781829833984
21.58	3.017457627118644	0.04052631578947368	0.018361160615563133	0.19755138918504744	0.010996414356404364	0.004265331959933698	42.811767578125
21.58	3.017457627118644	0.05578947368421053	0.01565539733517144	0.19812108814463653	0.010861881496458984	0.004268339892573102	38.986595153808594
21.58	3.017457627118644	0.07105263157894737	0.01167929839160651	0.19212104124196033	0.010633788157503326	0.0040067968831720355	36.92852783203125
21.58	3.017457627118644	0.0863157894736842	0.009745912752094351	0.18854419455098173	0.010580766522667349	0.004157725411544929	34.91130447387695
21.58	3.017457627118644	0.10157894736842105	0.007434069381104691	0.1855792506696751	0.010647410242857725	0.004218685018363508	33.64771270751953
21.58	3.017457627118644	0.11684210526315789	0.004621713819175775	0.18533145281635344	0.010629869601923322	0.004053956525605825	32.72612953186035
21.58	3.017457627118644	0.13210526315789473	0.0015199410040474173	0.18616064400317328	0.010666182266985636	0.004328056528961035	31.417537689208984
21.58	3.017457627118644	0.1473684210526316	-0.0047806690841333275	0.1924203295419386	0.010674490521027	0.003975893899634678	30.01606559753418
21.58	3.017457627118644	0.16263157894736843	-0.016514995067292145	0.19872528612724627	0.010515215847093603	0.003929009971991031	28.547317504882812
21.58	3.017457627118644	0.17789473684210527	-0.03170280073714003	0.2021628925704316	0.010404220285334323	0.003738498741758629	26.974536895751953
21.58	3.017457627118644	0.1931578947368421	-0.04817032777581361	0.20571864352762687	0.010437847337078003	0.0037008886256349395	25.43391227722168
21.58	3.017457627118644	0.20842105263157895	-0.0657485166338013	0.20714687010843744	0.010392625793308997	0.0034051750855629117	23.969364166259766
21.58	3.017457627118644	0.2236842105263158	-0.08352308022735419	0.20871726434312848	0.010272119964013667	0.0031799241121025787	22.743244171142578
21.58	3.017457627118644	0.23894736842105263	-0.10068800198791328	0.20696976344667464	0.010230917492611314	0.003103844610906942	21.701826095581055
21.58	3.017457627118644	0.25421052631578944	-0.11754844003302753	0.20679008836492985	0.010234050077581757	0.0030070218305827973	20.776823043823242
21.58	3.017457627118644	0.2694736842105263	-0.1329060316057108	0.20521765252093874	0.010064155744126155	0.002853593034423888	19.98580551147461
21.58	3.017457627118644	0.2847368421052632	-0.14746134816381856	0.20299584391511127	0.010173784883604937	0.002927536933466095	19.341575622558594
21.58	3.017457627118644	0.3	-0.16090260458590228	0.20017204599322824	0.009941465232796352	0.0024382229549676023	18.711231231689453
21.58	3.0276271186440677	0.01	0.021861668550951858	0.10462820621075189	0.011810376451565099	0.0032418974033977463	40.40906524658203
21.58	3.0276271186440677	0.02526315789473684	0.021975360685570614	0.12481229433657678	0.011715490963431982	0.0031824505161375844	48.93863296508789
21.58	3.0276271186440677	0.04052631578947368	0.017506426644064467	0.12816538263693178	0.011740031715620495	0.003194182127866545	44.95536994934082
21.58	3.0276271186440677	0.05578947368421053	0.015250688527767401	0.13061244762304136	0.01142108270796115	0.00322475298561013	43.041744232177734
21.58	3.0276271186440677	0.07105263157894737	0.01244036606280615	0.13091272329416387	0.011351394418486661	0.003020103513031218	39.35723304748535
21.58	3.0276271186440677	0.0863157894736842	0.008479560012026049	0.1303593742843357	0.011320085317399997	0.003444100813990163	37.317691802978516
21.58	3.0276271186440677	0.10157894736842105	0.005618516928777393	0.13265661301341503	0.011425577330872027	0.0035588603113774066	35.52035903930664
21.58	3.0276271186440677	0.11684210526315789	0.002214877042875477	0.13552398675061228	0.01150550959422745	0.003448309883838737	34.38789176940918
21.58	3.0276271186440677	0.13210526315789473	-0.0010217123079785677	0.14028583118893836	0.011313997623020808	0.003398043821885583	33.070560455322266
21.58	3.0276271186440677	0.1473684210526316	-0.005736981340300073	0.1472783454536847	0.011485434764419006	0.003305547526411464	31.350475311279297
21.58	3.0276271186440677	0.16263157894736843	-0.015932968034025066	0.15634221027897813	0.011385901449079396	0.0031541218887579277	29.574939727783203
21.58	3.0276271186440677	0.17789473684210527	-0.028269633375015354	0.16249100670423733	0.011411417600505472	0.002892461735656964	27.757930755615234
21.58	3.0276271186440677	0.1931578947368421	-0.04320139040136735	0.1680907290286422	0.011570337480555705	0.0026963424032619364	25.947452545166016
21.58	3.0276271186440677	0.20842105263157895	-0.058472582270764094	0.17147916938732755	0.01133746509192671	0.0024631804985178643	24.437667846679688
21.58	3.0276271186440677	0.2236842105263158	-0.07413791914263201	0.17480522124813347	0.01132982827136965	0.002015976119045387	23.07514190673828
21.58	3.0276271186440677	0.23894736842105263	-0.09170674006312836	0.17536704419478977	0.011489062289434682	0.0022106102786066343	21.9339656829834
21.58	3.0276271186440677	0.25421052631578944	-0.1071414343532895	0.17574806092605194	0.011095845593332508	0.001690057706045206	21.00956153869629
21.58	3.0276271186440677	0.2694736842105263	-0.12362360005940065	0.17594398881781578	0.01164178433707655	0.0016576150317715783	20.20467758178711
21.58	3.0276271186440677	0.2847368421052632	-0.13811057639981378	0.17482941343921898	0.011505653281996483	0.001710437748763441	19.467512130737305
21.58	3.0276271186440677	0.3	-0.1523043919351411	0.1734470565074651	0.011332402113946902	0.0009584904258170529	18.87042999267578
21.58	3.037796610169491	0.01	0.02444158475878721	0.14807843102305823	0.01305353420222485	0.0019768803856075653	40.78250503540039
21.58	3.037796610169491	0.02526315789473684	0.02401581010577855	0.16620530099566366	0.012857237907626717	0.0021349688743592414	44.809627532958984
21.58	3.037796610169491	0.04052631578947368	0.01701995334384617	0.168459250637845	0.012750162301079344	0.002061885726309649	43.07295799255371
21.58	3.037796610169491	0.05578947368421053	0.012430876299123204	0.17046352620802313	0.012471653688725364	0.0018952564720896067	38.80586051940918
21.58	3.037796610169491	0.07105263157894737	0.00959134315265242	0.16739005055844275	0.012331880290134434	0.002180822373832871	36.18387222290039
21.58	3.037796610169491	0.0863157894736842	0.007209609787774198	0.16520984475732337	0.012254295476436246	0.0022579078254632836	34.79875564575195
21.58	3.037796610169491	0.10157894736842105	0.0032417410615099966	0.1657045796152885	0.012068519843564437	0.002036183710691425	33.734601974487305
21.58	3.037796610169491	0.11684210526315789	0.0008877468857182553	0.16538293376683544	0.012210545433158127	0.0020756783871486786	32.3696403503418
21.58	3.037796610169491	0.13210526315789473	-0.0028180268978935225	0.1672363569292356	0.012090050406819895	0.002248691049798299	31.358917236328125
21.58	3.037796610169491	0.1473684210526316	-0.008385052846752132	0.17188280281863821	0.012026188777357614	0.0020502978164907313	30.050003051757812
21.58	3.037796610169491	0.16263157894736843	-0.018306928176917932	0.1776891355913901	0.012286924015781716	0.0018762578626647037	28.547622680664062
21.58	3.037796610169491	0.17789473684210527	-0.03312512871965696	0.18411803270685548	0.012171580141904167	0.001533842700464421	26.825334548950195
21.58	3.037796610169491	0.1931578947368421	-0.049319500512513506	0.18607263575624683	0.012198939314867936	0.001096668042682698	25.211212158203125
21.58	3.037796610169491	0.20842105263157895	-0.06651547628827117	0.18804438122672001	0.01222930291623494	0.0008829309321651826	23.757816314697266
21.58	3.037796610169491	0.2236842105263158	-0.08585763109410291	0.18940027158396858	0.012266811735966547	0.0005293030947674702	22.52640724182129
21.58	3.037796610169491	0.23894736842105263	-0.10410639947362164	0.1887076232362555	0.012134811888857067	-5.9357837165549456e-05	21.41975975036621
21.58	3.037796610169491	0.25421052631578944	-0.12195821763940592	0.18767086747702932	0.012431976896128858	-3.7129473311355634e-05	20.50394058227539
21.58	3.037796610169491	0.2694736842105263	-0.14016201520331636	0.18555885493424507	0.012193496219093741	-0.0004684209988581935	19.711639404296875
21.58	3.037796610169491	0.2847368421052632	-0.1558314597777669	0.18332464985087651	0.012213014747736686	-0.0006613561275471793	19.04041290283203
21.58	3.037796610169491	0.3	-0.17140629856337478	0.18133186665207518	0.012360309369550265	-0.0011481007173962967	18.406389236450195
21.58	3.0479661016949153	0.01	0.010034197881327407	0.09305292931229248	0.013725197903321855	0.0004635884193838196	37.934539794921875
21.58	3.0479661016949153	0.02526315789473684	0.013258114862696666	0.111834909206558	0.01345404670955	0.00027872125884510464	48.967262268066406
21.58	3.0479661016949153	0.04052631578947368	0.01354092079957051	0.11188803599822367	0.013305542652771375	0.0004899349347475072	44.810455322265625
21.58	3.0479661016949153	0.05578947368421053	0.005872635328998209	0.11913435925841129	0.013047005915761165	0.00038957864288346165	39.19453239440918
21.58	3.0479661016949153	0.07105263157894737	0.004617536448787785	0.1190586344304998	0.013061261626755055	0.0008201691552890783	36.475955963134766
21.58	3.0479661016949153	0.0863157894736842	0.003216496041929225	0.12241424526460291	0.012697469868036621	0.000501069406694624	34.34247970581055
21.58	3.0479661016949153	0.10157894736842105	0.0005562845383372433	0.12503005521616434	0.012689658262861017	0.0008128714876867306	33.11754608154297
21.58	3.0479661016949153	0.11684210526315789	-0.0023910154982751943	0.1291351391916105	0.012565341728367898	0.0005539581832628181	31.850200653076172
21.58	3.0479661016949153	0.13210526315789473	-0.005535095541971525	0.13399706272733503	0.01272025858465258	0.0008851393040291155	30.593734741210938
21.58	3.0479661016949153	0.1473684210526316	-0.011336983061163488	0.14062919352412329	0.012628225976557172	0.0005899545986031619	29.235498428344727
21.58	3.0479661016949153	0.16263157894736843	-0.021758846992860348	0.1485430433936334	0.012809430778731935	0.00033204119019874536	27.67386245727539
21.58	3.0479661016949153	0.17789473684210527	-0.033313374275575194	0.15413367297127012	0.012937400557498901	-1.0377685228442144e-07	26.23780632019043
21.58	3.0479661016949153	0.1931578947368421	-0.04779019560269153	0.1578353319722145	0.012849581323881275	-0.000369556956801667	24.750118255615234
21.58	3.0479661016949153	0.20842105263157895	-0.06329016517452038	0.1589980926769703	0.012981537598187074	-0.0010309141967711172	23.437667846679688
21.58	3.0479661016949153	0.2236842105263158	-0.07785654505637359	0.15897575409370326	0.012860264682274941	-0.0015199700087373258	22.24812889099121
21.58	3.0479661016949153	0.23894736842105263	-0.09376460434791514	0.1585533083158996	0.012780305259236296	-0.001967997665882971	21.249345779418945
21.58	3.0479661016949153	0.25421052631578944	-0.10739809075148686	0.15665762300749753	0.012731730269047895	-0.0023027531695299598	20.349136352539062
21.58	3.0479661016949153	0.2694736842105263	-0.12332027778739016	0.15594618883596242	0.01263706623930801	-0.0027702735622784132	19.603076934814453
21.58	3.0479661016949153	0.2847368421052632	-0.13564246416917908	0.1530888052654451	0.012420951763812964	-0.0032191996070667387	18.92764663696289
21.58	3.0479661016949153	0.3	-0.1469468065338084	0.15042723060261387	0.012612382965341711	-0.003610052332898527	18.358644485473633
21.58	3.0581355932203387	0.01	0.009663535767619968	0.12598526111479774	0.014619789312889377	-0.0015485980869032667	40.55783462524414
21.58	3.0581355932203387	0.02526315789473684	0.015218043067877655	0.14765325287964123	0.014144586422578112	-0.001723238991941626	45.085365295410156
21.58	3.0581355932203387	0.04052631578947368	0.012469269787209294	0.15128127576211592	0.01379823280951	-0.0014649104239426829	44.39443588256836
21.58	3.0581355932203387	0.05578947368421053	0.008361735140454206	0.15555980765387542	0.01365526823667217	-0.0014611477683843788	38.07371711730957
21.58	3.0581355932203387	0.07105263157894737	0.006138935604591424	0.15437949359964942	0.013221379288617312	-0.0013085873452714659	34.912784576416016
21.58	3.0581355932203387	0.0863157894736842	0.004554629245300345	0.15592314810108754	0.01288416773803436	-0.0012214904484711107	33.207231521606445
21.58	3.0581355932203387	0.10157894736842105	0.0015035019199566846	0.1572715032795672	0.012891938535390345	-0.0008261026793082321	32.228708267211914
21.58	3.0581355932203387	0.11684210526315789	-0.0006518158186955454	0.15963658745831294	0.012962756522242836	-0.0008350812910396664	31.129554748535156
21.58	3.0581355932203387	0.13210526315789473	-0.006173055022212869	0.16388033721822962	0.012776434941361652	-0.0007942972229451745	29.875057220458984
21.58	3.0581355932203387	0.1473684210526316	-0.014629849929791891	0.170615035454371	0.012975033539595098	-0.0010670679302479638	28.644996643066406
21.58	3.0581355932203387	0.16263157894736843	-0.02702271839390196	0.17474956918585044	0.012638123530603841	-0.0015040275058113427	27.239599227905273
21.58	3.0581355932203387	0.17789473684210527	-0.04314142695640073	0.17742916492396865	0.012459497749284438	-0.0022384846783383015	25.795120239257812
21.58	3.0581355932203387	0.1931578947368421	-0.05928148710173589	0.17798357436357864	0.012484347603996443	-0.0027890177123398065	24.438011169433594
21.58	3.0581355932203387	0.20842105263157895	-0.07567882415799158	0.1773424703657413	0.01206107888082071	-0.0031164866355793204	23.14373779296875
21.58	3.0581355932203387	0.2236842105263158	-0.09273957406596947	0.1771356845420571	0.01218970090211398	-0.00407156050571572	22.07550621032715
21.58	3.0581355932203387	0.23894736842105263	-0.1089841440048322	0.17500196579499355	0.012210056004538186	-0.004137824468787556	21.092906951904297
21.58	3.0581355932203387	0.25421052631578944	-0.12463634232514045	0.17219123421667595	0.011969305217517927	-0.004775294526385066	20.273178100585938
21.58	3.0581355932203387	0.2694736842105263	-0.13924343610520912	0.16903186417324456	0.011725105357689329	-0.005341904145116983	19.530977249145508
21.58	3.0581355932203387	0.2847368421052632	-0.15188187887218974	0.16710782444002772	0.011816155797376346	-0.005641349554658462	18.86150360107422
21.58	3.0581355932203387	0.3	-0.16391311459968955	0.16314505092687875	0.011770258680942863	-0.0060998691292260794	18.331703186035156
21.58	3.068305084745763	0.01	-0.0004939352898315783	0.10378751671179168	0.014695392207229891	-0.004070428903170015	37.115928649902344
21.58	3.068305084745763	0.02526315789473684	0.003415622253725157	0.12385981358685133	0.014240251398552912	-0.004180940494977494	44.69890213012695
21.58	3.068305084745763	0.04052631578947368	0.002047070692116247	0.12632004486959963	0.013704910448365012	-0.0038710222125034085	43.75472450256348
21.58	3.068305084745763	0.05578947368421053	0.0027352574394729086	0.13218810108729562	0.013335559549938005	-0.0034898329740387195	40.13559532165527
21.58	3.068305084745763	0.07105263157894737	0.0023753992395188685	0.12855442331411793	0.01268572229369612	-0.0032245243177855395	36.92194747924805
21.58	3.068305084745763	0.0863157894736842	0.0014914934869568824	0.1337158769462901	0.012330340076238016	-0.0028565702025404567	34.41468811035156
21.58	3.068305084745763	0.10157894736842105	0.0010641055175926906	0.1349277544190881	0.011782251601340344	-0.0026087999835469238	33.12164115905762
21.58	3.068305084745763	0.11684210526315789	-0.001166591296946481	0.13733644964012176	0.011898984570126326	-0.0025457762101397585	31.85690689086914
21.58	3.068305084745763	0.13210526315789473	-0.005819287382341772	0.14075260589960353	0.011948074917846125	-0.0024716002235932004	30.37273597717285
21.58	3.068305084745763	0.1473684210526316	-0.014249929681540718	0.14942325387211366	0.011789589486164535	-0.0028652861830750424	29.096302032470703
21.58	3.068305084745763	0.16263157894736843	-0.025467249556582812	0.1542162939518088	0.011701947041313178	-0.0032580457335836554	27.43941879272461
21.58	3.068305084745763	0.17789473684210527	-0.03896697090579983	0.1575962646709153	0.011728213827466609	-0.0037833241381133266	25.95750617980957
21.58	3.068305084745763	0.1931578947368421	-0.052686068920785145	0.16024089724371424	0.011511968232549592	-0.0042291871314251005	24.47922134399414
21.58	3.068305084745763	0.20842105263157895	-0.06679021793043921	0.16200374915017435	0.01119229611349122	-0.004702140475124091	23.22406768798828
21.58	3.068305084745763	0.2236842105263158	-0.08071740688402404	0.16342594091845322	0.011160649946096871	-0.005386619549847375	22.19232749938965
21.58	3.068305084745763	0.23894736842105263	-0.09305568635110009	0.16246827155416477	0.011015768686261395	-0.005617416472669326	21.166913986206055
21.58	3.068305084745763	0.25421052631578944	-0.10583944618348233	0.1610474488145636	0.010757018771665372	-0.006207049374693873	20.348308563232422
21.58	3.068305084745763	0.2694736842105263	-0.11686625758663918	0.1592111461932341	0.01046857923834148	-0.0068566410967083585	19.64856719970703
21.58	3.068305084745763	0.2847368421052632	-0.1293837007922889	0.15742150937776306	0.010347621356732704	-0.007644133507772156	18.98073387145996
21.58	3.068305084745763	0.3	-0.1383997769868642	0.1557726128778305	0.010389196876775655	-0.007919041374389747	18.45745849609375
21.58	3.0784745762711863	0.01	0.010066667028638765	0.15031276632164386	0.013587805539708762	-0.006215229704667546	37.38449478149414
21.58	3.0784745762711863	0.02526315789473684	0.010633461472514314	0.15913414529588787	0.012896514647053596	-0.0059637224444993656	44.19161605834961
21.58	3.0784745762711863	0.04052631578947368	0.008572528901584149	0.16057375952961966	0.012349335896607241	-0.005645014188243491	41.566200256347656
21.58	3.0784745762711863	0.05578947368421053	0.006718495719657429	0.16010267601174644	0.011797108014371786	-0.005060259181013151	40.47469139099121
21.58	3.0784745762711863	0.07105263157894737	0.005721957212055579	0.15631785194874284	0.011221031701990077	-0.00441453961794579	38.40138053894043
21.58	3.0784745762711863	0.0863157894736842	0.003613596222104984	0.15734807070130966	0.010987726807053337	-0.0038026384547349286	35.8752384185791
21.58	3.0784745762711863	0.10157894736842105	0.00076233735989431	0.1564873822359097	0.010761355991888216	-0.003289565587281773	34.39592361450195
21.58	3.0784745762711863	0.11684210526315789	-0.003150197230565818	0.15871272580315188	0.01041732610512374	-0.003191114760509752	32.91537666320801
21.58	3.0784745762711863	0.13210526315789473	-0.00917956062621203	0.16239682617214335	0.010342043740200115	-0.0030182609004878944	31.66975975036621
21.58	3.0784745762711863	0.1473684210526316	-0.019916347572866346	0.16776276225772513	0.010415328010109718	-0.0034395622591197024	29.89659881591797
21.58	3.0784745762711863	0.16263157894736843	-0.03433954955107299	0.17288298452821388	0.010212357806318111	-0.0037434993704180274	28.066078186035156
21.58	3.0784745762711863	0.17789473684210527	-0.051681286994628546	0.17518379962101277	0.009906449273563125	-0.0044133277282042	26.365549087524414
21.58	3.0784745762711863	0.1931578947368421	-0.06945778924802895	0.1774330634133406	0.009846887772306002	-0.004822028965960958	24.780542373657227
21.58	3.0784745762711863	0.20842105263157895	-0.08645902880109375	0.17916105225147871	0.009662736095261956	-0.005640159632422013	23.444576263427734
21.58	3.0784745762711863	0.2236842105263158	-0.10299550286906435	0.17983435067349948	0.009448644314644646	-0.006182476934973979	22.26321029663086
21.58	3.0784745762711863	0.23894736842105263	-0.11947762125125574	0.18012625467168564	0.009146622659278725	-0.006472570492405351	21.27334213256836
21.58	3.0784745762711863	0.25421052631578944	-0.13513202806131863	0.17789653855948878	0.009258432499297115	-0.007153416320579266	20.466779708862305
21.58	3.0784745762711863	0.2694736842105263	-0.1496936235205545	0.17614584552871693	0.009049072672387203	-0.007466522409475264	19.70458221435547
21.58	3.0784745762711863	0.2847368421052632	-0.16342529742265477	0.17412874022141125	0.009072877642963438	-0.008239159084651691	19.03814125061035
21.58	3.0784745762711863	0.3	-0.1762733722034319	0.1714632209960001	0.008791926684877594	-0.008352969481185822	18.486698150634766
21.58	3.08864406779661	0.01	-0.008111342966876739	0.16635044409070185	0.011088271318091765	-0.006459441104945536	38.0090446472168
21.58	3.08864406779661	0.02526315789473684	-0.011593924221101923	0.16796065463345464	0.010821243858278654	-0.006024338848621366	43.66844177246094
21.58	3.08864406779661	0.04052631578947368	-0.005866982379476667	0.16629344400601082	0.01014292699032701	-0.005566948977905735	41.22127914428711
21.58	3.08864406779661	0.05578947368421053	-0.005611606930862306	0.16235206959420428	0.009673355018660524	-0.004865678847755205	39.84046173095703
21.58	3.08864406779661	0.07105263157894737	-0.005891452321331146	0.1543595663143842	0.009276752267439927	-0.0038602029065196593	37.017967224121094
21.58	3.08864406779661	0.0863157894736842	-0.005221179323954403	0.15226152311727303	0.009070635801514373	-0.003268564829716551	35.39122009277344
21.58	3.08864406779661	0.10157894736842105	-0.007491569917866857	0.14862271967642837	0.008730856356077158	-0.003044071569519731	33.93328094482422
21.58	3.08864406779661	0.11684210526315789	-0.009090013636515779	0.14848284142192456	0.008800184058200954	-0.0028536342465055736	32.75689506530762
21.58	3.08864406779661	0.13210526315789473	-0.01566073704836208	0.1495978124521125	0.008862336367309355	-0.0026123644412880047	31.478483200073242
21.58	3.08864406779661	0.1473684210526316	-0.024963267109624418	0.15412729844959844	0.008977004102800525	-0.0030371780081547024	29.819746017456055
21.58	3.08864406779661	0.16263157894736843	-0.03859500134995889	0.15952482847772928	0.008951961182172712	-0.0034922319686476588	27.985065460205078
21.58	3.08864406779661	0.17789473684210527	-0.054468767020472486	0.16133707938156788	0.008740117502960837	-0.0041265319677828375	26.257688522338867
21.58	3.08864406779661	0.1931578947368421	-0.06960008701865392	0.1655293067730358	0.008691877039901996	-0.004636148771451515	24.565242767333984
21.58	3.08864406779661	0.20842105263157895	-0.08693277319983414	0.1679725045034988	0.00826674965971641	-0.005243594460817219	23.2166690826416
21.58	3.08864406779661	0.2236842105263158	-0.1025913209290879	0.16869715952075548	0.008200356547918087	-0.005900641299643543	22.0870361328125
21.58	3.08864406779661	0.23894736842105263	-0.11652930254206825	0.1687605711328191	0.00809838551462689	-0.006353080039746935	21.11453628540039
21.58	3.08864406779661	0.25421052631578944	-0.13104823705364782	0.16785930239589408	0.007850579099199412	-0.006777675793176391	20.242380142211914
21.58	3.08864406779661	0.2694736842105263	-0.14498865637145306	0.16567706060036774	0.007728097316016816	-0.007236940638807359	19.53940200805664
21.58	3.08864406779661	0.2847368421052632	-0.1586339619833156	0.16404197438810414	0.007558877693791169	-0.007830896576149986	18.883014678955078
21.58	3.08864406779661	0.3	-0.1694102247697006	0.16167833820095728	0.007397049248420233	-0.008205235591261417	18.35373306274414
21.58	3.098813559322034	0.01	0.0008509491863319559	0.1671978829028632	0.009812299453796879	-0.004348806147421249	38.95274353027344
21.58	3.098813559322034	0.02526315789473684	-0.0033612395343711717	0.1693058846118476	0.009174691009293166	-0.0042287555109245785	41.7103385925293
21.58	3.098813559322034	0.04052631578947368	-0.002260294375429563	0.16661681792241162	0.00867081454549404	-0.0037831198350435228	40.64649963378906
21.58	3.098813559322034	0.05578947368421053	-0.005082168932114198	0.16302978109554545	0.008383101869178637	-0.0032299392293470776	40.10395812988281
21.58	3.098813559322034	0.07105263157894737	-0.006439970039338272	0.15660031738327973	0.007794306065340043	-0.0024240037567882055	38.48421859741211
21.58	3.098813559322034	0.0863157894736842	-0.010352395943465577	0.15213515035314057	0.007609352673079574	-0.0021744740511933833	36.66830635070801
21.58	3.098813559322034	0.10157894736842105	-0.01353291635458072	0.1479543645549056	0.0075253965517789855	-0.0018694112286954255	34.96225357055664
21.58	3.098813559322034	0.11684210526315789	-0.017127004952605433	0.14985805113100276	0.007654614852730771	-0.0015533457968509871	33.28688049316406
21.58	3.098813559322034	0.13210526315789473	-0.023846873957769438	0.15213783727502664	0.00767054128081446	-0.0017135906510810245	31.65047264099121
21.58	3.098813559322034	0.1473684210526316	-0.03437384015803778	0.1575399921324649	0.00782575955345299	-0.0021446006029330134	29.9796085357666
21.58	3.098813559322034	0.16263157894736843	-0.049005680075266504	0.16178940693456267	0.007764551380751692	-0.002696767007601254	28.0690860748291
21.58	3.098813559322034	0.17789473684210527	-0.06678889823181289	0.1644804127568338	0.007509633819791519	-0.003475094571204199	26.25051498413086
21.58	3.098813559322034	0.1931578947368421	-0.08332426731692633	0.16497140616644138	0.007745817228147345	-0.004121117501106506	24.725961685180664
21.58	3.098813559322034	0.20842105263157895	-0.10135176763622096	0.1666418034024533	0.007525273949659492	-0.004546877325072378	23.29924201965332
21.58	3.098813559322034	0.2236842105263158	-0.11845519789246847	0.1671610766462978	0.007297880788837964	-0.005390785832412906	22.168764114379883
21.58	3.098813559322034	0.23894736842105263	-0.13437155285025465	0.16502569632814906	0.007133076486552127	-0.005972964047238243	21.178077697753906
21.58	3.098813559322034	0.25421052631578944	-0.1502761947467409	0.16255186701403634	0.006818878098765381	-0.006328175436489301	20.3585205078125
21.58	3.098813559322034	0.2694736842105263	-0.16430696582048626	0.1593281497929997	0.006644941216868571	-0.00697064618380106	19.584075927734375
21.58	3.098813559322034	0.2847368421052632	-0.1782826509678611	0.15607902784161243	0.006452900504732496	-0.0071574710707879305	18.948165893554688
21.58	3.098813559322034	0.3	-0.1905867928874554	0.15318660029354472	0.006357771060934282	-0.0077692421027692644	18.40458106994629
21.58	3.1089830508474576	0.01	-0.008662124965823583	0.12022977597674309	0.008595316521525788	-0.0009012350763106384	40.145599365234375
21.58	3.1089830508474576	0.02526315789473684	-0.014675231837553274	0.12964063315025504	0.008185437725046728	-0.0010496122679013562	45.601844787597656
21.58	3.1089830508474576	0.04052631578947368	-0.012534722447574555	0.13790707734979052	0.007923163726894033	-0.001002334909296321	44.15431213378906
21.58	3.1089830508474576	0.05578947368421053	-0.013358650152125003	0.13909867454867605	0.007442581819367789	-0.0007610686463951226	39.41957473754883
21.58	3.1089830508474576	0.07105263157894737	-0.011958036367334968	0.13892093349795584	0.00702757103360376	-0.0005784890344759125	37.22949028015137
21.58	3.1089830508474576	0.0863157894736842	-0.013271503603930004	0.138369799724627	0.006750322083161461	-0.00033172120961096437	35.24869918823242
21.58	3.1089830508474576	0.10157894736842105	-0.014089578843588364	0.13557913633327529	0.007000564026811056	-0.0002237258116539825	33.61484146118164
21.58	3.1089830508474576	0.11684210526315789	-0.016452902607299744	0.1380209433983179	0.0068612941789145	-0.00041877323132202544	32.19992446899414
21.58	3.1089830508474576	0.13210526315789473	-0.019901628330062187	0.14147834642338464	0.006976407355349033	-0.00037786882097852654	30.799955368041992
21.58	3.1089830508474576	0.1473684210526316	-0.02980116118322224	0.1471365958057799	0.007050660826984216	-0.0008074080722316983	29.313249588012695
21.58	3.1089830508474576	0.16263157894736843	-0.04224310421030136	0.15096500083585163	0.006922197677067981	-0.0016166139724727471	27.804847717285156
21.58	3.1089830508474576	0.17789473684210527	-0.056181667590662655	0.15373363400233975	0.006762737649544605	-0.002413319424031329	26.222034454345703
21.58	3.1089830508474576	0.1931578947368421	-0.07101893853412518	0.1553690953838962	0.006724898305548671	-0.0030438362262159733	24.63994598388672
21.58	3.1089830508474576	0.20842105263157895	-0.08529144245677997	0.15711978571682816	0.0064108800937555145	-0.003547367772780744	23.283912658691406
21.58	3.1089830508474576	0.2236842105263158	-0.0994905523998092	0.15700557118166983	0.006218041860511875	-0.004257692729516826	22.116962432861328
21.58	3.1089830508474576	0.23894736842105263	-0.11366060282266302	0.15656797564143593	0.006139927651593753	-0.004629793804907502	21.164499282836914
21.58	3.1089830508474576	0.25421052631578944	-0.12711620782424474	0.15495701216105626	0.005727558665802693	-0.005357372633150769	20.31769561767578
21.58	3.1089830508474576	0.2694736842105263	-0.13904660646726155	0.15224017210249113	0.00551564411390092	-0.005750044431614107	19.60926055908203
21.58	3.1089830508474576	0.2847368421052632	-0.15004438574568787	0.14998961435105027	0.005401054196092754	-0.006266307659394325	18.968162536621094
21.58	3.1089830508474576	0.3	-0.16079757797188787	0.1465479913922056	0.005036081553556494	-0.006676863791325958	18.401391983032227
21.58	3.1191525423728814	0.01	-0.00448651301331552	0.07089257275779094	0.007807099709671224	0.001515916775503373	39.99970245361328
21.58	3.1191525423728814	0.02526315789473684	-0.004406876737547243	0.09245755633432715	0.007486767992527587	0.00115772729931727	42.63121795654297
21.58	3.1191525423728814	0.04052631578947368	-0.005692185337019287	0.10452421268541665	0.0071417760875163525	0.001110534920032148	44.14843559265137
21.58	3.1191525423728814	0.05578947368421053	-0.008099869374481167	0.11129230671190021	0.006997739991972028	0.0011281292802935914	41.433189392089844
21.58	3.1191525423728814	0.07105263157894737	-0.010882655311169177	0.11399904228860325	0.006685340912556495	0.0009652552872093473	37.91331481933594
21.58	3.1191525423728814	0.0863157894736842	-0.013762314103595377	0.1169006765589049	0.006585981078912918	0.0011417550861746693	36.19699287414551
21.58	3.1191525423728814	0.10157894736842105	-0.015217615149966841	0.11809680766909625	0.0064215528580257135	0.0010078422453456731	34.24675941467285
21.58	3.1191525423728814	0.11684210526315789	-0.018468445182596736	0.12413798388751933	0.006557863509109154	0.0009500852543188247	32.489580154418945
21.58	3.1191525423728814	0.13210526315789473	-0.023107422065739926	0.12933771162952074	0.0067270123026295925	0.0008788878087689859	31.01975440979004
21.58	3.1191525423728814	0.1473684210526316	-0.03117069386122946	0.1374458960051101	0.006551332174907147	0.0004521917966959035	29.56046485900879
21.58	3.1191525423728814	0.16263157894736843	-0.04301836336441536	0.14144627184988107	0.006522594261089977	-0.00023183003572551942	28.056888580322266
21.58	3.1191525423728814	0.17789473684210527	-0.05622092193494179	0.14497807167201984	0.0061704908874359	-0.0011628320690764901	26.377464294433594
21.58	3.1191525423728814	0.1931578947368421	-0.07107052334154583	0.14738760599132378	0.006167291416286724	-0.0018582277956941664	24.90773582458496
21.58	3.1191525423728814	0.20842105263157895	-0.08434708111713206	0.1485192274390286	0.005903573041123645	-0.002327859033309599	23.526371002197266
21.58	3.1191525423728814	0.2236842105263158	-0.0991419106423754	0.14901299649272198	0.00577909434840021	-0.0029672388023991646	22.312273025512695
21.58	3.1191525423728814	0.23894736842105263	-0.11247852495018255	0.14799491629979222	0.005403971249676801	-0.0034442747493282156	21.367984771728516
21.58	3.1191525423728814	0.25421052631578944	-0.12629095743488383	0.14652178426782253	0.00523064171013974	-0.004096600538518671	20.475263595581055
21.58	3.1191525423728814	0.2694736842105263	-0.13792141445478728	0.1443878308338999	0.004969384584251612	-0.004367088672293193	19.74703025817871
21.58	3.1191525423728814	0.2847368421052632	-0.14967052925817514	0.14199497948068443	0.004755803412331673	-0.0049622940930159724	19.119247436523438
21.58	3.1191525423728814	0.3	-0.1586999114647157	0.1400438428593948	0.004474057145921915	-0.0055668847967492415	18.547971725463867
21.58	3.1293220338983048	0.01	0.004080874095892266	0.0676497817708328	0.007690853344942443	0.003277098736687966	39.59613037109375
21.58	3.1293220338983048	0.02526315789473684	-0.004382303566643292	0.09395262241665303	0.007387783408998215	0.0030931848454733533	48.32807922363281
21.58	3.1293220338983048	0.04052631578947368	-0.0026409559184399183	0.1033421300940591	0.007352896726017169	0.0029012837246240736	43.86976623535156
21.58	3.1293220338983048	0.05578947368421053	-0.006200844957464633	0.11332506056711104	0.006940521121576427	0.002819031455315605	39.852874755859375
21.58	3.1293220338983048	0.07105263157894737	-0.0070747053188041295	0.11429310242352339	0.006626489223734619	0.002561153148217073	37.42492485046387
21.58	3.1293220338983048	0.0863157894736842	-0.006936995841819088	0.11633933280068709	0.006736015501909214	0.002729287188758265	34.94320297241211
21.58	3.1293220338983048	0.10157894736842105	-0.00795158685873838	0.11988272318939212	0.006643150361586379	0.002397861504850679	33.716970443725586
21.58	3.1293220338983048	0.11684210526315789	-0.010164463957841525	0.12363887702178628	0.006586890201290211	0.002114793841233978	32.14120864868164
21.58	3.1293220338983048	0.13210526315789473	-0.014263650127174354	0.12798075644916107	0.006616400217229347	0.001896982826766348	30.819744110107422
21.58	3.1293220338983048	0.1473684210526316	-0.019505691718729238	0.13537280738039123	0.006555199445021509	0.0016362718674971428	29.103015899658203
21.58	3.1293220338983048	0.16263157894736843	-0.028859374862583376	0.1429014048693906	0.006313449940019011	0.000880473154687202	27.707136154174805
21.58	3.1293220338983048	0.17789473684210527	-0.04149006512430499	0.14713984310312378	0.006208371088079956	0.0003731366080697748	26.138795852661133
21.58	3.1293220338983048	0.1931578947368421	-0.05427138489154171	0.15153137065155614	0.006018104163293771	-0.00024723874684073053	24.677412033081055
21.58	3.1293220338983048	0.20842105263157895	-0.06860244985146605	0.15302436147653303	0.005679779308237494	-0.0008366285160610919	23.31136703491211
21.58	3.1293220338983048	0.2236842105263158	-0.08283539703989556	0.15469310311204557	0.005726085846901491	-0.0012599531428085908	22.115821838378906
21.58	3.1293220338983048	0.23894736842105263	-0.09705646327639153	0.154521224178139	0.005250262942819767	-0.0017770796565591462	21.13745880126953
21.58	3.1293220338983048	0.25421052631578944	-0.10987293051494526	0.15545813094244823	0.0048938314977129	-0.002101621010179737	20.307029724121094
21.58	3.1293220338983048	0.2694736842105263	-0.12319995695216379	0.15349166978634982	0.004789634293193019	-0.0028113042712515	19.5562744140625
21.58	3.1293220338983048	0.2847368421052632	-0.13337520995335314	0.15209453501120979	0.004520226868317172	-0.003028530772892491	18.902305603027344
21.58	3.1293220338983048	0.3	-0.14502434561288927	0.15068591833333733	0.00421127930048917	-0.0035710278373451074	18.361421585083008
21.58	3.139491525423729	0.01	0.00893225839101701	0.03896335363607176	0.008204801604967862	0.004348734007479821	39.36493682861328
21.58	3.139491525423729	0.02526315789473684	0.005635251816441219	0.0638525433700208	0.0077515196778289025	0.004036061052469439	45.10976028442383
21.58	3.139491525423729	0.04052631578947368	0.0023182494823951834	0.07127190529133132	0.007734211654729765	0.0039670079570863406	42.834503173828125
21.58	3.139491525423729	0.05578947368421053	-0.002491477663371193	0.07836519481785997	0.007339705765231418	0.0036421342081576977	39.272621154785156
21.58	3.139491525423729	0.07105263157894737	-0.00489471790462703	0.08220597124633836	0.0073669039011347035	0.003394272580455735	36.254791259765625
21.58	3.139491525423729	0.0863157894736842	-0.008011037025339535	0.0886080163441634	0.007233766602400956	0.003281137587315173	34.027029037475586
21.58	3.139491525423729	0.10157894736842105	-0.01121060243595355	0.09162131127938986	0.007199452553167623	0.003274977147958666	32.601173400878906
21.58	3.139491525423729	0.11684210526315789	-0.01447393840744997	0.09878040339569776	0.006995735981608427	0.003337797354180325	31.156761169433594
21.58	3.139491525423729	0.13210526315789473	-0.019081756310611014	0.10670499533186882	0.007153009190214484	0.002998212854873815	29.761497497558594
21.58	3.139491525423729	0.1473684210526316	-0.026323250194865186	0.11624754655748729	0.006981331780688756	0.0026851823161280104	28.41215705871582
21.58	3.139491525423729	0.16263157894736843	-0.037222147010233686	0.12410757667647315	0.006720149934544147	0.0021062331856967252	27.08209991455078
21.58	3.139491525423729	0.17789473684210527	-0.05071961788538794	0.12912282216828647	0.006449850284506656	0.0015552442256932747	25.635520935058594
21.58	3.139491525423729	0.1931578947368421	-0.06441985943432849	0.13304491757415568	0.006177722822212417	0.0009371655075646736	24.18773078918457
21.58	3.139491525423729	0.20842105263157895	-0.07941347938894315	0.13709138186353947	0.006027967199148074	0.00018438508142297756	22.917247772216797
21.58	3.139491525423729	0.2236842105263158	-0.0941019200631606	0.137805605372379	0.00584026850296629	-5.551666195489094e-05	21.762012481689453
21.58	3.139491525423729	0.23894736842105263	-0.10983620744217909	0.1401761887308035	0.005412923158946064	-0.0004288197518223187	20.793493270874023
21.58	3.139491525423729	0.25421052631578944	-0.12348708953092477	0.13963172879100877	0.005144608284851559	-0.000925408406429858	19.97185707092285
21.58	3.139491525423729	0.2694736842105263	-0.13724149680201	0.13814464803444165	0.00490849889169752	-0.0012980486525623635	19.243083953857422
21.58	3.139491525423729	0.2847368421052632	-0.1503963025285363	0.1375359303449991	0.004775041926720432	-0.0015728171126386645	18.635099411010742
21.58	3.139491525423729	0.3	-0.16109307054415942	0.1372180151885154	0.0044424437901969555	-0.002006443344374608	18.053794860839844
21.58	3.1496610169491523	0.01	0.008967107105849274	0.07444138518523015	0.008157985760206847	0.004637136014682519	40.539520263671875
21.58	3.1496610169491523	0.02526315789473684	0.00948823414564147	0.09827210581353267	0.00797644702805864	0.004398819571165034	47.07015609741211
21.58	3.1496610169491523	0.04052631578947368	0.0033484788966180313	0.10597092783501705	0.007816828083330292	0.0041459399064159574	41.97013282775879
21.58	3.1496610169491523	0.05578947368421053	0.0023952634428442915	0.11401421278206958	0.007668346031230281	0.0042530246873547055	37.93693542480469
21.58	3.1496610169491523	0.07105263157894737	-0.0006553188368397331	0.1148594373757192	0.007721036399898631	0.003986111266649002	35.38889503479004
21.58	3.1496610169491523	0.0863157894736842	-0.0035096149641898862	0.11419674785552736	0.007823373609217272	0.004138528753073387	33.422943115234375
21.58	3.1496610169491523	0.10157894736842105	-0.005828252374834331	0.11755379358633611	0.007538503500556367	0.003833548240324198	31.93048667907715
21.58	3.1496610169491523	0.11684210526315789	-0.00866934372706079	0.120918893408065	0.007459754897875479	0.003526273163628097	30.522005081176758
21.58	3.1496610169491523	0.13210526315789473	-0.013867541096524525	0.12742118758758272	0.00747934338990711	0.0035389989371652645	29.282583236694336
21.58	3.1496610169491523	0.1473684210526316	-0.022272854271696133	0.1355169943315324	0.00748269532594135	0.003197843243888788	27.859844207763672
21.58	3.1496610169491523	0.16263157894736843	-0.03578329728267884	0.14194667323380505	0.007095450250167358	0.0026336256958456017	26.60099983215332
21.58	3.1496610169491523	0.17789473684210527	-0.05064535149656031	0.1445467928692678	0.006846539617950051	0.0022909831246505754	25.156326293945312
21.58	3.1496610169491523	0.1931578947368421	-0.06777002328241974	0.1470079747733407	0.006606260724916078	0.0016286031959606606	23.859817504882812
21.58	3.1496610169491523	0.20842105263157895	-0.0841008977255278	0.1486058998174993	0.006367470384768868	0.0015014203063681046	22.623058319091797
21.58	3.1496610169491523	0.2236842105263158	-0.10116286594385926	0.1493596999479049	0.006027958111756283	0.0010356707004627761	21.536235809326172
21.58	3.1496610169491523	0.23894736842105263	-0.11744381842693902	0.14948725702935606	0.005910050434679483	0.0005632864705882968	20.556344985961914
21.58	3.1496610169491523	0.25421052631578944	-0.13388738375181924	0.14691675919104136	0.005598560774568139	0.0001866763727516217	19.778560638427734
21.58	3.1496610169491523	0.2694736842105263	-0.1476024345686099	0.14611064640195442	0.005246578851482153	-0.00013073183374994498	19.070045471191406
21.58	3.1496610169491523	0.2847368421052632	-0.16140175056264777	0.14350895717163123	0.004929388100980094	-0.000685372576234427	18.474220275878906
21.58	3.1496610169491523	0.3	-0.1726942412364898	0.14071156246689198	0.004950986218066882	-0.000795151235539417	17.890167236328125
21.58	3.159830508474576	0.01	0.011135241368680982	0.06856136690632458	0.008611457549726089	0.0048423879579185805	41.47811508178711
21.58	3.159830508474576	0.02526315789473684	0.014637242644381966	0.084950083182699	0.008491632181290176	0.004940529832010474	47.05723190307617
21.58	3.159830508474576	0.04052631578947368	0.006579887262900411	0.08222023422659136	0.008484310443623534	0.004671668464397701	42.0804557800293
21.58	3.159830508474576	0.05578947368421053	0.002188470827071974	0.08310780663396458	0.00825404898189429	0.004382927299065818	37.738149642944336
21.58	3.159830508474576	0.07105263157894737	-0.0023089827960446263	0.07895532359689558	0.0081480644875857	0.004380052047245361	35.0926513671875
21.58	3.159830508474576	0.0863157894736842	-0.005581609946044232	0.08127380087972008	0.00815436248705661	0.004268063915047015	33.453956604003906
21.58	3.159830508474576	0.10157894736842105	-0.009407449879501591	0.08431364200470387	0.007888922711226003	0.004059937496900008	32.18791198730469
21.58	3.159830508474576	0.11684210526315789	-0.013188936525541012	0.08917807897188583	0.00791509979791877	0.004022520942349134	30.716955184936523
21.58	3.159830508474576	0.13210526315789473	-0.018132298403186472	0.09636870083601821	0.007981013165648488	0.004002207245250092	29.550308227539062
21.58	3.159830508474576	0.1473684210526316	-0.028495567149555173	0.10434654090792606	0.007769273144568158	0.0038116880332685053	28.267026901245117
21.58	3.159830508474576	0.16263157894736843	-0.04121309725100426	0.10977007745728187	0.007581903812903952	0.003388325929334481	26.945716857910156
21.58	3.159830508474576	0.17789473684210527	-0.05617184894346468	0.11555349328269944	0.007184347227909789	0.002902845266497193	25.420021057128906
21.58	3.159830508474576	0.1931578947368421	-0.07128181582432183	0.1181940135206151	0.006848378534657136	0.0022741216840115033	24.05870819091797
21.58	3.159830508474576	0.20842105263157895	-0.08657046445717162	0.12122540657858738	0.006567089510387704	0.0020957869606019718	22.791955947875977
21.58	3.159830508474576	0.2236842105263158	-0.10230246671547243	0.12225890343527684	0.006172481523132844	0.001770743228301573	21.70167350769043
21.58	3.159830508474576	0.23894736842105263	-0.11786474750972883	0.12116897268118013	0.006113691899115179	0.0014292912875345696	20.73258399963379
21.58	3.159830508474576	0.25421052631578944	-0.13086478701500637	0.12074554020312464	0.006012533316739888	0.0013465774040824336	19.91371726989746
21.58	3.159830508474576	0.2694736842105263	-0.1441611735140138	0.11920267755138977	0.005614137900894186	0.001015339302581705	19.218521118164062
21.58	3.159830508474576	0.2847368421052632	-0.15619716814152684	0.116592614056741	0.005352842144096573	0.0006780689820928389	18.578859329223633
21.58	3.159830508474576	0.3	-0.1675345363318154	0.11528349861708762	0.005162123904923276	0.0004254784440902897	18.028644561767578
21.58	3.17	0.01	0.008901470691042329	0.09723274454680565	0.009243136308290194	0.004972029323967323	39.65447998046875
21.58	3.17	0.02526315789473684	0.015344962937623037	0.11084706104310155	0.009234764376090969	0.004935123324089833	47.45146942138672
21.58	3.17	0.04052631578947368	0.011347895575552953	0.10773594631763098	0.008896193266703987	0.004507915197559956	43.44899559020996
21.58	3.17	0.05578947368421053	0.006801341856533702	0.10975569910894649	0.00886959580201454	0.004518173214167344	39.51042938232422
21.58	3.17	0.07105263157894737	0.0033589390936250526	0.10671155344551315	0.008806369686403224	0.004605454156051049	36.93300437927246
21.58	3.17	0.0863157894736842	0.000817066499832544	0.10591169923753277	0.00874123055536477	0.004569071525991088	34.75622367858887
21.58	3.17	0.10157894736842105	-0.001797498740820933	0.10617669446192446	0.008828730901240686	0.00455229539571058	33.33939743041992
21.58	3.17	0.11684210526315789	-0.004244549294567454	0.10823679928699274	0.008563092270228874	0.004214470541312966	32.149017333984375
21.58	3.17	0.13210526315789473	-0.00971530574174297	0.1110674326509121	0.008372583136535184	0.0042702086586154046	30.837417602539062
21.58	3.17	0.1473684210526316	-0.01835623658380332	0.11817728340332982	0.008219873901218018	0.004109553304194734	29.210481643676758
21.58	3.17	0.16263157894736843	-0.030377645151474057	0.12198105365909291	0.007913277209994872	0.003923934895120639	27.8272705078125
21.58	3.17	0.17789473684210527	-0.04449383312914865	0.12460611124257945	0.007739837986904769	0.003389538043548912	26.206924438476562
21.58	3.17	0.1931578947368421	-0.059425953759897454	0.12726930459647234	0.007408165967738503	0.0033355560001148378	24.62541389465332
21.58	3.17	0.20842105263157895	-0.07384125169693212	0.1271738940861264	0.007202513748698798	0.0027710578819480124	23.275997161865234
21.58	3.17	0.2236842105263158	-0.08837232775541555	0.12864733686951652	0.007066848350142058	0.0026601957863405692	22.049020767211914
21.58	3.17	0.23894736842105263	-0.10316693635382865	0.12728767177461542	0.0066798918944285385	0.002458875179483743	21.09015464782715
21.58	3.17	0.25421052631578944	-0.11707372965016574	0.12659935659169114	0.006518890778362064	0.0020805908777148732	20.240787506103516
21.58	3.17	0.2694736842105263	-0.13052232620944332	0.12518169959672387	0.006278837041291651	0.001890290610292302	19.497983932495117
21.58	3.17	0.2847368421052632	-0.1408831839373808	0.12227297122022728	0.0061127188193593855	0.0016148430373433965	18.857891082763672
21.58	3.17	0.3	-0.151718408071297	0.11968346671797925	0.005871135592518633	0.0012816792128930027	18.273250579833984
