base_if_frequency_mhz	lo_frequency_ghz	if_amplitude	g	phi	I_offset	Q_offset	sfdr_db
23.738	2.57	0.01	-0.01437666416168213	0.2660363674163818	0.007686549370421593	0.002733403627442455	36.07996368408203
23.738	2.57	0.02526315789473684	-0.024274224925687808	0.2740174621900764	0.0076890256034542566	0.0025244328716751852	46.66783905029297
23.738	2.57	0.04052631578947368	-0.019747037578275693	0.28745459025709297	0.0077265503594984	0.0022489870024827024	45.203338623046875
23.738	2.57	0.05578947368421053	-0.022905600441521293	0.2966198424667342	0.007578715415425289	0.0022316421498060884	41.11193656921387
23.738	2.57	0.07105263157894737	-0.02100685518038857	0.3053272779889626	0.007312298058479272	0.001931213437902327	38.9035758972168
23.738	2.57	0.0863157894736842	-0.020729301495379087	0.31271174390318224	0.007148642043193218	0.0019861779594040167	36.60196304321289
23.738	2.57	0.10157894736842105	-0.01994375106682467	0.31544824802300314	0.006967689274692568	0.0018742728480858606	34.9828987121582
23.738	2.57	0.11684210526315789	-0.02145983535149581	0.31852778030715445	0.006917064142321215	0.0019786782918756627	33.59406661987305
23.738	2.57	0.13210526315789473	-0.02210543481117781	0.31866246263546605	0.0068846903669032775	0.0019478329681592845	32.261240005493164
23.738	2.57	0.1473684210526316	-0.023894886347201796	0.3190932989631893	0.0067763772842943755	0.002209215170413196	30.716413497924805
23.738	2.57	0.16263157894736843	-0.02692007096551094	0.31958127820856136	0.006559607653244997	0.0020638650764769396	29.358760833740234
23.738	2.57	0.17789473684210527	-0.031726768171151304	0.3212796953901761	0.006725099347712329	0.0020479404132554293	27.96739959716797
23.738	2.57	0.1931578947368421	-0.038933204417784834	0.32207387028486667	0.00663658859202337	0.0017043672169292324	26.3894100189209
23.738	2.57	0.20842105263157895	-0.04859707602914489	0.32356446137581746	0.006547277806107787	0.0014185576888975531	24.890615463256836
23.738	2.57	0.2236842105263158	-0.059746661064156256	0.32346364621916157	0.006628349182522189	0.0013019684232529112	23.591632843017578
23.738	2.57	0.23894736842105263	-0.07263718602982767	0.3235680666583429	0.006372240887960248	0.0009524607440799382	22.519573211669922
23.738	2.57	0.25421052631578944	-0.08709396330443628	0.3222481806593787	0.00625287313588805	0.00043935020113333457	21.52057456970215
23.738	2.57	0.2694736842105263	-0.10055745066424941	0.3208066667713956	0.006363536085275713	0.0004807371535533098	20.773826599121094
23.738	2.57	0.2847368421052632	-0.11411190257628714	0.3181833034328968	0.006003823899608089	9.262828421308629e-05	20.143272399902344
23.738	2.57	0.3	-0.12764379968064452	0.31375542463246986	0.005782223443246131	2.8317154883315354e-05	19.632061004638672
23.738	2.5801694915254236	0.01	-0.008486386818251803	0.29018516821512624	0.0071031451736058415	0.00510536102845298	33.83246612548828
23.738	2.5801694915254236	0.02526315789473684	-0.013129731437317087	0.2921952277085339	0.007026591882956547	0.0049260070424879555	44.938655853271484
23.738	2.5801694915254236	0.04052631578947368	-0.013833842367461088	0.2974173275856928	0.0068058911932963526	0.004503647926828221	46.339439392089844
23.738	2.5801694915254236	0.05578947368421053	-0.015574543864062193	0.30054206010984935	0.00676964864124567	0.004226249803702474	42.273244857788086
23.738	2.5801694915254236	0.07105263157894737	-0.01674091512017525	0.30320533012139367	0.0067240238649629745	0.0037803566815006505	39.258562088012695
23.738	2.5801694915254236	0.0863157894736842	-0.016054007745782417	0.3061845069205064	0.006858608283364546	0.003936133383536492	36.902442932128906
23.738	2.5801694915254236	0.10157894736842105	-0.015202823709938675	0.30566451209114265	0.006465518480382241	0.0034984011474450084	35.354835510253906
23.738	2.5801694915254236	0.11684210526315789	-0.015474142848392642	0.3073021531978569	0.006752356553789364	0.0036357761387450288	33.94838523864746
23.738	2.5801694915254236	0.13210526315789473	-0.015390667274359287	0.3084992435757502	0.006599316280138147	0.0034715882209452207	31.672378540039062
23.738	2.5801694915254236	0.1473684210526316	-0.016098084137072012	0.30782200875329835	0.006539205999964315	0.0032899109630120274	30.334321975708008
23.738	2.5801694915254236	0.16263157894736843	-0.017284424049309625	0.30913468585278425	0.006617163123430235	0.0034646013106181127	29.28559684753418
23.738	2.5801694915254236	0.17789473684210527	-0.019785517599327312	0.31267204878114807	0.0064867193671808345	0.003336678126551422	28.457656860351562
23.738	2.5801694915254236	0.1931578947368421	-0.024087567661320457	0.314260829939912	0.006486618980839107	0.002927784982024722	27.22744369506836
23.738	2.5801694915254236	0.20842105263157895	-0.03152849232470817	0.31585531685474905	0.006244441321820681	0.002347102160488144	25.704753875732422
23.738	2.5801694915254236	0.2236842105263158	-0.041541783721470896	0.31672708326759164	0.006268933492537821	0.0023075502475387224	24.3576717376709
23.738	2.5801694915254236	0.23894736842105263	-0.052948280344373384	0.31705253292797364	0.006225147369565082	0.002247791200039127	23.172901153564453
23.738	2.5801694915254236	0.25421052631578944	-0.06670149918724674	0.31740268964312424	0.006017513191825448	0.0019233392603738898	22.118358612060547
23.738	2.5801694915254236	0.2694736842105263	-0.07990962881673952	0.3164374764262831	0.0059620683691787675	0.0018733009398958402	21.26946258544922
23.738	2.5801694915254236	0.2847368421052632	-0.09356142293993387	0.3140585367746397	0.005749865075911244	0.0013451855505438157	20.630802154541016
23.738	2.5801694915254236	0.3	-0.10722789873700596	0.31198843339846727	0.005502213683673784	0.0011541084803313307	20.051681518554688
23.738	2.5903389830508474	0.01	-0.009342003961615332	0.21419981340335004	0.007729422121071857	0.005877279694904416	35.44908142089844
23.738	2.5903389830508474	0.02526315789473684	-0.021639062067084082	0.23292234758303754	0.007390703582775626	0.0056255470109492205	42.09273147583008
23.738	2.5903389830508474	0.04052631578947368	-0.020402861734442487	0.2469907365219413	0.007475854541931528	0.005316819046569718	46.86027908325195
23.738	2.5903389830508474	0.05578947368421053	-0.019766114783411358	0.2559929780034128	0.007433384961351054	0.005097292476122506	41.81430244445801
23.738	2.5903389830508474	0.07105263157894737	-0.020877935682361452	0.2636558628013137	0.0073374366299305965	0.004880778966187851	39.155765533447266
23.738	2.5903389830508474	0.0863157894736842	-0.0195032142483941	0.2721797198826226	0.007337468916264913	0.004596560615325933	37.37178039550781
23.738	2.5903389830508474	0.10157894736842105	-0.018796919245974892	0.2753429210470658	0.00710191318610508	0.004306092625736774	36.01860427856445
23.738	2.5903389830508474	0.11684210526315789	-0.017764563886813908	0.27847857235499635	0.007086856437442454	0.004401578690414926	34.148420333862305
23.738	2.5903389830508474	0.13210526315789473	-0.018277581064395698	0.2793297684056403	0.00709939875159541	0.00425631906044195	32.3885612487793
23.738	2.5903389830508474	0.1473684210526316	-0.018888658865509122	0.2801335190521774	0.006962523202145755	0.0041709460351747624	30.962646484375
23.738	2.5903389830508474	0.16263157894736843	-0.01933040374710482	0.2823432546102061	0.006714506575321546	0.004262861270934405	29.934310913085938
23.738	2.5903389830508474	0.17789473684210527	-0.02123389370621071	0.28510159663759305	0.0067440257935295	0.0041847458137745965	29.13187026977539
23.738	2.5903389830508474	0.1931578947368421	-0.02456809331315484	0.28604158740510627	0.006782600104683981	0.0040750169882824315	28.09695053100586
23.738	2.5903389830508474	0.20842105263157895	-0.030614579278789772	0.28957664185347254	0.006890678867139708	0.0036954163936275593	26.519134521484375
23.738	2.5903389830508474	0.2236842105263158	-0.038887471740826685	0.29103537632581217	0.00664829251499255	0.003337237250677898	25.115047454833984
23.738	2.5903389830508474	0.23894736842105263	-0.04795069311699039	0.2923840703567242	0.006398277665985418	0.0030765478617172954	23.92323875427246
23.738	2.5903389830508474	0.25421052631578944	-0.05934521203190192	0.293062614974681	0.006335130959896976	0.0027923976873058167	22.84506607055664
23.738	2.5903389830508474	0.2694736842105263	-0.07124689390212402	0.29283688734203916	0.006363085506759906	0.002828450847168877	22.001331329345703
23.738	2.5903389830508474	0.2847368421052632	-0.0831117463242337	0.2908775192750199	0.006152976195837778	0.0024063988019436327	21.053998947143555
23.738	2.5903389830508474	0.3	-0.09617408173065639	0.289823651002145	0.0058326268684619036	0.002203750561787513	20.114501953125
23.738	2.600508474576271	0.01	-0.0025636996505782692	0.26732227771112943	0.0074456811884227436	0.0064892699577059265	33.790958404541016
23.738	2.600508474576271	0.02526315789473684	-0.010535741447471148	0.27086549882347016	0.007514816421765446	0.006395408398834633	44.51553726196289
23.738	2.600508474576271	0.04052631578947368	-0.009274931893684035	0.27943820291234434	0.007488271991221408	0.005978586178155443	44.732547760009766
23.738	2.600508474576271	0.05578947368421053	-0.011173383686888038	0.2841635013592638	0.007332924816507014	0.005709923855255828	42.520986557006836
23.738	2.600508474576271	0.07105263157894737	-0.012385216080780144	0.2896315163711296	0.007381486088667009	0.00548736720300364	37.89493179321289
23.738	2.600508474576271	0.0863157894736842	-0.011650265478725547	0.2926107792893634	0.007232052141040333	0.005121446035154048	36.10896682739258
23.738	2.600508474576271	0.10157894736842105	-0.012443111236403692	0.2958922709815414	0.007372364234544114	0.0049622537119527535	34.533931732177734
23.738	2.600508474576271	0.11684210526315789	-0.012411604091663381	0.29847669134510574	0.007322002537858826	0.004861611834727839	32.62553405761719
23.738	2.600508474576271	0.13210526315789473	-0.012801961583623844	0.2988861051585917	0.007198908206902305	0.004987144340808908	30.81201934814453
23.738	2.600508474576271	0.1473684210526316	-0.01318324010643307	0.3006843906562398	0.007344726837601371	0.005097469179706123	29.708324432373047
23.738	2.600508474576271	0.16263157894736843	-0.01440514099249425	0.3025912754822453	0.007467026257637514	0.004868513874422815	28.87262725830078
23.738	2.600508474576271	0.17789473684210527	-0.01731634759948658	0.3060164559741829	0.00699319029832273	0.004615499373566466	27.99454116821289
23.738	2.600508474576271	0.1931578947368421	-0.020905341848580547	0.3073714763874399	0.007052364400089939	0.004545833065356916	26.68537139892578
23.738	2.600508474576271	0.20842105263157895	-0.027186042710988234	0.3092714869434225	0.006873700495885871	0.004507538547592755	25.244108200073242
23.738	2.600508474576271	0.2236842105263158	-0.035232927545754626	0.3105623812431681	0.007011316664535272	0.004265199750195077	23.96367073059082
23.738	2.600508474576271	0.23894736842105263	-0.04597415768888301	0.3113000504054749	0.006628678611538059	0.004064338586046489	22.7780704498291
23.738	2.600508474576271	0.25421052631578944	-0.05841202828681551	0.30994332208290387	0.006736689760701866	0.003751576542283243	21.767616271972656
23.738	2.600508474576271	0.2694736842105263	-0.0711733774823499	0.30824213553366886	0.006526519359441609	0.003772443639474757	20.921045303344727
23.738	2.600508474576271	0.2847368421052632	-0.084436818685512	0.3067360458118625	0.006295325244267034	0.003472764694174882	20.216732025146484
23.738	2.600508474576271	0.3	-0.09733038873237351	0.30336672197782133	0.0062682061251657425	0.003080143731924382	19.501007080078125
23.738	2.610677966101695	0.01	-0.020645818419873497	0.24577394854032114	0.008300753748230286	0.006855442603264615	32.959869384765625
23.738	2.610677966101695	0.02526315789473684	-0.019409784235179202	0.27279237452649197	0.00781439355777983	0.006544686863923401	44.15121841430664
23.738	2.610677966101695	0.04052631578947368	-0.021578047893129074	0.28179571873961623	0.007881082249882952	0.006444709416811346	45.1475830078125
23.738	2.610677966101695	0.05578947368421053	-0.024919161587606896	0.28674999132390755	0.007863638324129483	0.006326140505026665	40.92180824279785
23.738	2.610677966101695	0.07105263157894737	-0.023450026143475786	0.2903812063944347	0.007828463652839259	0.005963899554618434	37.94708824157715
23.738	2.610677966101695	0.0863157894736842	-0.02393027268736006	0.2930468572390087	0.007866510293677992	0.005986179568200056	35.91769790649414
23.738	2.610677966101695	0.10157894736842105	-0.02323356476462818	0.2915660914126934	0.007997762304859265	0.005962988600102713	34.48440933227539
23.738	2.610677966101695	0.11684210526315789	-0.022689296871790658	0.29073707723060266	0.007904276234313647	0.005555548597575276	33.264957427978516
23.738	2.610677966101695	0.13210526315789473	-0.021975373298296696	0.2888021510187686	0.007791054691171067	0.005806220695475225	32.173484802246094
23.738	2.610677966101695	0.1473684210526316	-0.02394827083679489	0.2889284395690483	0.007737111848530361	0.005621926300187205	30.900548934936523
23.738	2.610677966101695	0.16263157894736843	-0.025900218763973457	0.28924348113991094	0.007516701695141221	0.00553823030207574	29.375377655029297
23.738	2.610677966101695	0.17789473684210527	-0.028995557385615895	0.2935136514371517	0.007411815587664785	0.005621860624196338	28.034025192260742
23.738	2.610677966101695	0.1931578947368421	-0.03389149426831155	0.2955503882535534	0.007271901850450349	0.005440335401779129	26.48727035522461
23.738	2.610677966101695	0.20842105263157895	-0.041570760005845114	0.29864642933688934	0.0072947061537721215	0.004969705145157155	24.96257209777832
23.738	2.610677966101695	0.2236842105263158	-0.05141587942013048	0.3000362683035004	0.0070465992856785144	0.0048186894518207814	23.657615661621094
23.738	2.610677966101695	0.23894736842105263	-0.06251365034946703	0.30090567655335543	0.007107898956959807	0.004677882829186113	22.49341583251953
23.738	2.610677966101695	0.25421052631578944	-0.07467368812600507	0.29967559624649254	0.0069255451231070575	0.004587628250615479	21.549251556396484
23.738	2.610677966101695	0.2694736842105263	-0.08727957202342218	0.29755631328470794	0.006749992232205947	0.0044356379576271695	20.763858795166016
23.738	2.610677966101695	0.2847368421052632	-0.10045877411953824	0.2946512733025834	0.006682894696412507	0.004456276096075874	20.145723342895508
23.738	2.610677966101695	0.3	-0.11397202923886196	0.2916448984666154	0.00662590697940742	0.00418865082759513	19.44777488708496
23.738	2.620847457627119	0.01	0.0004688887298880252	0.27809509377911534	0.008851185438075455	0.006653451330660822	33.825439453125
23.738	2.620847457627119	0.02526315789473684	0.0019663096080375937	0.28995092220356533	0.008981551498987748	0.006864037518381009	48.33023452758789
23.738	2.620847457627119	0.04052631578947368	-0.003395849685906002	0.2963767651055057	0.008732248851355174	0.006574904407512964	46.373966217041016
23.738	2.620847457627119	0.05578947368421053	-0.006823788185859601	0.307029607891436	0.008564993969683769	0.006258569156467426	41.24061965942383
23.738	2.620847457627119	0.07105263157894737	-0.008840123778493875	0.30936509772485815	0.008754551701794183	0.006281814168986174	38.5391788482666
23.738	2.620847457627119	0.0863157894736842	-0.00973909396473857	0.3157843472557398	0.008631542186902938	0.005851863732280734	36.49703788757324
23.738	2.620847457627119	0.10157894736842105	-0.009125207846803388	0.318307784398112	0.008576811113759134	0.005682821611446868	34.73317337036133
23.738	2.620847457627119	0.11684210526315789	-0.01165479363157242	0.3194815590702327	0.00824526482071234	0.0057128702416386744	32.76315689086914
23.738	2.620847457627119	0.13210526315789473	-0.011285301740593742	0.3208894477221982	0.008458036441347891	0.005820545834504911	31.27860450744629
23.738	2.620847457627119	0.1473684210526316	-0.01322465370616168	0.32255058852776397	0.008299971179090013	0.005818231375398054	30.429279327392578
23.738	2.620847457627119	0.16263157894736843	-0.01554909552654475	0.32651353781863557	0.008280945185370748	0.005916748666113624	28.86787223815918
23.738	2.620847457627119	0.17789473684210527	-0.02078154539940474	0.32854597663527685	0.00804694328769297	0.005721939517360709	27.224716186523438
23.738	2.620847457627119	0.1931578947368421	-0.027073723860485493	0.33124068752996116	0.008058027674335291	0.005751626385944379	25.558059692382812
23.738	2.620847457627119	0.20842105263157895	-0.037641714498568346	0.3326463317779681	0.007850689699509939	0.005272702665633089	23.986616134643555
23.738	2.620847457627119	0.2236842105263158	-0.04953390401697137	0.33318268416161045	0.00777871804591309	0.0053310472213243774	22.664390563964844
23.738	2.620847457627119	0.23894736842105263	-0.063176851316712	0.33211650835811185	0.007547141972347567	0.005138449493159978	21.530319213867188
23.738	2.620847457627119	0.25421052631578944	-0.07832538493667049	0.3291057756872615	0.007612113898969659	0.00507825561223316	20.58805274963379
23.738	2.620847457627119	0.2694736842105263	-0.09322253802437816	0.3256598508998818	0.007025567190680253	0.0048326342460845335	19.812421798706055
23.738	2.620847457627119	0.2847368421052632	-0.10830212872661868	0.3224149930996688	0.007123193137771981	0.005173392737159197	19.212562561035156
23.738	2.620847457627119	0.3	-0.12337324801082256	0.31842406504052423	0.0069599913738097735	0.0047164942083631495	18.71666145324707
23.738	2.6310169491525426	0.01	-0.009211184412189755	0.26074527017968435	0.009769756563695862	0.0064694314209495524	38.64422607421875
23.738	2.6310169491525426	0.02526315789473684	-0.015185319340460496	0.2840761921499489	0.009768660261010604	0.006268577705767202	48.36432647705078
23.738	2.6310169491525426	0.04052631578947368	-0.014051560566345567	0.2933903458901354	0.009510720768365673	0.0059677152105216515	47.88262367248535
23.738	2.6310169491525426	0.05578947368421053	-0.015750111247367093	0.29874753099739015	0.009392898775049048	0.00604490626492197	41.75569534301758
23.738	2.6310169491525426	0.07105263157894737	-0.014330230261153412	0.2994321663385576	0.009470257361762718	0.005982222411601196	38.37367057800293
23.738	2.6310169491525426	0.0863157894736842	-0.013453195348353961	0.2991280641309849	0.00924074087720544	0.0059732847108987	36.55534744262695
23.738	2.6310169491525426	0.10157894736842105	-0.01339011225814572	0.29666565922247456	0.00930507256619182	0.005827617656234198	34.77715492248535
23.738	2.6310169491525426	0.11684210526315789	-0.01136184056543441	0.29271495049761653	0.009247332958887378	0.00591319151029232	33.755313873291016
23.738	2.6310169491525426	0.13210526315789473	-0.011562713235827842	0.28986742132402077	0.009188683994671383	0.0060276445525359835	32.356563568115234
23.738	2.6310169491525426	0.1473684210526316	-0.011929734610232279	0.2891555977898003	0.009038323573371095	0.005869906739065132	31.21874237060547
23.738	2.6310169491525426	0.16263157894736843	-0.013217806356581065	0.29055427570454007	0.008748506840515424	0.005910332250079488	29.76201629638672
23.738	2.6310169491525426	0.17789473684210527	-0.01734668450694918	0.2950014873935066	0.008793311527429555	0.005713350242493492	28.032485961914062
23.738	2.6310169491525426	0.1931578947368421	-0.024108262057736668	0.29839158895226836	0.008677010648412337	0.005789101926328314	26.351524353027344
23.738	2.6310169491525426	0.20842105263157895	-0.03367947458787279	0.3022494489214075	0.008656777408273713	0.005730100528106432	24.75699234008789
23.738	2.6310169491525426	0.2236842105263158	-0.04356605365642502	0.3047734104616899	0.008376317011001692	0.0055222214692153505	23.486125946044922
23.738	2.6310169491525426	0.23894736842105263	-0.056463419895182984	0.30616949492211964	0.008321696801031307	0.005543914428578763	22.350666046142578
23.738	2.6310169491525426	0.25421052631578944	-0.06979973844313689	0.30516483857170495	0.008226895908192328	0.005334050237086096	21.447284698486328
23.738	2.6310169491525426	0.2694736842105263	-0.08443216786145286	0.3034731087988809	0.00814634753729502	0.0052051653900139095	20.67304229736328
23.738	2.6310169491525426	0.2847368421052632	-0.09824859119726398	0.302273765263181	0.008017634034272119	0.005469163058268899	20.082826614379883
23.738	2.6310169491525426	0.3	-0.11288847614847924	0.2993475682210245	0.007760719924349176	0.00524082843255165	19.573360443115234
23.738	2.641186440677966	0.01	0.009820836886532012	0.24529468781464484	0.010147027627734173	0.005832620302110113	38.367889404296875
23.738	2.641186440677966	0.02526315789473684	0.01737475796765775	0.28043365507536316	0.010049968785564753	0.0058326733684969535	45.72867965698242
23.738	2.641186440677966	0.04052631578947368	0.015785335726581265	0.28811336337183496	0.009729962093505254	0.005580000230257887	45.65616989135742
23.738	2.641186440677966	0.05578947368421053	0.010230515592706081	0.29657018999067464	0.009641980343217522	0.005568896464189848	43.182899475097656
23.738	2.641186440677966	0.07105263157894737	0.009738208747443432	0.3000332818083592	0.009667347055579091	0.005461495180731975	40.09499168395996
23.738	2.641186440677966	0.0863157894736842	0.007385147863872087	0.30367633314103915	0.009755464329776966	0.005720314765719041	35.99919319152832
23.738	2.641186440677966	0.10157894736842105	0.005836420058378682	0.30720292837882046	0.009688858798702446	0.00571769695747971	33.654253005981445
23.738	2.641186440677966	0.11684210526315789	0.004588958992055865	0.30658363633569535	0.009590647017874087	0.005624134618989371	31.719989776611328
23.738	2.641186440677966	0.13210526315789473	0.002496458398766349	0.3060180760939335	0.009597484171215705	0.005847242027954376	30.340835571289062
23.738	2.641186440677966	0.1473684210526316	0.0007228801515363103	0.3051152479686796	0.009506430887493271	0.00568109638175552	29.593408584594727
23.738	2.641186440677966	0.16263157894736843	-0.001521088732895214	0.30583747291977575	0.009382943451346434	0.005563116755712044	29.098825454711914
23.738	2.641186440677966	0.17789473684210527	-0.005464542813414118	0.307956561519176	0.009255947063748026	0.005577045896012248	28.88337516784668
23.738	2.641186440677966	0.1931578947368421	-0.011231763499077802	0.3108704418173538	0.009270310108577248	0.0056545975559000785	27.187881469726562
23.738	2.641186440677966	0.20842105263157895	-0.020576548735839563	0.313225386946818	0.009386236627206085	0.00533241464500487	25.537952423095703
23.738	2.641186440677966	0.2236842105263158	-0.031163560106647448	0.31389130540507115	0.009199635066643234	0.005438487024281026	24.1042423248291
23.738	2.641186440677966	0.23894736842105263	-0.04401036804425089	0.31505269861978674	0.009036864701851277	0.005549985030031502	22.884790420532227
23.738	2.641186440677966	0.25421052631578944	-0.05741296541105398	0.3133640916885845	0.009286667852687943	0.005569710418424039	21.84365463256836
23.738	2.641186440677966	0.2694736842105263	-0.07153514225952234	0.31154714837308634	0.009116605879242626	0.005562791297963694	21.02755355834961
23.738	2.641186440677966	0.2847368421052632	-0.0864743290512298	0.3092164986018935	0.009188131756047779	0.005318594820972479	20.337646484375
23.738	2.641186440677966	0.3	-0.1011494062066039	0.3066510699861943	0.008752344101333121	0.005270824238949402	19.765472412109375
23.738	2.6513559322033897	0.01	-0.015115539149336558	0.26776162712537577	0.01122407601002616	0.005083749588204252	34.34819030761719
23.738	2.6513559322033897	0.02526315789473684	-0.0153888551978247	0.2927309628942639	0.011006848388997275	0.005271983915763875	46.54771423339844
23.738	2.6513559322033897	0.04052631578947368	-0.014557402068175537	0.2985372944170267	0.010729365307106529	0.005219805598658632	45.246517181396484
23.738	2.6513559322033897	0.05578947368421053	-0.01731237632299725	0.30047445805958706	0.010553369697499905	0.005133779930525115	42.07678413391113
23.738	2.6513559322033897	0.07105263157894737	-0.01603643080003737	0.2947273021791633	0.010561791660906036	0.0052851905552152405	38.0994758605957
23.738	2.6513559322033897	0.0863157894736842	-0.013975664044169509	0.2900978517968896	0.010389257948572806	0.005225850533820837	36.6622371673584
23.738	2.6513559322033897	0.10157894736842105	-0.013438562119750107	0.2862051849503759	0.010518309234380494	0.005476891764049403	35.09833908081055
23.738	2.6513559322033897	0.11684210526315789	-0.01187241720258983	0.2804063126229438	0.010333732348009793	0.005349930007835528	32.97305107116699
23.738	2.6513559322033897	0.13210526315789473	-0.01119488481334004	0.27592528130604155	0.010540512390218058	0.005235874553366476	31.46680450439453
23.738	2.6513559322033897	0.1473684210526316	-0.009948335827948416	0.2745721688533741	0.010365339075780626	0.005333054557243403	30.32208824157715
23.738	2.6513559322033897	0.16263157894736843	-0.010817703658403725	0.27488219375187317	0.010082456630905772	0.005214538845631479	29.50779914855957
23.738	2.6513559322033897	0.17789473684210527	-0.012233685755791038	0.27681099372381135	0.010151080925268736	0.005136035675115136	29.11591339111328
23.738	2.6513559322033897	0.1931578947368421	-0.01636345997263599	0.2800001209556303	0.010142113699319569	0.005358431482146852	27.600690841674805
23.738	2.6513559322033897	0.20842105263157895	-0.02297840321540706	0.282814776615904	0.010223283350190116	0.005187339542783076	26.027767181396484
23.738	2.6513559322033897	0.2236842105263158	-0.031129876715094235	0.2855204841257265	0.010182248101030203	0.005166833637588051	24.723949432373047
23.738	2.6513559322033897	0.23894736842105263	-0.0420510916502989	0.2865411472995586	0.010117492737162705	0.005281005563086016	23.494251251220703
23.738	2.6513559322033897	0.25421052631578944	-0.053020077169438	0.2855751646210957	0.010203387886522666	0.005283431890516526	22.520160675048828
23.738	2.6513559322033897	0.2694736842105263	-0.06487559853415213	0.28544939669333425	0.010008812191008895	0.004799616025261872	21.68562889099121
23.738	2.6513559322033897	0.2847368421052632	-0.07714498568277839	0.28393868254476284	0.010043576926037039	0.005061376085937312	20.675621032714844
23.738	2.6513559322033897	0.3	-0.09060753850751814	0.2830974005414101	0.01017638575505819	0.0053092161147795984	19.748668670654297
23.738	2.6615254237288135	0.01	0.0020072075862318656	0.22373460757266	0.011620113239969695	0.004098753702488364	40.6903076171875
23.738	2.6615254237288135	0.02526315789473684	-0.00019467664183400274	0.2670072828012756	0.011509535552814242	0.004046358443225368	49.09202194213867
23.738	2.6615254237288135	0.04052631578947368	-0.003686305874637464	0.279492666314993	0.011514980628835951	0.004192610902351483	44.68408966064453
23.738	2.6615254237288135	0.05578947368421053	-0.004914280766300056	0.28713871438399324	0.011333340634710441	0.0040306991569377965	41.283119201660156
23.738	2.6615254237288135	0.07105263157894737	-0.006924961139614301	0.28972434011480097	0.011312581428374283	0.004102398528807522	38.520586013793945
23.738	2.6615254237288135	0.0863157894736842	-0.0088812795058144	0.29459079929977666	0.011138475132347912	0.0044908009540177065	36.47019577026367
23.738	2.6615254237288135	0.10157894736842105	-0.009430207070337579	0.2976437804379478	0.011111972291485212	0.004402830501160668	33.830989837646484
23.738	2.6615254237288135	0.11684210526315789	-0.010361011872165926	0.29923212743463445	0.011209916184077618	0.0043803333910686785	32.08852577209473
23.738	2.6615254237288135	0.13210526315789473	-0.011668208042257554	0.2984141799724334	0.011009269090925686	0.004348609408603342	30.88329315185547
23.738	2.6615254237288135	0.1473684210526316	-0.012502828663379392	0.2994178099244915	0.011060347917725907	0.004439310168723284	30.214038848876953
23.738	2.6615254237288135	0.16263157894736843	-0.014837810200460082	0.30137970376759654	0.01116144882252957	0.004355220072901289	29.882171630859375
23.738	2.6615254237288135	0.17789473684210527	-0.01929408888221515	0.3035345234349359	0.011154625492063586	0.004240953701580254	28.37591552734375
23.738	2.6615254237288135	0.1931578947368421	-0.024666220870621335	0.30455879926681406	0.01125275929827826	0.004323267006385851	26.861330032348633
23.738	2.6615254237288135	0.20842105263157895	-0.033063127660675325	0.30467364550834003	0.011272818213748401	0.004033963365237997	25.22219467163086
23.738	2.6615254237288135	0.2236842105263158	-0.04327606136062498	0.3057827331836259	0.011252127243787012	0.004123131317790312	23.832094192504883
23.738	2.6615254237288135	0.23894736842105263	-0.0559298674706541	0.3051900407151358	0.011388480812632083	0.003795627638047529	22.51520538330078
23.738	2.6615254237288135	0.25421052631578944	-0.06866610315231723	0.3012639040538526	0.011342406142823926	0.00393416517721672	21.575885772705078
23.738	2.6615254237288135	0.2694736842105263	-0.08229976978294785	0.29861659349044584	0.0111473861782399	0.0037862061051272974	20.7397403717041
23.738	2.6615254237288135	0.2847368421052632	-0.09584312619294154	0.2956385026146829	0.011312130768735237	0.0036651509932635515	20.043315887451172
23.738	2.6615254237288135	0.3	-0.10936282572687715	0.2915040931067133	0.011452177158159483	0.00338020983494792	19.441787719726562
23.738	2.6716949152542373	0.01	-0.016152644694686125	0.2629837915926408	0.012403997736825701	0.0035810024962738963	36.633079528808594
23.738	2.6716949152542373	0.02526315789473684	-0.021221676071528875	0.29928376180844596	0.012430417684353904	0.003502045312294996	41.17959213256836
23.738	2.6716949152542373	0.04052631578947368	-0.01994900961721369	0.30295853717046073	0.012243816123791057	0.003608117691571153	44.135284423828125
23.738	2.6716949152542373	0.05578947368421053	-0.022067399605870265	0.30495144341924607	0.012085263452590459	0.0035520264713948422	40.83192825317383
23.738	2.6716949152542373	0.07105263157894737	-0.02055718046379651	0.30050288427531646	0.012004641520033625	0.0037174615028714286	37.88918876647949
23.738	2.6716949152542373	0.0863157894736842	-0.020814268777351447	0.2982425584884174	0.011628394542120762	0.003523846228458832	36.35559844970703
23.738	2.6716949152542373	0.10157894736842105	-0.019127165596830042	0.29614611215174225	0.011665293021035908	0.0036566394139432162	34.98050498962402
23.738	2.6716949152542373	0.11684210526315789	-0.017600199976833868	0.2927039810990172	0.011652055648177022	0.0036957906292723764	33.19351577758789
23.738	2.6716949152542373	0.13210526315789473	-0.017469567084582846	0.2909912470330672	0.011691184177710645	0.003758709956046509	31.892990112304688
23.738	2.6716949152542373	0.1473684210526316	-0.01718269252534058	0.29160726911022344	0.011799339862508487	0.0036510896998182864	30.695775985717773
23.738	2.6716949152542373	0.16263157894736843	-0.020185015210801547	0.2955961051398807	0.011662430848796012	0.0033991030799675756	29.03139305114746
23.738	2.6716949152542373	0.17789473684210527	-0.02520626611068267	0.3001849029680633	0.012008370954058357	0.0032629208291915005	27.246749877929688
23.738	2.6716949152542373	0.1931578947368421	-0.031390924630859185	0.30355361707093204	0.011889280452905708	0.0029606476532954406	25.651321411132812
23.738	2.6716949152542373	0.20842105263157895	-0.04140149430338145	0.30609538250514834	0.011988943975967881	0.002847784095210421	24.13857650756836
23.738	2.6716949152542373	0.2236842105263158	-0.053067698042988935	0.3059692997702996	0.012146826606176848	0.002446323645311253	22.834747314453125
23.738	2.6716949152542373	0.23894736842105263	-0.06529228838559299	0.3055791131410272	0.012231919836409599	0.0023490509221990134	21.774024963378906
23.738	2.6716949152542373	0.25421052631578944	-0.07993658476558574	0.3029743529725578	0.012098869230754882	0.0020757515187103796	20.901517868041992
23.738	2.6716949152542373	0.2694736842105263	-0.09273453050342448	0.30058973504786757	0.012491865283806206	0.0023384992176904732	20.182771682739258
23.738	2.6716949152542373	0.2847368421052632	-0.1058894724522596	0.29649218405119787	0.012283900224935008	0.001764246045054963	19.623050689697266
23.738	2.6716949152542373	0.3	-0.11973509467233359	0.2933538086139362	0.012237684340631109	0.001532166848897145	19.086576461791992
23.738	2.681864406779661	0.01	-0.0032328525677175635	0.24248311720530016	0.013626596102045124	0.00190066775296594	39.35072326660156
23.738	2.681864406779661	0.02526315789473684	0.001248125347509853	0.26932409690434556	0.013567406889574826	0.0018637492529705326	46.89759063720703
23.738	2.681864406779661	0.04052631578947368	-0.0038272773997989444	0.27838234844729215	0.013290304630735758	0.0018038701027661547	46.466697692871094
23.738	2.681864406779661	0.05578947368421053	-0.006632325983631052	0.2868120283439456	0.013226641435992018	0.0018581661669605184	42.22818374633789
23.738	2.681864406779661	0.07105263157894737	-0.006604353495418982	0.28959065112346083	0.013013614442840717	0.001872734886012994	39.28480911254883
23.738	2.681864406779661	0.0863157894736842	-0.00812805296787359	0.2945789861538906	0.013079188951062005	0.0019058682554037214	36.46122360229492
23.738	2.681864406779661	0.10157894736842105	-0.009700492267489827	0.2965387174364133	0.012822480675069588	0.001695466775550406	34.284114837646484
23.738	2.681864406779661	0.11684210526315789	-0.011229886223787837	0.2979517163300607	0.012819057885960383	0.0018020437087107484	32.98054122924805
23.738	2.681864406779661	0.13210526315789473	-0.013376812724578708	0.29825879817773787	0.012906272002826031	0.0019274298993769239	31.627443313598633
23.738	2.681864406779661	0.1473684210526316	-0.015915635235120355	0.30120452694256344	0.013044791331410385	0.0017869254888524158	31.049488067626953
23.738	2.681864406779661	0.16263157894736843	-0.02047506981294303	0.30642550322819984	0.013027612807016824	0.0014779734726375142	28.931970596313477
23.738	2.681864406779661	0.17789473684210527	-0.02846483093384292	0.31110776298966425	0.013228719416402525	0.0012421989942972248	26.969806671142578
23.738	2.681864406779661	0.1931578947368421	-0.03791697517666605	0.3141078720736148	0.013059435459509324	0.0009567112041090273	25.157939910888672
23.738	2.681864406779661	0.20842105263157895	-0.05056066206633137	0.31502519675632124	0.013026976447234606	0.0004751862220537342	23.65774154663086
23.738	2.681864406779661	0.2236842105263158	-0.06373966888966998	0.31385553053914683	0.013006197487961337	0.00048101545665757666	22.421356201171875
23.738	2.681864406779661	0.23894736842105263	-0.07795316813024722	0.3125714672110893	0.01310803874167912	-4.6240881138157275e-05	21.38225746154785
23.738	2.681864406779661	0.25421052631578944	-0.09261764272558529	0.3108587494432845	0.012986390817334617	-0.00011788660096270418	20.557302474975586
23.738	2.681864406779661	0.2694736842105263	-0.10815871918346992	0.30750998745497554	0.012922684480174956	-0.0008048999809930668	19.87609100341797
23.738	2.681864406779661	0.2847368421052632	-0.12257107143994682	0.3036873578355857	0.01275867251716108	-0.000957690568114456	19.33403205871582
23.738	2.681864406779661	0.3	-0.1367333470075976	0.29882054266344993	0.012889130857416347	-0.0010777658555788158	18.90603256225586
23.738	2.692033898305085	0.01	-0.0009350357740771113	0.2677431100310036	0.013876492923196307	0.00012340185293955246	40.19099426269531
23.738	2.692033898305085	0.02526315789473684	-0.008805603177810841	0.2958194948994765	0.01385445339026586	8.81330611063565e-05	45.38126754760742
23.738	2.692033898305085	0.04052631578947368	-0.009948348601559989	0.2984324923453621	0.01358364799711485	0.00010865596808891137	45.29505920410156
23.738	2.692033898305085	0.05578947368421053	-0.010614864875773783	0.29839449401178864	0.013482953420752588	-0.00011661603311744715	41.65922164916992
23.738	2.692033898305085	0.07105263157894737	-0.010509013637951576	0.29439567333583694	0.013237689227911253	0.0001268832242339742	39.24680709838867
23.738	2.692033898305085	0.0863157894736842	-0.00955042602758234	0.2917648888125557	0.013081361899815465	0.0003325907043494111	36.45928192138672
23.738	2.692033898305085	0.10157894736842105	-0.008928526996479684	0.2896366489983637	0.012698093675856444	0.00012947374882277344	34.0286922454834
23.738	2.692033898305085	0.11684210526315789	-0.007507266465419285	0.2874735712821139	0.012875008775807193	0.00010461193297477492	32.37335968017578
23.738	2.692033898305085	0.13210526315789473	-0.007150594413125268	0.2869711516706749	0.012687583879522249	0.00013895172879519163	31.063068389892578
23.738	2.692033898305085	0.1473684210526316	-0.009356033964531394	0.2913720512495025	0.012732440313885079	-0.00011610675673760941	30.439321517944336
23.738	2.692033898305085	0.16263157894736843	-0.012004828205198879	0.29483347963048134	0.012692733709437076	-0.00036018725130595184	29.23863983154297
23.738	2.692033898305085	0.17789473684210527	-0.018117746073737312	0.3010382667371798	0.012735868831251048	-0.0007958354448306369	27.333126068115234
23.738	2.692033898305085	0.1931578947368421	-0.02748295134244213	0.30412090795606417	0.012552781468241238	-0.001018226225544149	25.64044189453125
23.738	2.692033898305085	0.20842105263157895	-0.03781110079424602	0.3081199152054733	0.012507360939649308	-0.0013592900158877039	24.09389305114746
23.738	2.692033898305085	0.2236842105263158	-0.050930732198943465	0.30847340348425223	0.012325646052756132	-0.0016552691982082196	22.874401092529297
23.738	2.692033898305085	0.23894736842105263	-0.06488899478534568	0.3098617020385273	0.012282761198054428	-0.001962298117295535	21.815380096435547
23.738	2.692033898305085	0.25421052631578944	-0.0792640191374698	0.3083592973636479	0.012055768623446705	-0.0024720792432430206	20.96784782409668
23.738	2.692033898305085	0.2694736842105263	-0.0935377896830302	0.30731837252479965	0.012040364235226055	-0.0025066225751515948	20.259532928466797
23.738	2.692033898305085	0.2847368421052632	-0.10749462385165161	0.304113241315022	0.012086713741691103	-0.003053882986819188	19.743358612060547
23.738	2.692033898305085	0.3	-0.12284340791838827	0.30147279215244926	0.012027975576156067	-0.0033908516411202076	19.28558921813965
23.738	2.7022033898305082	0.01	0.0018514163003617123	0.21118958902744928	0.01417125540223362	-0.0013925913264301905	34.15180587768555
23.738	2.7022033898305082	0.02526315789473684	-0.005484833577337011	0.23372774886167033	0.014077484916710386	-0.0015176197266669029	44.54569625854492
23.738	2.7022033898305082	0.04052631578947368	-0.010009458405782677	0.24042147006186065	0.013784573326633406	-0.00144278463995988	46.81671142578125
23.738	2.7022033898305082	0.05578947368421053	-0.009086632592641808	0.24863196770752408	0.013692090803637556	-0.0013714813413685041	42.69190216064453
23.738	2.7022033898305082	0.07105263157894737	-0.01067824052715066	0.2544780590871631	0.013588344500929385	-0.0012458992084500363	39.748313903808594
23.738	2.7022033898305082	0.0863157894736842	-0.009205422778663729	0.26093115310213827	0.013129395021412126	-0.0011793299292633445	36.49835777282715
23.738	2.7022033898305082	0.10157894736842105	-0.009810546631689353	0.26305874174825516	0.012884256885042265	-0.0010677173350216417	34.13088607788086
23.738	2.7022033898305082	0.11684210526315789	-0.009362573786694268	0.2657670780044377	0.012618573091177244	-0.0011555187527702844	32.42954444885254
23.738	2.7022033898305082	0.13210526315789473	-0.009509323336697307	0.26703524718615035	0.012557754270974981	-0.0010762820238452593	31.093135833740234
23.738	2.7022033898305082	0.1473684210526316	-0.01047590417141184	0.26977380276160634	0.012604831440776905	-0.0012362850638820845	30.33238410949707
23.738	2.7022033898305082	0.16263157894736843	-0.013564810046413522	0.2719503740315978	0.012152921938213617	-0.0013227324913375237	30.025394439697266
23.738	2.7022033898305082	0.17789473684210527	-0.01825659577171279	0.278237344004605	0.012251126523296907	-0.001426707172015746	28.845455169677734
23.738	2.7022033898305082	0.1931578947368421	-0.027054496420848125	0.28108151223202404	0.012260866339893164	-0.001556671871606094	27.040464401245117
23.738	2.7022033898305082	0.20842105263157895	-0.03704510047968752	0.2828955888391397	0.011883873612687147	-0.0021178118400600665	25.34095001220703
23.738	2.7022033898305082	0.2236842105263158	-0.048899841848032005	0.28504126549647313	0.011648110247945072	-0.0025573808990375082	24.011150360107422
23.738	2.7022033898305082	0.23894736842105263	-0.060910633616248225	0.2851346516547967	0.011651722865321873	-0.002772864175926982	22.95724105834961
23.738	2.7022033898305082	0.25421052631578944	-0.07547018288702806	0.28566963279618734	0.011193102564397933	-0.002905327202165818	21.955730438232422
23.738	2.7022033898305082	0.2694736842105263	-0.08816841608156084	0.2836889429108015	0.0112125802231773	-0.0032617725855939345	21.236494064331055
23.738	2.7022033898305082	0.2847368421052632	-0.10152561262026993	0.2824839543990566	0.010825618113203431	-0.003702752771513605	20.645702362060547
23.738	2.7022033898305082	0.3	-0.1149506232791152	0.2800176801080797	0.010740924647563028	-0.004229206592098469	20.12594223022461
23.738	2.712372881355932	0.01	-0.012397392678310469	0.29315671030094526	0.013144576477371979	-0.0041307622103697005	34.21514129638672
23.738	2.712372881355932	0.02526315789473684	-0.020365814041640444	0.2978766839598844	0.013398904727594444	-0.0038866425784651716	41.03412628173828
23.738	2.712372881355932	0.04052631578947368	-0.01750060684381187	0.2979728618890017	0.013074956290654069	-0.00388010741143548	43.943572998046875
23.738	2.712372881355932	0.05578947368421053	-0.016533008814629442	0.2999452018630141	0.012390213924920759	-0.0038695190126321038	42.0886116027832
23.738	2.712372881355932	0.07105263157894737	-0.016292839349087606	0.2925915168118112	0.01207434560008777	-0.003532105381136086	39.057289123535156
23.738	2.712372881355932	0.0863157894736842	-0.01408305302339448	0.2920672734719151	0.011986069724191554	-0.0031565143954952043	35.89006996154785
23.738	2.712372881355932	0.10157894736842105	-0.011900059241277797	0.2907940651372005	0.011326031812600005	-0.002972281750859288	33.35087966918945
23.738	2.712372881355932	0.11684210526315789	-0.01180628474709138	0.29194420946108945	0.011339599682051192	-0.0027417670660028447	31.7659969329834
23.738	2.712372881355932	0.13210526315789473	-0.010342822377116504	0.28954052170578515	0.011099569766693379	-0.002487313190384536	30.444175720214844
23.738	2.712372881355932	0.1473684210526316	-0.010064311054508297	0.2894761231166081	0.011118955120140491	-0.0022748933486663415	29.782730102539062
23.738	2.712372881355932	0.16263157894736843	-0.01306235092351258	0.29274009828972636	0.010998273538383695	-0.0024182477715011578	29.270044326782227
23.738	2.712372881355932	0.17789473684210527	-0.016813616470203453	0.294616369513598	0.010862961824322693	-0.00253647191168328	28.093109130859375
23.738	2.712372881355932	0.1931578947368421	-0.02391150854654208	0.29679247119401164	0.010603914586022186	-0.0026522948558955033	26.28607177734375
23.738	2.712372881355932	0.20842105263157895	-0.03332808916684175	0.29671911932045625	0.010402928810816475	-0.0029093579733461897	24.78765106201172
23.738	2.712372881355932	0.2236842105263158	-0.044625806598422274	0.29622952126077673	0.010195340100216225	-0.0029467498824551092	23.4012451171875
23.738	2.712372881355932	0.23894736842105263	-0.05671361637091489	0.2960898467666464	0.010017862273283506	-0.0035552057131674033	22.341609954833984
23.738	2.712372881355932	0.25421052631578944	-0.06955210244950488	0.29479797048449363	0.00966470795559788	-0.0037998221088584015	21.46966552734375
23.738	2.712372881355932	0.2694736842105263	-0.0831115183475857	0.2919257243466685	0.009708414331138837	-0.0037691160105954133	20.74742889404297
23.738	2.712372881355932	0.2847368421052632	-0.09697019953219033	0.28874905178824906	0.00937148234329862	-0.004225134588419994	20.165695190429688
23.738	2.712372881355932	0.3	-0.1099486773824557	0.2844571408881841	0.009362324693715255	-0.004609552842690703	19.493242263793945
23.738	2.722542372881356	0.01	-0.02658588606773457	0.2777913292004762	0.012261403779625018	-0.004092067588304729	35.94119644165039
23.738	2.722542372881356	0.02526315789473684	-0.028081612474308827	0.28926009061476554	0.011968549389022008	-0.004136090262515735	41.28376770019531
23.738	2.722542372881356	0.04052631578947368	-0.030951653315243792	0.28837932756948637	0.011608539764841306	-0.003924254370866366	41.06211471557617
23.738	2.722542372881356	0.05578947368421053	-0.027744550524768895	0.28900260086018015	0.011058489398621554	-0.0034629099136073527	41.06118392944336
23.738	2.722542372881356	0.07105263157894737	-0.02643429568261319	0.28441324605903373	0.010774329596333301	-0.0029908071470841737	38.38079833984375
23.738	2.722542372881356	0.0863157894736842	-0.0236207165979996	0.28596389073193157	0.01012760188989832	-0.002636416238498575	35.87587356567383
23.738	2.722542372881356	0.10157894736842105	-0.02112489100318464	0.2834790826184185	0.00975764604676187	-0.002299335773874132	33.748313903808594
23.738	2.722542372881356	0.11684210526315789	-0.020316084365909662	0.2818270927072628	0.009792210924054003	-0.001977730632071662	32.315101623535156
23.738	2.722542372881356	0.13210526315789473	-0.020473279136782256	0.28070074960227454	0.009563356389692254	-0.0015177365062950879	31.375102996826172
23.738	2.722542372881356	0.1473684210526316	-0.02157086578157894	0.28123701498258746	0.009304920405186327	-0.001697678216052346	30.852630615234375
23.738	2.722542372881356	0.16263157894736843	-0.02592145350721827	0.28224889174450074	0.009226106023954826	-0.0017957642351316909	29.471452713012695
23.738	2.722542372881356	0.17789473684210527	-0.03266587142792693	0.2848007715714342	0.009223427026183822	-0.001823197818404487	27.422147750854492
23.738	2.722542372881356	0.1931578947368421	-0.042547636434975604	0.2852078127322497	0.009086705078909765	-0.0022011311750898765	25.678922653198242
23.738	2.722542372881356	0.20842105263157895	-0.05297526191228959	0.28509324217417864	0.008814373765956158	-0.0022857372804279	24.208271026611328
23.738	2.722542372881356	0.2236842105263158	-0.0661191232060823	0.28496114636042746	0.008729920640719252	-0.0025102967924536335	23.01244354248047
23.738	2.722542372881356	0.23894736842105263	-0.07728556527676253	0.2827482892466547	0.008520465900391816	-0.00299636868833389	22.049060821533203
23.738	2.722542372881356	0.25421052631578944	-0.09084567871169891	0.2809894960081132	0.0083519733735663	-0.0032269591435638576	21.203956604003906
23.738	2.722542372881356	0.2694736842105263	-0.10349119305130032	0.2768092199603764	0.00816028907344591	-0.0035834312444024356	20.62055015563965
23.738	2.722542372881356	0.2847368421052632	-0.11655003778780595	0.2740121199417779	0.007804068400798709	-0.003873127864296854	20.074657440185547
23.738	2.722542372881356	0.3	-0.13028888460960364	0.2704145369221231	0.008089178176521668	-0.0041716929331029095	19.299739837646484
23.738	2.7327118644067796	0.01	-0.017503735988998178	0.31827229830517967	0.010989112133208318	-0.0036673181842795943	35.12030029296875
23.738	2.7327118644067796	0.02526315789473684	-0.02490015642678619	0.3302543336934872	0.01083419607481545	-0.003570920574750752	41.707977294921875
23.738	2.7327118644067796	0.04052631578947368	-0.020551566760598418	0.334147783316625	0.010369899716100374	-0.0034704335276170934	41.516456604003906
23.738	2.7327118644067796	0.05578947368421053	-0.020526723940468138	0.33529902238533804	0.00981471917858837	-0.0030813669940837236	40.48517990112305
23.738	2.7327118644067796	0.07105263157894737	-0.01855284013280898	0.3288415795950682	0.009346475151248472	-0.002507109494466062	37.77245330810547
23.738	2.7327118644067796	0.0863157894736842	-0.01675157975832254	0.3287359161129685	0.008909102576004701	-0.0022345320982107876	35.41725730895996
23.738	2.7327118644067796	0.10157894736842105	-0.016560165402090855	0.3254324657669755	0.00872836445545662	-0.001714064929191374	33.35306167602539
23.738	2.7327118644067796	0.11684210526315789	-0.01676464758492576	0.32325857283063186	0.008451897014166466	-0.001584347341494285	31.886844635009766
23.738	2.7327118644067796	0.13210526315789473	-0.018552434980840835	0.3218116949653038	0.008450275113651103	-0.0010772561008313792	31.055644989013672
23.738	2.7327118644067796	0.1473684210526316	-0.020641611797429273	0.32277519252137377	0.008479427634816187	-0.0009962159988906342	29.930397033691406
23.738	2.7327118644067796	0.16263157894736843	-0.026083195490456776	0.3240067153795167	0.00827831092668979	-0.0013339147402295869	27.901185989379883
23.738	2.7327118644067796	0.17789473684210527	-0.035756265094197964	0.32604396879659137	0.008239231295697336	-0.001730788528149897	25.98458480834961
23.738	2.7327118644067796	0.1931578947368421	-0.047338830157342984	0.32598801276516276	0.008002589542771027	-0.0018840144358826627	24.23790740966797
23.738	2.7327118644067796	0.20842105263157895	-0.06106552630540924	0.3244578032620411	0.007789914079508313	-0.0020587760638143904	22.899574279785156
23.738	2.7327118644067796	0.2236842105263158	-0.07472227448675645	0.32264861192040567	0.007308700246905924	-0.0026020295563395418	21.732736587524414
23.738	2.7327118644067796	0.23894736842105263	-0.089591417741967	0.31936324506753505	0.007666443407790563	-0.0025491609360753084	20.822681427001953
23.738	2.7327118644067796	0.25421052631578944	-0.10508198895352483	0.317230016798595	0.007333086980863646	-0.0028221535697295205	20.038875579833984
23.738	2.7327118644067796	0.2694736842105263	-0.1199393730903737	0.3124197447134348	0.007100402409334834	-0.003289485798165657	19.47983169555664
23.738	2.7327118644067796	0.2847368421052632	-0.13398890386472864	0.3075145644528957	0.006987378281657927	-0.0037024848046595723	19.036470413208008
23.738	2.7327118644067796	0.3	-0.14886907164785018	0.3014039635745856	0.00685313534301105	-0.0038928255727359983	18.657434463500977
23.738	2.7428813559322034	0.01	-0.025164019808498552	0.23619858548921094	0.009027782993842267	-0.0009809137175591023	39.74853515625
23.738	2.7428813559322034	0.02526315789473684	-0.028451023929146467	0.2559430231427823	0.00849359907039616	-0.000933191362765879	41.38235855102539
23.738	2.7428813559322034	0.04052631578947368	-0.026618713679117494	0.2638211810350467	0.008316351139531086	-0.0009216990653397132	43.362361907958984
23.738	2.7428813559322034	0.05578947368421053	-0.024149164351028735	0.26808238302767795	0.00801391711899861	-0.0009049949103296943	41.132713317871094
23.738	2.7428813559322034	0.07105263157894737	-0.02060324419705462	0.2678287889828276	0.007547620720372768	-0.0006523526361810919	39.06241416931152
23.738	2.7428813559322034	0.0863157894736842	-0.019953005851720846	0.2698269241678845	0.007355350118257991	-0.0002878706472685883	35.64441108703613
23.738	2.7428813559322034	0.10157894736842105	-0.016969848754459026	0.2713030714407537	0.007197602149052032	1.8215728080380288e-05	33.93393325805664
23.738	2.7428813559322034	0.11684210526315789	-0.01697055748828617	0.27158044069017	0.006956268344111335	6.324670361113459e-05	32.28669738769531
23.738	2.7428813559322034	0.13210526315789473	-0.018249637860181793	0.2723722008223475	0.006970775617110591	0.0004148753349581493	31.351829528808594
23.738	2.7428813559322034	0.1473684210526316	-0.020404888217645748	0.2752203876552	0.006879232515466823	0.00025130093400907384	31.16400909423828
23.738	2.7428813559322034	0.16263157894736843	-0.025935806688402185	0.27864459248841916	0.006982985235153231	-1.223341267976872e-05	29.58679962158203
23.738	2.7428813559322034	0.17789473684210527	-0.033988193285084664	0.2841237205971283	0.006799438496026482	-0.00031366193220021873	27.382596969604492
23.738	2.7428813559322034	0.1931578947368421	-0.04549914007670072	0.28680174577281387	0.006763509044984742	-0.00045373647830713554	25.57227325439453
23.738	2.7428813559322034	0.20842105263157895	-0.058206012090651196	0.28842626260053766	0.006664333371808303	-0.0007775145142839631	24.133625030517578
23.738	2.7428813559322034	0.2236842105263158	-0.07157410135526096	0.2906436058263534	0.006615804983019973	-0.0010827208802264303	22.865461349487305
23.738	2.7428813559322034	0.23894736842105263	-0.08589885280250921	0.2903509908760744	0.006302627251554217	-0.0014868243092883743	21.921916961669922
23.738	2.7428813559322034	0.25421052631578944	-0.0992144701923989	0.2893379554997655	0.006312355707356041	-0.0016507892646098895	21.217071533203125
23.738	2.7428813559322034	0.2694736842105263	-0.11416195442277725	0.28712837753355896	0.00628972099103071	-0.0020120510021888445	20.56503677368164
23.738	2.7428813559322034	0.2847368421052632	-0.12760937884293283	0.2848477923102156	0.006069070804857309	-0.002340333300373083	20.024675369262695
23.738	2.7428813559322034	0.3	-0.14196617571797016	0.28088561187159056	0.0058775545788859965	-0.0026647234847229024	19.62898063659668
23.738	2.753050847457627	0.01	-0.0223857161232436	0.24905997405420766	0.008338486560363182	0.002217155336383611	37.24880599975586
23.738	2.753050847457627	0.02526315789473684	-0.02054634780724795	0.2630516655974045	0.007992329844249267	0.002021433621975476	45.8360481262207
23.738	2.753050847457627	0.04052631578947368	-0.017343479615693817	0.27083467119914745	0.007947675805165286	0.001825623794265439	45.90859603881836
23.738	2.753050847457627	0.05578947368421053	-0.017222831083519283	0.2809153339064799	0.007426313866694607	0.0016158075717099324	42.09719276428223
23.738	2.753050847457627	0.07105263157894737	-0.015535230214601384	0.28499871938714566	0.007371427609801757	0.0014118675133843067	38.92063903808594
23.738	2.753050847457627	0.0863157894736842	-0.01472804515528027	0.2905345281521819	0.0073037355061284105	0.0018533249836620554	35.8880615234375
23.738	2.753050847457627	0.10157894736842105	-0.014162614447050727	0.29087517214296676	0.006997403691992634	0.0019358661525840915	33.61943435668945
23.738	2.753050847457627	0.11684210526315789	-0.014685275865704757	0.29248195656631437	0.006656974100213677	0.001873909290119807	32.1546688079834
23.738	2.753050847457627	0.13210526315789473	-0.01581737594118808	0.29229495183620907	0.0068344414323074625	0.0018634831251033114	31.13490104675293
23.738	2.753050847457627	0.1473684210526316	-0.016396432342517663	0.29433563505457433	0.00698843323825642	0.001776916376948435	30.656509399414062
23.738	2.753050847457627	0.16263157894736843	-0.020573764281471833	0.29791174701563067	0.006699933062600152	0.0014212692642075048	30.138978958129883
23.738	2.753050847457627	0.17789473684210527	-0.026348021948653183	0.30082126643519547	0.006837917848703456	0.0016441391905121343	28.242694854736328
23.738	2.753050847457627	0.1931578947368421	-0.03568992794229549	0.30211229727265115	0.006760710658296827	0.000919719246531089	26.402835845947266
23.738	2.753050847457627	0.20842105263157895	-0.047715314044845816	0.3037586731081768	0.006594918787619917	0.0006669993143535178	24.811935424804688
23.738	2.753050847457627	0.2236842105263158	-0.06082397693325352	0.3050389119600816	0.0063173830661113475	0.00021559303530011633	23.423564910888672
23.738	2.753050847457627	0.23894736842105263	-0.07545975850148981	0.3060160339273371	0.006382626454072628	1.0978121110010779e-05	22.297382354736328
23.738	2.753050847457627	0.25421052631578944	-0.08955675028042323	0.3032723722239118	0.006180443170733716	-0.00033707108181610054	21.417768478393555
23.738	2.753050847457627	0.2694736842105263	-0.10498042977509821	0.3020877517482351	0.005934428417045739	-0.0005695138312220502	20.66912269592285
23.738	2.753050847457627	0.2847368421052632	-0.12053799365116202	0.2989271806311937	0.0060975006618586205	-0.0009477599638346933	20.085586547851562
23.738	2.753050847457627	0.3	-0.13521408547116362	0.2955384721738431	0.0057083333201653624	-0.0011755062538127707	19.642990112304688
23.738	2.763220338983051	0.01	-0.019459922205935294	0.17648675346199005	0.007352471086726832	0.0038329561566656173	38.30038833618164
23.738	2.763220338983051	0.02526315789473684	-0.019353570942114175	0.19716918102848857	0.007318500080418056	0.0036714560266489834	45.75737380981445
23.738	2.763220338983051	0.04052631578947368	-0.02162393095372158	0.20760327440138482	0.007058187648738836	0.0033863528657571422	46.499267578125
23.738	2.763220338983051	0.05578947368421053	-0.019487424498576947	0.21589053420127055	0.007103640389238951	0.00320162467642589	41.58302307128906
23.738	2.763220338983051	0.07105263157894737	-0.018730351574406306	0.22496505782134513	0.00684350938519857	0.003156459009128286	37.66457748413086
23.738	2.763220338983051	0.0863157894736842	-0.017163806138209184	0.23078903635633388	0.006553908098485061	0.002817803369408618	35.50650596618652
23.738	2.763220338983051	0.10157894736842105	-0.015911936156423126	0.23570766121857867	0.006671672591682295	0.0029407291564684914	33.18758583068848
23.738	2.763220338983051	0.11684210526315789	-0.015187166238933646	0.2381123226021159	0.006719032827158227	0.002743991789681803	31.599254608154297
23.738	2.763220338983051	0.13210526315789473	-0.015815011392146194	0.2418273975957859	0.006646604917529313	0.0030422921201609513	30.707096099853516
23.738	2.763220338983051	0.1473684210526316	-0.015833793822707457	0.2464611314617073	0.006692419337581126	0.0026782180708404242	30.143888473510742
23.738	2.763220338983051	0.16263157894736843	-0.01724470158867431	0.2518651214531716	0.006798120526559497	0.002691855689958551	30.09360122680664
23.738	2.763220338983051	0.17789473684210527	-0.020562969789056897	0.25539966010126297	0.0064468752028686745	0.0023364655380686693	29.93194580078125
23.738	2.763220338983051	0.1931578947368421	-0.026823241904525875	0.25927314207526864	0.00666889745409117	0.00204081216979574	28.088294982910156
23.738	2.763220338983051	0.20842105263157895	-0.035019766528307336	0.2624775137157274	0.006656433103143173	0.0016632513232227085	26.36894989013672
23.738	2.763220338983051	0.2236842105263158	-0.045038935111983563	0.26365057789823987	0.006370360057570904	0.0013123132697702997	24.978416442871094
23.738	2.763220338983051	0.23894736842105263	-0.057152665888925196	0.2655961938785389	0.006473783072348966	0.0009265011104633897	23.75891876220703
23.738	2.763220338983051	0.25421052631578944	-0.06874107729460774	0.2651229033829644	0.006285315847018144	0.0007908208423540147	22.76174545288086
23.738	2.763220338983051	0.2694736842105263	-0.08133830900944838	0.2635263813961541	0.006085317232433413	0.0003839877535423084	21.955591201782227
23.738	2.763220338983051	0.2847368421052632	-0.0941132175084257	0.2633386288678633	0.005921146311974284	0.00027896803186386126	20.865154266357422
23.738	2.763220338983051	0.3	-0.10684636621022547	0.26024282944485205	0.005607814846720106	-0.00030157937151195104	19.917816162109375
23.738	2.7733898305084743	0.01	-0.020696029944661513	0.23499930870815777	0.007031328862634512	0.005250751379139941	34.527442932128906
23.738	2.7733898305084743	0.02526315789473684	-0.020514119111197132	0.24466757795208652	0.00693666678269768	0.005200208420069639	47.58317565917969
23.738	2.7733898305084743	0.04052631578947368	-0.020022998985717196	0.2563901613049985	0.006880549001115135	0.004755019567130812	45.84406280517578
23.738	2.7733898305084743	0.05578947368421053	-0.021086685280664028	0.2646001701350634	0.0067816095861966425	0.0045970382864697346	44.54787635803223
23.738	2.7733898305084743	0.07105263157894737	-0.021911047320230068	0.2684440170522159	0.006852014224805674	0.004335713063032865	39.16679000854492
23.738	2.7733898305084743	0.0863157894736842	-0.021772353471913565	0.2723298922411438	0.006613145761658184	0.004126637691308006	36.22806167602539
23.738	2.7733898305084743	0.10157894736842105	-0.020108763994374505	0.273189915739679	0.0066915285445024245	0.004169739376232105	34.17192077636719
23.738	2.7733898305084743	0.11684210526315789	-0.021361040535186504	0.2752131160598257	0.006903817618898507	0.004003361709429465	32.888675689697266
23.738	2.7733898305084743	0.13210526315789473	-0.02140349713001119	0.27531982892177953	0.006807387137404938	0.003947561940915602	31.97495460510254
23.738	2.7733898305084743	0.1473684210526316	-0.02250507145271697	0.27888394250592896	0.0068046204127479165	0.0036016156682133673	31.528396606445312
23.738	2.7733898305084743	0.16263157894736843	-0.024843056379715595	0.281186849633816	0.006835983445597101	0.0036195913469153555	30.200138092041016
23.738	2.7733898305084743	0.17789473684210527	-0.030022539078156146	0.28526705280936093	0.006609658486378843	0.003247156814623481	28.318744659423828
23.738	2.7733898305084743	0.1931578947368421	-0.037696267544190094	0.28836519495642515	0.006746271938356402	0.0027953266250353498	26.56476593017578
23.738	2.7733898305084743	0.20842105263157895	-0.04729476820105663	0.2863652644978778	0.006445942517495314	0.0025851515849883173	24.918792724609375
23.738	2.7733898305084743	0.2236842105263158	-0.059944423170629646	0.2856200436429994	0.006389118970545648	0.0020575734817895935	23.51512908935547
23.738	2.7733898305084743	0.23894736842105263	-0.07363217834713058	0.28499198304403106	0.00637590137885961	0.0016667030766313578	22.43096160888672
23.738	2.7733898305084743	0.25421052631578944	-0.08682293053747918	0.2820385460176592	0.0062101567241468186	0.0016741475868591864	21.454307556152344
23.738	2.7733898305084743	0.2694736842105263	-0.10083260664198175	0.2790384277596896	0.0061628310815891076	0.0013426619962739438	20.741291046142578
23.738	2.7733898305084743	0.2847368421052632	-0.11405630316452625	0.275416018062023	0.005883635563124299	0.0012361516444012904	20.13079833984375
23.738	2.7733898305084743	0.3	-0.1289438109987363	0.27143679033706347	0.005734461536152221	0.0007809408819546748	19.252605438232422
23.738	2.7835593220338986	0.01	-0.012116742939962467	0.18653734999915958	0.007603928166846426	0.00604659800842097	32.31855773925781
23.738	2.7835593220338986	0.02526315789473684	-0.019205225063762106	0.2156766978509017	0.007510789379337976	0.005917015741490388	44.69416427612305
23.738	2.7835593220338986	0.04052631578947368	-0.01874984557767813	0.2267384139306136	0.0073595826287749	0.005485214480193684	48.06028747558594
23.738	2.7835593220338986	0.05578947368421053	-0.01959974674953653	0.23217856966443884	0.007425398812620758	0.005376932311907972	41.03647994995117
23.738	2.7835593220338986	0.07105263157894737	-0.0183927553471042	0.2382063665522316	0.007502197466011477	0.005004155036149416	37.54692077636719
23.738	2.7835593220338986	0.0863157894736842	-0.01779310583671758	0.24391809800218112	0.007283458464145276	0.005013740970243917	34.89320755004883
23.738	2.7835593220338986	0.10157894736842105	-0.017761620905475853	0.24710389550237233	0.007352896145995382	0.004675240010819938	32.93570327758789
23.738	2.7835593220338986	0.11684210526315789	-0.01700218997004412	0.2504544529190789	0.007257566692488815	0.004679491598872225	32.02555847167969
23.738	2.7835593220338986	0.13210526315789473	-0.01776469680128094	0.2541905633867233	0.0073205079640968115	0.004537112695688954	31.547651290893555
23.738	2.7835593220338986	0.1473684210526316	-0.019703407159637067	0.25948124453904897	0.0072224896468147705	0.004656823474276001	31.738727569580078
23.738	2.7835593220338986	0.16263157894736843	-0.023365667831263502	0.26547515854024106	0.007013507760134063	0.004319585370164252	29.837493896484375
23.738	2.7835593220338986	0.17789473684210527	-0.0294700983875608	0.27126820400141893	0.006995379658510223	0.0038979530315762156	27.726097106933594
23.738	2.7835593220338986	0.1931578947368421	-0.03840643891967655	0.2739015551513029	0.006763375830032316	0.0035549716639186606	25.892627716064453
23.738	2.7835593220338986	0.20842105263157895	-0.04868833589179111	0.27549394018724727	0.006753458825271598	0.0035592759795012355	24.351547241210938
23.738	2.7835593220338986	0.2236842105263158	-0.061065888916062155	0.27501440370915975	0.006542291272616402	0.0029520486113367586	23.086952209472656
23.738	2.7835593220338986	0.23894736842105263	-0.07373486296777274	0.27413117100738177	0.00654655690309496	0.0027872276186801555	22.094409942626953
23.738	2.7835593220338986	0.25421052631578944	-0.08697889347016471	0.27178440829235767	0.00634871687548198	0.0026259236974485586	21.232646942138672
23.738	2.7835593220338986	0.2694736842105263	-0.09995583058856583	0.2692480366747688	0.006259107144114891	0.002335631437924566	20.60843276977539
23.738	2.7835593220338986	0.2847368421052632	-0.11344554653132428	0.264995950552745	0.006061698669003732	0.0019053675844250958	19.999406814575195
23.738	2.7835593220338986	0.3	-0.12664707832117103	0.26192349666043496	0.0058084266350705155	0.0017083571778675436	19.133176803588867
23.738	2.793728813559322	0.01	-0.015356959623009325	0.251541997091314	0.007788473088867348	0.006319148935773438	33.858863830566406
23.738	2.793728813559322	0.02526315789473684	-0.010532100300029284	0.26736755114461336	0.007900031623644941	0.006344378454416228	48.42666244506836
23.738	2.793728813559322	0.04052631578947368	-0.01173163043494951	0.27354533158043337	0.007943064970091404	0.00582492394864145	46.49673080444336
23.738	2.793728813559322	0.05578947368421053	-0.013565171823572935	0.2771211865035438	0.007655495911236106	0.0057310682474437	42.28971290588379
23.738	2.793728813559322	0.07105263157894737	-0.016007559681563907	0.2785146420401615	0.007760154614788508	0.0054652127384180165	38.185407638549805
23.738	2.793728813559322	0.0863157894736842	-0.014476309254676203	0.27809799042054517	0.007692744547673717	0.005387715412452794	35.75216102600098
23.738	2.793728813559322	0.10157894736842105	-0.015505425263106923	0.27692556458980844	0.007789307136390533	0.005302601922388646	34.11743354797363
23.738	2.793728813559322	0.11684210526315789	-0.01577320015517728	0.2770128390036426	0.007708698762783867	0.005071387273579043	32.788482666015625
23.738	2.793728813559322	0.13210526315789473	-0.01863505072681676	0.279549654135129	0.007586136461671524	0.0049950032897462604	32.243690490722656
23.738	2.793728813559322	0.1473684210526316	-0.0206570697554804	0.2848962161034555	0.007618270481967572	0.004912258287995104	30.83547019958496
23.738	2.793728813559322	0.16263157894736843	-0.028116115376115552	0.28997474553028363	0.007284749537499026	0.004739992123054111	28.587095260620117
23.738	2.793728813559322	0.17789473684210527	-0.03753926940983604	0.294626220669246	0.0073418078532231585	0.00471851289081737	26.459577560424805
23.738	2.793728813559322	0.1931578947368421	-0.0503837414449032	0.2958792943579589	0.007338458432937855	0.004289234673742292	24.648170471191406
23.738	2.793728813559322	0.20842105263157895	-0.06520867298088945	0.29614266860583816	0.006924431394296349	0.004082127055189313	23.20587921142578
23.738	2.793728813559322	0.2236842105263158	-0.0800115642599985	0.2953340057398285	0.00691633006187295	0.0037679671617658205	22.031543731689453
23.738	2.793728813559322	0.23894736842105263	-0.09627477741107734	0.2925625826975278	0.006705043128537006	0.0036265155659199544	21.06462860107422
23.738	2.793728813559322	0.25421052631578944	-0.11149411231283526	0.29032901383762644	0.006383820813536936	0.0032118239678020893	20.333887100219727
23.738	2.793728813559322	0.2694736842105263	-0.1262032978832287	0.2860720489529883	0.006496981967368181	0.003199478792742453	19.786312103271484
23.738	2.793728813559322	0.2847368421052632	-0.14328138855736433	0.2817802345696494	0.006244265369514947	0.0032062511736907938	19.308975219726562
23.738	2.793728813559322	0.3	-0.1579910196394969	0.2772332276920938	0.006084957908384043	0.002773817535138551	18.946115493774414
23.738	2.8038983050847457	0.01	-0.0009356482858613757	0.23267063752912565	0.008771685817642512	0.0064270004904426956	35.190269470214844
23.738	2.8038983050847457	0.02526315789473684	0.0006200167401964216	0.24312339068787076	0.008768104056999402	0.0063143085010336115	46.05451965332031
23.738	2.8038983050847457	0.04052631578947368	-0.003237024782709581	0.2535873923899462	0.008605296405868094	0.006172612914307018	43.360260009765625
23.738	2.8038983050847457	0.05578947368421053	-0.005240995685948879	0.25962441717016194	0.008604709943027318	0.005993273820775628	39.830997467041016
23.738	2.8038983050847457	0.07105263157894737	-0.005380923008713652	0.2606158808032788	0.008432288654720935	0.006039033074794754	36.56095314025879
23.738	2.8038983050847457	0.0863157894736842	-0.0044290899359549	0.2613949610188584	0.008308322682504971	0.005610218696538763	33.82782173156738
23.738	2.8038983050847457	0.10157894736842105	-0.004734454589423032	0.2624057978659849	0.008272175155725127	0.005745432870697183	32.13216590881348
23.738	2.8038983050847457	0.11684210526315789	-0.004085978249400579	0.26173282854943825	0.008185679890080134	0.005524967805742092	30.938581466674805
23.738	2.8038983050847457	0.13210526315789473	-0.005111462954715318	0.26285880508476983	0.008235421088643557	0.005480437970983516	30.42702293395996
23.738	2.8038983050847457	0.1473684210526316	-0.0071898015596338575	0.266521342148296	0.008227667746719156	0.005241842830584103	30.510112762451172
23.738	2.8038983050847457	0.16263157894736843	-0.01220953652247721	0.27139624663697515	0.008073463316519995	0.005445509931011384	30.137989044189453
23.738	2.8038983050847457	0.17789473684210527	-0.019796611761812695	0.2775829247629279	0.007827313226277256	0.004897984404230279	27.83912467956543
23.738	2.8038983050847457	0.1931578947368421	-0.030399200108040706	0.28023773571122534	0.007807011540841558	0.0052589713409513	25.901966094970703
23.738	2.8038983050847457	0.20842105263157895	-0.04328910687207116	0.28365101655591385	0.0075981255323647155	0.005049565098594663	24.274133682250977
23.738	2.8038983050847457	0.2236842105263158	-0.05683939412667334	0.2841317913545364	0.007332822867909525	0.004856581679314596	23.009990692138672
23.738	2.8038983050847457	0.23894736842105263	-0.07170678618627868	0.2851112974808656	0.007303098533817252	0.004469339885202864	21.930505752563477
23.738	2.8038983050847457	0.25421052631578944	-0.08566347751098952	0.28304357212047215	0.00719346525672874	0.004371155809748054	21.150726318359375
23.738	2.8038983050847457	0.2694736842105263	-0.1011165054575009	0.281281749992706	0.007048552477876886	0.0041817946064415515	20.474872589111328
23.738	2.8038983050847457	0.2847368421052632	-0.11596390586946434	0.2797444037115948	0.0067495495555799714	0.004246193360568671	19.9332218170166
23.738	2.8038983050847457	0.3	-0.13151113386865976	0.27652922893881815	0.006819229881322691	0.00374394564802552	19.490966796875
23.738	2.8140677966101695	0.01	5.605820897695152e-05	0.22589961315512674	0.00961051643712125	0.006129518372236225	33.8873176574707
23.738	2.8140677966101695	0.02526315789473684	0.001509820165122122	0.24414157820825677	0.009604301873420977	0.006183350356482473	47.77728271484375
23.738	2.8140677966101695	0.04052631578947368	-0.0014488891434644284	0.2511533957196315	0.009514025628034925	0.005844587877022661	45.791534423828125
23.738	2.8140677966101695	0.05578947368421053	-0.0030096267359448195	0.24944367386435434	0.009358379124917758	0.005951555507949765	39.5528507232666
23.738	2.8140677966101695	0.07105263157894737	-0.0013466250978429654	0.24832164996256353	0.009336738075747471	0.00581655993023111	36.675466537475586
23.738	2.8140677966101695	0.0863157894736842	-0.0030797121938765815	0.24639422613578657	0.00926297401292727	0.005841578671642856	34.260101318359375
23.738	2.8140677966101695	0.10157894736842105	-0.003480202245755966	0.24528727644705361	0.009068133453767453	0.005627683101526902	32.318777084350586
23.738	2.8140677966101695	0.11684210526315789	-0.003290511991709384	0.24342054150969641	0.009092370800719299	0.005603755554663922	30.963117599487305
23.738	2.8140677966101695	0.13210526315789473	-0.004673196563416345	0.24388753535213462	0.009311783060801958	0.005779242514630441	30.004714965820312
23.738	2.8140677966101695	0.1473684210526316	-0.00642173087811054	0.24530277706573358	0.0089635799799448	0.005276653214765682	29.684703826904297
23.738	2.8140677966101695	0.16263157894736843	-0.009936138093263	0.24864077106323573	0.008835310445399066	0.00549324725320826	29.8393497467041
23.738	2.8140677966101695	0.17789473684210527	-0.015793326770227146	0.25408530728402	0.00881134636380422	0.005454201856771129	29.408544540405273
23.738	2.8140677966101695	0.1931578947368421	-0.025264906133407424	0.2570913465549376	0.008866548145546866	0.005481651451106983	27.386728286743164
23.738	2.8140677966101695	0.20842105263157895	-0.03709708637372902	0.25890098133275447	0.008397257023463101	0.0048301415095230275	25.69976806640625
23.738	2.8140677966101695	0.2236842105263158	-0.051010403398436814	0.2603644199032538	0.008283688751836368	0.004972307791398718	24.243831634521484
23.738	2.8140677966101695	0.23894736842105263	-0.0645912382910025	0.26162947177128404	0.008272432277069107	0.004911765526558934	23.07017707824707
23.738	2.8140677966101695	0.25421052631578944	-0.07856260409299254	0.2607953381090007	0.00791130614980455	0.0048093537468456285	22.109506607055664
23.738	2.8140677966101695	0.2694736842105263	-0.09354998592790043	0.2592174317510578	0.007890716381005466	0.00466909489878333	21.384109497070312
23.738	2.8140677966101695	0.2847368421052632	-0.10827001866455949	0.258144394476876	0.007769400154935384	0.004727918450808962	20.809858322143555
23.738	2.8140677966101695	0.3	-0.12380201446670094	0.25520067489881815	0.007873347971312523	0.004485039412801504	19.938796997070312
23.738	2.8242372881355933	0.01	0.0014559812579771339	0.23625603444118803	0.010363707682896297	0.00574511449365743	39.09205627441406
23.738	2.8242372881355933	0.02526315789473684	-0.00610157140966313	0.26348855429344725	0.010256217210356366	0.005575817256235325	46.40679168701172
23.738	2.8242372881355933	0.04052631578947368	-0.007151383977661874	0.26604192844359487	0.010065969964866243	0.005483298410996833	42.47903060913086
23.738	2.8242372881355933	0.05578947368421053	-0.005594198709632302	0.2668855436914629	0.010000639150234648	0.005601047157986992	37.27055740356445
23.738	2.8242372881355933	0.07105263157894737	-0.00835453119610084	0.26520211586847214	0.009811294807943816	0.0055201850799811904	34.771345138549805
23.738	2.8242372881355933	0.0863157894736842	-0.009166766374049947	0.2645248594154727	0.009763263600015785	0.005230391884248067	33.03937530517578
23.738	2.8242372881355933	0.10157894736842105	-0.007281810823643773	0.2612911888656574	0.009751837719940811	0.0054550676353355525	31.468935012817383
23.738	2.8242372881355933	0.11684210526315789	-0.007537645833382573	0.2588036960482033	0.009812228007703669	0.0055390769619006915	30.65903091430664
23.738	2.8242372881355933	0.13210526315789473	-0.006430716519991128	0.2573078008394122	0.009792745246309801	0.005572502270606806	30.252384185791016
23.738	2.8242372881355933	0.1473684210526316	-0.007386107216680929	0.25608553169822557	0.009729011225422047	0.005473990355098886	30.201385498046875
23.738	2.8242372881355933	0.16263157894736843	-0.00989721141299097	0.2581183268741355	0.009601112564919065	0.005400696082838207	30.913681030273438
23.738	2.8242372881355933	0.17789473684210527	-0.014268384860655462	0.26152124646502495	0.009526398848600265	0.005238521540020055	28.928665161132812
23.738	2.8242372881355933	0.1931578947368421	-0.02146377547676249	0.2635574688243359	0.009511921196498265	0.0051484735989864045	26.88433265686035
23.738	2.8242372881355933	0.20842105263157895	-0.03162275649685168	0.2639023169528819	0.0094038821370672	0.005151822791632999	25.37220573425293
23.738	2.8242372881355933	0.2236842105263158	-0.042505566283580876	0.26435680560621744	0.009239491348799136	0.005013748020466567	23.98441505432129
23.738	2.8242372881355933	0.23894736842105263	-0.05515071907684675	0.2638975618415822	0.009209853246419701	0.005005713457721552	22.810436248779297
23.738	2.8242372881355933	0.25421052631578944	-0.06823665919810147	0.26175684987884384	0.009186673591790102	0.0050372642231925864	21.948301315307617
23.738	2.8242372881355933	0.2694736842105263	-0.08116866471109521	0.2591662913580929	0.0089230519544398	0.00487064826063969	21.2347469329834
23.738	2.8242372881355933	0.2847368421052632	-0.0945338410311712	0.25731745809517254	0.008791228948373732	0.004754774581523304	20.2705078125
23.738	2.8242372881355933	0.3	-0.10887656251228767	0.2535311037662369	0.008915006335726403	0.004578409802901332	19.342037200927734
23.738	2.834406779661017	0.01	0.0034105619715402574	0.20459437652926782	0.010821907238121537	0.005080349729372428	36.78990173339844
23.738	2.834406779661017	0.02526315789473684	-0.004748551600626377	0.23390454990102916	0.01082579778764319	0.005100687139765697	47.96260070800781
23.738	2.834406779661017	0.04052631578947368	-0.005132149213007361	0.23650133651926186	0.010674182382595411	0.005094026405840751	44.592010498046875
23.738	2.834406779661017	0.05578947368421053	-0.007271738403490458	0.23836803031398918	0.010763233567800286	0.005054633697200091	39.200653076171875
23.738	2.834406779661017	0.07105263157894737	-0.008813714216995495	0.23433437345313046	0.010663947345389368	0.005193482488281711	36.5422306060791
23.738	2.834406779661017	0.0863157894736842	-0.0064547531116488106	0.23480613229559877	0.010371565974898307	0.005064950931425099	33.733665466308594
23.738	2.834406779661017	0.10157894736842105	-0.00825832924854802	0.23391228670740988	0.010256924550017497	0.004748290840297981	31.943077087402344
23.738	2.834406779661017	0.11684210526315789	-0.008155655164290416	0.23638046109931737	0.010361642551873398	0.005038763303826492	30.90391731262207
23.738	2.834406779661017	0.13210526315789473	-0.010055928725768073	0.23707778477924138	0.01030537439350463	0.0049169923998927	30.568096160888672
23.738	2.834406779661017	0.1473684210526316	-0.011886468012142385	0.24201033818986462	0.010357337933753406	0.004860354795987323	30.97044563293457
23.738	2.834406779661017	0.16263157894736843	-0.016137920192819642	0.24721593904361414	0.01041968070721929	0.0049497063981224654	30.339920043945312
23.738	2.834406779661017	0.17789473684210527	-0.02244098843061811	0.2519985357218764	0.010472606354688517	0.005123852401095894	28.11353302001953
23.738	2.834406779661017	0.1931578947368421	-0.032748798218326054	0.25317002474855305	0.010334715982191534	0.00517683936549544	26.190189361572266
23.738	2.834406779661017	0.20842105263157895	-0.04463330081304272	0.25314622375617246	0.01030897283506606	0.004818776182119809	24.622407913208008
23.738	2.834406779661017	0.2236842105263158	-0.05783632880893252	0.251530849747237	0.01023395597310995	0.0047588594678843665	23.395456314086914
23.738	2.834406779661017	0.23894736842105263	-0.07092763375248629	0.24933010566866567	0.010083840517859962	0.004580694886709714	22.431140899658203
23.738	2.834406779661017	0.25421052631578944	-0.08449447901562629	0.24735566699178393	0.010158113808962102	0.004674539666331292	21.578065872192383
23.738	2.834406779661017	0.2694736842105263	-0.09763063013924445	0.24380078880497727	0.010123402985036837	0.004573778886830844	20.774852752685547
23.738	2.834406779661017	0.2847368421052632	-0.11252436161412083	0.24135647235819613	0.010123482662448684	0.004547544826988693	19.72260093688965
23.738	2.834406779661017	0.3	-0.1260576270837166	0.23645528083582878	0.009966635203592034	0.004356345959155687	18.789966583251953
23.738	2.8445762711864404	0.01	-0.013497662996175885	0.2607952537698414	0.011985916877943738	0.004051507736569376	40.00733184814453
23.738	2.8445762711864404	0.02526315789473684	-0.009441146706464884	0.28365076060720945	0.011785720731137369	0.004196829202071541	47.97423553466797
23.738	2.8445762711864404	0.04052631578947368	-0.012301750601396442	0.29382554536750916	0.011695349272309793	0.00409008710154697	41.89080047607422
23.738	2.8445762711864404	0.05578947368421053	-0.012720355292263582	0.29193269681943634	0.011557125273435484	0.003971228606103552	38.27962112426758
23.738	2.8445762711864404	0.07105263157894737	-0.013194300135078982	0.28917001631869055	0.011661814621226037	0.004027403862135116	35.34393882751465
23.738	2.8445762711864404	0.0863157894736842	-0.013816670042875363	0.2855978735425888	0.011296437336986804	0.004208318732604156	33.62329864501953
23.738	2.8445762711864404	0.10157894736842105	-0.012659375829103543	0.2824987084308087	0.011358875932328323	0.004180506573798837	32.10456848144531
23.738	2.8445762711864404	0.11684210526315789	-0.012418238295886268	0.27959346577573796	0.0113330417987237	0.0041257268549370054	31.693817138671875
23.738	2.8445762711864404	0.13210526315789473	-0.014226714743945358	0.2781112532322505	0.011240360217533012	0.004152379671421822	31.764232635498047
23.738	2.8445762711864404	0.1473684210526316	-0.016415653954482565	0.28081630185449513	0.011330068916381348	0.004096501518697831	30.471994400024414
23.738	2.8445762711864404	0.16263157894736843	-0.02309534681890059	0.285691273363475	0.011499360481733471	0.004028938944657196	28.07940101623535
23.738	2.8445762711864404	0.17789473684210527	-0.033260322938895706	0.2893428446372788	0.011382268377591364	0.0038221281252050674	25.984989166259766
23.738	2.8445762711864404	0.1931578947368421	-0.044185458965526586	0.2882102080716193	0.011460180240309242	0.0039624642491732235	24.275650024414062
23.738	2.8445762711864404	0.20842105263157895	-0.057691362736673725	0.2857716680134088	0.011452639236522073	0.0037988412062856035	22.925724029541016
23.738	2.8445762711864404	0.2236842105263158	-0.07212595218226472	0.28471079623349027	0.0116326970133869	0.0036040949878267305	21.791751861572266
23.738	2.8445762711864404	0.23894736842105263	-0.08635604013175693	0.28087458620549566	0.011531000548082971	0.003591093249670301	20.99150276184082
23.738	2.8445762711864404	0.25421052631578944	-0.10151727317055582	0.2763913109608107	0.011529399284395982	0.003264412946467993	20.2513370513916
23.738	2.8445762711864404	0.2694736842105263	-0.11691167332791941	0.27104505373467597	0.011304612184425664	0.003006267547745063	19.76123046875
23.738	2.8445762711864404	0.2847368421052632	-0.13146512691491502	0.2665328516468862	0.011417866050600658	0.0032708541974683066	19.30542755126953
23.738	2.8445762711864404	0.3	-0.14552096598540326	0.2600707959656772	0.011429801334872963	0.0030527617197590095	18.998960494995117
23.738	2.8547457627118646	0.01	0.005370977290525207	0.18285202796507452	0.012827476343690653	0.002965578402927658	41.6593132019043
23.738	2.8547457627118646	0.02526315789473684	0.0033276466211221295	0.21047453696776008	0.01271167207118756	0.002967180993348203	47.337581634521484
23.738	2.8547457627118646	0.04052631578947368	0.0027047371405412106	0.2135442639182411	0.012391726864319403	0.0029117526144884806	42.348812103271484
23.738	2.8547457627118646	0.05578947368421053	0.003206369830970895	0.2177677059958778	0.012290424596306736	0.002886398892985426	38.174455642700195
23.738	2.8547457627118646	0.07105263157894737	0.0002789988222105293	0.21745575506128323	0.012222032113298305	0.0031644866485195334	34.740726470947266
23.738	2.8547457627118646	0.0863157894736842	-0.0015035160777585703	0.21894821997620112	0.012169057297817896	0.0033296460784087044	32.73760986328125
23.738	2.8547457627118646	0.10157894736842105	-0.002499534278871322	0.22111468601860051	0.0119429332153442	0.002978601155145158	31.231014251708984
23.738	2.8547457627118646	0.11684210526315789	-0.0053057215951809785	0.22395622922112177	0.012213453832326342	0.003098190238758095	30.48931121826172
23.738	2.8547457627118646	0.13210526315789473	-0.0077462325647899965	0.2279334795754861	0.0121201303270465	0.0028395037248416235	30.17770004272461
23.738	2.8547457627118646	0.1473684210526316	-0.012289459046263534	0.23492853800552466	0.012227424956410925	0.002699003806138617	30.90708351135254
23.738	2.8547457627118646	0.16263157894736843	-0.020606137339603918	0.2422178532781712	0.012375975198200204	0.002472880332534684	29.567087173461914
23.738	2.8547457627118646	0.17789473684210527	-0.030842600717285396	0.24852311083156564	0.012407977947235494	0.0024446209698178855	27.330366134643555
23.738	2.8547457627118646	0.1931578947368421	-0.043924801552777976	0.24967902783645962	0.01225577086058693	0.002304754916094506	25.4753475189209
23.738	2.8547457627118646	0.20842105263157895	-0.057676495319749554	0.2506427067626601	0.012317559556667192	0.0019471810678731792	24.030729293823242
23.738	2.8547457627118646	0.2236842105263158	-0.07128577573889305	0.2508485299500318	0.012279265572828681	0.0016425229295129779	22.928802490234375
23.738	2.8547457627118646	0.23894736842105263	-0.08652861352844701	0.25015546679344647	0.012465321231047405	0.0015109889960747036	22.00524139404297
23.738	2.8547457627118646	0.25421052631578944	-0.10172209149574547	0.24833709475352422	0.012466053667946796	0.001154994397172207	21.26199722290039
23.738	2.8547457627118646	0.2694736842105263	-0.11705113392569391	0.2455263909159933	0.012594203912999442	0.0010699282721962494	20.726802825927734
23.738	2.8547457627118646	0.2847368421052632	-0.13160618391628195	0.24299439776540704	0.012685654188430704	0.0009095748002128518	20.26797103881836
23.738	2.8547457627118646	0.3	-0.14634829621892476	0.23971367540559377	0.012658812786923932	0.0006785236060043772	19.557331085205078
23.738	2.864915254237288	0.01	0.004005326217598654	0.24124489488801573	0.013673842595222504	0.0014111226924090653	39.33102035522461
23.738	2.864915254237288	0.02526315789473684	-0.002953792848997381	0.270928791042181	0.013625279717985809	0.0014529628870353418	45.35860824584961
23.738	2.864915254237288	0.04052631578947368	-0.006793792009639227	0.27372102998800074	0.01321411780511508	0.0014410846870963208	42.17961883544922
23.738	2.864915254237288	0.05578947368421053	-0.007990666422929288	0.27549614314214543	0.01339456223570406	0.0014885826284374549	38.74436378479004
23.738	2.864915254237288	0.07105263157894737	-0.008406821599637637	0.2704742754813699	0.013155714383834406	0.0015461529809475403	36.31720733642578
23.738	2.864915254237288	0.0863157894736842	-0.008267412918187646	0.2671429638617935	0.01289859385512523	0.0012998862933906758	34.296844482421875
23.738	2.864915254237288	0.10157894736842105	-0.008079959758522638	0.26373173235844694	0.01282532584670685	0.0015521133245508184	33.01393699645996
23.738	2.864915254237288	0.11684210526315789	-0.008291265273324189	0.259996745495279	0.012935608947732605	0.0015537453985936655	32.06581115722656
23.738	2.864915254237288	0.13210526315789473	-0.00953493267789586	0.2581685565404898	0.013062197218171388	0.0013714780805807493	31.49949836730957
23.738	2.864915254237288	0.1473684210526316	-0.012543168453325428	0.25976757768965886	0.012715255686520238	0.0012093899380523265	31.719985961914062
23.738	2.864915254237288	0.16263157894736843	-0.018675522944876587	0.2632830018103792	0.01297218820487057	0.0012297335929211829	29.662405014038086
23.738	2.864915254237288	0.17789473684210527	-0.028574583503986364	0.26616701804585463	0.01265705179910689	0.0005690814465333183	27.399158477783203
23.738	2.864915254237288	0.1931578947368421	-0.041196821100347086	0.2699265646259224	0.012780992466745817	0.00039453156809363495	25.422744750976562
23.738	2.864915254237288	0.20842105263157895	-0.05600361989653656	0.26824317543778914	0.012678680926600162	1.7024016861675913e-05	23.9814510345459
23.738	2.864915254237288	0.2236842105263158	-0.07077636776711418	0.2678719960122892	0.012850277040214374	-0.00017615164998381535	22.78301239013672
23.738	2.864915254237288	0.23894736842105263	-0.08577841952048956	0.2676442637875909	0.012777421638778527	-0.0006092552629039648	21.82175064086914
23.738	2.864915254237288	0.25421052631578944	-0.10175402812444745	0.2649267748399582	0.012741624184521842	-0.0008397664300415595	21.13289451599121
23.738	2.864915254237288	0.2694736842105263	-0.11823681148733373	0.2631680252358309	0.01289146657677561	-0.0011319776253042174	20.484153747558594
23.738	2.864915254237288	0.2847368421052632	-0.13419386896337743	0.260901588420569	0.012829758253330912	-0.001755733163052622	20.009422302246094
23.738	2.864915254237288	0.3	-0.1484381809745239	0.2569083200595389	0.012868654893101494	-0.0018140259307281715	19.60167694091797
23.738	2.875084745762712	0.01	0.0055673210419100415	0.13568257840852538	0.014273561209513771	-0.00034795377137100344	33.20408630371094
23.738	2.875084745762712	0.02526315789473684	-0.0013439807572084759	0.16368350286538996	0.014100629059499561	-0.00013658678184140882	44.30565643310547
23.738	2.875084745762712	0.04052631578947368	6.0983607856616646e-05	0.1692901928214291	0.013831680328940759	-0.0002888999553057459	42.96853256225586
23.738	2.875084745762712	0.05578947368421053	-0.001611718296460745	0.17560942308955635	0.01355491779475711	-0.00023827568127885633	37.876787185668945
23.738	2.875084745762712	0.07105263157894737	-0.001861949398569699	0.17959261057876796	0.01332198357187804	-0.0001735276621512643	34.9768009185791
23.738	2.875084745762712	0.0863157894736842	-0.0016591816147937745	0.18698152623583372	0.013045173960570767	-0.00024934646334700086	32.719215393066406
23.738	2.875084745762712	0.10157894736842105	-0.0025101958279791854	0.1929533281634598	0.01295156698480508	-0.00012513787716586093	31.35076904296875
23.738	2.875084745762712	0.11684210526315789	-0.002887555511604585	0.19747012028620017	0.012966180041512529	-9.531327041216723e-05	30.16529655456543
23.738	2.875084745762712	0.13210526315789473	-0.004285725053394266	0.20204227442755146	0.012765700188429149	-0.00011246657186305542	30.049287796020508
23.738	2.875084745762712	0.1473684210526316	-0.007391612095201654	0.2077890463455474	0.012796067731033076	-0.00018693887050133908	30.04905891418457
23.738	2.875084745762712	0.16263157894736843	-0.013094718622491147	0.21417643509286385	0.012870011419254406	-0.0002756656521337719	30.711650848388672
23.738	2.875084745762712	0.17789473684210527	-0.020544681320269084	0.21933625741618756	0.012825372169463771	-0.0005606795915805701	29.38690185546875
23.738	2.875084745762712	0.1931578947368421	-0.031049795404204134	0.2225912731107821	0.012819152289603713	-0.0010050208702402788	27.24306869506836
23.738	2.875084745762712	0.20842105263157895	-0.042839315157278415	0.22370810761601045	0.01258405952848192	-0.0012931063813822082	25.77336883544922
23.738	2.875084745762712	0.2236842105263158	-0.05544258028002175	0.22320285961793002	0.012643691620223685	-0.001422728713224251	24.49523162841797
23.738	2.875084745762712	0.23894736842105263	-0.06808520431130842	0.22436781160246783	0.01262904463315399	-0.0021145602636838995	23.47603988647461
23.738	2.875084745762712	0.25421052631578944	-0.08018457020133452	0.2237282649398988	0.012559561132379582	-0.0023023778936323044	22.4930419921875
23.738	2.875084745762712	0.2694736842105263	-0.0947375482653302	0.22223397654199983	0.012600116772969024	-0.002675730416361268	21.222614288330078
23.738	2.875084745762712	0.2847368421052632	-0.10784188749881926	0.22074603347061272	0.012392553449961428	-0.002872448389657502	20.12918472290039
23.738	2.875084745762712	0.3	-0.12185522782298273	0.21710739603219625	0.01206933961102928	-0.0035121203236674367	19.183773040771484
23.738	2.8852542372881356	0.01	-0.007981252570482928	0.2457236247173285	0.014787995443752295	-0.0025693213407255388	36.15974044799805
23.738	2.8852542372881356	0.02526315789473684	-0.018107976057179398	0.2553888988254819	0.01453160969131583	-0.0024168711741556336	43.975608825683594
23.738	2.8852542372881356	0.04052631578947368	-0.01890194060684568	0.2567036397852698	0.014026136646596389	-0.002412764723457142	42.19481658935547
23.738	2.8852542372881356	0.05578947368421053	-0.019695403986004906	0.2576340862070775	0.013672569598841229	-0.0023340379643669103	40.099782943725586
23.738	2.8852542372881356	0.07105263157894737	-0.017774412082833962	0.25399063138622846	0.013357303665147879	-0.0021448169583421026	36.473012924194336
23.738	2.8852542372881356	0.0863157894736842	-0.015012940625054547	0.2533221583101533	0.013073918816665253	-0.001850000867107451	35.0491886138916
23.738	2.8852542372881356	0.10157894736842105	-0.014718453190615195	0.25089669116871505	0.012806533240812205	-0.0016573028911855794	33.79096794128418
23.738	2.8852542372881356	0.11684210526315789	-0.014022368542244455	0.24927931950526389	0.012656909565132879	-0.0015872908948998208	32.7669792175293
23.738	2.8852542372881356	0.13210526315789473	-0.014657900831987878	0.2495466549052492	0.012609818997018806	-0.0014524259971997933	32.50537872314453
23.738	2.8852542372881356	0.1473684210526316	-0.01775875468293798	0.25199396909449456	0.012413477259631576	-0.0016633159819483135	30.85689926147461
23.738	2.8852542372881356	0.16263157894736843	-0.024643592716812983	0.2549473947343567	0.012475087584908288	-0.001987174368821213	28.583110809326172
23.738	2.8852542372881356	0.17789473684210527	-0.034012308029920904	0.25676619291443886	0.012306676861344994	-0.0024327114574929105	26.64319610595703
23.738	2.8852542372881356	0.1931578947368421	-0.04600085874553502	0.25706689216567713	0.012122147950364238	-0.0026835955099126937	24.87531089782715
23.738	2.8852542372881356	0.20842105263157895	-0.05861829024650866	0.2551553776590024	0.011873546591263197	-0.0029451990286954405	23.586742401123047
23.738	2.8852542372881356	0.2236842105263158	-0.07281735696741154	0.25155802900994784	0.011695468053798291	-0.003349321062765028	22.638761520385742
23.738	2.8852542372881356	0.23894736842105263	-0.08602683645584397	0.24924137239436275	0.011462389575566667	-0.0036346382359308546	21.853174209594727
23.738	2.8852542372881356	0.25421052631578944	-0.09876034484885597	0.24604980093799889	0.011463303302874882	-0.0039846051710494285	21.197025299072266
23.738	2.8852542372881356	0.2694736842105263	-0.11433794272462196	0.24154869693237155	0.011175444111207944	-0.00451926222873701	20.46735382080078
23.738	2.8852542372881356	0.2847368421052632	-0.12775784960113756	0.23768196212848441	0.010993981856756433	-0.005062517491306189	19.45836639404297
23.738	2.8852542372881356	0.3	-0.14162768111224466	0.23166310179333238	0.01102438702112953	-0.005398065819665158	18.596416473388672
23.738	2.8954237288135594	0.01	-0.009536922754070833	0.17712666202784233	0.01310294618560897	-0.004667549850276934	36.283119201660156
23.738	2.8954237288135594	0.02526315789473684	-0.010379685518908187	0.18806385353531058	0.012944773506389902	-0.004381756153750664	41.64792251586914
23.738	2.8954237288135594	0.04052631578947368	-0.010440301999053558	0.19755142139773468	0.012528969195047833	-0.0040571919485299975	40.60547637939453
23.738	2.8954237288135594	0.05578947368421053	-0.011004820272032905	0.20927465395098382	0.012191527886536643	-0.0037838021634596765	36.70512008666992
23.738	2.8954237288135594	0.07105263157894737	-0.009206167093135133	0.21007685380660973	0.011734235743712462	-0.003296213005541811	33.93068313598633
23.738	2.8954237288135594	0.0863157894736842	-0.008307359901437715	0.21634162867682458	0.011454879339017097	-0.0030503886845772957	32.24745750427246
23.738	2.8954237288135594	0.10157894736842105	-0.008081099522451816	0.2194659887872752	0.011262233294982249	-0.002664453277677256	31.241064071655273
23.738	2.8954237288135594	0.11684210526315789	-0.009484840508003658	0.2252252815671149	0.011170159311559366	-0.0026070222955976324	30.608430862426758
23.738	2.8954237288135594	0.13210526315789473	-0.01204388639648719	0.22939320499150787	0.01103530653993677	-0.0024071117433069056	30.885950088500977
23.738	2.8954237288135594	0.1473684210526316	-0.01809253883307143	0.23357171513213554	0.01108015292235974	-0.002412755945006899	30.963558197021484
23.738	2.8954237288135594	0.16263157894736843	-0.02677974742596311	0.23722571529521383	0.010633236034910407	-0.0027807983716418303	28.4722900390625
23.738	2.8954237288135594	0.17789473684210527	-0.0385224634721006	0.23923266942962665	0.010697618639388347	-0.0031079635010844483	26.356088638305664
23.738	2.8954237288135594	0.1931578947368421	-0.050624775485608405	0.23952940809912573	0.01047730127079312	-0.0033694545062229867	24.715618133544922
23.738	2.8954237288135594	0.20842105263157895	-0.06276773496135853	0.23755181127716382	0.010054819020160075	-0.0036857778514826503	23.552635192871094
23.738	2.8954237288135594	0.2236842105263158	-0.07572393917895928	0.23543143372287734	0.010019291706247971	-0.0041652694437556564	22.67698097229004
23.738	2.8954237288135594	0.23894736842105263	-0.0888903214171214	0.23303708380605412	0.009793571474144669	-0.004363255649195462	21.92836570739746
23.738	2.8954237288135594	0.25421052631578944	-0.1011103144771105	0.2300695062794754	0.009677751378332475	-0.004754374911553417	21.332815170288086
23.738	2.8954237288135594	0.2694736842105263	-0.11314669987593426	0.22687040683864923	0.00958325328947628	-0.004986152638329692	20.59400177001953
23.738	2.8954237288135594	0.2847368421052632	-0.12700320514887176	0.22253003738985383	0.00954041975246743	-0.005906782121846369	19.615882873535156
23.738	2.8954237288135594	0.3	-0.13885451099755436	0.21791106445081176	0.009093409549497456	-0.00619073873454861	18.771522521972656
23.738	2.905593220338983	0.01	-0.025330689464828093	0.29779312965757787	0.012640603347196286	-0.005605517739622394	37.279170989990234
23.738	2.905593220338983	0.02526315789473684	-0.02596952484628811	0.30852664493439796	0.012267330669370986	-0.005350651885255015	41.1667366027832
23.738	2.905593220338983	0.04052631578947368	-0.021159779910805365	0.3024067312799962	0.011616354273400397	-0.005187498549893792	40.23273468017578
23.738	2.905593220338983	0.05578947368421053	-0.021354828887262114	0.29697386601482145	0.011021467512920881	-0.00456076019376995	37.901397705078125
23.738	2.905593220338983	0.07105263157894737	-0.018245194141046812	0.28414677168337954	0.01052504874388609	-0.00416137877777872	36.5124626159668
23.738	2.905593220338983	0.0863157894736842	-0.016756908179890763	0.27884694090924333	0.010182594881087432	-0.0033548414961088145	34.40203285217285
23.738	2.905593220338983	0.10157894736842105	-0.016416146260384883	0.27125676326566495	0.009787756853103697	-0.00276952804163234	33.047725677490234
23.738	2.905593220338983	0.11684210526315789	-0.018433279658014938	0.26928099546772766	0.009419992359653039	-0.0027865459368974347	32.05734634399414
23.738	2.905593220338983	0.13210526315789473	-0.024266145271922432	0.26848371146558747	0.00940806963353643	-0.002656236412213455	31.499338150024414
23.738	2.905593220338983	0.1473684210526316	-0.032400385239980393	0.2704960353687692	0.009253385955715105	-0.0026608172715146296	28.739513397216797
23.738	2.905593220338983	0.16263157894736843	-0.043969768877090365	0.2713610887506575	0.009188211844756811	-0.00309710408963955	26.420883178710938
23.738	2.905593220338983	0.17789473684210527	-0.05928807168728248	0.27191855758219663	0.008744704029974657	-0.003341932816224506	24.647010803222656
23.738	2.905593220338983	0.1931578947368421	-0.07465098494193095	0.2706823182271391	0.008517741345671565	-0.0035333963531491343	23.276845932006836
23.738	2.905593220338983	0.20842105263157895	-0.09031169604039331	0.26800989266276065	0.008231905136157618	-0.0037477565523920823	22.20119857788086
23.738	2.905593220338983	0.2236842105263158	-0.10542870018160483	0.2655697690302104	0.008185161479207186	-0.004146500844168852	21.43575096130371
23.738	2.905593220338983	0.23894736842105263	-0.12106249792030596	0.2620693456826328	0.0080697882982463	-0.004556342478232772	20.752735137939453
23.738	2.905593220338983	0.25421052631578944	-0.13643696644774927	0.2573977692715769	0.007768026076082138	-0.0049508459124427	20.31767463684082
23.738	2.905593220338983	0.2694736842105263	-0.15200196138083288	0.2539774903992137	0.007701093660381944	-0.005239046804685386	19.881240844726562
23.738	2.905593220338983	0.2847368421052632	-0.16665377192201436	0.24757021654541214	0.007540641002991982	-0.0058012159150232475	19.60136604309082
23.738	2.905593220338983	0.3	-0.1814859570638729	0.24276722136592335	0.007309664541463604	-0.0063286135421467184	18.9990234375
23.738	2.9157627118644065	0.01	-0.020124129181047314	0.19282644255464426	0.010340753744895802	-0.004003298630133007	38.61955642700195
23.738	2.9157627118644065	0.02526315789473684	-0.019311190957399055	0.20954835210488357	0.009869871622737399	-0.0038910284084781527	42.701133728027344
23.738	2.9157627118644065	0.04052631578947368	-0.017954231614442512	0.215354523998957	0.009266786716378938	-0.0038007639942451675	41.31886100769043
23.738	2.9157627118644065	0.05578947368421053	-0.015358018838981493	0.22119171482483488	0.008830265838639502	-0.0033253405733371993	36.27392768859863
23.738	2.9157627118644065	0.07105263157894737	-0.013244417608314522	0.22129051024678031	0.008571300638266005	-0.002473498083599735	33.60966873168945
23.738	2.9157627118644065	0.0863157894736842	-0.012978167788862176	0.2232806346432762	0.008234948488222767	-0.0018450939887766802	31.669700622558594
23.738	2.9157627118644065	0.10157894736842105	-0.013062770316115888	0.2239461466888205	0.007992579040387512	-0.0017095396166208112	30.735862731933594
23.738	2.9157627118644065	0.11684210526315789	-0.013512667300107386	0.22465582324056232	0.007584769781806071	-0.0013752655334481516	29.958158493041992
23.738	2.9157627118644065	0.13210526315789473	-0.01647661720439101	0.22718265966382828	0.00789373907536738	-0.0012855038780864407	29.957839965820312
23.738	2.9157627118644065	0.1473684210526316	-0.022758936065149112	0.23227734428933844	0.007881923571198197	-0.001355348869327884	30.540191650390625
23.738	2.9157627118644065	0.16263157894736843	-0.03229869530109524	0.23569116509160096	0.007804207520643244	-0.0018356576954775528	29.07973861694336
23.738	2.9157627118644065	0.17789473684210527	-0.044422329964389315	0.239390630592141	0.0074439161433974416	-0.002419969745272609	26.857118606567383
23.738	2.9157627118644065	0.1931578947368421	-0.05844827732284856	0.2401272274931108	0.007569256117245037	-0.0024667001499613355	25.174840927124023
23.738	2.9157627118644065	0.20842105263157895	-0.07273145357245261	0.24098689736698153	0.00731587954589989	-0.003128444346220289	23.865875244140625
23.738	2.9157627118644065	0.2236842105263158	-0.08647831838676384	0.2431855026995051	0.007329630004823201	-0.0030481841346185227	22.825410842895508
23.738	2.9157627118644065	0.23894736842105263	-0.10040487229922462	0.24302344754238012	0.007145996728995867	-0.003307508270080246	22.069156646728516
23.738	2.9157627118644065	0.25421052631578944	-0.11408245591079491	0.24087916256526815	0.006996886044791876	-0.0038508374801420105	21.492151260375977
23.738	2.9157627118644065	0.2694736842105263	-0.1285409101393833	0.2388398934067097	0.006819056201922913	-0.0042265759119725545	20.995166778564453
23.738	2.9157627118644065	0.2847368421052632	-0.14269458675605348	0.23612005022275345	0.006654206037938355	-0.004573578906192082	20.5001277923584
23.738	2.9157627118644065	0.3	-0.15713984446861834	0.23220187503845496	0.00645767873739597	-0.005328324772694808	19.653226852416992
23.738	2.9259322033898307	0.01	-0.024376172593618357	0.215502656288455	0.009320503797615587	-0.0012760884124371412	36.406009674072266
23.738	2.9259322033898307	0.02526315789473684	-0.020609904141527326	0.23761261304914205	0.009070932946800978	-0.0012566095917738536	42.901424407958984
23.738	2.9259322033898307	0.04052631578947368	-0.02117603327620423	0.24130089974730362	0.008490178170601579	-0.001213729714859182	42.92694091796875
23.738	2.9259322033898307	0.05578947368421053	-0.01796615626204407	0.24213393426268448	0.008156954368102015	-0.0008843585426028943	39.46121788024902
23.738	2.9259322033898307	0.07105263157894737	-0.01724544502336181	0.23599442907377235	0.007839846469656912	-0.0006019189280004134	36.36477851867676
23.738	2.9259322033898307	0.0863157894736842	-0.01834515622591249	0.23485524025397464	0.007373899333983615	-0.0004654762500927683	34.00610160827637
23.738	2.9259322033898307	0.10157894736842105	-0.01935346266960375	0.23075985055999915	0.007255610200009811	-0.0004885365143956655	32.43879699707031
23.738	2.9259322033898307	0.11684210526315789	-0.02116493666085996	0.22775092001772573	0.007084593400141724	-0.00022173513331944352	31.363933563232422
23.738	2.9259322033898307	0.13210526315789473	-0.02350892582449712	0.2291219978383844	0.007284656481689068	-3.678284789377219e-06	30.906875610351562
23.738	2.9259322033898307	0.1473684210526316	-0.028384837503615996	0.23245961780428043	0.007254278777519684	-0.00016883849564033488	30.996435165405273
23.738	2.9259322033898307	0.16263157894736843	-0.03529645823762014	0.23505082220884777	0.007159726304336399	-0.0004034986154899819	29.775104522705078
23.738	2.9259322033898307	0.17789473684210527	-0.04741504588754271	0.23920824353490378	0.006964913704215498	-0.001014739862243307	27.550579071044922
23.738	2.9259322033898307	0.1931578947368421	-0.06014158749083965	0.23922963018185314	0.006813402778644875	-0.0012901385102889716	25.80377960205078
23.738	2.9259322033898307	0.20842105263157895	-0.07477554872228744	0.23976593109900918	0.006685820121179114	-0.0016536637171907591	24.3990421295166
23.738	2.9259322033898307	0.2236842105263158	-0.08977153848453406	0.2400444902398702	0.006646833925258393	-0.0020845396348109302	23.298900604248047
23.738	2.9259322033898307	0.23894736842105263	-0.10418563333140668	0.23961285919372108	0.006441367765289757	-0.002174151168432721	22.431167602539062
23.738	2.9259322033898307	0.25421052631578944	-0.11955017697827178	0.23785897154461944	0.006288754331687958	-0.0027265903422035546	21.7392635345459
23.738	2.9259322033898307	0.2694736842105263	-0.13525880222960576	0.23696578282971137	0.0063793541334757784	-0.0031732766154372654	21.111255645751953
23.738	2.9259322033898307	0.2847368421052632	-0.14980376198019557	0.23239286333863218	0.006241491921462835	-0.0031202172097614276	20.13339614868164
23.738	2.9259322033898307	0.3	-0.16475482047813556	0.22945453750286474	0.006610405908793648	-0.0033610799157032393	19.334545135498047
23.738	2.936101694915254	0.01	-0.01879202216387741	0.12284030218824132	0.007926359673522012	0.0016899696949169527	41.52638626098633
23.738	2.936101694915254	0.02526315789473684	-0.02450484262622697	0.1456398606222718	0.0078063274020994215	0.0013529339277683875	44.796630859375
23.738	2.936101694915254	0.04052631578947368	-0.02497429029859407	0.16604469194231913	0.00731485494439409	0.001237062870640452	41.57978057861328
23.738	2.936101694915254	0.05578947368421053	-0.023389154322974295	0.1800509972740327	0.007237220334221028	0.0014029922699064124	38.04403114318848
23.738	2.936101694915254	0.07105263157894737	-0.022387831681005572	0.18840708865415196	0.006780152605198808	0.0012455513898713816	35.31953048706055
23.738	2.936101694915254	0.0863157894736842	-0.02103476990746966	0.19576165571293402	0.0068800843298597635	0.001516285696945988	33.33712196350098
23.738	2.936101694915254	0.10157894736842105	-0.020098350268611374	0.19877497698124974	0.006562885325198578	0.0014149789286019296	32.01604652404785
23.738	2.936101694915254	0.11684210526315789	-0.019470719673202526	0.20305479824327521	0.006784300880750665	0.0015300655289191562	31.5886173248291
23.738	2.936101694915254	0.13210526315789473	-0.021200865064359118	0.20569884151830067	0.006769117318338767	0.0014715912353195798	31.319305419921875
23.738	2.936101694915254	0.1473684210526316	-0.024205605162908633	0.21132844134829087	0.006644397242281922	0.0013503525866902385	32.03957557678223
23.738	2.936101694915254	0.16263157894736843	-0.02869578994684419	0.213387948718286	0.006759293691630849	0.000682236547264406	30.824045181274414
23.738	2.936101694915254	0.17789473684210527	-0.03793449682882313	0.21763132293378867	0.006711183849712218	0.0003186950626613568	28.516826629638672
23.738	2.936101694915254	0.1931578947368421	-0.04826324521920727	0.21892597791445434	0.006752093841388227	0.00023171981846386103	26.67378044128418
23.738	2.936101694915254	0.20842105263157895	-0.060022692242203315	0.2191733935502037	0.006555966287834307	-0.000666528040609432	25.21768569946289
23.738	2.936101694915254	0.2236842105263158	-0.07270496113835437	0.21879146545609213	0.006639937037817873	-0.000977109232634415	24.03489875793457
23.738	2.936101694915254	0.23894736842105263	-0.08425255926686778	0.21913161256107497	0.006393366129196949	-0.0013833618691376829	23.1904354095459
23.738	2.936101694915254	0.25421052631578944	-0.0964165883340754	0.2163943764166172	0.006216162711550793	-0.0015062162884065316	22.239246368408203
23.738	2.936101694915254	0.2694736842105263	-0.1104928960294344	0.2150908682373549	0.005998599983920655	-0.002016284991849344	20.934362411499023
23.738	2.936101694915254	0.2847368421052632	-0.12256464411130562	0.21223980435534684	0.0058984820802813216	-0.0024677540337948735	19.907495498657227
23.738	2.936101694915254	0.3	-0.1363173124622406	0.2089394724498626	0.005654720678192169	-0.0029980495443383834	19.01628875732422
23.738	2.9462711864406783	0.01	-0.01062270377388613	0.14227596880301197	0.007801354068121945	0.003743361586158616	34.567420959472656
23.738	2.9462711864406783	0.02526315789473684	-0.013338148419468603	0.1575306981179956	0.007704481607559201	0.003679635216168582	47.369693756103516
23.738	2.9462711864406783	0.04052631578947368	-0.01446466428479453	0.17138843828179867	0.007385947206847429	0.0035781091091286465	43.727760314941406
23.738	2.9462711864406783	0.05578947368421053	-0.017972647969334326	0.18206975155808952	0.0073124873926314945	0.0030203780378200385	39.636146545410156
23.738	2.9462711864406783	0.07105263157894737	-0.0190934785050852	0.18599276182139743	0.007137332988157134	0.002805259932520813	36.45477867126465
23.738	2.9462711864406783	0.0863157894736842	-0.01985318244213985	0.19356187928633534	0.00707687425870918	0.0027605229322765707	33.97857856750488
23.738	2.9462711864406783	0.10157894736842105	-0.021134985359503915	0.19762922020183804	0.00694763686356839	0.002841090459356649	32.741506576538086
23.738	2.9462711864406783	0.11684210526315789	-0.02229643756104458	0.20343846464463652	0.006924964802109224	0.0026456080177250387	32.08000183105469
23.738	2.9462711864406783	0.13210526315789473	-0.024796007976248605	0.20872180327541728	0.006869261282605656	0.002265088674026399	32.03573226928711
23.738	2.9462711864406783	0.1473684210526316	-0.029020055238935853	0.21592338680174739	0.006817652095802051	0.0022049825572933615	31.50100326538086
23.738	2.9462711864406783	0.16263157894736843	-0.03522548847350826	0.21946032456007392	0.006794125512775074	0.001859050825248513	29.24770164489746
23.738	2.9462711864406783	0.17789473684210527	-0.04554466851505985	0.2225381273671666	0.006708293750367163	0.0012952166440184654	27.30160140991211
23.738	2.9462711864406783	0.1931578947368421	-0.057948391134697706	0.22199094066281405	0.0064586199341307654	0.0008995712782235601	25.62289810180664
23.738	2.9462711864406783	0.20842105263157895	-0.0704424589108691	0.2211267560305309	0.006139308661534084	0.00042269706461422454	24.351343154907227
23.738	2.9462711864406783	0.2236842105263158	-0.08350846008985721	0.220257646398329	0.006251905000618889	0.0002565631558793461	23.316457748413086
23.738	2.9462711864406783	0.23894736842105263	-0.09717732257359579	0.21735833796220572	0.005995428487853387	-0.0002007211708640656	22.585878372192383
23.738	2.9462711864406783	0.25421052631578944	-0.11030684145444662	0.21484937233309284	0.005836373301162236	-0.0006102108722583156	21.511688232421875
23.738	2.9462711864406783	0.2694736842105263	-0.12374381287545322	0.21140092322618942	0.005555309787955346	-0.001131356879127059	20.352840423583984
23.738	2.9462711864406783	0.2847368421052632	-0.13750662593692903	0.20645769061536767	0.005671557985956454	-0.0014805484747978958	19.396146774291992
23.738	2.9462711864406783	0.3	-0.15103918244158043	0.20261568727380724	0.005533517644380537	-0.0016398333630167749	18.55439567565918
23.738	2.9564406779661017	0.01	-0.006262022019198747	0.16766179939566137	0.007460041817059214	0.0048770545983652614	37.579776763916016
23.738	2.9564406779661017	0.02526315789473684	-0.012613234896978947	0.17920381286947018	0.007242615471979482	0.00469559230214237	47.8357048034668
23.738	2.9564406779661017	0.04052631578947368	-0.017870829598631073	0.19751908474215896	0.007153170512585169	0.00437303962148782	42.2205810546875
23.738	2.9564406779661017	0.05578947368421053	-0.017797213391985117	0.20867300846228035	0.0070626151235517725	0.0043286142333736465	38.64588165283203
23.738	2.9564406779661017	0.07105263157894737	-0.019403986089532962	0.21360509363483715	0.006739045698170054	0.0037790941119519826	35.60515594482422
23.738	2.9564406779661017	0.0863157894736842	-0.01689157838463438	0.21508372068602488	0.006962953442099939	0.0037905217207944803	34.059017181396484
23.738	2.9564406779661017	0.10157894736842105	-0.018278277881515183	0.2172781441185282	0.007115252545438231	0.0038383679054847953	32.59733200073242
23.738	2.9564406779661017	0.11684210526315789	-0.01841524079286211	0.21901183744476962	0.007081318612560075	0.0035452597865848557	32.57808494567871
23.738	2.9564406779661017	0.13210526315789473	-0.02022394598408711	0.22388949490871027	0.006919371153657391	0.0033850570764708283	32.96784973144531
23.738	2.9564406779661017	0.1473684210526316	-0.026025443383894085	0.2289769681521852	0.006883938414415877	0.0029067355043163002	30.48480224609375
23.738	2.9564406779661017	0.16263157894736843	-0.03371323258563054	0.23287716828074057	0.006828130506932335	0.002806682342875416	28.285900115966797
23.738	2.9564406779661017	0.17789473684210527	-0.04463355384161711	0.23527438475682733	0.00628772349622898	0.002169413647302558	26.27885627746582
23.738	2.9564406779661017	0.1931578947368421	-0.05687544376860511	0.2344619642252772	0.0064677092655759955	0.0018630547566653903	24.819007873535156
23.738	2.9564406779661017	0.20842105263157895	-0.06874672450862179	0.23264547735935104	0.0061874654231036785	0.0015400354964884427	23.591398239135742
23.738	2.9564406779661017	0.2236842105263158	-0.08129035991003768	0.23200555309989582	0.006105896088378759	0.0012924185848322198	22.750755310058594
23.738	2.9564406779661017	0.23894736842105263	-0.09501922048946876	0.2296995565887643	0.005863318231390115	0.0008652386630063386	22.0235595703125
23.738	2.9564406779661017	0.25421052631578944	-0.10825336233779446	0.22678670319885702	0.005603342270446265	0.0005341601525077123	21.477359771728516
23.738	2.9564406779661017	0.2694736842105263	-0.12130707099741292	0.22300696145025406	0.005348066454032239	-2.0794511965335866e-05	20.62364959716797
23.738	2.9564406779661017	0.2847368421052632	-0.1345139618621203	0.21889384570405698	0.005341185582007897	-0.0003215896223080684	19.60477066040039
23.738	2.9564406779661017	0.3	-0.1487906831186839	0.21315558231708104	0.0050955851947057495	-0.000810032575497928	18.79524803161621
23.738	2.9666101694915255	0.01	-0.0005718129557199735	0.15815115249988138	0.007879619025201191	0.005535841472113936	36.02827835083008
23.738	2.9666101694915255	0.02526315789473684	0.0010589162554633074	0.17663412628186964	0.007721418205234144	0.0051114470245610805	48.22123336791992
23.738	2.9666101694915255	0.04052631578947368	-0.00364301568163771	0.1838084873840367	0.007635664611713066	0.004848524268587378	42.6410026550293
23.738	2.9666101694915255	0.05578947368421053	-0.0070234664276822255	0.189265157780998	0.00774932630085884	0.004728459654991056	39.0586051940918
23.738	2.9666101694915255	0.07105263157894737	-0.008809068475721663	0.1887881460929444	0.00766592836713974	0.004404840539946997	35.298696517944336
23.738	2.9666101694915255	0.0863157894736842	-0.010340095637439817	0.1894083501318088	0.007973597936553792	0.0044921634087864756	33.259681701660156
23.738	2.9666101694915255	0.10157894736842105	-0.013308649091123668	0.19316281951159142	0.007389094487073722	0.004008540873654755	31.887126922607422
23.738	2.9666101694915255	0.11684210526315789	-0.015837459592222304	0.19703099406450886	0.007601088860313297	0.003964186950360062	31.408334732055664
23.738	2.9666101694915255	0.13210526315789473	-0.018821794407341247	0.20331745081402147	0.007351285154017331	0.003859664409115135	31.371089935302734
23.738	2.9666101694915255	0.1473684210526316	-0.025393930690262086	0.2099355422780641	0.007266482772896509	0.0036132760081881094	31.788227081298828
23.738	2.9666101694915255	0.16263157894736843	-0.034924578068676965	0.2158436365314551	0.007363591649569754	0.0033983899751643784	29.173412322998047
23.738	2.9666101694915255	0.17789473684210527	-0.04798184994004351	0.21960741031561293	0.006998414170765794	0.003175495707367022	27.06808853149414
23.738	2.9666101694915255	0.1931578947368421	-0.0613338755762525	0.21937963316311282	0.006768687930888806	0.0026489831755296214	25.400480270385742
23.738	2.9666101694915255	0.20842105263157895	-0.07553673631905991	0.22025465989579598	0.0063260964390859055	0.002462548956915485	24.177913665771484
23.738	2.9666101694915255	0.2236842105263158	-0.09120551837853938	0.22097682045703904	0.006286967006475366	0.0020750969426723675	23.137243270874023
23.738	2.9666101694915255	0.23894736842105263	-0.10553785795131171	0.21953263404325657	0.0059916864071306655	0.0019139043221307914	22.29877281188965
23.738	2.9666101694915255	0.25421052631578944	-0.12124935798277775	0.21759315565837273	0.005837803344754837	0.0015846073882435558	21.732622146606445
23.738	2.9666101694915255	0.2694736842105263	-0.13654450034389487	0.21606990934578574	0.005914011256944666	0.001520648075830126	20.701568603515625
23.738	2.9666101694915255	0.2847368421052632	-0.15124816884201797	0.21301114565305634	0.0056276678488382595	0.0010369053521621248	19.79043197631836
23.738	2.9666101694915255	0.3	-0.16686850004027887	0.2088034733414338	0.005453190563096146	0.000567533429326476	18.988391876220703
23.738	2.9767796610169492	0.01	-0.01111808242506102	0.1893515885632246	0.008439983053400013	0.005738856204655179	35.96204376220703
23.738	2.9767796610169492	0.02526315789473684	-0.008287246352620075	0.21004375582916154	0.008349626697186707	0.005699134267254354	46.06200408935547
23.738	2.9767796610169492	0.04052631578947368	-0.009628655961341808	0.21467004465294492	0.008294974315090901	0.005356166331969522	42.52242660522461
23.738	2.9767796610169492	0.05578947368421053	-0.011316819327976214	0.22045441180007955	0.008056559898960591	0.005247058554305509	38.071481704711914
23.738	2.9767796610169492	0.07105263157894737	-0.011235568138863547	0.2206395779131582	0.007958769006727328	0.004824010152746531	35.514421463012695
23.738	2.9767796610169492	0.0863157894736842	-0.011444344686034759	0.21782838298018592	0.008226167746970485	0.004963322754592161	33.5803108215332
23.738	2.9767796610169492	0.10157894736842105	-0.012251231714773613	0.2146943557868855	0.008090080755943474	0.0050181712165126135	32.53722953796387
23.738	2.9767796610169492	0.11684210526315789	-0.01238824560671202	0.21338416201178956	0.007571907358948644	0.004531469241489009	31.74733543395996
23.738	2.9767796610169492	0.13210526315789473	-0.01494054189399759	0.2134920790290385	0.008091176905165701	0.004918315810948471	31.86305046081543
23.738	2.9767796610169492	0.1473684210526316	-0.01910919878148417	0.2163587036274299	0.007866015358687296	0.004533070573348683	32.49717140197754
23.738	2.9767796610169492	0.16263157894736843	-0.027047773083306276	0.22096247528567342	0.007576816756446787	0.00423197947682283	29.745277404785156
23.738	2.9767796610169492	0.17789473684210527	-0.03864852503697144	0.22387884209053027	0.007409781030433451	0.00405709553891427	27.477325439453125
23.738	2.9767796610169492	0.1931578947368421	-0.051560292814376185	0.22367421341802124	0.007222542128532142	0.003771369090887336	25.748878479003906
23.738	2.9767796610169492	0.20842105263157895	-0.06626114618031076	0.22372874126225722	0.007068431550695888	0.0035310795475741717	24.308189392089844
23.738	2.9767796610169492	0.2236842105263158	-0.08115361049769214	0.22436882967516789	0.0069586982177873985	0.003243300639204399	23.210758209228516
23.738	2.9767796610169492	0.23894736842105263	-0.09577797235701428	0.22359953740159028	0.006822559222872792	0.002970520406975702	22.378999710083008
23.738	2.9767796610169492	0.25421052631578944	-0.1108258110821639	0.22316976714426628	0.006583319894914001	0.0027920137273096	21.716297149658203
23.738	2.9767796610169492	0.2694736842105263	-0.12728316682636934	0.22119558003976914	0.006287187270239216	0.002680309296757959	20.788406372070312
23.738	2.9767796610169492	0.2847368421052632	-0.14171236883577387	0.2179433509583091	0.005993575832083725	0.0023630860115840626	19.794876098632812
23.738	2.9767796610169492	0.3	-0.15787151387591591	0.21388976601732518	0.006150773639195658	0.002021725119961107	18.961429595947266
23.738	2.9869491525423726	0.01	0.011963367632806955	0.15472602466901383	0.009057638431079748	0.00579736998628029	37.25676727294922
23.738	2.9869491525423726	0.02526315789473684	0.006986035297841491	0.16921434597892313	0.00895695997169518	0.005780211378988796	47.604217529296875
23.738	2.9869491525423726	0.04052631578947368	0.0020832272723842237	0.17320784213538576	0.008730689291044695	0.005383873400934432	40.53481674194336
23.738	2.9869491525423726	0.05578947368421053	-0.0007773875172211765	0.1749998856005531	0.008852095197987866	0.005349794487307847	37.08931541442871
23.738	2.9869491525423726	0.07105263157894737	-0.0019370882685258008	0.17258040342901765	0.008835600073660087	0.005231880339767413	33.77410697937012
23.738	2.9869491525423726	0.0863157894736842	-0.004887048094017334	0.17247026507291413	0.008508719505350884	0.005056202854650038	31.881908416748047
23.738	2.9869491525423726	0.10157894736842105	-0.00709309808611093	0.1715514695943517	0.008512164429543192	0.004895812596456651	30.676952362060547
23.738	2.9869491525423726	0.11684210526315789	-0.009010950634760463	0.17393970302096082	0.008399184413285694	0.00474700068443663	29.94302749633789
23.738	2.9869491525423726	0.13210526315789473	-0.012075872133059107	0.17752582094422048	0.008530974485115712	0.0049872097444564785	30.14182472229004
23.738	2.9869491525423726	0.1473684210526316	-0.017358955783342622	0.1832317009454077	0.00841463174869568	0.004978302636669362	30.712547302246094
23.738	2.9869491525423726	0.16263157894736843	-0.02468679496115641	0.18701815585120607	0.008246409984434645	0.004644379967640707	31.267770767211914
23.738	2.9869491525423726	0.17789473684210527	-0.034914270744673945	0.19095707454134778	0.00785806694593156	0.004124257456561173	28.954320907592773
23.738	2.9869491525423726	0.1931578947368421	-0.04811672456085965	0.1916823105885648	0.007736788441701708	0.004183804719860636	27.140804290771484
23.738	2.9869491525423726	0.20842105263157895	-0.059629250150873656	0.1910598028555036	0.0076171357569594315	0.003891276042761778	25.58391761779785
23.738	2.9869491525423726	0.2236842105263158	-0.07391384291097311	0.19166109762936678	0.007220863593397766	0.00394667806986286	24.49481201171875
23.738	2.9869491525423726	0.23894736842105263	-0.08805307453132956	0.19146533890943823	0.007196443224087326	0.003688566516450419	23.307632446289062
23.738	2.9869491525423726	0.25421052631578944	-0.10186842451744511	0.19045128243743492	0.007111944982888155	0.00335343575448983	21.815868377685547
23.738	2.9869491525423726	0.2694736842105263	-0.11649075216787667	0.1889931156241899	0.006989037563285406	0.0035119609951143054	20.568557739257812
23.738	2.9869491525423726	0.2847368421052632	-0.1308848683600015	0.18741315578227924	0.006860912632460483	0.003170098367035234	19.60364532470703
23.738	2.9869491525423726	0.3	-0.14631922219457516	0.18397724285236533	0.006700628071753766	0.0026290944851770745	18.762405395507812
23.738	2.997118644067797	0.01	-0.016453251508308488	0.21590927248792047	0.009846285747353167	0.005615172978527162	38.37669372558594
23.738	2.997118644067797	0.02526315789473684	-0.010408163293744709	0.23883177308555797	0.009740014413628185	0.0055110422553978945	47.84968566894531
23.738	2.997118644067797	0.04052631578947368	-0.01085609219923177	0.2372868981790181	0.009383394829719716	0.005283225206380717	40.94611358642578
23.738	2.997118644067797	0.05578947368421053	-0.014094731316857775	0.23673662008107402	0.009561286449257429	0.005319923581451616	37.17753219604492
23.738	2.997118644067797	0.07105263157894737	-0.013047236671335165	0.22818799035071313	0.009656971520032599	0.005303486720236928	35.05344772338867
23.738	2.997118644067797	0.0863157894736842	-0.012611166475869167	0.2220923394795309	0.00914964665256634	0.005044059970570075	33.25569152832031
23.738	2.997118644067797	0.10157894736842105	-0.012877598161332968	0.2144967223641594	0.009360971916849585	0.00493574174348735	32.21766471862793
23.738	2.997118644067797	0.11684210526315789	-0.012687828733589807	0.21202932104482322	0.009299993979730924	0.005074465304387479	31.744478225708008
23.738	2.997118644067797	0.13210526315789473	-0.014490540679991365	0.20981401988340564	0.009264388224879395	0.005300985759829395	32.07439422607422
23.738	2.997118644067797	0.1473684210526316	-0.018862136807739852	0.21115978919936365	0.009071100458096741	0.004933294428559158	31.243656158447266
23.738	2.997118644067797	0.16263157894736843	-0.026917411089390633	0.21284074919333704	0.008824896212344554	0.004705481533836665	28.968820571899414
23.738	2.997118644067797	0.17789473684210527	-0.03706829110217474	0.21294186355275108	0.008632348202026349	0.00452617816278113	26.958087921142578
23.738	2.997118644067797	0.1931578947368421	-0.049043779823658346	0.21132274672707155	0.008447362701697755	0.004236212752372728	25.476516723632812
23.738	2.997118644067797	0.20842105263157895	-0.06152507616552459	0.20889733529036483	0.00836976768565179	0.004247191017718059	24.22573471069336
23.738	2.997118644067797	0.2236842105263158	-0.0743734214600642	0.20853869652703372	0.008231802682583257	0.004228603700645902	23.246479034423828
23.738	2.997118644067797	0.23894736842105263	-0.0888133578084272	0.20561459037858126	0.007987068650791015	0.003942001883938182	22.501815795898438
23.738	2.997118644067797	0.25421052631578944	-0.10189207173770783	0.2021523534218881	0.007784618638051948	0.0038947801539779255	21.26181411743164
23.738	2.997118644067797	0.2694736842105263	-0.11543862391933789	0.19893161000970014	0.007580450570921155	0.0036777605280896783	20.100086212158203
23.738	2.997118644067797	0.2847368421052632	-0.12889252446382002	0.19499912329489758	0.007584983428486361	0.0037725724752910566	19.094865798950195
23.738	2.997118644067797	0.3	-0.14284613601805654	0.1903594765259938	0.007638484180742148	0.003561328374789996	18.25953483581543
23.738	3.00728813559322	0.01	0.005107958578150643	0.1471154295287148	0.010464233090718299	0.005235130592771363	39.204071044921875
23.738	3.00728813559322	0.02526315789473684	0.00487611579865809	0.17612296388553206	0.01043488612060017	0.005025849010064422	43.75727844238281
23.738	3.00728813559322	0.04052631578947368	0.0005392851973901864	0.1721165608471421	0.010295314942521401	0.004977143156258836	39.42548179626465
23.738	3.00728813559322	0.05578947368421053	-0.0029102493342925426	0.17290907151495793	0.01022259501511897	0.005062071619056342	35.09629249572754
23.738	3.00728813559322	0.07105263157894737	-0.005032151691147036	0.16979749901581526	0.010072807378768651	0.0049593709777208585	33.096031188964844
23.738	3.00728813559322	0.0863157894736842	-0.006133310798417212	0.16674467836781814	0.009951990021094408	0.005005321152983847	31.1618709564209
23.738	3.00728813559322	0.10157894736842105	-0.00784942658833536	0.16558352291478762	0.009827232500360232	0.00488270479149093	30.4520206451416
23.738	3.00728813559322	0.11684210526315789	-0.009924808083535549	0.16804903390199202	0.010051013915815143	0.004834638272830083	30.0838623046875
23.738	3.00728813559322	0.13210526315789473	-0.012840723962556302	0.17239197851018928	0.009680150172223675	0.004734457022116799	30.58759307861328
23.738	3.00728813559322	0.1473684210526316	-0.018237258377462595	0.17686285886339453	0.009875150071891565	0.004764851317552853	32.035343170166016
23.738	3.00728813559322	0.16263157894736843	-0.025953324867419168	0.18056784690962357	0.009806372608798276	0.004796605261138353	29.5900936126709
23.738	3.00728813559322	0.17789473684210527	-0.03579386443086637	0.18253661319286751	0.009167384631393317	0.0042981774891687995	27.63457679748535
23.738	3.00728813559322	0.1931578947368421	-0.04793457187313411	0.18114059830732712	0.009410563693483656	0.00450908704695953	26.13306427001953
23.738	3.00728813559322	0.20842105263157895	-0.058894765631469934	0.18106021039812537	0.009442639843029555	0.004527094861156137	25.0190486907959
23.738	3.00728813559322	0.2236842105263158	-0.07107099543913464	0.1806674697781162	0.009239720294100997	0.0042804172971601905	24.044654846191406
23.738	3.00728813559322	0.23894736842105263	-0.08329687241431982	0.17979407090046634	0.008975007298217371	0.0042116493490698265	22.840368270874023
23.738	3.00728813559322	0.25421052631578944	-0.09650682451239716	0.1776302177696792	0.008860633621783985	0.003981944288254907	21.36786651611328
23.738	3.00728813559322	0.2694736842105263	-0.11000908080524693	0.17527874975980492	0.008862462552770303	0.004032666455386004	20.202421188354492
23.738	3.00728813559322	0.2847368421052632	-0.12168739183754823	0.1721327858378075	0.00889159652616629	0.003878711986038778	19.189498901367188
23.738	3.00728813559322	0.3	-0.13421431078524496	0.1687470073212764	0.00871464168848209	0.0039429125769914015	18.392501831054688
23.738	3.017457627118644	0.01	-0.00610269351811311	0.22465791798726525	0.01130926557814578	0.004668193141928636	36.025367736816406
23.738	3.017457627118644	0.02526315789473684	-0.008305871639983163	0.25110591384724523	0.01147019200817483	0.004585417037786024	44.15669250488281
23.738	3.017457627118644	0.04052631578947368	-0.007887387644354538	0.24839951197951865	0.010964682311656872	0.004398224764586683	39.08008003234863
23.738	3.017457627118644	0.05578947368421053	-0.010166723405331658	0.24212129519306885	0.010938122926181303	0.004498407274378044	36.821062088012695
23.738	3.017457627118644	0.07105263157894737	-0.010581917290397863	0.23033464638135626	0.010817278835757713	0.004275410962257118	34.30283546447754
23.738	3.017457627118644	0.0863157894736842	-0.009993140972281003	0.2231937183957483	0.010929114823203084	0.004576078955344813	32.489145278930664
23.738	3.017457627118644	0.10157894736842105	-0.010192773282326678	0.214858491365021	0.010646357553169245	0.004370730748933917	31.491886138916016
23.738	3.017457627118644	0.11684210526315789	-0.010458943784035663	0.21042643303067043	0.010804954744424031	0.0045435149563863445	31.114761352539062
23.738	3.017457627118644	0.13210526315789473	-0.013055422972686512	0.2108800702450479	0.010666768266302858	0.00441222121601366	31.572681427001953
23.738	3.017457627118644	0.1473684210526316	-0.019954093895651316	0.21377739121221545	0.010536954107993792	0.004142922241077563	30.158899307250977
23.738	3.017457627118644	0.16263157894736843	-0.03036155773038486	0.21587666727536486	0.010579398486752146	0.004148924500358562	27.76053810119629
23.738	3.017457627118644	0.17789473684210527	-0.04283388815920833	0.21656088378438096	0.010466355019625366	0.004170851979582921	25.95706558227539
23.738	3.017457627118644	0.1931578947368421	-0.05613131543860281	0.2144193713492985	0.010389868483818487	0.003923683585447318	24.624889373779297
23.738	3.017457627118644	0.20842105263157895	-0.06967151285044525	0.2126258177686989	0.010636732821487228	0.004059674012694955	23.542236328125
23.738	3.017457627118644	0.2236842105263158	-0.08448087488060044	0.21200388188387048	0.010446680083792924	0.003627685181225069	22.687700271606445
23.738	3.017457627118644	0.23894736842105263	-0.0984905969221559	0.20986216327643462	0.010355774183300373	0.0035864465621035855	22.049007415771484
23.738	3.017457627118644	0.25421052631578944	-0.11350566189367738	0.20604873943144894	0.010094886115313116	0.003435940571016684	21.229888916015625
23.738	3.017457627118644	0.2694736842105263	-0.12883673052866423	0.20363158184105967	0.010125842373031246	0.003240494351627629	20.047435760498047
23.738	3.017457627118644	0.2847368421052632	-0.1423771892078634	0.19905652004296398	0.010147066610784152	0.0034399302913307337	19.14207649230957
23.738	3.017457627118644	0.3	-0.15563803621199393	0.1945375807909525	0.010045018539049069	0.0033061561360200704	18.381053924560547
23.738	3.0276271186440677	0.01	-0.002817286695889764	0.14869769119165113	0.012056232598315902	0.003702988401998488	37.83557891845703
23.738	3.0276271186440677	0.02526315789473684	0.004337931774367079	0.1725688278463647	0.012057277198535209	0.0034262010236473144	45.433006286621094
23.738	3.0276271186440677	0.04052631578947368	0.002047430142570714	0.17073480028407434	0.011792131139197148	0.0034761433020246927	38.64980697631836
23.738	3.0276271186440677	0.05578947368421053	-3.508433076603405e-05	0.16742547929108542	0.011638339095003815	0.0032688862230468726	35.10985565185547
23.738	3.0276271186440677	0.07105263157894737	-0.0020680398547358366	0.1613633023407852	0.011713823109367427	0.0034572637858457985	32.98837089538574
23.738	3.0276271186440677	0.0863157894736842	-0.003941841383117425	0.1584761011662772	0.01189847284180769	0.0036211423511869458	31.146825790405273
23.738	3.0276271186440677	0.10157894736842105	-0.007026199397283784	0.1580682086075535	0.011427633065563436	0.003505381673823806	30.25653648376465
23.738	3.0276271186440677	0.11684210526315789	-0.009099462162051278	0.15851115795163456	0.011490475863633486	0.0034650646948304427	29.806594848632812
23.738	3.0276271186440677	0.13210526315789473	-0.012104786466155128	0.15988959657339397	0.011613816493546106	0.00356068053814453	30.139835357666016
23.738	3.0276271186440677	0.1473684210526316	-0.019438648717917752	0.16568166666628234	0.011644258944834146	0.0034444135057860974	31.52155303955078
23.738	3.0276271186440677	0.16263157894736843	-0.02789944344413343	0.17093105653965246	0.011412658582405432	0.0034580745680607462	30.36750602722168
23.738	3.0276271186440677	0.17789473684210527	-0.03912256097983448	0.17489407099400042	0.011320616647565052	0.00311530072403844	28.136838912963867
23.738	3.0276271186440677	0.1931578947368421	-0.052233485763506324	0.1758319222253649	0.011417883844988888	0.002873210931337204	26.538375854492188
23.738	3.0276271186440677	0.20842105263157895	-0.06488335799462892	0.17698707698818356	0.011524840317937445	0.002949722720799446	25.257205963134766
23.738	3.0276271186440677	0.2236842105263158	-0.07804725307746355	0.17853903182567046	0.011650794337250654	0.0027991544417400715	24.250904083251953
23.738	3.0276271186440677	0.23894736842105263	-0.09219211205149566	0.1785049285508594	0.011311700402430486	0.0023482472186289434	23.197383880615234
23.738	3.0276271186440677	0.25421052631578944	-0.10661662917015052	0.17829430849472938	0.011418204232396215	0.002486489049215542	21.678455352783203
23.738	3.0276271186440677	0.2694736842105263	-0.12048031873897556	0.17635122213927035	0.011445307936296114	0.0021935490970607166	20.455963134765625
23.738	3.0276271186440677	0.2847368421052632	-0.13516546405006968	0.17529945271674602	0.011429024283583666	0.002263732935958437	19.466428756713867
23.738	3.0276271186440677	0.3	-0.14897509115252472	0.17225065756650232	0.011361417326261896	0.0017384868082829762	18.633075714111328
23.738	3.037796610169491	0.01	0.0005574176975729089	0.19451590109677575	0.013043214074278388	0.002067605303129604	39.22290802001953
23.738	3.037796610169491	0.02526315789473684	-0.005335782146558043	0.2181115452804356	0.013011759492511064	0.002201700154221109	47.34892272949219
23.738	3.037796610169491	0.04052631578947368	-0.0057834100282163035	0.21499445731245076	0.012903683174809574	0.0019098231529299683	41.05232620239258
23.738	3.037796610169491	0.05578947368421053	-0.006086034829622944	0.2128525969841853	0.012405338407884898	0.0022128453133789853	36.9192008972168
23.738	3.037796610169491	0.07105263157894737	-0.006847908663458071	0.2035868430779651	0.012615799513655854	0.0023051787542685232	34.92243194580078
23.738	3.037796610169491	0.0863157894736842	-0.008777300089153206	0.19687749928143616	0.012321813321048881	0.0023604452853734905	33.14315605163574
23.738	3.037796610169491	0.10157894736842105	-0.009531267907739874	0.19049103290914288	0.012292359926390493	0.0024021754152454677	31.757984161376953
23.738	3.037796610169491	0.11684210526315789	-0.01091030902535587	0.1873292531995169	0.012304180457448896	0.002268040651750048	31.272567749023438
23.738	3.037796610169491	0.13210526315789473	-0.013833463791680252	0.1858868438619148	0.012192646012424948	0.0025200600205928995	31.441268920898438
23.738	3.037796610169491	0.1473684210526316	-0.019924918960717554	0.18835318665466394	0.01215203763060154	0.0021404859556562973	32.11947059631348
23.738	3.037796610169491	0.16263157894736843	-0.029028350802434072	0.18995965860439973	0.01215030361383847	0.0018929973622741265	29.73459243774414
23.738	3.037796610169491	0.17789473684210527	-0.041842240845489966	0.1935209141261322	0.012099629531825615	0.0018344225303460018	27.44970703125
23.738	3.037796610169491	0.1931578947368421	-0.05532929538430213	0.1917869513743824	0.012181958331710964	0.0015982702654183632	25.84304428100586
23.738	3.037796610169491	0.20842105263157895	-0.06931169861390402	0.18981643671417597	0.012459096921928838	0.0013714035258373084	24.59616470336914
23.738	3.037796610169491	0.2236842105263158	-0.08420690534530256	0.18911547108918392	0.01231579010617518	0.001000833842445958	23.604496002197266
23.738	3.037796610169491	0.23894736842105263	-0.0987415988651202	0.1892304344121781	0.01218228547057899	0.000746125956394342	22.64643096923828
23.738	3.037796610169491	0.25421052631578944	-0.11313309028541527	0.18718439315569174	0.012338138672979625	0.0005429581057815123	21.20277976989746
23.738	3.037796610169491	0.2694736842105263	-0.12863824024593312	0.18453355555546055	0.012343942300552808	0.0002369896638829271	20.023422241210938
23.738	3.037796610169491	0.2847368421052632	-0.14423269604944478	0.18133785513062084	0.012202112457502	-0.00017888152515115123	19.085981369018555
23.738	3.037796610169491	0.3	-0.15835409944633838	0.17840551531751525	0.012044046499398171	-0.00033242103756756934	18.28487777709961
23.738	3.0479661016949153	0.01	-0.00493613069633841	0.11571020281751525	0.013917570421779709	0.0006334494891594626	38.91435623168945
23.738	3.0479661016949153	0.02526315789473684	-0.0031096536455571585	0.14359029925306216	0.01381007779621853	0.0005808975696380154	45.1234130859375
23.738	3.0479661016949153	0.04052631578947368	-0.002268663049026488	0.14009018796985978	0.013389420651591436	0.0003608021195141124	39.212989807128906
23.738	3.0479661016949153	0.05578947368421053	-0.003960937634392738	0.14118375196611516	0.013218616567527423	0.0007261070890144711	35.59315490722656
23.738	3.0479661016949153	0.07105263157894737	-0.006594283692821019	0.136845589480605	0.012934456401634525	0.0006964778921947031	33.808387756347656
23.738	3.0479661016949153	0.0863157894736842	-0.008131115360911616	0.13779224626895137	0.012925783492053262	0.0009392987822458225	32.21818161010742
23.738	3.0479661016949153	0.10157894736842105	-0.01023020824080964	0.13882758768872877	0.012589835970787645	0.0008487934841968931	31.522489547729492
23.738	3.0479661016949153	0.11684210526315789	-0.011677503598597209	0.14087063723632454	0.012522828635888288	0.000905561139813289	31.389394760131836
23.738	3.0479661016949153	0.13210526315789473	-0.01476233162305551	0.1443062339986654	0.012732223764549017	0.0011104884240099341	31.848133087158203
23.738	3.0479661016949153	0.1473684210526316	-0.020500577981269905	0.14935415299587199	0.012796485125595667	0.0006928720249478062	33.501731872558594
23.738	3.0479661016949153	0.16263157894736843	-0.028708133236191223	0.1529083478122602	0.01266426650559296	0.0005245354235469285	30.995126724243164
23.738	3.0479661016949153	0.17789473684210527	-0.038408488228137576	0.15703373806645415	0.012725040818540801	0.0004595151345980676	28.77229881286621
23.738	3.0479661016949153	0.1931578947368421	-0.049827537552605355	0.1568607518365724	0.012674287250325218	-1.0450476621472319e-05	27.265880584716797
23.738	3.0479661016949153	0.20842105263157895	-0.061368216876346554	0.1577338099559853	0.012748421098222301	-0.00038643162074619003	25.886764526367188
23.738	3.0479661016949153	0.2236842105263158	-0.07294450320716568	0.1579781973814676	0.012716281701869137	-0.0005778228590777516	24.662616729736328
23.738	3.0479661016949153	0.23894736842105263	-0.08507132011966168	0.15793955232803972	0.012689965570716869	-0.0010918529371799746	22.774913787841797
23.738	3.0479661016949153	0.25421052631578944	-0.09712012384081606	0.1563777880223967	0.012699687449167236	-0.0012558128992630026	21.234066009521484
23.738	3.0479661016949153	0.2694736842105263	-0.11046195749188187	0.15501513420068985	0.01268685185029226	-0.0017857527888004469	20.016328811645508
23.738	3.0479661016949153	0.2847368421052632	-0.12269255555339424	0.1519573127454662	0.012619531238052883	-0.002230857173841704	19.011838912963867
23.738	3.0479661016949153	0.3	-0.1367107769275297	0.14932477653604498	0.012667583468757227	-0.0027545938797142846	18.214454650878906
23.738	3.0581355932203387	0.01	0.003259170645733475	0.1732127275212717	0.01451799861190157	-0.0014433504538796682	38.52825927734375
23.738	3.0581355932203387	0.02526315789473684	-0.007376968270282156	0.19458876511892795	0.014302962051783052	-0.0014004652525785991	41.87894821166992
23.738	3.0581355932203387	0.04052631578947368	-0.009321748626010928	0.1934887620224362	0.014051115502047054	-0.001371649199865189	42.1137752532959
23.738	3.0581355932203387	0.05578947368421053	-0.008307889347063356	0.18954023086048802	0.013674186737147778	-0.001240789326817705	37.873172760009766
23.738	3.0581355932203387	0.07105263157894737	-0.010299875367016981	0.18368231707958188	0.013348070836831852	-0.00111324143968561	35.36255645751953
23.738	3.0581355932203387	0.0863157894736842	-0.011048420419345423	0.18138698448555918	0.013111911980748635	-0.000927301113216439	34.09086036682129
23.738	3.0581355932203387	0.10157894736842105	-0.010534544934878872	0.17965777625458693	0.012974836870861116	-0.000756417746225548	32.787818908691406
23.738	3.0581355932203387	0.11684210526315789	-0.01227768590745365	0.17958308527541053	0.012946110013060478	-0.0006421783773998609	32.71329879760742
23.738	3.0581355932203387	0.13210526315789473	-0.01654559449946357	0.1817144485767157	0.012557421663429795	-0.0007682017409547114	33.339515686035156
23.738	3.0581355932203387	0.1473684210526316	-0.0233720830870969	0.1840242402891355	0.012850519658832216	-0.0008592950783402626	30.642797470092773
23.738	3.0581355932203387	0.16263157894736843	-0.03374704305711914	0.18548797378525633	0.012683428741750779	-0.0013220532115835683	28.233793258666992
23.738	3.0581355932203387	0.17789473684210527	-0.0451776060042992	0.18596217193464704	0.012297796834944443	-0.001659209961996783	26.574304580688477
23.738	3.0581355932203387	0.1931578947368421	-0.05845164404600819	0.18273196790307714	0.012242738715165893	-0.0020304577902490895	25.247528076171875
23.738	3.0581355932203387	0.20842105263157895	-0.0711344871501993	0.1806032721338997	0.012215291183336655	-0.002371405807468578	24.23356819152832
23.738	3.0581355932203387	0.2236842105263158	-0.08331153518945456	0.1787222007947522	0.012124082419094179	-0.0027038067918676084	23.463319778442383
23.738	3.0581355932203387	0.23894736842105263	-0.09666308847342828	0.17643573731388387	0.011815165241004472	-0.0033539725925337007	22.028472900390625
23.738	3.0581355932203387	0.25421052631578944	-0.11014450291011112	0.17222579357498688	0.011986314500951376	-0.0035691127252448548	20.679847717285156
23.738	3.0581355932203387	0.2694736842105263	-0.12384526815869742	0.1690134840566973	0.011994183874027037	-0.0038944710001033002	19.595714569091797
23.738	3.0581355932203387	0.2847368421052632	-0.13717041189799925	0.16490611052001025	0.01165296940240104	-0.004494258860422698	18.690153121948242
23.738	3.0581355932203387	0.3	-0.15021490330825465	0.1594993746825507	0.011614605631446364	-0.005024336250285226	17.954999923706055
23.738	3.068305084745763	0.01	-0.007758753132144245	0.11681395910916581	0.01462825161408781	-0.0038596797754138564	36.269840240478516
23.738	3.068305084745763	0.02526315789473684	-0.014338781721140607	0.139005405796368	0.014310195605569412	-0.0038766635896849005	39.2020378112793
23.738	3.068305084745763	0.04052631578947368	-0.012059029773205172	0.14347975355015286	0.013690647075757248	-0.0036684202475811617	40.382076263427734
23.738	3.068305084745763	0.05578947368421053	-0.012891205981701265	0.14749519925938132	0.013264870749029744	-0.0032822036525269457	36.95264434814453
23.738	3.068305084745763	0.07105263157894737	-0.012486673468547576	0.1450769281453894	0.012780875126232064	-0.0032082949202447497	34.62484359741211
23.738	3.068305084745763	0.0863157894736842	-0.011029318387327422	0.143980384226851	0.01237014180210981	-0.002657699668611737	33.186208724975586
23.738	3.068305084745763	0.10157894736842105	-0.010556189858787934	0.14774684489210765	0.012226305299389287	-0.0024034962490024243	32.115922927856445
23.738	3.068305084745763	0.11684210526315789	-0.01247290320566065	0.14921705452078593	0.012053692323623296	-0.0021716144675138077	31.74648666381836
23.738	3.068305084745763	0.13210526315789473	-0.015488968825546573	0.15382593664625305	0.012093365471317272	-0.0022598831267514633	32.74572944641113
23.738	3.068305084745763	0.1473684210526316	-0.02288954812494097	0.15809113971745503	0.011670340527215045	-0.0024139928165061953	30.97518539428711
23.738	3.068305084745763	0.16263157894736843	-0.033245368120979904	0.16030719945893185	0.011392687854111037	-0.0030576603605381504	28.64483070373535
23.738	3.068305084745763	0.17789473684210527	-0.044431679146459596	0.1625964065604243	0.011239112815217132	-0.003241415667163396	26.891921997070312
23.738	3.068305084745763	0.1931578947368421	-0.055332054143168295	0.16220079565808232	0.011131857921116067	-0.0031450025101562055	25.759235382080078
23.738	3.068305084745763	0.20842105263157895	-0.06534764430306925	0.16235126176234693	0.010954967686636778	-0.003931729902593772	24.89234161376953
23.738	3.068305084745763	0.2236842105263158	-0.07767036520279283	0.1615113977932574	0.010821951254098069	-0.004090166971690349	23.81273078918457
23.738	3.068305084745763	0.23894736842105263	-0.08874488346091192	0.16070752214193618	0.010645893621003964	-0.004657058529603733	22.14963150024414
23.738	3.068305084745763	0.25421052631578944	-0.10088571050486704	0.15875359615439666	0.010589361477432425	-0.0049679677638166195	20.79087257385254
23.738	3.068305084745763	0.2694736842105263	-0.1129295090608673	0.15652314263387512	0.010628103552549142	-0.005350629556887912	19.667381286621094
23.738	3.068305084745763	0.2847368421052632	-0.12498682983446878	0.15309449794693783	0.010465562705199043	-0.005893881564220655	18.76077651977539
23.738	3.068305084745763	0.3	-0.13471027039218705	0.14801540474398925	0.010271696872209938	-0.0064758480837510506	17.99641990661621
23.738	3.0784745762711863	0.01	-0.0152344348304347	0.19411370257838567	0.013739165125284853	-0.005911074165665204	37.12057876586914
23.738	3.0784745762711863	0.02526315789473684	-0.007667357700355431	0.20190750944419708	0.013024311125614254	-0.005969758203896355	40.13301086425781
23.738	3.0784745762711863	0.04052631578947368	-0.010182852828673856	0.20100700871115557	0.01253495247368409	-0.005421706454144635	39.377410888671875
23.738	3.0784745762711863	0.05578947368421053	-0.010190650220092752	0.19622503065585647	0.012020503434209965	-0.004896239333102326	36.83565902709961
23.738	3.0784745762711863	0.07105263157894737	-0.010657874814078734	0.18569478120478292	0.011330866969917284	-0.004294762462427484	34.74207878112793
23.738	3.0784745762711863	0.0863157894736842	-0.01170626276603847	0.1829439182607339	0.010935163026638106	-0.003481055474750091	32.86954116821289
23.738	3.0784745762711863	0.10157894736842105	-0.01148474896059319	0.17935375513205054	0.010567608724484617	-0.003333179237320994	31.463266372680664
23.738	3.0784745762711863	0.11684210526315789	-0.0155763289893553	0.180923970317398	0.010458112661899062	-0.002895222361717243	31.12095069885254
23.738	3.0784745762711863	0.13210526315789473	-0.021592471964013885	0.18126048239462667	0.010516421957839322	-0.0030544445471510466	31.690214157104492
23.738	3.0784745762711863	0.1473684210526316	-0.0326578345674175	0.18277653317016213	0.010264122013878727	-0.0033001504606267164	29.910987854003906
23.738	3.0784745762711863	0.16263157894736843	-0.04616091070352972	0.18241278539460745	0.010090681899021963	-0.0034880885090500377	27.636934280395508
23.738	3.0784745762711863	0.17789473684210527	-0.06044983526522678	0.18407069050697733	0.00986000539822898	-0.003842731589278141	25.904632568359375
23.738	3.0784745762711863	0.1931578947368421	-0.07463065874477298	0.18121065850535062	0.009549831706027034	-0.004252188289563347	24.793516159057617
23.738	3.0784745762711863	0.20842105263157895	-0.08874388763656799	0.1804260874566656	0.009500439259778101	-0.004417556286744314	23.888160705566406
23.738	3.0784745762711863	0.2236842105263158	-0.10223351126083188	0.17851522695376232	0.009233015560326484	-0.004696667836514406	23.20454978942871
23.738	3.0784745762711863	0.23894736842105263	-0.11615081817003853	0.17576721701492104	0.009166031379882684	-0.004920664179245832	22.038755416870117
23.738	3.0784745762711863	0.25421052631578944	-0.13064365386602128	0.17284501309793743	0.008779879787778418	-0.0058458257386057345	20.766136169433594
23.738	3.0784745762711863	0.2694736842105263	-0.14536293272971001	0.1706084224623147	0.008826723537545152	-0.0060706936352862735	19.694059371948242
23.738	3.0784745762711863	0.2847368421052632	-0.1583708180405089	0.16545720079396697	0.008700095993031884	-0.006649016757367329	18.810897827148438
23.738	3.0784745762711863	0.3	-0.17136622800602402	0.1608128903195712	0.008539813959894609	-0.007035400365791155	18.109830856323242
23.738	3.08864406779661	0.01	-0.023124040506024054	0.16589101531957118	0.011434351372779865	-0.005915736534095141	36.844303131103516
23.738	3.08864406779661	0.02526315789473684	-0.024515275043493233	0.17099141796647488	0.010908877534368875	-0.005849287402010605	39.55440902709961
23.738	3.08864406779661	0.04052631578947368	-0.02393854646476037	0.17241398259245794	0.01021483582443166	-0.005535911060197203	40.16536331176758
23.738	3.08864406779661	0.05578947368421053	-0.02203109864609368	0.17050548047007064	0.009616014641856463	-0.004563134915970834	36.69131278991699
23.738	3.08864406779661	0.07105263157894737	-0.020545947584553245	0.1627094145835186	0.00922448522858825	-0.003879702637597813	33.78959274291992
23.738	3.08864406779661	0.0863157894736842	-0.01983450114284326	0.15790880294226056	0.00877440714413466	-0.003340154954286323	32.18338966369629
23.738	3.08864406779661	0.10157894736842105	-0.018780593420813164	0.1532533834292209	0.008802374717394618	-0.0028778990086824915	31.60181999206543
23.738	3.08864406779661	0.11684210526315789	-0.02144603779117234	0.15327412794107853	0.008814723239758949	-0.002511268525200243	31.089426040649414
23.738	3.08864406779661	0.13210526315789473	-0.027018332800776146	0.15245007794153462	0.008823727338351357	-0.0026694974484376436	31.758508682250977
23.738	3.08864406779661	0.1473684210526316	-0.036261563396475155	0.15451522521073413	0.008766911900929219	-0.002867250716491089	31.301025390625
23.738	3.08864406779661	0.16263157894736843	-0.04875766316305181	0.15698308133908495	0.008549246406218543	-0.003220841114790365	28.868989944458008
23.738	3.08864406779661	0.17789473684210527	-0.06092690045821748	0.1579989442081837	0.008372935469570502	-0.003467697919583532	27.179603576660156
23.738	3.08864406779661	0.1931578947368421	-0.07419208357663053	0.15864199110304053	0.0084579160975495	-0.0037399050040758932	25.839885711669922
23.738	3.08864406779661	0.20842105263157895	-0.08659790164303702	0.15800339315223805	0.008238145420116683	-0.00414803049926356	24.928117752075195
23.738	3.08864406779661	0.2236842105263158	-0.0992139805214419	0.1588041312856938	0.008058010613720298	-0.004471358261080031	23.609291076660156
23.738	3.08864406779661	0.23894736842105263	-0.11197011285040968	0.1576624375065785	0.007970803622415944	-0.005078688347660789	21.977941513061523
23.738	3.08864406779661	0.25421052631578944	-0.12444826961074462	0.15573964698668524	0.0076245750247587	-0.005479484626081966	20.717456817626953
23.738	3.08864406779661	0.2694736842105263	-0.13812788885405258	0.15376781156128805	0.007720239537113844	-0.005892868056477662	19.609933853149414
23.738	3.08864406779661	0.2847368421052632	-0.1510693007366915	0.14987262753611957	0.00743337561342402	-0.006409527115258468	18.771150588989258
23.738	3.08864406779661	0.3	-0.16403816889358658	0.14662076722207074	0.0074458601440585545	-0.006785255918177652	18.01766586303711
23.738	3.098813559322034	0.01	-0.02506569574905536	0.172220437632227	0.00967261725089544	-0.004324076287113936	33.521095275878906
23.738	3.098813559322034	0.02526315789473684	-0.0202517262412419	0.18840619440498357	0.009375067127972456	-0.00386961635583452	41.77793502807617
23.738	3.098813559322034	0.04052631578947368	-0.0217910303486695	0.19025334197404387	0.008753437932306278	-0.003548700538769705	38.82292938232422
23.738	3.098813559322034	0.05578947368421053	-0.01972016035697432	0.18499590788247428	0.008244114394743922	-0.0029484045544909323	36.14937210083008
23.738	3.098813559322034	0.07105263157894737	-0.022929444728379687	0.17264276444962728	0.007970851408881305	-0.0025041790106164964	33.75355529785156
23.738	3.098813559322034	0.0863157894736842	-0.024406876979356246	0.16646200120499832	0.0075791980890605425	-0.002105196717643991	31.853290557861328
23.738	3.098813559322034	0.10157894736842105	-0.02571187004231044	0.16149174873128372	0.007703086279197767	-0.00166125944033905	31.143280029296875
23.738	3.098813559322034	0.11684210526315789	-0.029131026880518877	0.15940041206188338	0.007552182928560443	-0.0014811853868504383	30.988489151000977
23.738	3.098813559322034	0.13210526315789473	-0.03448109487088524	0.15969879644101326	0.00775126584552243	-0.0015238425587958903	31.51543617248535
23.738	3.098813559322034	0.1473684210526316	-0.04437234082741789	0.1611449857765607	0.007655504685586281	-0.0017713056419596572	30.831127166748047
23.738	3.098813559322034	0.16263157894736843	-0.05657676917938282	0.1613183831862778	0.0076712352480815425	-0.002061294940738096	28.638914108276367
23.738	3.098813559322034	0.17789473684210527	-0.06994533358068913	0.16177820267558804	0.007405171709978534	-0.002630891594543107	26.817846298217773
23.738	3.098813559322034	0.1931578947368421	-0.08318208299918328	0.16001064391750613	0.0072378342607773965	-0.0029956220159700624	25.661006927490234
23.738	3.098813559322034	0.20842105263157895	-0.09582186702648904	0.1583575792270704	0.007186942322041666	-0.0034789803108477525	24.675264358520508
23.738	3.098813559322034	0.2236842105263158	-0.10964040692963897	0.15843397128867132	0.007024473115114466	-0.0037605283399431964	23.743547439575195
23.738	3.098813559322034	0.23894736842105263	-0.12301667418399154	0.1565930527775191	0.007095122368405782	-0.004255052161504385	22.095815658569336
23.738	3.098813559322034	0.25421052631578944	-0.13632494728311068	0.1533706752145672	0.00698902763738783	-0.004864924395558299	20.802356719970703
23.738	3.098813559322034	0.2694736842105263	-0.14988430853353443	0.1501164891542099	0.0068434854246841	-0.0053223276317726055	19.753128051757812
23.738	3.098813559322034	0.2847368421052632	-0.16354998114459351	0.14610237792982206	0.006830759855045304	-0.006034389474488597	18.891048431396484
23.738	3.098813559322034	0.3	-0.17670813028117194	0.14261935363153805	0.0067512187771788515	-0.00650318941309644	18.155315399169922
23.738	3.1089830508474576	0.01	-0.02169092868453379	0.09550866491315302	0.008557364306869035	-0.0007846593679499332	35.41603088378906
23.738	3.1089830508474576	0.02526315789473684	-0.022091297991407716	0.11690193424973777	0.008215486414717647	-0.0009639668015136697	44.33143997192383
23.738	3.1089830508474576	0.04052631578947368	-0.026730065233839355	0.12915569554124165	0.007881035692496706	-0.000761771508090824	41.60940742492676
23.738	3.1089830508474576	0.05578947368421053	-0.025583718759050977	0.13492168447673786	0.007483924474052226	-0.0005510086526140357	37.26190948486328
23.738	3.1089830508474576	0.07105263157894737	-0.02641478418869045	0.13429061620192428	0.007144885706405575	-0.00031312030396126654	34.723215103149414
23.738	3.1089830508474576	0.0863157894736842	-0.025715729987606465	0.13439575181479413	0.006801679696694436	-0.0003039029651501256	32.933542251586914
23.738	3.1089830508474576	0.10157894736842105	-0.02553560758741698	0.1345591986189827	0.0068993960902375565	-1.827754987122678e-05	32.23680114746094
23.738	3.1089830508474576	0.11684210526315789	-0.026760571936656586	0.13726159908054952	0.006805550544234529	-9.04708101733284e-05	31.836925506591797
23.738	3.1089830508474576	0.13210526315789473	-0.03135229210955914	0.13985625140721067	0.006920144547351035	-0.00027832495853534716	32.91183853149414
23.738	3.1089830508474576	0.1473684210526316	-0.03769738599502219	0.14311628621873018	0.006807480726004674	-0.000607914721886014	31.102874755859375
23.738	3.1089830508474576	0.16263157894736843	-0.047425447367235266	0.1447977298506835	0.006741104577825333	-0.0012713644259868973	29.145214080810547
23.738	3.1089830508474576	0.17789473684210527	-0.05815096890437767	0.1475316076198574	0.006565568081871771	-0.0015897516935304797	27.453983306884766
23.738	3.1089830508474576	0.1931578947368421	-0.06900649170601902	0.14681993034479318	0.006432965838856422	-0.0021412532406938013	26.310993194580078
23.738	3.1089830508474576	0.20842105263157895	-0.07943333245993564	0.1468362099572119	0.006220763783593087	-0.0024557547463299454	25.439027786254883
23.738	3.1089830508474576	0.2236842105263158	-0.090438331454694	0.14713949304360774	0.0063175720364219345	-0.0028543273704425493	23.53331756591797
23.738	3.1089830508474576	0.23894736842105263	-0.10118336880177231	0.1464284412964049	0.0061472275866967	-0.0032474098334940907	21.933307647705078
23.738	3.1089830508474576	0.25421052631578944	-0.11267275631025406	0.14426287058096257	0.005794341089093378	-0.003823718975018781	20.627450942993164
23.738	3.1089830508474576	0.2694736842105263	-0.12479474392084375	0.14143411760388758	0.005799069694474765	-0.004331426605750378	19.574987411499023
23.738	3.1089830508474576	0.2847368421052632	-0.13556596649788064	0.1374759737859938	0.005469620493530254	-0.004729160225798184	18.666210174560547
23.738	3.1089830508474576	0.3	-0.14648248426593585	0.1337311050846699	0.005438528979910569	-0.005208193212825677	17.959423065185547
23.738	3.1191525423728814	0.01	-0.01386529676593588	0.08002016758466991	0.007789598929600506	0.0017030529378077343	38.51333999633789
23.738	3.1191525423728814	0.02526315789473684	-0.019846742078435887	0.11020815586591992	0.007691101727830059	0.0014991860055148926	46.66883087158203
23.738	3.1191525423728814	0.04052631578947368	-0.022297557011040595	0.12194379697660215	0.007300851727047515	0.0012049375138873798	41.38775825500488
23.738	3.1191525423728814	0.05578947368421053	-0.02102219109495982	0.1277720432762452	0.006829831129103025	0.0011216986666631864	37.693565368652344
23.738	3.1191525423728814	0.07105263157894737	-0.02343110843634113	0.12865834152665218	0.006726349649635167	0.0012321212421902124	34.98678398132324
23.738	3.1191525423728814	0.0863157894736842	-0.026430109366517407	0.12884336739411897	0.006554787172829844	0.001287318820742892	32.68453788757324
23.738	3.1191525423728814	0.10157894736842105	-0.02777979659356538	0.12992560402822068	0.0066130891541646445	0.0013473281408202624	31.908519744873047
23.738	3.1191525423728814	0.11684210526315789	-0.02993873836463154	0.13431822988219794	0.006555971771661939	0.0011737146403558683	32.09850311279297
23.738	3.1191525423728814	0.13210526315789473	-0.0344826565864476	0.13745592646493282	0.0064812221015424915	0.0009504358121231058	32.774301528930664
23.738	3.1191525423728814	0.1473684210526316	-0.04165217707290492	0.14224745133281935	0.006422359170432875	0.0006685223261993819	31.094715118408203
23.738	3.1191525423728814	0.16263157894736843	-0.051319318598911076	0.14470927667892788	0.0063740993879444225	0.00013523434671158942	29.16421127319336
23.738	3.1191525423728814	0.17789473684210527	-0.06090664146005474	0.14567271782918845	0.0062080717951582985	-0.0004838159890968359	27.581356048583984
23.738	3.1191525423728814	0.1931578947368421	-0.0712015829701286	0.14566955093662265	0.005769588244553801	-0.000860363548533105	26.483257293701172
23.738	3.1191525423728814	0.20842105263157895	-0.0819830156583648	0.1455173005572987	0.005741992592053631	-0.0013798250446841564	25.656707763671875
23.738	3.1191525423728814	0.2236842105263158	-0.09335762036036062	0.1458895613662433	0.00545773432241622	-0.0018547944645385859	23.86556625366211
23.738	3.1191525423728814	0.23894736842105263	-0.10464112697079733	0.14544586231965484	0.005473876245403816	-0.0022899187880169054	22.196685791015625
23.738	3.1191525423728814	0.25421052631578944	-0.116583324152431	0.14244301599571157	0.005404746903930849	-0.002651626182269813	20.84994888305664
23.738	3.1191525423728814	0.2694736842105263	-0.12719373174329707	0.1399764297635262	0.005153471246227514	-0.003163028568034185	19.738727569580078
23.738	3.1191525423728814	0.2847368421052632	-0.139154289544946	0.136361977910899	0.005013291269309647	-0.0036431337953371917	18.863670349121094
23.738	3.1191525423728814	0.3	-0.15062641922507072	0.1331026353593554	0.004796792524993045	-0.004263276656619792	18.15372085571289
23.738	3.1293220338983048	0.01	-0.012444351353976929	0.07488272569138667	0.007755728759591794	0.003475768953885921	38.89305877685547
23.738	3.1293220338983048	0.02526315789473684	-0.014651400941718433	0.10003296208564305	0.007489334578057569	0.003301989024232411	46.79585647583008
23.738	3.1293220338983048	0.04052631578947368	-0.01819590666221088	0.11106549943328017	0.007292091443450006	0.003204862215108974	42.442848205566406
23.738	3.1293220338983048	0.05578947368421053	-0.016637408136218855	0.11759171608831845	0.007109380848135411	0.0029266451775493796	38.46316719055176
23.738	3.1293220338983048	0.07105263157894737	-0.01867248165310926	0.11974977817848434	0.006831633276269487	0.0028007551212776054	35.837459564208984
23.738	3.1293220338983048	0.0863157894736842	-0.017952701550737093	0.12164831221565711	0.006887056643572344	0.002711771283064001	33.404666900634766
23.738	3.1293220338983048	0.10157894736842105	-0.01976040631765835	0.12535550383843502	0.006717582200960366	0.0026184792861280518	32.406707763671875
23.738	3.1293220338983048	0.11684210526315789	-0.020391126105184593	0.129146743746626	0.006894337510763776	0.002528378137311295	32.41678047180176
23.738	3.1293220338983048	0.13210526315789473	-0.02343928603231433	0.13555636163257317	0.006649304548239483	0.001912011601415565	33.04865264892578
23.738	3.1293220338983048	0.1473684210526316	-0.029938451568414997	0.14033577194449237	0.006722488151891663	0.0018192766271374373	31.61827850341797
23.738	3.1293220338983048	0.16263157894736843	-0.037423555355454524	0.14465424983683117	0.006379400768893244	0.0014406926459320985	29.563560485839844
23.738	3.1293220338983048	0.17789473684210527	-0.04804487554978645	0.1482017587524846	0.0060140841759816	0.0009098359122956601	27.980987548828125
23.738	3.1293220338983048	0.1931578947368421	-0.05851643691461603	0.14887963669644738	0.005808254601074992	0.00046225235629414167	26.763275146484375
23.738	3.1293220338983048	0.20842105263157895	-0.06902790642965653	0.1495869664362639	0.005630377311446553	1.2961905798069245e-05	25.674470901489258
23.738	3.1293220338983048	0.2236842105263158	-0.08101773209915357	0.15115203643620317	0.005477995359889665	-0.0003964728861836982	23.60646629333496
23.738	3.1293220338983048	0.23894736842105263	-0.09260586347737458	0.1503859767250123	0.0054869209650415755	-0.00047841986137526766	21.961763381958008
23.738	3.1293220338983048	0.25421052631578944	-0.10406912121589365	0.14927879450863157	0.005122230759335217	-0.0011663330153596219	20.613666534423828
23.738	3.1293220338983048	0.2694736842105263	-0.11686405254195514	0.14804637930376383	0.004781221102021812	-0.00162545464677073	19.492305755615234
23.738	3.1293220338983048	0.2847368421052632	-0.12824921769688907	0.14467613226754517	0.00482751304684003	-0.0020419911502785456	18.623035430908203
23.738	3.1293220338983048	0.3	-0.14110927400256576	0.14186609904388492	0.00458341499800602	-0.0025407413838660553	17.88910484313965
23.738	3.139491525423729	0.01	0.0008332333985430376	0.07567716348091667	0.00816176806641741	0.004552155976672984	37.13294982910156
23.738	3.139491525423729	0.02526315789473684	-0.00852261129816213	0.08831178453460041	0.007883546114235633	0.0042165472005355475	43.82032775878906
23.738	3.139491525423729	0.04052631578947368	-0.013137963504545389	0.0971095747198359	0.007756889367874673	0.00413091488469428	41.38138198852539
23.738	3.139491525423729	0.05578947368421053	-0.015594890103006395	0.10211009075632485	0.007535795224929332	0.003697685417287834	37.85721397399902
23.738	3.139491525423729	0.07105263157894737	-0.01796806196266007	0.10153328948130534	0.007339211304860906	0.003576944410324361	34.96482276916504
23.738	3.139491525423729	0.0863157894736842	-0.019832877356388386	0.10336837678705399	0.007235344715718051	0.0034191490366629338	33.268009185791016
23.738	3.139491525423729	0.10157894736842105	-0.022097384757948358	0.1052511167975323	0.007148415127097057	0.0033155485693900305	32.63087463378906
23.738	3.139491525423729	0.11684210526315789	-0.024481532551002938	0.10918109503408835	0.0073001668806801446	0.003218851885049317	32.34718894958496
23.738	3.139491525423729	0.13210526315789473	-0.02876226549561067	0.11547541779300138	0.0070840798523967245	0.0030833954635681336	33.40163993835449
23.738	3.139491525423729	0.1473684210526316	-0.03664130033794606	0.12226003543991884	0.0070629923939158155	0.0028142319251173204	33.007972717285156
23.738	3.139491525423729	0.16263157894736843	-0.045520017052357954	0.12630289961582242	0.006720061259911581	0.00228728744843701	30.523611068725586
23.738	3.139491525423729	0.17789473684210527	-0.056674521324047766	0.13029687108703147	0.006305410366920123	0.0018219630817951425	28.970794677734375
23.738	3.139491525423729	0.1931578947368421	-0.0684974065273734	0.1314317680382624	0.006233989176987969	0.0015408448964193242	27.483234405517578
23.738	3.139491525423729	0.20842105263157895	-0.0801705551152706	0.1330334447343398	0.00599069363409217	0.0013975541196599413	25.71208953857422
23.738	3.139491525423729	0.2236842105263158	-0.09229156150688685	0.134892536794464	0.005770417309670851	0.0008954238725662966	23.512042999267578
23.738	3.139491525423729	0.23894736842105263	-0.10534556750612488	0.1335222123965974	0.005646425653233566	0.0006856710759846995	21.789113998413086
23.738	3.139491525423729	0.25421052631578944	-0.11789791533723719	0.13482043091423995	0.005218508186319925	0.0002561436862150515	20.474346160888672
23.738	3.139491525423729	0.2694736842105263	-0.13140151619227652	0.1328421259993668	0.005169567506120988	-0.0001095285370412459	19.381977081298828
23.738	3.139491525423729	0.2847368421052632	-0.14386064054051928	0.12959387517293008	0.005125434995606617	-0.0007055915163999448	18.48687171936035
23.738	3.139491525423729	0.3	-0.15763157704423464	0.12692680514336474	0.004853106455373662	-0.0010014753420924016	17.764413833618164
23.738	3.1496610169491523	0.01	-0.00634907894337122	0.09303549943996417	0.00822444366267919	0.004769868878339866	36.04475021362305
23.738	3.1496610169491523	0.02526315789473684	-0.008542148401379039	0.1257093351943587	0.007973538799599625	0.0046853610295389675	44.44565200805664
23.738	3.1496610169491523	0.04052631578947368	-0.01261714706698005	0.13074456827288322	0.007971112529247438	0.00440761772128114	39.989959716796875
23.738	3.1496610169491523	0.05578947368421053	-0.014031631847960331	0.1319596718005307	0.007886782306588604	0.004452950023610692	37.79914093017578
23.738	3.1496610169491523	0.07105263157894737	-0.013095923628848757	0.12586285196542588	0.007763694894362914	0.004209559062567561	35.053321838378906
23.738	3.1496610169491523	0.0863157894736842	-0.015556793775600156	0.1256834196329102	0.007697562146639594	0.004120821362538031	33.258724212646484
23.738	3.1496610169491523	0.10157894736842105	-0.01693376170513662	0.12410136475467434	0.007607162968039933	0.003638390641512024	32.654876708984375
23.738	3.1496610169491523	0.11684210526315789	-0.018751731200960114	0.12836727104080192	0.007548152150545223	0.0037551396511242715	32.399986267089844
23.738	3.1496610169491523	0.13210526315789473	-0.022977158113267858	0.13258442482841484	0.007315013290640966	0.0034828105201562746	33.65451431274414
23.738	3.1496610169491523	0.1473684210526316	-0.031189326794431087	0.13743027250663503	0.007364515989316458	0.003270362661580661	31.96660614013672
23.738	3.1496610169491523	0.16263157894736843	-0.04227847702948796	0.1400747216065334	0.00710158667424886	0.003005017858461005	29.833343505859375
23.738	3.1496610169491523	0.17789473684210527	-0.054038874673450615	0.1416249714247707	0.007003661617472903	0.0028810892459529072	28.093225479125977
23.738	3.1496610169491523	0.1931578947368421	-0.06658904468996446	0.14068475038323647	0.0064318500589539696	0.002409909847938309	26.67078971862793
23.738	3.1496610169491523	0.20842105263157895	-0.07993551805912977	0.1402260608355687	0.0063739361592016755	0.002159052382256792	25.025976181030273
23.738	3.1496610169491523	0.2236842105263158	-0.09260589458711965	0.14072189141697444	0.006095470724372731	0.0018133278927635974	22.9747257232666
23.738	3.1496610169491523	0.23894736842105263	-0.10563217443774447	0.13980079906086862	0.0061260160275493905	0.001505507323068907	21.36042594909668
23.738	3.1496610169491523	0.25421052631578944	-0.11964251143286933	0.1374348835835928	0.005835406001224268	0.0012345131968098963	20.062652587890625
23.738	3.1496610169491523	0.2694736842105263	-0.1334988891168568	0.13570520227203917	0.0057604759598142916	0.001058705402861416	19.072744369506836
23.738	3.1496610169491523	0.2847368421052632	-0.1478128358233708	0.13201325216752724	0.0055602042558711455	0.0005810658396834725	18.2186336517334
23.738	3.1496610169491523	0.3	-0.16158280597696012	0.1287077166552275	0.0055154112335366575	0.00023511059469947707	17.498918533325195
23.738	3.159830508474576	0.01	-0.010880045080273622	0.11331797814541705	0.008807005591497663	0.004619843633950409	32.15248107910156
23.738	3.159830508474576	0.02526315789473684	-0.01083374270209599	0.12439322075420267	0.008617422737241387	0.005057336652962211	46.40149688720703
23.738	3.159830508474576	0.04052631578947368	-0.010668006385654254	0.12086425647809972	0.008655124369776229	0.004897249422656224	40.73867225646973
23.738	3.159830508474576	0.05578947368421053	-0.012126493300288959	0.11450841204002368	0.008391807446256633	0.004628578538113123	36.51346015930176
23.738	3.159830508474576	0.07105263157894737	-0.014853373708879621	0.1047821410445716	0.008202352912261582	0.004508098546100285	34.146942138671875
23.738	3.159830508474576	0.0863157894736842	-0.018670687088720543	0.10092265007058021	0.008232288247243175	0.004548517414595207	32.54294967651367
23.738	3.159830508474576	0.10157894736842105	-0.02056707799362399	0.09945065687579363	0.008106814656016394	0.004392328180525968	31.837459564208984
23.738	3.159830508474576	0.11684210526315789	-0.02272193143415094	0.10133401099634742	0.00821011312589597	0.004352918075800381	31.815105438232422
23.738	3.159830508474576	0.13210526315789473	-0.028597624230113035	0.10486091235694855	0.007914290441207394	0.004240482057536016	32.970319747924805
23.738	3.159830508474576	0.1473684210526316	-0.03776660320475272	0.1093668135069629	0.007642166594022435	0.003832306284742886	32.350881576538086
23.738	3.159830508474576	0.16263157894736843	-0.04728485343098031	0.11213528831132119	0.0070342835794953975	0.0036005233395133914	30.262805938720703
23.738	3.159830508474576	0.17789473684210527	-0.05865009884849133	0.11463392990703417	0.007152946287142666	0.0032935606130310305	28.740827560424805
23.738	3.159830508474576	0.1931578947368421	-0.06946315955850194	0.11489226353474008	0.00684188086306738	0.0032237767393737266	27.465166091918945
23.738	3.159830508474576	0.20842105263157895	-0.08027360598100697	0.11552267004980019	0.006792348685485811	0.0028751471335410413	24.77272605895996
23.738	3.159830508474576	0.2236842105263158	-0.09198732544198376	0.11619867187829241	0.006371762013805599	0.0026395357003777564	22.737483978271484
23.738	3.159830508474576	0.23894736842105263	-0.10429103514186436	0.11441159565164732	0.006493006336964324	0.0023505579564942762	21.221965789794922
23.738	3.159830508474576	0.25421052631578944	-0.11706171846024087	0.1139303883553951	0.0062170861188533015	0.0021090542740178136	19.985092163085938
23.738	3.159830508474576	0.2694736842105263	-0.1302838061981487	0.11157988807070987	0.0060383059965913866	0.0018385693738866647	18.965312957763672
23.738	3.159830508474576	0.2847368421052632	-0.1432044249014963	0.10860104870190396	0.005812869749249128	0.0013982691607895745	18.134004592895508
23.738	3.159830508474576	0.3	-0.1546116251019795	0.10594778731138926	0.005589662061217292	0.0010298353281984677	17.45160675048828
23.738	3.17	0.01	-0.010880913165028856	0.14575391485960704	0.00936753300393097	0.0050802147039901435	36.57513427734375
23.738	3.17	0.02526315789473684	-0.00770375472892073	0.15603334105093586	0.00937612038080526	0.005076086813854241	44.722591400146484
23.738	3.17	0.04052631578947368	-0.008407722980102263	0.15145568292265285	0.009094501257013589	0.0048663924765653165	38.08540725708008
23.738	3.17	0.05578947368421053	-0.010312358111461362	0.1450215768409287	0.009063655390955218	0.004791764312817774	35.52317428588867
23.738	3.17	0.07105263157894737	-0.011480424954190242	0.13456648440006733	0.008860964426080399	0.004820937469337624	32.83576965332031
23.738	3.17	0.0863157894736842	-0.011641640989675512	0.12806806174013383	0.00892801242422412	0.004719118831596833	31.484289169311523
23.738	3.17	0.10157894736842105	-0.013344397866732766	0.1261761512807532	0.008747161669964967	0.004588146003695702	30.5278263092041
23.738	3.17	0.11684210526315789	-0.015303002872853475	0.12600612054110275	0.008635093646204451	0.00462418424272193	30.46460723876953
23.738	3.17	0.13210526315789473	-0.020555896141915518	0.12670551101208433	0.00856649326069256	0.004527494887350337	31.48656463623047
23.738	3.17	0.1473684210526316	-0.028766257518320272	0.12899455177129016	0.008311048254117387	0.004306121253840624	31.232139587402344
23.738	3.17	0.16263157894736843	-0.03919551476591726	0.1300893390597473	0.007937646883519386	0.0038915824250681332	29.301860809326172
23.738	3.17	0.17789473684210527	-0.048867484951706425	0.12989583014381553	0.007722137144182394	0.0039270773395047726	27.73404312133789
23.738	3.17	0.1931578947368421	-0.06009264979636095	0.12941041125554098	0.007555311755012999	0.0036387497544284435	26.67354393005371
23.738	3.17	0.20842105263157895	-0.07138521224021127	0.12861394475107	0.0073450472088873245	0.003479973447158897	25.036558151245117
23.738	3.17	0.2236842105263158	-0.08214509337901282	0.12846659163837237	0.007126629841706766	0.003279887872031494	22.968629837036133
23.738	3.17	0.23894736842105263	-0.09297687113045855	0.12865911985640333	0.006808147561090173	0.003111873960278219	21.399675369262695
23.738	3.17	0.25421052631578944	-0.10546916040818344	0.12490681402045214	0.006939660039286552	0.003060570230755354	20.156702041625977
23.738	3.17	0.2694736842105263	-0.11785022322355398	0.12225745925175391	0.00664212835994392	0.0027205811484112795	19.118173599243164
23.738	3.17	0.2847368421052632	-0.12886940288507942	0.11962977490989388	0.006479987707156194	0.0026440694845039398	18.279144287109375
23.738	3.17	0.3	-0.14128079480642083	0.11613078454179585	0.006407125097915154	0.0023444764688623225	17.55820655822754
