base_if_frequency_mhz	lo_frequency_ghz	if_amplitude	g	phi	I_offset	Q_offset	sfdr_db
19.422	2.57	0.0005	0.039062500000000014	0.006249999999999995	0.007602670858162672	0.002276321292555757	6.276123046875
19.422	2.57	0.008692307692307694	0.011258732866527777	0.24547998014884975	0.008076863463483613	0.0025537048301853523	36.16830825805664
19.422	2.57	0.016884615384615387	0.004195589352431039	0.25063860382932224	0.007871977858149689	0.0023164000216149396	39.87244415283203
19.422	2.57	0.02507692307692308	0.0078113068957201045	0.25907492057002135	0.007937599157149478	0.0024779934825052046	47.99961471557617
19.422	2.57	0.03326923076923077	0.010684084355131669	0.26363131699181075	0.007806261861183724	0.0024175926820636223	49.49742126464844
19.422	2.57	0.041461538461538466	0.009049045380658677	0.2633233936522142	0.00790222586486909	0.0021561435354716363	49.79855728149414
19.422	2.57	0.04965384615384616	0.009093912898031565	0.2639056619115596	0.007871345315594065	0.0020315351080217804	49.972320556640625
19.422	2.57	0.05784615384615385	0.009338889411812913	0.2671518743307531	0.007756975492358972	0.002080856089041778	47.171016693115234
19.422	2.57	0.06603846153846155	0.010630511447018279	0.26990544323709015	0.007741719543830324	0.0019125422346677882	46.017372131347656
19.422	2.57	0.07423076923076924	0.01059165558112627	0.27193980065860407	0.007595735230799749	0.0019673537227890225	45.90787887573242
19.422	2.57	0.08242307692307693	0.011026882775146893	0.2720780533365976	0.007286084295823751	0.0017432210744909422	44.879669189453125
19.422	2.57	0.09061538461538463	0.011429416876305274	0.2745631562639098	0.007489598012418481	0.0019558662837243297	42.73365020751953
19.422	2.57	0.09880769230769232	0.011766298791955183	0.2754204466526905	0.007335993382386859	0.0017242865590832782	42.260393142700195
19.422	2.57	0.10700000000000001	0.011040787398057025	0.2769825680198484	0.007237202075575383	0.0018613006228171988	40.69881248474121
19.422	2.57	0.1151923076923077	0.010752239250299332	0.2785959798832661	0.007370520937352799	0.0016779117441913275	39.73293495178223
19.422	2.57	0.1233846153846154	0.01044976630650256	0.2800122409227176	0.007086176806284005	0.0018388677333134886	39.74201774597168
19.422	2.57	0.1315769230769231	0.009179767323022519	0.2809534155513963	0.006931296637902238	0.0019254120040915657	38.28473663330078
19.422	2.57	0.13976923076923078	0.007632738663179607	0.2828518274339721	0.007002855787057572	0.0019336957234194169	37.68306541442871
19.422	2.57	0.14796153846153848	0.0055344599959387016	0.2840279737296365	0.006849975488463542	0.0017485841651949231	36.90724563598633
19.422	2.57	0.15615384615384617	0.004270928322450731	0.2870500671341173	0.006837230436088471	0.0019754652736494495	35.49008369445801
19.422	2.57	0.16434615384615386	0.0023845980103328014	0.2892278328900316	0.006677234010380277	0.0018793433041238506	34.741546630859375
19.422	2.57	0.17253846153846156	0.000406240644148076	0.2913892888965823	0.006974091890794612	0.0020620263720828834	33.7515869140625
19.422	2.57	0.18073076923076925	-0.003068626739044681	0.29505057454514133	0.0068058328751717245	0.001716481764131653	32.76315689086914
19.422	2.57	0.18892307692307694	-0.006578572047950712	0.29919710376268294	0.00685575913145068	0.001867118669189521	31.666954040527344
19.422	2.57	0.19711538461538464	-0.011202672077419248	0.30286662870055114	0.006839705576441257	0.0016293138745927817	30.538509368896484
19.422	2.57	0.20530769230769233	-0.01595046953968983	0.3078307747216992	0.006788865241582249	0.0015972588408251622	29.548137664794922
19.422	2.57	0.21350000000000002	-0.022442045716742055	0.31287780649225205	0.006807674459672848	0.0011257055345188583	28.5443172454834
19.422	2.57	0.22169230769230772	-0.027983177501881503	0.3176761070332582	0.006706470078119302	0.001025324665538648	27.584348678588867
19.422	2.57	0.2298846153846154	-0.035387798687885136	0.32308069763157565	0.006986254626973726	0.0009523228840967303	26.784893035888672
19.422	2.57	0.2380769230769231	-0.04266329681661408	0.32777307597198113	0.006799583732443685	0.0005529219333714944	26.007183074951172
19.422	2.57	0.2462692307692308	-0.04980011344438061	0.33152422548408644	0.0066182909586471935	0.0003661085294571046	25.37518310546875
19.422	2.57	0.25446153846153846	-0.057966559971251996	0.33487915546925956	0.006365594171290793	0.0004084383497375331	24.679767608642578
19.422	2.57	0.2626538461538462	-0.06540475624039244	0.3385557696620324	0.006375396218672557	-5.64795001869042e-05	24.136329650878906
19.422	2.57	0.2708461538461539	-0.07367098756491612	0.3429886026239345	0.006274460828453465	-0.00013059678166107665	23.54067611694336
19.422	2.57	0.27903846153846157	-0.08214320173319004	0.3464752401233998	0.006397184130112792	-0.00021261749295676426	23.09543228149414
19.422	2.57	0.28723076923076923	-0.08905793689463475	0.349488246473138	0.006283446451455451	-0.0004896879509711137	22.71554183959961
19.422	2.57	0.29542307692307695	-0.0966978644688353	0.35134737208159983	0.006165015106531079	-0.0007637960333166074	22.347074508666992
19.422	2.57	0.3036153846153847	-0.10506673378094282	0.3541767312740012	0.0059507179549338155	-0.0010439391044868677	22.022727966308594
19.422	2.57	0.31180769230769234	-0.11248899986657496	0.3559804510967842	0.005888087640825141	-0.0012697358114599159	21.711767196655273
19.422	2.57	0.32	-0.12036090703357297	0.35839662269216066	0.005671066080004855	-0.0013982572055317823	21.393062591552734
19.422	2.578695652173913	0.0005	-0.07270465703357293	0.30644349769216084	0.006694229111933016	0.004470708851041212	11.649734497070312
19.422	2.578695652173913	0.008692307692307694	0.015681878610958325	0.2842862100945045	0.0071944542761899506	0.0047783893196867485	33.836265563964844
19.422	2.578695652173913	0.016884615384615387	0.0036012330497400594	0.27906410411458504	0.007046203712228463	0.0045042580982101125	44.4738655090332
19.422	2.578695652173913	0.02507692307692308	0.008599143981446487	0.2794212951929497	0.006868813522895124	0.004327130452562944	46.325950622558594
19.422	2.578695652173913	0.03326923076923077	0.004219983279217937	0.2804327413113046	0.007037668520972118	0.004393398625472591	47.65135955810547
19.422	2.578695652173913	0.041461538461538466	0.004124818503369548	0.2835394009621074	0.006855676743703028	0.003990312109959622	47.04225540161133
19.422	2.578695652173913	0.04965384615384616	0.005035350667123495	0.2832991139424882	0.007138302012246444	0.004145800720238636	44.08125114440918
19.422	2.578695652173913	0.05784615384615385	0.0032095186450596166	0.2812238715137628	0.006921523851918096	0.003958756556708533	44.34039306640625
19.422	2.578695652173913	0.06603846153846155	0.003265652957728701	0.2837681399234489	0.006819484121763593	0.003739643206914037	43.176687240600586
19.422	2.578695652173913	0.07423076923076924	0.0032273650053069444	0.2818018424150316	0.006750926213693959	0.0036101835551303877	43.371524810791016
19.422	2.578695652173913	0.08242307692307693	0.0025641888802054695	0.2819316665241408	0.006682057909791357	0.003519433803303507	42.03314208984375
19.422	2.578695652173913	0.09061538461538463	0.002783532546891217	0.2802829293861201	0.0068706680950192025	0.0034992828553027876	41.46209716796875
19.422	2.578695652173913	0.09880769230769232	0.003543603603611552	0.27995457881184693	0.006645027368779838	0.0033402284266982095	40.33042526245117
19.422	2.578695652173913	0.10700000000000001	0.002585324869869356	0.2798043771046271	0.0067154341874255535	0.0033050006649422165	39.35746955871582
19.422	2.578695652173913	0.1151923076923077	0.0027538543428816684	0.27904567953770154	0.006724211174549844	0.0033301955249147594	38.417503356933594
19.422	2.578695652173913	0.1233846153846154	0.002367836485427529	0.27845671300325026	0.006697956332203776	0.0030326969185937827	37.85676193237305
19.422	2.578695652173913	0.1315769230769231	0.0015678066451071794	0.27747388582225374	0.006634649047581749	0.003141945702925723	37.89240074157715
19.422	2.578695652173913	0.13976923076923078	0.001406468734421491	0.2783718905704137	0.00658013386406801	0.003091591678477283	37.063011169433594
19.422	2.578695652173913	0.14796153846153848	0.0008513143991593794	0.27823789614920663	0.006547112062306898	0.003233132729536549	36.26224899291992
19.422	2.578695652173913	0.15615384615384617	0.00022087946768121518	0.27952946627069075	0.00667910227643265	0.0033399921157770043	35.6085147857666
19.422	2.578695652173913	0.16434615384615386	-0.0009587510955930466	0.2810163598280665	0.006555442703366774	0.0031231973826303973	34.758445739746094
19.422	2.578695652173913	0.17253846153846156	-0.0015710612606785706	0.28189757354438116	0.0065698713162857135	0.0029534396655007786	33.918888092041016
19.422	2.578695652173913	0.18073076923076925	-0.0035768060659070247	0.2852148409375669	0.006427629190555451	0.0029911394567106687	32.990896224975586
19.422	2.578695652173913	0.18892307692307694	-0.006481544815132564	0.28875892172945866	0.0065986148252940875	0.002930137631392585	32.018943786621094
19.422	2.578695652173913	0.19711538461538464	-0.008939952713071303	0.29030302197461394	0.00667998662461175	0.0026602832621996147	31.108993530273438
19.422	2.578695652173913	0.20530769230769233	-0.012803776419823436	0.29489561736003944	0.006691316058958157	0.002654307599701813	30.074615478515625
19.422	2.578695652173913	0.21350000000000002	-0.01777753983345219	0.2990002337139223	0.006724408459087657	0.0023597032992484267	29.00079345703125
19.422	2.578695652173913	0.22169230769230772	-0.02334612254282248	0.3034898774257364	0.0064963764439953334	0.00201997812468995	28.070995330810547
19.422	2.578695652173913	0.2298846153846154	-0.02938863074133834	0.3083276412639955	0.006577045601514365	0.0018366413127882419	27.19172477722168
19.422	2.578695652173913	0.2380769230769231	-0.0358890815018241	0.31254107671775505	0.006572969439301267	0.0017148096438535942	26.385433197021484
19.422	2.578695652173913	0.2462692307692308	-0.04294125038055077	0.31667460266253566	0.0064493815911950865	0.001655268128811009	25.653156280517578
19.422	2.578695652173913	0.25446153846153846	-0.05030458410679434	0.31986973608582303	0.006268658050133427	0.001110957015681489	24.92400550842285
19.422	2.578695652173913	0.2626538461538462	-0.056780081764289406	0.3238680657255084	0.006171427228285512	0.0013567699234964673	24.471101760864258
19.422	2.578695652173913	0.2708461538461539	-0.06518926498930179	0.328972835665007	0.006087214327247537	0.0007459230004779969	23.88713836669922
19.422	2.578695652173913	0.27903846153846157	-0.07266917468586037	0.331610510342363	0.00626537278547364	0.0008240086749406106	23.376758575439453
19.422	2.578695652173913	0.28723076923076923	-0.08089189466335378	0.3357722483107516	0.0060145602586813545	0.0006578400057019246	22.94015121459961
19.422	2.578695652173913	0.29542307692307695	-0.08809268653439073	0.3385589904769055	0.006035050326353507	0.0003987377495519367	22.596424102783203
19.422	2.578695652173913	0.3036153846153847	-0.09583222779491629	0.3414098121610203	0.005820540680760154	0.0002635407436769943	22.239734649658203
19.422	2.578695652173913	0.31180769230769234	-0.10398849850406698	0.34436143082517623	0.005835387121566215	0.0001326603947221033	21.91628646850586
19.422	2.578695652173913	0.32	-0.11128159616248304	0.34616446220638675	0.0057255233961189984	-0.00020719613790578858	21.640565872192383
19.422	2.587391304347826	0.0005	0.05511867549164602	0.558901280400776	0.007180436628927185	0.00539746327642	10.93695068359375
19.422	2.587391304347826	0.008692307692307694	0.009919573328331214	0.21164926612141022	0.0074726822622680125	0.0056345987361557815	37.42039489746094
19.422	2.587391304347826	0.016884615384615387	0.006442286035850741	0.21361574256183988	0.007595385768496251	0.005568273042808307	41.73326110839844
19.422	2.587391304347826	0.02507692307692308	0.006196089050605992	0.2207310500121344	0.007354697321745776	0.005493098436023915	44.19173812866211
19.422	2.587391304347826	0.03326923076923077	0.006796900237783881	0.22254667096162606	0.007498014085633699	0.005392519509815846	44.70335388183594
19.422	2.587391304347826	0.041461538461538466	0.006198953356831079	0.22526590991123815	0.007318090576764566	0.0051877732252523425	45.08567810058594
19.422	2.587391304347826	0.04965384615384616	0.006080189183218718	0.22821091163639018	0.007412662960151117	0.004986065313487374	47.227243423461914
19.422	2.587391304347826	0.05784615384615385	0.005837358032683216	0.2319401868837051	0.00750442228712968	0.0051489197333313376	44.06054878234863
19.422	2.587391304347826	0.06603846153846155	0.007762430023969348	0.23589303002896472	0.007231092350812511	0.004802510004522541	42.342966079711914
19.422	2.587391304347826	0.07423076923076924	0.006642918703356556	0.23931758838656272	0.007273121292374021	0.0045645875961855455	42.94453239440918
19.422	2.587391304347826	0.08242307692307693	0.006749681013814053	0.24233433922344888	0.007362130755854106	0.004431226900729883	40.76822853088379
19.422	2.587391304347826	0.09061538461538463	0.006833253439668717	0.2442653402714302	0.007106818544993743	0.004335123902576453	40.07136917114258
19.422	2.587391304347826	0.09880769230769232	0.0072232200866493255	0.24766306951323602	0.007212730326752749	0.004154037007471049	39.585886001586914
19.422	2.587391304347826	0.10700000000000001	0.006793349302174406	0.2496394569858596	0.007169617307160692	0.00406986433499809	38.89230728149414
19.422	2.587391304347826	0.1151923076923077	0.0063950919274109175	0.2532737026795433	0.007281205915867057	0.00409368482778631	37.771480560302734
19.422	2.587391304347826	0.1233846153846154	0.005306526400099518	0.2549629252791663	0.007136090682060715	0.00428341019218805	37.63386535644531
19.422	2.587391304347826	0.1315769230769231	0.004754763673918664	0.2570411928347634	0.007147460590990445	0.004325689336253611	36.640377044677734
19.422	2.587391304347826	0.13976923076923078	0.004291862497814248	0.2596327252865548	0.007306418075326939	0.004049423369253869	35.91513442993164
19.422	2.587391304347826	0.14796153846153848	0.0026725873219476293	0.2615682279070368	0.006968650800336342	0.004038842587254687	35.07067108154297
19.422	2.587391304347826	0.15615384615384617	0.0012136447286394646	0.2632845162288046	0.006795502740397247	0.004131820954809348	34.68742752075195
19.422	2.587391304347826	0.16434615384615386	-0.00030457334875960256	0.26647070797566785	0.007145334995744128	0.004199815468918053	33.59891891479492
19.422	2.587391304347826	0.17253846153846156	-0.0018491706352704305	0.2686796292353799	0.007037707254979295	0.004052720145487685	32.76106643676758
19.422	2.587391304347826	0.18073076923076925	-0.00388024090702563	0.27115249800954866	0.006793069075259377	0.003926777999809706	31.766239166259766
19.422	2.587391304347826	0.18892307692307694	-0.006412017871816906	0.27454887277657786	0.006978241459943432	0.004011985876107196	31.029155731201172
19.422	2.587391304347826	0.19711538461538464	-0.008907483537399181	0.2773087102829995	0.006689074755046365	0.0037633828950246863	30.269195556640625
19.422	2.587391304347826	0.20530769230769233	-0.012783228313850203	0.28052334813812574	0.007125691608984082	0.003469861551351823	29.208576202392578
19.422	2.587391304347826	0.21350000000000002	-0.01762859908230319	0.2855920457016732	0.006856797641102159	0.0033948395651320438	28.406925201416016
19.422	2.587391304347826	0.22169230769230772	-0.022117514089398972	0.28882094001430647	0.0067536059860846005	0.003100816568166761	27.5343074798584
19.422	2.587391304347826	0.2298846153846154	-0.028112781536993214	0.29305380842031636	0.0066671755454241165	0.003191089551682879	26.73113250732422
19.422	2.587391304347826	0.2380769230769231	-0.03404353086393757	0.2976363956773441	0.0066660958251464845	0.0027944349369589225	26.00650405883789
19.422	2.587391304347826	0.2462692307692308	-0.040497993666440815	0.30085420090670445	0.0068228788357533685	0.002773626691714371	25.327009201049805
19.422	2.587391304347826	0.25446153846153846	-0.0478491874297565	0.3038022325743244	0.006688480178813828	0.0025455549334820506	24.6827335357666
19.422	2.587391304347826	0.2626538461538462	-0.05457293447917271	0.3068291196386787	0.006583695357945297	0.0023818409430800902	24.1423397064209
19.422	2.587391304347826	0.2708461538461539	-0.06161767863096265	0.3106176117924412	0.006511271642498812	0.002132061572409524	23.662992477416992
19.422	2.587391304347826	0.27903846153846157	-0.06827077785647653	0.31335469659807197	0.0062288046721146895	0.0021207514979311374	23.167194366455078
19.422	2.587391304347826	0.28723076923076923	-0.07561590244924796	0.3167671043978677	0.00608313571491957	0.0017668116011100162	22.75564956665039
19.422	2.587391304347826	0.29542307692307695	-0.0836747097962178	0.3192552856256857	0.006185285066834275	0.0014523984484276255	22.362071990966797
19.422	2.587391304347826	0.3036153846153847	-0.0908727847141041	0.321256168391334	0.006055248922023704	0.0013314423091485453	22.041542053222656
19.422	2.587391304347826	0.31180769230769234	-0.098344943522438	0.32340812773914873	0.005991354976725371	0.0010368914912048722	21.664817810058594
19.422	2.587391304347826	0.32	-0.10604982040892495	0.3261193630447884	0.005678188271434145	0.001060037600902208	21.455080032348633
19.422	2.596086956521739	0.0005	0.08971281386841878	0.3011826870193977	0.0069817995491172485	0.0058965233087205915	9.600227355957031
19.422	2.596086956521739	0.008692307692307694	0.010370465923465817	0.2667779974101656	0.007556648196459093	0.006200108631464512	38.216339111328125
19.422	2.596086956521739	0.016884615384615387	0.00965769427376056	0.2670507456365818	0.007387353237422696	0.005970220173781411	43.371307373046875
19.422	2.596086956521739	0.02507692307692308	0.009922416382601506	0.2722290988270039	0.0072803389217687585	0.006268578808208544	45.842079162597656
19.422	2.596086956521739	0.03326923076923077	0.010931961199371868	0.2743460861330029	0.007424828377761369	0.005901036407109807	47.70275115966797
19.422	2.596086956521739	0.041461538461538466	0.008608610143988185	0.27739721846926174	0.007375000206902623	0.005710967467777431	46.548126220703125
19.422	2.596086956521739	0.04965384615384616	0.00914717005660709	0.27940491792124206	0.007389520500026719	0.005492826697121277	42.76451110839844
19.422	2.596086956521739	0.05784615384615385	0.008564984796688761	0.2814661175081753	0.00724353231882423	0.005388939089715028	41.741111755371094
19.422	2.596086956521739	0.06603846153846155	0.008238031261333455	0.2815445864723585	0.007506072286991858	0.005304963708456547	40.07585334777832
19.422	2.596086956521739	0.07423076923076924	0.006790633425928634	0.27955241373343265	0.0073027132254307936	0.005134965474988041	40.29180717468262
19.422	2.596086956521739	0.08242307692307693	0.006074865288767712	0.2807174592347622	0.007500442439885301	0.0052419208861631756	39.27189254760742
19.422	2.596086956521739	0.09061538461538463	0.0046934039664601225	0.2798315725358008	0.007353483843880527	0.004728541769333705	38.38389015197754
19.422	2.596086956521739	0.09880769230769232	0.004425493061488726	0.27758978889709457	0.007503232802318591	0.004650514076258247	37.42050743103027
19.422	2.596086956521739	0.10700000000000001	0.004057520679240041	0.2755986064084307	0.007234153924861576	0.004614719088345735	36.73977279663086
19.422	2.596086956521739	0.1151923076923077	0.003758671931032947	0.2750081762083307	0.007245416458704711	0.004419334965686286	35.568603515625
19.422	2.596086956521739	0.1233846153846154	0.002755936414874667	0.2743694045070978	0.007233231062605622	0.004518082544708814	35.27263259887695
19.422	2.596086956521739	0.1315769230769231	0.002621424820214088	0.2723635910616675	0.007203577810264899	0.004371470009331569	34.56672286987305
19.422	2.596086956521739	0.13976923076923078	0.0019596933801640233	0.2720959466684971	0.007230541301067407	0.004219718872711367	34.502525329589844
19.422	2.596086956521739	0.14796153846153848	0.0019233466889691003	0.2728469500179297	0.007217389273024056	0.004569130378329856	33.526350021362305
19.422	2.596086956521739	0.15615384615384617	-0.00023201909854110329	0.273983984050973	0.00711771915531986	0.004457975928219022	33.03272819519043
19.422	2.596086956521739	0.16434615384615386	-0.0010771990094436256	0.27500796823427576	0.007375574165028039	0.004591956550003775	32.27786636352539
19.422	2.596086956521739	0.17253846153846156	-0.002298874977997965	0.27743459516990615	0.007234551692329793	0.004339878048844328	31.26540756225586
19.422	2.596086956521739	0.18073076923076925	-0.0034608578033160863	0.27824424328202085	0.007053192831579827	0.004348420832296638	30.534467697143555
19.422	2.596086956521739	0.18892307692307694	-0.0061233635366309816	0.2817210043481429	0.007215497723580798	0.004251961172825346	29.777307510375977
19.422	2.596086956521739	0.19711538461538464	-0.008892022895475145	0.2840443041575019	0.007190562160547731	0.0040999971513188465	28.844932556152344
19.422	2.596086956521739	0.20530769230769233	-0.0124612969758576	0.28776511750872147	0.007103960447207128	0.003913454288004041	28.107433319091797
19.422	2.596086956521739	0.21350000000000002	-0.017186571518933144	0.2908511759205423	0.00693884087622452	0.0037785612484659975	27.231895446777344
19.422	2.596086956521739	0.22169230769230772	-0.0217927911794239	0.2945965816224628	0.006807970083442583	0.003484851966051942	26.484546661376953
19.422	2.596086956521739	0.2298846153846154	-0.0276928030235202	0.29962672778879973	0.00699301697204306	0.0034459495490429307	25.666664123535156
19.422	2.596086956521739	0.2380769230769231	-0.03313537519659181	0.30272904124861083	0.0069329816289575835	0.003441446885337579	24.852989196777344
19.422	2.596086956521739	0.2462692307692308	-0.03987742108526905	0.30550631298968056	0.0067093283514134405	0.0031925534430476262	24.300626754760742
19.422	2.596086956521739	0.25446153846153846	-0.04665480677447083	0.3082945814195481	0.006905043697756909	0.003133179630356719	23.748977661132812
19.422	2.596086956521739	0.2626538461538462	-0.05304906390317519	0.31204165673255185	0.0067930364693465405	0.0030161138780814773	23.20957374572754
19.422	2.596086956521739	0.2708461538461539	-0.06078582818293349	0.31579951323148503	0.006735742192497986	0.002865566061379605	22.764375686645508
19.422	2.596086956521739	0.27903846153846157	-0.06766689167555291	0.3184900655127591	0.006481683303441675	0.0026602697615661385	22.300336837768555
19.422	2.596086956521739	0.28723076923076923	-0.07439929097969636	0.32062339392577127	0.006377793756833557	0.002615849009373826	21.920608520507812
19.422	2.596086956521739	0.29542307692307695	-0.08245089248622545	0.32339980143926456	0.006450212329214699	0.0021227696553185998	21.552791595458984
19.422	2.596086956521739	0.3036153846153847	-0.08867076505985425	0.32481018315440013	0.006197078941064029	0.001993376631651567	21.254919052124023
19.422	2.596086956521739	0.31180769230769234	-0.09533264440097229	0.3270772743052614	0.006078027628697045	0.002093401369927553	20.955415725708008
19.422	2.596086956521739	0.32	-0.10329240748860972	0.32879381181287076	0.005923047095941752	0.0018769167315725059	20.690601348876953
19.422	2.604782608695652	0.0005	0.06351610233805044	0.3497458458094529	0.007593245171372889	0.006436393009395065	12.98388671875
19.422	2.604782608695652	0.008692307692307694	0.018960970858455488	0.19597617669281112	0.007803432212475358	0.0066775396003468206	36.46720886230469
19.422	2.604782608695652	0.016884615384615387	0.026901455717795147	0.2076155159247561	0.007900466335849544	0.006682799265727081	44.12371063232422
19.422	2.604782608695652	0.02507692307692308	0.022093494403285986	0.21519878312354423	0.007925076414409815	0.006633904111200618	45.169734954833984
19.422	2.604782608695652	0.03326923076923077	0.02129609955683638	0.2208954140831179	0.007824151097754747	0.006297316821037733	49.20631790161133
19.422	2.604782608695652	0.041461538461538466	0.0192716998979165	0.22766703197508215	0.007924261258037545	0.006348357195103059	46.60047912597656
19.422	2.604782608695652	0.04965384615384616	0.02010543402281543	0.2350946144923483	0.007666297061902838	0.006182654740670158	46.82882308959961
19.422	2.604782608695652	0.05784615384615385	0.01941858631595238	0.24352292735615125	0.007675191919358577	0.0060053199259448315	43.434120178222656
19.422	2.604782608695652	0.06603846153846155	0.01771087891252116	0.2500732255226199	0.007697517351286609	0.005928464043873874	42.19629669189453
19.422	2.604782608695652	0.07423076923076924	0.01747070938276899	0.2530374886952546	0.007527341886222661	0.005746289428853971	41.95745849609375
19.422	2.604782608695652	0.08242307692307693	0.01629431895839823	0.2571796861030367	0.007698661159733286	0.005578815025449863	41.57161903381348
19.422	2.604782608695652	0.09061538461538463	0.016373580720255423	0.2615202850942938	0.007639406826752843	0.005634850165994527	40.69953918457031
19.422	2.604782608695652	0.09880769230769232	0.015168040531017876	0.26503331931905605	0.007663186821560974	0.005546309945827043	39.298255920410156
19.422	2.604782608695652	0.10700000000000001	0.014196580747404198	0.2685530005082652	0.007625377356203986	0.005087149221514218	38.43713569641113
19.422	2.604782608695652	0.1151923076923077	0.01328427958654339	0.273133117973495	0.007572389100078909	0.0052524521730882715	37.97505187988281
19.422	2.604782608695652	0.1233846153846154	0.012490728305448841	0.27433580280064396	0.007406679392584918	0.005258422743291132	37.102455139160156
19.422	2.604782608695652	0.1315769230769231	0.010139820796777485	0.2765998242555305	0.00746887197333755	0.005255274847551807	36.56264114379883
19.422	2.604782608695652	0.13976923076923078	0.009178062072774534	0.27904673090278664	0.007540863206377178	0.0052184313983884385	35.83771514892578
19.422	2.604782608695652	0.14796153846153848	0.006965256469143695	0.28201784708844047	0.0072936414405108205	0.005257645428653536	34.656776428222656
19.422	2.604782608695652	0.15615384615384617	0.005220516048362232	0.28515296264044465	0.007383035767880331	0.005221283759172272	33.89628028869629
19.422	2.604782608695652	0.16434615384615386	0.0030850024418809796	0.28796152091776483	0.007308740677255385	0.005127185542323064	32.71738815307617
19.422	2.604782608695652	0.17253846153846156	0.00015825487759558594	0.29205227480309665	0.007615370322893551	0.005124145996477825	31.68868637084961
19.422	2.604782608695652	0.18073076923076925	-0.0023559193013455906	0.2947403234171692	0.007403729910753336	0.005030499930348132	30.681865692138672
19.422	2.604782608695652	0.18892307692307694	-0.005387785379891008	0.29889225777484363	0.007257829631334348	0.005065097568615305	29.61488914489746
19.422	2.604782608695652	0.19711538461538464	-0.009514331325142799	0.3020425348056529	0.007202125945882695	0.00493580752596256	28.709918975830078
19.422	2.604782608695652	0.20530769230769233	-0.014122393607165532	0.30636598031310547	0.007361132603842677	0.004676153630509388	27.700836181640625
19.422	2.604782608695652	0.21350000000000002	-0.0199410513821094	0.3105690781438649	0.007200267361919075	0.004520385403167924	26.783262252807617
19.422	2.604782608695652	0.22169230769230772	-0.026067690429506872	0.3144507608368738	0.007131650116563534	0.004540161118323316	25.939271926879883
19.422	2.604782608695652	0.2298846153846154	-0.032996640758003154	0.319133803803083	0.007043780797384762	0.004370880332904093	25.15727996826172
19.422	2.604782608695652	0.2380769230769231	-0.03954409006973669	0.3217841886062043	0.006919052595030596	0.004076100736752311	24.41956901550293
19.422	2.604782608695652	0.2462692307692308	-0.04713868168446145	0.3262774219329795	0.00702438420578787	0.004079248334387999	23.789892196655273
19.422	2.604782608695652	0.25446153846153846	-0.055546050895733896	0.32874885106456264	0.006948373630178706	0.004041894019047797	23.180194854736328
19.422	2.604782608695652	0.2626538461538462	-0.06311770027483626	0.3316493139042554	0.006819974184567061	0.0037510536709363064	22.639549255371094
19.422	2.604782608695652	0.2708461538461539	-0.07049200781690426	0.3347062884510811	0.006609956531850572	0.003445881562589709	22.173057556152344
19.422	2.604782608695652	0.27903846153846157	-0.07896534451352902	0.33763878332985	0.0068079338857200125	0.003444004963207196	21.702312469482422
19.422	2.604782608695652	0.28723076923076923	-0.08593410495622647	0.33945208342123767	0.006412920502479573	0.0034526815848626635	21.371871948242188
19.422	2.604782608695652	0.29542307692307695	-0.09375699020571501	0.3416397070843587	0.006311985112260481	0.003378564303388491	21.000051498413086
19.422	2.604782608695652	0.3036153846153847	-0.10227101033202798	0.3435571594029523	0.006231417799112392	0.0030061557865583978	20.66887664794922
19.422	2.604782608695652	0.31180769230769234	-0.10981717881119417	0.345092323786265	0.006377113689993509	0.002790904829920139	20.405935287475586
19.422	2.604782608695652	0.32	-0.11719263371384309	0.3458639535965982	0.006070207500836945	0.00284041438284116	20.12824249267578
19.422	2.613478260869565	0.0005	0.10470982394011646	0.41469325711262917	0.008200337295423913	0.006402408293310133	10.435287475585938
19.422	2.613478260869565	0.008692307692307694	0.02571370903982447	0.2556310743968772	0.008390347283060488	0.0067944268674764215	35.091068267822266
19.422	2.613478260869565	0.016884615384615387	0.027365091486113526	0.2606844038646508	0.00838164150804973	0.006665601341384716	45.59592056274414
19.422	2.613478260869565	0.02507692307692308	0.024553206606047602	0.2651683778446007	0.0082624162305939	0.006530840954920267	44.131587982177734
19.422	2.613478260869565	0.03326923076923077	0.019890507405264372	0.2698472856649985	0.008331988399385058	0.006757074743338592	45.6705207824707
19.422	2.613478260869565	0.041461538461538466	0.02042722837818655	0.27378133067094007	0.008172863957710197	0.006244446517812853	46.92039489746094
19.422	2.613478260869565	0.04965384615384616	0.01912854505522045	0.276110871016758	0.008121553832310143	0.006284339567092127	43.07211875915527
19.422	2.613478260869565	0.05784615384615385	0.0187772203952154	0.2804661728207837	0.008150717494312454	0.0061924033265322725	42.706687927246094
19.422	2.613478260869565	0.06603846153846155	0.017225967791684508	0.27989708257362933	0.008325170123602042	0.00614894666414422	41.885799407958984
19.422	2.613478260869565	0.07423076923076924	0.015717146337785357	0.2787493457318166	0.008196837156311905	0.005842981719713197	41.0635871887207
19.422	2.613478260869565	0.08242307692307693	0.015193294658545253	0.27942936463246254	0.008190157774552039	0.005956530242151497	40.0395565032959
19.422	2.613478260869565	0.09061538461538463	0.01357102767801508	0.27762174667239137	0.008309648802278356	0.0059513539767476345	39.368478775024414
19.422	2.613478260869565	0.09880769230769232	0.012782586912314861	0.276307909166669	0.00833654165124814	0.00584634244827928	38.43745803833008
19.422	2.613478260869565	0.10700000000000001	0.011580437288438229	0.27547357247671556	0.008231050897117703	0.005719784411235722	37.51430320739746
19.422	2.613478260869565	0.1151923076923077	0.009763343018505434	0.27568074051367486	0.00808069565606071	0.005735147559245616	36.593692779541016
19.422	2.613478260869565	0.1233846153846154	0.009736034978142696	0.27424978144046197	0.008092887541677342	0.005786385347529814	36.05122375488281
19.422	2.613478260869565	0.1315769230769231	0.009176589391155853	0.2763410570733089	0.007935704718084883	0.0054782370439676095	36.046953201293945
19.422	2.613478260869565	0.13976923076923078	0.008134908919955022	0.2757352111841061	0.00814777792798664	0.005983633522626205	35.18731498718262
19.422	2.613478260869565	0.14796153846153848	0.006293553918642827	0.2770468605208964	0.008017969036988084	0.005947722987665084	34.139122009277344
19.422	2.613478260869565	0.15615384615384617	0.005033390181218239	0.2804575222332107	0.007748468751513052	0.00546412466128481	33.337955474853516
19.422	2.613478260869565	0.16434615384615386	0.0028912582833740675	0.2828111524663523	0.0077758051485634465	0.005458622421240926	32.28908920288086
19.422	2.613478260869565	0.17253846153846156	0.000531423326786772	0.2879136172107659	0.00784519370580801	0.0056151871756634905	31.426647186279297
19.422	2.613478260869565	0.18073076923076925	-0.002890046823564745	0.2920671614802681	0.007708538352658658	0.0057116025334018345	30.562761306762695
19.422	2.613478260869565	0.18892307692307694	-0.006136886245007578	0.29707409592621176	0.007700577617684322	0.005742297304619214	29.38257598876953
19.422	2.613478260869565	0.19711538461538464	-0.010754512617795135	0.30226753992395555	0.007575026079608069	0.005375785125011687	28.418119430541992
19.422	2.613478260869565	0.20530769230769233	-0.01596486417052298	0.3073261971165247	0.007485411518289783	0.005227022551793525	27.447711944580078
19.422	2.613478260869565	0.21350000000000002	-0.02224802572177802	0.3128026890137314	0.0075285072025945	0.005070374339397274	26.53682518005371
19.422	2.613478260869565	0.22169230769230772	-0.02807432778495645	0.3167682502936239	0.007499598750699095	0.005069984393452942	25.665775299072266
19.422	2.613478260869565	0.2298846153846154	-0.03466088840467004	0.32142211582016833	0.007390312839923372	0.005087008913114334	24.933425903320312
19.422	2.613478260869565	0.2380769230769231	-0.04241230705482034	0.32695433657121553	0.007420716027739232	0.004994223089722128	24.179553985595703
19.422	2.613478260869565	0.2462692307692308	-0.049903745128689656	0.3296128311149036	0.007146374733059997	0.004695584032586637	23.547412872314453
19.422	2.613478260869565	0.25446153846153846	-0.057374424111810755	0.33307672250015197	0.007320360409376987	0.004537736370039099	23.047195434570312
19.422	2.613478260869565	0.2626538461538462	-0.06490781507153551	0.33707927756407763	0.0073490207040534435	0.00425167168052709	22.498048782348633
19.422	2.613478260869565	0.2708461538461539	-0.07237644393743503	0.33965801575908433	0.007088835059202379	0.004353526908069116	22.015472412109375
19.422	2.613478260869565	0.27903846153846157	-0.08027988584808014	0.34315208993137947	0.006938174560836323	0.00431512335067754	21.568538665771484
19.422	2.613478260869565	0.28723076923076923	-0.08685378307572506	0.34525371003181815	0.0067482796573851145	0.004134265396130731	21.287010192871094
19.422	2.613478260869565	0.29542307692307695	-0.0949698627563467	0.34788495139436004	0.006719314922137686	0.004242043388292303	20.91852378845215
19.422	2.613478260869565	0.3036153846153847	-0.10302364760296456	0.350554516379583	0.006566733191512566	0.003854326584807285	20.60936737060547
19.422	2.613478260869565	0.31180769230769234	-0.11045229241004251	0.352978122598819	0.006611565244147114	0.003510671459907729	20.333721160888672
19.422	2.613478260869565	0.32	-0.11766813177542335	0.35432529630701903	0.0065116751929412365	0.0037543462449956618	20.073169708251953
19.422	2.6221739130434787	0.0005	0.009822119618542787	0.3820840883230521	0.008798208766338042	0.006367427825302815	13.456291198730469
19.422	2.6221739130434787	0.008692307692307694	0.018945363010056615	0.18614544898026703	0.008861208721555124	0.006646313578678835	36.826881408691406
19.422	2.6221739130434787	0.016884615384615387	0.028164637343793007	0.20238650140980802	0.009080932161218344	0.00660673743557076	43.472564697265625
19.422	2.6221739130434787	0.02507692307692308	0.02815704669228086	0.20476055292109568	0.00896401384662077	0.006588000283293731	47.1694221496582
19.422	2.6221739130434787	0.03326923076923077	0.026316650967600906	0.21145937340071247	0.008735226699040687	0.00640013579895643	45.625186920166016
19.422	2.6221739130434787	0.041461538461538466	0.02653350616669036	0.21775063362023847	0.008771575132827454	0.0063562044607333845	48.484676361083984
19.422	2.6221739130434787	0.04965384615384616	0.024868413991077237	0.22478958718267106	0.008851445021041028	0.005912802497276093	44.99265670776367
19.422	2.6221739130434787	0.05784615384615385	0.023973616067137785	0.2303144127188414	0.008959028482381287	0.0065216500237038726	44.274295806884766
19.422	2.6221739130434787	0.06603846153846155	0.023976891342368193	0.2361952349601476	0.008958004119953874	0.006216422689747595	42.84267044067383
19.422	2.6221739130434787	0.07423076923076924	0.022938789747473067	0.24093049611543993	0.008753387050249499	0.006021471737437799	43.47671699523926
19.422	2.6221739130434787	0.08242307692307693	0.023192520387288407	0.24589909851198768	0.008651729832978941	0.005940014645456095	43.656620025634766
19.422	2.6221739130434787	0.09061538461538463	0.022683375418244424	0.249800059290906	0.008906913831446324	0.005953544917232714	40.78219223022461
19.422	2.6221739130434787	0.09880769230769232	0.0225671792366193	0.2538957229334165	0.009005613581825046	0.006015282733082194	40.59737586975098
19.422	2.6221739130434787	0.10700000000000001	0.02135339309266237	0.25765677097110007	0.00864549805139319	0.006006762084161983	39.660818099975586
19.422	2.6221739130434787	0.1151923076923077	0.020995329572489462	0.2616589786008475	0.00886136529086728	0.005810372422567157	38.483041763305664
19.422	2.6221739130434787	0.1233846153846154	0.020291095630401726	0.2641697293544197	0.008724300712791972	0.005735969814938103	37.585880279541016
19.422	2.6221739130434787	0.1315769230769231	0.019742952464516655	0.26822973639388503	0.008518220243676489	0.005785429309454771	36.73057556152344
19.422	2.6221739130434787	0.13976923076923078	0.01862021443885142	0.2703638628805293	0.0084820570849824	0.0056710347926807285	35.990678787231445
19.422	2.6221739130434787	0.14796153846153848	0.016776007986481732	0.2743761867964877	0.008492262044999688	0.005820640852084327	36.00516128540039
19.422	2.6221739130434787	0.15615384615384617	0.014719731490913275	0.27814263967846087	0.008374642811939288	0.005783255054825281	35.28115272521973
19.422	2.6221739130434787	0.16434615384615386	0.012962636181783086	0.2818792137151432	0.00835355557850716	0.005562450442644472	34.1139030456543
19.422	2.6221739130434787	0.17253846153846156	0.010039632384996725	0.2861051568178082	0.0084470194441239	0.005704396620445746	32.803489685058594
19.422	2.6221739130434787	0.18073076923076925	0.006867292778042959	0.29237207250717456	0.008461548807584164	0.005850619853303525	31.618331909179688
19.422	2.6221739130434787	0.18892307692307694	0.0032818757797944157	0.29803945523618147	0.008264100823119345	0.005680258673059454	30.49480628967285
19.422	2.6221739130434787	0.19711538461538464	-0.002245749706096596	0.303525291448456	0.00816796780284942	0.005596958253049111	29.33979034423828
19.422	2.6221739130434787	0.20530769230769233	-0.00773300400146878	0.30926502302130865	0.008179563840310948	0.005378097501003595	28.20328140258789
19.422	2.6221739130434787	0.21350000000000002	-0.014450233577784506	0.3147965222243703	0.008138567794202873	0.005505784163668803	27.233314514160156
19.422	2.6221739130434787	0.22169230769230772	-0.02079348544947164	0.32084412010468594	0.008003068553546143	0.005068057257423963	26.316587448120117
19.422	2.6221739130434787	0.2298846153846154	-0.0289666989069566	0.32658228026035585	0.007941510171178775	0.005104400720458392	25.469581604003906
19.422	2.6221739130434787	0.2380769230769231	-0.037280066726649574	0.33148512936303615	0.007890701199815955	0.0049725289049896496	24.693828582763672
19.422	2.6221739130434787	0.2462692307692308	-0.046224491524223026	0.3357100662364608	0.007763180754795988	0.005081902701395069	24.012741088867188
19.422	2.6221739130434787	0.25446153846153846	-0.053753195896211754	0.34017415259985073	0.007654358592153042	0.00502576789740633	23.464113235473633
19.422	2.6221739130434787	0.2626538461538462	-0.06289461531833333	0.3439458314424731	0.007612220391779926	0.00492394496929206	22.8684024810791
19.422	2.6221739130434787	0.2708461538461539	-0.07160706636599537	0.347309979136962	0.007740615260586859	0.0049641179163388725	22.348682403564453
19.422	2.6221739130434787	0.27903846153846157	-0.08020982099168547	0.35088987951672124	0.007403489781750613	0.004734617220188519	21.94029998779297
19.422	2.6221739130434787	0.28723076923076923	-0.08895616378904575	0.35424900956648886	0.007507755319562058	0.005005197420783368	21.570987701416016
19.422	2.6221739130434787	0.29542307692307695	-0.09784044845816353	0.3573932103451382	0.007272953606939698	0.004599437474999613	21.2039737701416
19.422	2.6221739130434787	0.3036153846153847	-0.1060536544358445	0.35973607993943496	0.007625666513119425	0.004609150878999617	20.877309799194336
19.422	2.6221739130434787	0.31180769230769234	-0.11387314001872142	0.3624282879885553	0.007179436545787324	0.004493839807804236	20.61313247680664
19.422	2.6221739130434787	0.32	-0.12316639550064493	0.36383430766581826	0.007190578288297821	0.004214228688971334	20.369670867919922
19.422	2.6308695652173917	0.0005	-0.07320244438980511	0.3140025358152323	0.00959951131227817	0.005994264934298543	13.363624572753906
19.422	2.6308695652173917	0.008692307692307694	0.02115437684313589	0.19950710075499756	0.009612422181650877	0.006088690889492857	38.0067024230957
19.422	2.6308695652173917	0.016884615384615387	0.01621368056711004	0.23153880419558645	0.00981472031718202	0.006061779199675469	42.67561340332031
19.422	2.6308695652173917	0.02507692307692308	0.018239145663101357	0.22866438666730127	0.009793008014607842	0.005990192808394888	41.90150451660156
19.422	2.6308695652173917	0.03326923076923077	0.020326330117966473	0.23400720773106176	0.00968283429926021	0.006201345796035049	46.788883209228516
19.422	2.6308695652173917	0.041461538461538466	0.01794932883232618	0.23754395098521514	0.009684531352814245	0.006150540893064581	49.27728271484375
19.422	2.6308695652173917	0.04965384615384616	0.01787956851068669	0.2418482073103371	0.0095619925271244	0.00603095588038404	46.09059524536133
19.422	2.6308695652173917	0.05784615384615385	0.017102643572723196	0.24583918494035625	0.009681506137967965	0.006089872458220539	45.16142272949219
19.422	2.6308695652173917	0.06603846153846155	0.017667504870330614	0.24720031660844705	0.009514338411172947	0.005988759823945925	43.67328071594238
19.422	2.6308695652173917	0.07423076923076924	0.0163501540012636	0.2467718491899142	0.009435881594340126	0.005948552593149229	43.41706466674805
19.422	2.6308695652173917	0.08242307692307693	0.017229824075473167	0.24800248135442982	0.009306576840840089	0.005933738631397003	43.10751724243164
19.422	2.6308695652173917	0.09061538461538463	0.015398611947891933	0.24774551215677654	0.009307888912055246	0.0058792570886395884	41.61878967285156
19.422	2.6308695652173917	0.09880769230769232	0.01578524031676136	0.24662670389379499	0.009468900663025158	0.005894707945702701	40.302350997924805
19.422	2.6308695652173917	0.10700000000000001	0.015143219928022637	0.2481833766473891	0.009404374574343854	0.005965466220590042	39.04368209838867
19.422	2.6308695652173917	0.1151923076923077	0.013919864489462388	0.2478349433074207	0.009334509739564567	0.005837569085233064	38.82961654663086
19.422	2.6308695652173917	0.1233846153846154	0.012931430036433206	0.2475653541359086	0.009188114919177889	0.0058054481764631075	38.096845626831055
19.422	2.6308695652173917	0.1315769230769231	0.012222116882212627	0.24681888642636723	0.009216738184508504	0.005801999040143455	37.161888122558594
19.422	2.6308695652173917	0.13976923076923078	0.011748022645069918	0.2470535327204878	0.009136227840391857	0.0058488404349774726	36.82162284851074
19.422	2.6308695652173917	0.14796153846153848	0.01077168906556427	0.2474386321032102	0.008898970670197823	0.005711418108472185	36.19719886779785
19.422	2.6308695652173917	0.15615384615384617	0.00940995447688037	0.2486651511745352	0.009062150380434121	0.005791259410685629	35.20966148376465
19.422	2.6308695652173917	0.16434615384615386	0.007734242852323214	0.2514973790179996	0.009159647136759316	0.00590654924416507	34.513742446899414
19.422	2.6308695652173917	0.17253846153846156	0.005834818593513929	0.25516181983478414	0.00897477817710934	0.0057620123411343555	33.611576080322266
19.422	2.6308695652173917	0.18073076923076925	0.003374853818350183	0.26064563095565657	0.008913502790589528	0.005635243865075184	32.4959602355957
19.422	2.6308695652173917	0.18892307692307694	0.00020301974345069118	0.26528535060799807	0.008761780393826048	0.005920065585728226	31.408517837524414
19.422	2.6308695652173917	0.19711538461538464	-0.003195234025231793	0.27046564355707864	0.008792893858006856	0.005814858094946571	30.269805908203125
19.422	2.6308695652173917	0.20530769230769233	-0.008229111122015867	0.2772572466510159	0.008673211028398058	0.00560519439956002	29.23755645751953
19.422	2.6308695652173917	0.21350000000000002	-0.013900321236188583	0.28315936232564587	0.008639440552478998	0.005627167759218275	28.282684326171875
19.422	2.6308695652173917	0.22169230769230772	-0.020205035796277172	0.2890628204229504	0.00880067113507054	0.005507055798102973	27.323232650756836
19.422	2.6308695652173917	0.2298846153846154	-0.02691972035259193	0.2945745477631049	0.008432200658866133	0.0051982356266230155	26.496715545654297
19.422	2.6308695652173917	0.2380769230769231	-0.03371299415171332	0.30034532669850744	0.008506380673849331	0.005341856480380838	25.753442764282227
19.422	2.6308695652173917	0.2462692307692308	-0.04067226053716974	0.3043049315749071	0.008446120045106347	0.005522328526685041	25.10305404663086
19.422	2.6308695652173917	0.25446153846153846	-0.04839852923228416	0.3081042853858803	0.0083593694343392	0.005283067884347667	24.47976303100586
19.422	2.6308695652173917	0.2626538461538462	-0.05600170492012064	0.31159710940027285	0.008569524397472588	0.0054088783453791756	23.931360244750977
19.422	2.6308695652173917	0.2708461538461539	-0.06442280559618037	0.31717294286990216	0.008223423042983301	0.00485744553943297	23.401050567626953
19.422	2.6308695652173917	0.27903846153846157	-0.07151277121699591	0.3206789713657029	0.008211178779705357	0.005170612749346319	22.98388671875
19.422	2.6308695652173917	0.28723076923076923	-0.07946286082214513	0.32544074722230243	0.00819126066565657	0.005015346126704675	22.548582077026367
19.422	2.6308695652173917	0.29542307692307695	-0.08644452308958286	0.3281109033428445	0.00811055992470651	0.00491024899412161	22.202381134033203
19.422	2.6308695652173917	0.3036153846153847	-0.093808697003394	0.3298447257078301	0.008015619094466134	0.005150553574742048	21.9029483795166
19.422	2.6308695652173917	0.31180769230769234	-0.10192961057382526	0.33287488574135493	0.007929067844908188	0.005011846323969509	21.593252182006836
19.422	2.6308695652173917	0.32	-0.1092307012033695	0.3349482343814704	0.007847663634767145	0.0050529215350533195	21.311817169189453
19.422	2.6395652173913047	0.0005	-0.06438828351200476	0.15539672647744474	0.00960599152470646	0.005301408546602224	12.713790893554688
19.422	2.6395652173913047	0.008692307692307694	0.027799216487995243	0.1772717264774447	0.00989814281795812	0.005563308043729384	39.27832794189453
19.422	2.6395652173913047	0.016884615384615387	0.024656417470044344	0.19721257407825488	0.010017495971380824	0.005774958083366263	39.91438293457031
19.422	2.6395652173913047	0.02507692307692308	0.025054063897198883	0.20525747854869858	0.009793576879867441	0.005525528928574393	46.164161682128906
19.422	2.6395652173913047	0.03326923076923077	0.02464627275950357	0.20832163412731192	0.01003786435231941	0.0055478247048789935	48.234031677246094
19.422	2.6395652173913047	0.041461538461538466	0.02337821059399959	0.21178878532900136	0.009627435436608173	0.005484903099638734	46.64124298095703
19.422	2.6395652173913047	0.04965384615384616	0.022969519224806053	0.21761817806190453	0.009811834468753966	0.0055985947143639605	43.80121040344238
19.422	2.6395652173913047	0.05784615384615385	0.022979407542242036	0.2227259528802206	0.009812915605656884	0.005458715784561714	44.02820587158203
19.422	2.6395652173913047	0.06603846153846155	0.02203280928233528	0.226735334578636	0.009831153581778213	0.005629515706567637	43.34907341003418
19.422	2.6395652173913047	0.07423076923076924	0.021653394417008795	0.2294987984524965	0.009597709372239305	0.005600843174562435	42.69583511352539
19.422	2.6395652173913047	0.08242307692307693	0.021560607493957912	0.23309408599156134	0.009600416850501867	0.005503406997927654	43.246376037597656
19.422	2.6395652173913047	0.09061538461538463	0.02096514910674238	0.23659510923063656	0.009681361478841136	0.005674373365525733	42.411319732666016
19.422	2.6395652173913047	0.09880769230769232	0.021149310706699537	0.2396783515069109	0.009550393937468902	0.005596699039813736	41.60021781921387
19.422	2.6395652173913047	0.10700000000000001	0.0209430914210894	0.24226429297126006	0.009614106809488859	0.005578155509274751	39.91984176635742
19.422	2.6395652173913047	0.1151923076923077	0.020877870743022345	0.24528257948053883	0.00947461915833734	0.005654786711835525	38.06996726989746
19.422	2.6395652173913047	0.1233846153846154	0.02097436538107153	0.24605152493930793	0.009566767969582687	0.0056364179325386204	37.62021064758301
19.422	2.6395652173913047	0.1315769230769231	0.01918644135958906	0.2477347999683711	0.009671094100477746	0.005826755554545683	36.357093811035156
19.422	2.6395652173913047	0.13976923076923078	0.01910588860233524	0.2494124028019637	0.009430174637956174	0.005619001360565902	35.69773864746094
19.422	2.6395652173913047	0.14796153846153848	0.018876315031284813	0.25047065910485844	0.00947561640518633	0.005797486545489616	35.09785842895508
19.422	2.6395652173913047	0.15615384615384617	0.01788513929116496	0.2544280708545907	0.00921727656385854	0.005430683310535707	35.00502967834473
19.422	2.6395652173913047	0.16434615384615386	0.0167678646381585	0.256714014503667	0.009351396275987712	0.005589841047552064	34.50397491455078
19.422	2.6395652173913047	0.17253846153846156	0.015164818209537037	0.25971191621466416	0.009338195559907638	0.0054548022827162375	34.548757553100586
19.422	2.6395652173913047	0.18073076923076925	0.012978955812373155	0.2626191604933497	0.009406664210119875	0.005644103849655252	33.351675033569336
19.422	2.6395652173913047	0.18892307692307694	0.010444741419557476	0.2674899667634507	0.009337647432508605	0.005571717347434106	32.36469841003418
19.422	2.6395652173913047	0.19711538461538464	0.0072425840390160975	0.2711873704688563	0.009321502551660203	0.005469118000623657	31.059661865234375
19.422	2.6395652173913047	0.20530769230769233	0.00288686352691281	0.2763466233683225	0.009236216693399175	0.005398270477950537	30.028364181518555
19.422	2.6395652173913047	0.21350000000000002	-0.0023245115680373928	0.2803509387483295	0.009286595959430263	0.005520238333325796	29.076902389526367
19.422	2.6395652173913047	0.22169230769230772	-0.008980644484069617	0.28639569965480904	0.00912665667027535	0.005652713019739324	28.029539108276367
19.422	2.6395652173913047	0.2298846153846154	-0.014513498375380528	0.2906242730949527	0.009090896609969881	0.005296493764118636	27.10738754272461
19.422	2.6395652173913047	0.2380769230769231	-0.021421426330415654	0.29513455629153046	0.00923243956373999	0.005343902976293533	26.259075164794922
19.422	2.6395652173913047	0.2462692307692308	-0.029166651272609808	0.2998009593483777	0.00904070003784572	0.00474819168839896	25.5615234375
19.422	2.6395652173913047	0.25446153846153846	-0.03697086999884245	0.30366194532502166	0.008999055732980654	0.005304146062828928	24.857460021972656
19.422	2.6395652173913047	0.2626538461538462	-0.04514340642483344	0.3076536467061863	0.008946399454789224	0.005140241405474515	24.182741165161133
19.422	2.6395652173913047	0.2708461538461539	-0.053082075952574345	0.3116248703173956	0.008840249000872625	0.0051934124583862115	23.703033447265625
19.422	2.6395652173913047	0.27903846153846157	-0.061284677233510845	0.31609739580723223	0.008845646607546418	0.005201695767739129	23.21299934387207
19.422	2.6395652173913047	0.28723076923076923	-0.06881073870785648	0.31962826044597425	0.008849773156341527	0.005138682546283097	22.78577995300293
19.422	2.6395652173913047	0.29542307692307695	-0.0773686742711509	0.3228859573735139	0.008737789159001676	0.0051022418882783775	22.381752014160156
19.422	2.6395652173913047	0.3036153846153847	-0.08548457540775348	0.32556854855220246	0.008484637233036068	0.004806884503512706	22.052236557006836
19.422	2.6395652173913047	0.31180769230769234	-0.09364876751525959	0.32796919594702717	0.008687918305426888	0.004946578914749511	21.732677459716797
19.422	2.6395652173913047	0.32	-0.10145281972212113	0.331108127497847	0.00867352577150525	0.004945219313302619	21.43906021118164
19.422	2.6482608695652177	0.0005	0.00790148554521286	0.24046586599271996	0.01032233142855769	0.005088830761326274	13.878952026367188
19.422	2.6482608695652177	0.008692307692307694	0.02029392598348343	0.20662203576486812	0.010682013635631109	0.00522339736162432	37.93379211425781
19.422	2.6482608695652177	0.016884615384615387	0.018356535365515375	0.2271816056460202	0.010500817049649577	0.00525699911686426	41.80899429321289
19.422	2.6482608695652177	0.02507692307692308	0.015362962489658013	0.2266136808559359	0.010584330810394945	0.005252445679745125	45.9029541015625
19.422	2.6482608695652177	0.03326923076923077	0.015972076231324087	0.23631784038209025	0.010663379455569374	0.005333041378661787	47.689247131347656
19.422	2.6482608695652177	0.041461538461538466	0.01573711435209181	0.2372284594279072	0.01052493794257657	0.005368903208195482	47.263729095458984
19.422	2.6482608695652177	0.04965384615384616	0.015497714113203543	0.2404264762337753	0.010491428767453155	0.005417424947690239	44.702322006225586
19.422	2.6482608695652177	0.05784615384615385	0.014202621504423873	0.2421748672417799	0.010415447483892074	0.005324385733511988	43.42300796508789
19.422	2.6482608695652177	0.06603846153846155	0.013361194655058643	0.24285707816402108	0.010373479250688367	0.0054241866207442365	42.25876045227051
19.422	2.6482608695652177	0.07423076923076924	0.013106158859787243	0.24231843406255038	0.010354600645064164	0.005302221625547917	41.844703674316406
19.422	2.6482608695652177	0.08242307692307693	0.012336925187233203	0.24156621137523965	0.010251597297451471	0.005233161995725185	41.1412296295166
19.422	2.6482608695652177	0.09061538461538463	0.01144594951322507	0.24279481996114993	0.01016763987198308	0.00530016970502571	39.611385345458984
19.422	2.6482608695652177	0.09880769230769232	0.011395180687330152	0.24194244908018375	0.010230638538527523	0.005282976807813489	39.34710502624512
19.422	2.6482608695652177	0.10700000000000001	0.010539208628259092	0.2416340215861645	0.010205761153959166	0.0054130605426082855	38.17502212524414
19.422	2.6482608695652177	0.1151923076923077	0.009908331083808316	0.2407283882115182	0.01018165626154105	0.005298119472902976	37.54530334472656
19.422	2.6482608695652177	0.1233846153846154	0.010352381035893941	0.24012463090151936	0.010147819406104373	0.005456547633551304	36.930084228515625
19.422	2.6482608695652177	0.1315769230769231	0.00943396756721343	0.24114652880114507	0.010056334304984102	0.005396384190433558	36.22138214111328
19.422	2.6482608695652177	0.13976923076923078	0.008963577372827856	0.2404220271121867	0.010104384002381898	0.005442170158156182	35.87013626098633
19.422	2.6482608695652177	0.14796153846153848	0.007596799293873183	0.24006244744171087	0.009932170153235973	0.0053538805277896905	35.37040328979492
19.422	2.6482608695652177	0.15615384615384617	0.006137698530264177	0.24183143265168192	0.00983124638711811	0.005245365113437742	34.72112464904785
19.422	2.6482608695652177	0.16434615384615386	0.004440257630821296	0.24400247653452686	0.010185836892965414	0.00562967083544457	33.70787811279297
19.422	2.6482608695652177	0.17253846153846156	0.0030034053380393515	0.24659414800141433	0.010145190890348413	0.005420160946782706	32.58938217163086
19.422	2.6482608695652177	0.18073076923076925	0.000961633958739892	0.25011020598492073	0.01005410903615425	0.00537089097128858	31.758689880371094
19.422	2.6482608695652177	0.18892307692307694	-0.0019342767622806943	0.2540537635467901	0.01013148780019446	0.005382969742837262	30.740825653076172
19.422	2.6482608695652177	0.19711538461538464	-0.005040263299692507	0.2576338661739558	0.010021234466680193	0.005438014623101441	29.891523361206055
19.422	2.6482608695652177	0.20530769230769233	-0.009024248303707776	0.26242671059658307	0.01026179216749831	0.005494725082775563	29.02252769470215
19.422	2.6482608695652177	0.21350000000000002	-0.013104401494878898	0.26728218230559875	0.010009521650742394	0.00517519016027598	28.0260009765625
19.422	2.6482608695652177	0.22169230769230772	-0.0186321071940843	0.27109762947216093	0.009888117801407942	0.005203800624054003	27.158458709716797
19.422	2.6482608695652177	0.2298846153846154	-0.02392174493362709	0.2755682415347397	0.010026864193280607	0.005344794417166782	26.40711784362793
19.422	2.6482608695652177	0.2380769230769231	-0.030378242616884196	0.2798433627107958	0.0099333106771925	0.005058203281648283	25.674835205078125
19.422	2.6482608695652177	0.2462692307692308	-0.03678870694849591	0.2829880781126588	0.009997718276540255	0.0050831677396008775	25.063343048095703
19.422	2.6482608695652177	0.25446153846153846	-0.04383290115380534	0.2856504043261125	0.009851562738080827	0.004907412287709134	24.403987884521484
19.422	2.6482608695652177	0.2626538461538462	-0.05061165275030245	0.28935666187354747	0.009873922595565621	0.005054431047581598	23.855125427246094
19.422	2.6482608695652177	0.2708461538461539	-0.05731623620675361	0.29223799261364286	0.009926260655660896	0.005116760901803894	23.441884994506836
19.422	2.6482608695652177	0.27903846153846157	-0.06498333692077843	0.2962390625451163	0.009827882945350728	0.005126912977614662	22.969999313354492
19.422	2.6482608695652177	0.28723076923076923	-0.07188530826468315	0.2992075726457343	0.009941988816112425	0.004962831485529926	22.5640869140625
19.422	2.6482608695652177	0.29542307692307695	-0.07774121653299187	0.30092141310760534	0.009795185944476498	0.004723519710528902	22.28302574157715
19.422	2.6482608695652177	0.3036153846153847	-0.08613313115736344	0.3039026037136838	0.009608365042349713	0.00514559862718275	21.910045623779297
19.422	2.6482608695652177	0.31180769230769234	-0.09266504855502389	0.3054377086640645	0.009647440171629523	0.004955021835626809	21.63956642150879
19.422	2.6482608695652177	0.32	-0.09966673482311	0.3073980245069276	0.009518060347709204	0.004782728551941233	21.334217071533203
19.422	2.6569565217391307	0.0005	0.050406507364389994	0.35797175497567757	0.011064712282454774	0.004367308017770627	14.051681518554688
19.422	2.6569565217391307	0.008692307692307694	0.013913587442514995	0.21514338583505252	0.011425374983905334	0.004536249028699928	35.9361457824707
19.422	2.6569565217391307	0.016884615384615387	0.01988385715333004	0.24093476005867948	0.011331511659070143	0.004346364636668643	42.008262634277344
19.422	2.6569565217391307	0.02507692307692308	0.01619065481201994	0.23503482088284608	0.011519829569838005	0.004586233377292448	48.08187484741211
19.422	2.6569565217391307	0.03326923076923077	0.016572322978866724	0.24281353844165893	0.011290921158017667	0.0045299186345077146	48.93475341796875
19.422	2.6569565217391307	0.041461538461538466	0.014997257412606595	0.24498439558222526	0.011199714072288803	0.004613311953262688	45.67015075683594
19.422	2.6569565217391307	0.04965384615384616	0.01419396114462029	0.24851743035390608	0.01114740563411763	0.0046555438296948855	44.1631965637207
19.422	2.6569565217391307	0.05784615384615385	0.012616895050380099	0.25198843934773163	0.011163376519020201	0.004526649976359946	43.52671813964844
19.422	2.6569565217391307	0.06603846153846155	0.012739577633375375	0.2534907682993135	0.010935581502330271	0.004738413542763484	41.81597137451172
19.422	2.6569565217391307	0.07423076923076924	0.011741816210679896	0.25534874939946084	0.01100107350421628	0.00459415471075747	41.93671989440918
19.422	2.6569565217391307	0.08242307692307693	0.011947671219719515	0.2568916136587899	0.010832249202318657	0.004792812394842458	41.31448936462402
19.422	2.6569565217391307	0.09061538461538463	0.011157656723413553	0.2579913265871976	0.011041841030343363	0.004764795431290826	40.51605415344238
19.422	2.6569565217391307	0.09880769230769232	0.009971590868426802	0.26029244446075067	0.011012271251673447	0.004719212738530063	39.60050964355469
19.422	2.6569565217391307	0.10700000000000001	0.010975575975371844	0.26169773199474927	0.010726486321140035	0.00472715642338868	38.981576919555664
19.422	2.6569565217391307	0.1151923076923077	0.010877290872358798	0.2633968983282414	0.010837285026316628	0.00482455156904093	38.13768768310547
19.422	2.6569565217391307	0.1233846153846154	0.01088185935657088	0.2646448408260339	0.010916354781473155	0.004829826922073559	37.020748138427734
19.422	2.6569565217391307	0.1315769230769231	0.01071111234047997	0.2639561984054607	0.010722788590965154	0.004850038447663645	36.64202880859375
19.422	2.6569565217391307	0.13976923076923078	0.010631483561858418	0.26596743670011425	0.010837985092521905	0.00485533893464948	36.05714416503906
19.422	2.6569565217391307	0.14796153846153848	0.010140126986082331	0.26704310831217104	0.010902832913134965	0.004895592367611827	35.86100959777832
19.422	2.6569565217391307	0.15615384615384617	0.008968871874387996	0.26842171606211007	0.010702916520395563	0.004746544939771997	34.794673919677734
19.422	2.6569565217391307	0.16434615384615386	0.007851480548854605	0.2723593859986776	0.0109359698507292	0.005017646699440108	33.57535743713379
19.422	2.6569565217391307	0.17253846153846156	0.006780072737486869	0.2744792957684157	0.010973557005203945	0.004838129871683367	32.37869644165039
19.422	2.6569565217391307	0.18073076923076925	0.003974270150606678	0.2790129913565013	0.01098996332046637	0.004894576595148711	31.326309204101562
19.422	2.6569565217391307	0.18892307692307694	0.0007126346814114988	0.28215383685054385	0.010819893355332632	0.004902578830575542	30.34926986694336
19.422	2.6569565217391307	0.19711538461538464	-0.003024633410547374	0.28534767808382455	0.010866081869139186	0.004926047567920501	29.11508560180664
19.422	2.6569565217391307	0.20530769230769233	-0.00805703810243051	0.289108998686832	0.010856708835049859	0.0046934245649737465	28.233001708984375
19.422	2.6569565217391307	0.21350000000000002	-0.013719882242964221	0.2943928806644618	0.011124187849887446	0.004782366759334899	27.094619750976562
19.422	2.6569565217391307	0.22169230769230772	-0.01954785839298302	0.29813116978081355	0.01103340633573293	0.004629647741037976	26.116710662841797
19.422	2.6569565217391307	0.2298846153846154	-0.02620196712858166	0.3022991915365599	0.011078313685826052	0.004822076074722778	25.365707397460938
19.422	2.6569565217391307	0.2380769230769231	-0.03323804290327706	0.3064600530820447	0.01073340365702801	0.00464518552742279	24.536542892456055
19.422	2.6569565217391307	0.2462692307692308	-0.041258051226641945	0.3097629482331816	0.010953719531128992	0.004402226564469912	23.899267196655273
19.422	2.6569565217391307	0.25446153846153846	-0.04920139885572038	0.3122778939975014	0.010875208273515784	0.004511493460291047	23.312896728515625
19.422	2.6569565217391307	0.2626538461538462	-0.05621840563245253	0.3153528792755005	0.010851874552387345	0.004299893530037829	22.80207061767578
19.422	2.6569565217391307	0.2708461538461539	-0.06490170727300887	0.31875834474867504	0.011142504984233123	0.004575632509727606	22.328994750976562
19.422	2.6569565217391307	0.27903846153846157	-0.07246534927690873	0.32227001337667216	0.01091220322568464	0.004104931457235955	21.8021240234375
19.422	2.6569565217391307	0.28723076923076923	-0.07942770692171537	0.3245206869447229	0.011122852873710563	0.00455276252937992	21.48412322998047
19.422	2.6569565217391307	0.29542307692307695	-0.08870785231610082	0.32772964037747265	0.010813976229007004	0.004140871946907367	21.122854232788086
19.422	2.6569565217391307	0.3036153846153847	-0.09636286223218452	0.32835999570897534	0.010811717160247744	0.004177455875404091	20.80902862548828
19.422	2.6569565217391307	0.31180769230769234	-0.10419160282478711	0.33122430494292415	0.010824527662560016	0.004086695035678503	20.48703384399414
19.422	2.6569565217391307	0.32	-0.11165732141823553	0.3324371318263445	0.010926244867871464	0.003945232198146369	20.278417587280273
19.422	2.6656521739130437	0.0005	0.006993778026597132	0.23687915573715929	0.011429956278379928	0.0035136734790905903	11.817634582519531
19.422	2.6656521739130437	0.008692307692307694	0.029036820097760783	0.17641832954138287	0.011870544971668413	0.0038733962514739635	36.171531677246094
19.422	2.6656521739130437	0.016884615384615387	0.026047411723928077	0.21410370445698274	0.011592162049889023	0.0038284144213166457	44.320255279541016
19.422	2.6656521739130437	0.02507692307692308	0.02306128899502058	0.21649996405937477	0.011803982818332415	0.00381982970561461	45.92375183105469
19.422	2.6656521739130437	0.03326923076923077	0.02481973190035917	0.22033613209075026	0.011675413417080087	0.0038415108550500505	47.97138214111328
19.422	2.6656521739130437	0.041461538461538466	0.021691155030455624	0.2271931888107187	0.011617872893630593	0.0037745166358089297	48.955387115478516
19.422	2.6656521739130437	0.04965384615384616	0.020976646707493975	0.23378689403168992	0.011651273456134106	0.003904124121585196	46.033485412597656
19.422	2.6656521739130437	0.05784615384615385	0.01887636425475537	0.23842387069987908	0.01175337959813743	0.0039162245102158395	43.87529182434082
19.422	2.6656521739130437	0.06603846153846155	0.01912930403099017	0.2411954665995787	0.011554629658464072	0.004009144699980649	43.186527252197266
19.422	2.6656521739130437	0.07423076923076924	0.01847584007967816	0.2434040790280911	0.01149644597403729	0.003911558433622276	42.002845764160156
19.422	2.6656521739130437	0.08242307692307693	0.017976873952044108	0.2465978184572073	0.011473449877015566	0.003940136140023972	40.30075263977051
19.422	2.6656521739130437	0.09061538461538463	0.017255628175213707	0.24867830158463478	0.011186888279259042	0.003916695460180681	38.71780586242676
19.422	2.6656521739130437	0.09880769230769232	0.015497200644075872	0.2492976104345066	0.011143394673241675	0.003669104562142033	37.747955322265625
19.422	2.6656521739130437	0.10700000000000001	0.013303951062185675	0.2509298003862971	0.011412167303573015	0.003896335663280461	36.79974555969238
19.422	2.6656521739130437	0.1151923076923077	0.011974951021930798	0.2526068628270713	0.011318530503743759	0.003889696506480668	35.87109375
19.422	2.6656521739130437	0.1233846153846154	0.011564491552439613	0.2545760542495665	0.011278736708303413	0.0039363469722913415	35.223012924194336
19.422	2.6656521739130437	0.1315769230769231	0.00909433865179787	0.2545657535436888	0.011407319568535596	0.003968774030909866	34.66851615905762
19.422	2.6656521739130437	0.13976923076923078	0.007919614628266998	0.2565026270821321	0.011491767498229912	0.0038769776077491017	34.654266357421875
19.422	2.6656521739130437	0.14796153846153848	0.005698761661264571	0.26011462081505254	0.011193464762164715	0.004062171222179507	34.60799598693848
19.422	2.6656521739130437	0.15615384615384617	0.0043556359122848675	0.2636243491050019	0.011383725952823413	0.0038406110355427136	33.63223075866699
19.422	2.6656521739130437	0.16434615384615386	0.0008986568610461019	0.2678078345737839	0.011543971149624176	0.003611358539358793	32.496450424194336
19.422	2.6656521739130437	0.17253846153846156	-0.0025564679865048073	0.2730580321340648	0.011614207354907608	0.003656678168675304	31.370819091796875
19.422	2.6656521739130437	0.18073076923076925	-0.006038211413032634	0.2786934267033183	0.011668524404124081	0.003636031940453129	30.140270233154297
19.422	2.6656521739130437	0.18892307692307694	-0.010436342670072138	0.2835270674624889	0.011715490345735255	0.0036081198200038694	29.196735382080078
19.422	2.6656521739130437	0.19711538461538464	-0.015410356513449772	0.28817416079456815	0.01172710681737266	0.0033628447484426475	28.09115982055664
19.422	2.6656521739130437	0.20530769230769233	-0.020928352794563315	0.2928681777514973	0.011646612713019228	0.0032608665404576962	27.230573654174805
19.422	2.6656521739130437	0.21350000000000002	-0.02687440766624684	0.29795080183335154	0.011697568976284654	0.003272458939259113	26.307071685791016
19.422	2.6656521739130437	0.22169230769230772	-0.03403429333141583	0.3031039111848739	0.011923201781566983	0.0032625399863883305	25.419578552246094
19.422	2.6656521739130437	0.2298846153846154	-0.04164898693582553	0.30702448110764896	0.011899244562894108	0.0030148283356248792	24.655664443969727
19.422	2.6656521739130437	0.2380769230769231	-0.0489791126923873	0.31101038126012365	0.011859403222219992	0.0030321396152743676	24.089418411254883
19.422	2.6656521739130437	0.2462692307692308	-0.056093362504627424	0.3131726304357908	0.012004739203453062	0.0028573972893213206	23.46457862854004
19.422	2.6656521739130437	0.25446153846153846	-0.06416658934646563	0.3158413763412411	0.011764300827248945	0.0026418925299225675	22.884178161621094
19.422	2.6656521739130437	0.2626538461538462	-0.07148703209929094	0.31857612775599625	0.011913942459121009	0.0025118857823186107	22.427255630493164
19.422	2.6656521739130437	0.2708461538461539	-0.07851815736335856	0.32106164002491544	0.011944322805761883	0.002799855356930287	21.99062156677246
19.422	2.6656521739130437	0.27903846153846157	-0.08706352029945377	0.324084040873144	0.011998867231564181	0.002607782808841671	21.603181838989258
19.422	2.6656521739130437	0.28723076923076923	-0.09420859886916905	0.3262490282182551	0.012255907854223766	0.002531538203105153	21.219707489013672
19.422	2.6656521739130437	0.29542307692307695	-0.10194671786658666	0.32858532624625636	0.012045144776004359	0.0023238071454100674	20.883808135986328
19.422	2.6656521739130437	0.3036153846153847	-0.10965818805553802	0.3302062908157762	0.011984933088990268	0.0022868628021454466	20.576007843017578
19.422	2.6656521739130437	0.31180769230769234	-0.11690611716177167	0.3309159426425406	0.012045906051809774	0.002055093597743804	20.322118759155273
19.422	2.6656521739130437	0.32	-0.12472916233839557	0.333261484379676	0.012082774483276448	0.0017898022810369707	20.08382797241211
19.422	2.6743478260869566	0.0005	-0.04972916233839556	0.27076148437967607	0.01248900223304882	0.002792166968192904	6.864036560058594
19.422	2.6743478260869566	0.008692307692307694	0.031143963895896142	0.195235442116376	0.012594280627838638	0.0031507942115764857	34.98091125488281
19.422	2.6743478260869566	0.016884615384615387	0.024153829634609568	0.22874448973938666	0.012560877460766829	0.003220503099562538	43.631412506103516
19.422	2.6743478260869566	0.02507692307692308	0.024444083680440376	0.2341917829960435	0.01258053603795142	0.003122938422673233	47.971771240234375
19.422	2.6743478260869566	0.03326923076923077	0.023313368043899795	0.23775269588625864	0.012459411863417261	0.0031052594781831424	49.43156051635742
19.422	2.6743478260869566	0.041461538461538466	0.022123217267371036	0.245147752650912	0.012457391703025636	0.0030377048308206788	51.59001922607422
19.422	2.6743478260869566	0.04965384615384616	0.02080994030592523	0.24968815900468366	0.0124504668439364	0.003240334517255591	49.26301956176758
19.422	2.6743478260869566	0.05784615384615385	0.018803017538893293	0.2535809236226054	0.012493138659144854	0.0033902246409583804	43.95583534240723
19.422	2.6743478260869566	0.06603846153846155	0.018219771933662955	0.25599584119593816	0.012365849511068172	0.0032367250310075682	43.79206848144531
19.422	2.6743478260869566	0.07423076923076924	0.01804863678113565	0.2564835765871476	0.012049387455360935	0.0032837403859106913	44.141361236572266
19.422	2.6743478260869566	0.08242307692307693	0.01712061221902904	0.2605469598035541	0.01221408266241962	0.0035439998076130493	43.07516670227051
19.422	2.6743478260869566	0.09061538461538463	0.016106085034223137	0.2620824277022407	0.011956134959061832	0.0031973350899592843	41.20395278930664
19.422	2.6743478260869566	0.09880769230769232	0.016046616780064228	0.2634869690351975	0.01198860153358474	0.003276253002092031	39.71971893310547
19.422	2.6743478260869566	0.10700000000000001	0.01530154889491869	0.2654056302337763	0.012030425606937276	0.0034389333686318437	38.46636962890625
19.422	2.6743478260869566	0.1151923076923077	0.015061435308731332	0.2661433207868454	0.012122094963068113	0.003381995528159292	37.40505790710449
19.422	2.6743478260869566	0.1233846153846154	0.014614166592647295	0.26875738163428803	0.012052092655898934	0.0034177502862016264	36.77485275268555
19.422	2.6743478260869566	0.1315769230769231	0.014277299721444491	0.2706380003028987	0.012042737048063473	0.003446775568148444	36.088680267333984
19.422	2.6743478260869566	0.13976923076923078	0.014252387167445032	0.27229454979067824	0.012014523293852511	0.0033144813278691283	36.00653076171875
19.422	2.6743478260869566	0.14796153846153848	0.01174947429054727	0.275318117800139	0.01206774133332004	0.003124785797234203	35.766300201416016
19.422	2.6743478260869566	0.15615384615384617	0.010250303677506055	0.2798707516612161	0.012065906119077974	0.003032358764435531	34.5823860168457
19.422	2.6743478260869566	0.16434615384615386	0.007951994979882646	0.284972065774441	0.012107826257832174	0.0027113325268677763	33.11391830444336
19.422	2.6743478260869566	0.17253846153846156	0.0045048530759037	0.28992717359932785	0.012370850885761727	0.002730780209875232	31.832225799560547
19.422	2.6743478260869566	0.18073076923076925	0.00019902935283696451	0.2958426846574239	0.012406709765687581	0.0028909409514787073	30.513002395629883
19.422	2.6743478260869566	0.18892307692307694	-0.0041285089772709616	0.30093666975490685	0.012263675308545814	0.0028110933269678328	29.302846908569336
19.422	2.6743478260869566	0.19711538461538464	-0.009580367372903284	0.3063856630352313	0.012457815671859794	0.002825427464293824	28.095317840576172
19.422	2.6743478260869566	0.20530769230769233	-0.016498049756112756	0.3121471495599474	0.012593754273893795	0.0020749613017221405	26.978605270385742
19.422	2.6743478260869566	0.21350000000000002	-0.023943083496000765	0.318098424300824	0.012674305254171537	0.001929973585648889	25.98589515686035
19.422	2.6743478260869566	0.22169230769230772	-0.03166278628620099	0.3233875588812041	0.012457172908023319	0.0019939945387360417	25.215364456176758
19.422	2.6743478260869566	0.2298846153846154	-0.039803212523715485	0.3286183350817551	0.012514906191220282	0.0016623329609731867	24.369651794433594
19.422	2.6743478260869566	0.2380769230769231	-0.04798835127200792	0.33387055268636173	0.012851901351834885	0.0012941335486405716	23.698118209838867
19.422	2.6743478260869566	0.2462692307692308	-0.05660520233438848	0.33700194338896056	0.012583119122675773	0.0013906055959299283	23.047080993652344
19.422	2.6743478260869566	0.25446153846153846	-0.06508555403320332	0.34049681939744914	0.012598848448823878	0.0006796942577814978	22.533729553222656
19.422	2.6743478260869566	0.2626538461538462	-0.07304801558834716	0.34372072295322137	0.012637780307768003	0.0009485289555990093	22.099035263061523
19.422	2.6743478260869566	0.2708461538461539	-0.08167676245552705	0.3473706178463907	0.012808826525787914	0.0008723455859247534	21.643291473388672
19.422	2.6743478260869566	0.27903846153846157	-0.08984741607905586	0.3505445827943183	0.012829515096172573	0.000664190795499358	21.231229782104492
19.422	2.6743478260869566	0.28723076923076923	-0.09740276627467234	0.35222339413397974	0.012823230903968093	0.0007345795968952498	20.911014556884766
19.422	2.6743478260869566	0.29542307692307695	-0.10671426460662617	0.355052397801264	0.012733144093153414	0.0002945264476814667	20.594587326049805
19.422	2.6743478260869566	0.3036153846153847	-0.11450917556047432	0.3563970762707963	0.012735827576975759	9.933816279432802e-05	20.25568199157715
19.422	2.6743478260869566	0.31180769230769234	-0.12247420556940129	0.35925382316882903	0.012657334901120023	-0.0002589477619887563	20.00676918029785
19.422	2.6743478260869566	0.32	-0.13098215379967298	0.36062848788675217	0.012798415728763253	-0.00038667624341379766	19.750469207763672
19.422	2.6830434782608696	0.0005	-0.030884497549673005	0.4415611050742523	0.013582806259129774	0.0014445373898413314	12.213264465332031
19.422	2.6830434782608696	0.008692307692307694	0.027407224647942312	0.1517541492643119	0.013725962505399657	0.0015277831625839873	37.045188903808594
19.422	2.6830434782608696	0.016884615384615387	0.0266728954243095	0.1810741031827689	0.013811143212118918	0.0016662078191361474	42.11091995239258
19.422	2.6830434782608696	0.02507692307692308	0.024008291768834067	0.18446514511565631	0.013428504832795014	0.0014426729762649195	42.42878341674805
19.422	2.6830434782608696	0.03326923076923077	0.024737000231127137	0.19543135064302652	0.013592911460095213	0.0014366678970704832	49.693668365478516
19.422	2.6830434782608696	0.041461538461538466	0.023636537556032525	0.19579894142805304	0.013486685696356589	0.001458018514387269	48.21291732788086
19.422	2.6830434782608696	0.04965384615384616	0.023947524106935708	0.2040887478473235	0.013530621995057782	0.001723422731609643	48.222450256347656
19.422	2.6830434782608696	0.05784615384615385	0.022206942140493888	0.21034756020305964	0.013445117958214245	0.001538800324084518	45.192012786865234
19.422	2.6830434782608696	0.06603846153846155	0.02240140386300064	0.21402041338435138	0.01348315230814158	0.0015636769255765147	44.81229209899902
19.422	2.6830434782608696	0.07423076923076924	0.021327653525052514	0.21591671521554398	0.013308804570360398	0.0016143057137196649	42.620235443115234
19.422	2.6830434782608696	0.08242307692307693	0.020532908381549572	0.22074212485703332	0.013107668621623478	0.0015399905098274806	41.57979202270508
19.422	2.6830434782608696	0.09061538461538463	0.01994437294667754	0.22466697237950006	0.012965423475316477	0.0015007373919953522	39.15269470214844
19.422	2.6830434782608696	0.09880769230769232	0.019353919975740645	0.2260895109179635	0.013035083470343867	0.0015644176252099231	37.9224967956543
19.422	2.6830434782608696	0.10700000000000001	0.018260248235997492	0.2286486178785381	0.013028210443712482	0.0017088571069237576	36.61406898498535
19.422	2.6830434782608696	0.1151923076923077	0.017595269132976165	0.23205969697188633	0.01296534203786413	0.0017425796724595119	36.05514335632324
19.422	2.6830434782608696	0.1233846153846154	0.016512277510587807	0.23493977468784943	0.012948228128052162	0.0016075817709661736	35.30351448059082
19.422	2.6830434782608696	0.1315769230769231	0.015209343975609331	0.23661329632444392	0.01296526490583515	0.0016449828727136237	34.78961181640625
19.422	2.6830434782608696	0.13976923076923078	0.013311591216213229	0.24036520877992584	0.012921469939876438	0.0016772238632685023	34.39500427246094
19.422	2.6830434782608696	0.14796153846153848	0.011192460888584999	0.24453926160670955	0.012998869996390855	0.0014640327970044302	34.57542419433594
19.422	2.6830434782608696	0.15615384615384617	0.009113781145836256	0.24948736893713072	0.01293780260164986	0.0014554719396305017	34.58896064758301
19.422	2.6830434782608696	0.16434615384615386	0.0059437200941699925	0.2557326972747368	0.013145163348039755	0.0013418148304712493	33.32759475708008
19.422	2.6830434782608696	0.17253846153846156	0.002045681533023312	0.26119757887576545	0.013180820744903045	0.0009998015948096762	32.18110275268555
19.422	2.6830434782608696	0.18073076923076925	-0.0016341751366000929	0.269534284433069	0.01345681663283542	0.000857367546052253	31.00450897216797
19.422	2.6830434782608696	0.18892307692307694	-0.007245568231155753	0.2770086747659036	0.013251098035951312	0.0006432884619207165	29.81894302368164
19.422	2.6830434782608696	0.19711538461538464	-0.012924687681974774	0.283005619172919	0.013334829613273112	0.00035136557400743096	28.6339168548584
19.422	2.6830434782608696	0.20530769230769233	-0.01970673239309715	0.28934757992669624	0.013277216235314217	0.000225710669678379	27.80438995361328
19.422	2.6830434782608696	0.21350000000000002	-0.026604117203242156	0.29645857890850325	0.013261300028704475	-1.7741320045174544e-05	26.798940658569336
19.422	2.6830434782608696	0.22169230769230772	-0.03417057206141488	0.30200198438870396	0.01320933039352714	-0.0002196786055809643	26.044652938842773
19.422	2.6830434782608696	0.2298846153846154	-0.04215486713051941	0.30844661409191176	0.013279610203544973	-0.0005201583814515618	25.212234497070312
19.422	2.6830434782608696	0.2380769230769231	-0.04992398929953679	0.3133639017627145	0.013336726190611145	-0.0008279388865119007	24.56401252746582
19.422	2.6830434782608696	0.2462692307692308	-0.05867038133305052	0.31720534885154045	0.01322112429854011	-0.0010878508980524612	23.989669799804688
19.422	2.6830434782608696	0.25446153846153846	-0.06677709289002504	0.32101353391794635	0.013322809652665288	-0.0012455191330462976	23.49900245666504
19.422	2.6830434782608696	0.2626538461538462	-0.07482604733298878	0.3249783692270738	0.013184045385720933	-0.001526551741201288	22.999618530273438
19.422	2.6830434782608696	0.2708461538461539	-0.08266438835265812	0.3290192426237353	0.013346095023304482	-0.0015556599452361424	22.57115364074707
19.422	2.6830434782608696	0.27903846153846157	-0.0920101761162537	0.3329174072536714	0.012961974598444325	-0.0020175444502933825	22.079700469970703
19.422	2.6830434782608696	0.28723076923076923	-0.09981123621204412	0.33550672274960963	0.013271018830644632	-0.0021760648902259113	21.786235809326172
19.422	2.6830434782608696	0.29542307692307695	-0.10787851829770856	0.3385592001551124	0.01321557400799795	-0.002226103210703964	21.449687957763672
19.422	2.6830434782608696	0.3036153846153847	-0.11552580316308789	0.34084625272688596	0.013133052260017625	-0.002817659854718156	21.138198852539062
19.422	2.6830434782608696	0.31180769230769234	-0.12314288707673449	0.3431226009913082	0.01315238871131714	-0.00265438640348259	20.928720474243164
19.422	2.6830434782608696	0.32	-0.1308518172543486	0.345017362869374	0.013232074477785318	-0.0030572719659536455	20.651134490966797
19.422	2.6917391304347826	0.0005	-0.007815432671829058	0.024512316024891567	0.013762921353120874	-5.669618971262278e-05	10.282188415527344
19.422	2.6917391304347826	0.008692307692307694	0.01960265625302644	0.19260992968211288	0.013745439210400032	7.052508823142338e-05	38.179813385009766
19.422	2.6917391304347826	0.016884615384615387	0.018101891763852556	0.22007616871724242	0.013901037551566324	0.00011278431313519733	43.17314529418945
19.422	2.6917391304347826	0.02507692307692308	0.01625827093584894	0.2219169412450364	0.013595067491312868	0.00013392021030347406	47.81075668334961
19.422	2.6917391304347826	0.03326923076923077	0.015956462806099893	0.22771724532559406	0.013727530756811337	0.000138313931985069	48.677066802978516
19.422	2.6917391304347826	0.041461538461538466	0.015102856713458188	0.22807337819250328	0.013509946574796611	0.0003233228811057258	46.19963455200195
19.422	2.6917391304347826	0.04965384615384616	0.013145925118698961	0.2336582945252399	0.01347733832184161	0.00012754582165124082	47.78276252746582
19.422	2.6917391304347826	0.05784615384615385	0.013124968079029804	0.23487152893213584	0.01346132265149293	0.00015320798340079185	45.02931022644043
19.422	2.6917391304347826	0.06603846153846155	0.013276449777660626	0.2343011687082523	0.013143030805732137	6.985338604164916e-06	44.473907470703125
19.422	2.6917391304347826	0.07423076923076924	0.01106101298216522	0.23154205683036222	0.013130383821817259	0.00018061795997743174	43.30883026123047
19.422	2.6917391304347826	0.08242307692307693	0.012219041823183893	0.23639678064151182	0.013051748580536988	0.00012393546986179683	44.04558753967285
19.422	2.6917391304347826	0.09061538461538463	0.011707438030927685	0.23739167218459872	0.012933990419614317	0.00025543091233605573	41.28050994873047
19.422	2.6917391304347826	0.09880769230769232	0.010355309303842895	0.2378290888630694	0.012879603582311421	0.00013355099703237576	40.25628471374512
19.422	2.6917391304347826	0.10700000000000001	0.010731711982218489	0.23774735631188043	0.012768038419650858	0.0002616516261133945	39.42845916748047
19.422	2.6917391304347826	0.1151923076923077	0.011028142784191237	0.23807467878097333	0.012790802390279011	0.0001480639396851747	38.01064872741699
19.422	2.6917391304347826	0.1233846153846154	0.010981528135724141	0.23967817670229796	0.012617324679146641	6.843272741495975e-05	37.17030906677246
19.422	2.6917391304347826	0.1315769230769231	0.010281219753213004	0.24006022235874064	0.012424499861796735	2.295504374449199e-05	36.48532295227051
19.422	2.6917391304347826	0.13976923076923078	0.010638736947365023	0.2424354176648898	0.01256331753115484	0.00016455077267271592	36.03940200805664
19.422	2.6917391304347826	0.14796153846153848	0.009462329746486066	0.24425463983042425	0.01269184096322244	0.00021539447908542383	35.73220443725586
19.422	2.6917391304347826	0.15615384615384617	0.008152854204008434	0.24857320377733522	0.012712931391567341	3.0939721830854484e-05	35.68940734863281
19.422	2.6917391304347826	0.16434615384615386	0.0067502152546447605	0.25075529048729595	0.012657007735108142	-0.0002568862587823673	34.515262603759766
19.422	2.6917391304347826	0.17253846153846156	0.004175324216405758	0.2572490083849793	0.01271550172241602	-0.0005152540250010931	33.2738094329834
19.422	2.6917391304347826	0.18073076923076925	0.0008765325740570265	0.2629552373648395	0.012824365684653886	-0.0006268560640385332	32.18316459655762
19.422	2.6917391304347826	0.18892307692307694	-0.003096454116924252	0.26870164277490005	0.012716414393450311	-0.0009452685617302285	30.976028442382812
19.422	2.6917391304347826	0.19711538461538464	-0.007822333471211869	0.27453228618264297	0.012814729637845353	-0.0011751422151005362	29.847259521484375
19.422	2.6917391304347826	0.20530769230769233	-0.013392984107611243	0.2807869903398915	0.01273425442169964	-0.0010510246619046364	28.686298370361328
19.422	2.6917391304347826	0.21350000000000002	-0.019440006287311677	0.2865093349716864	0.012902770445104305	-0.0014856861668190405	27.711454391479492
19.422	2.6917391304347826	0.22169230769230772	-0.026271241079791924	0.29263040692652637	0.012702552344527818	-0.0019450573768240386	26.837120056152344
19.422	2.6917391304347826	0.2298846153846154	-0.03385191858293146	0.2989588754815422	0.012803216316105752	-0.002149094224231131	26.06637954711914
19.422	2.6917391304347826	0.2380769230769231	-0.04167683744895803	0.3053199529009299	0.01256102184896888	-0.002435809244642197	25.241918563842773
19.422	2.6917391304347826	0.2462692307692308	-0.04917619006877863	0.30895955588866264	0.012727856175015111	-0.002634393304313901	24.700740814208984
19.422	2.6917391304347826	0.25446153846153846	-0.05738388856428243	0.3127589780403484	0.012715638945782913	-0.0030965582436950803	24.104469299316406
19.422	2.6917391304347826	0.2626538461538462	-0.06512457453039203	0.31713234608819374	0.012395254759184578	-0.0031526574887714093	23.611698150634766
19.422	2.6917391304347826	0.2708461538461539	-0.07268297764797424	0.3209595404687676	0.012588833226772511	-0.0034458632298076273	23.118087768554688
19.422	2.6917391304347826	0.27903846153846157	-0.08076643993271855	0.3249448385643322	0.012496456670732405	-0.0038341118739019745	22.721694946289062
19.422	2.6917391304347826	0.28723076923076923	-0.08914694248823785	0.33015748104960796	0.012568248232700585	-0.0041652655036294745	22.295745849609375
19.422	2.6917391304347826	0.29542307692307695	-0.09696230440258281	0.3325633979001652	0.012223067829317596	-0.004120392424024306	21.991451263427734
19.422	2.6917391304347826	0.3036153846153847	-0.10483755629672563	0.33544802377865907	0.012397333959806432	-0.004714392960536189	21.686756134033203
19.422	2.6917391304347826	0.31180769230769234	-0.11206856530263468	0.3375541742620869	0.012258231132016482	-0.0050226716745939886	21.419410705566406
19.422	2.6917391304347826	0.32	-0.12076939802720589	0.34013096501211365	0.012297402559504808	-0.005154652376874989	21.177093505859375
19.422	2.7004347826086956	0.0005	-0.07119953172115927	0.4141481653553371	0.014045244138545517	-0.0008947313953797738	10.205955505371094
19.422	2.7004347826086956	0.008692307692307694	0.01670983382785632	0.16191846975141821	0.013979366636211587	-0.0006758920775553694	36.953285217285156
19.422	2.7004347826086956	0.016884615384615387	0.0166278655203612	0.17872266420179664	0.014191293004087786	-0.0006075319182756789	36.35255813598633
19.422	2.7004347826086956	0.02507692307692308	0.01459450476088714	0.18441381452913191	0.013784937920994608	-0.0008947908671618504	43.610816955566406
19.422	2.7004347826086956	0.03326923076923077	0.014998131686574179	0.19185299340374712	0.013908376844799248	-0.0007669843067412747	50.967498779296875
19.422	2.7004347826086956	0.041461538461538466	0.014585892597362891	0.19815037410066916	0.013832145645617164	-0.0006926542042799586	48.451576232910156
19.422	2.7004347826086956	0.04965384615384616	0.013738362267297247	0.19990949958505555	0.013726612373692666	-0.0007200157714317021	46.98993682861328
19.422	2.7004347826086956	0.05784615384615385	0.01190496454391211	0.20657233049482782	0.013536643945006147	-0.000901093544873863	49.384756088256836
19.422	2.7004347826086956	0.06603846153846155	0.013112353100852828	0.20675764659995363	0.013494470650091211	-0.0007579737632296799	46.97298812866211
19.422	2.7004347826086956	0.07423076923076924	0.012759900638313752	0.21167840693256038	0.01346926598603863	-0.0008752344565620366	44.21553039550781
19.422	2.7004347826086956	0.08242307692307693	0.011672134477895986	0.2161918565324275	0.013362135620758952	-0.0007422114577739771	43.80411911010742
19.422	2.7004347826086956	0.09061538461538463	0.01199274057471562	0.21904880575013946	0.013088569950530992	-0.0008643548139243055	42.08089828491211
19.422	2.7004347826086956	0.09880769230769232	0.011214547909887854	0.22274482352547237	0.012950895545617364	-0.0008018561875069816	39.713823318481445
19.422	2.7004347826086956	0.10700000000000001	0.010886102609040679	0.22407562937973036	0.0129823339540223	-0.0007323598847215698	38.32205581665039
19.422	2.7004347826086956	0.1151923076923077	0.010799347676041071	0.22722496688751467	0.012879332132825945	-0.0005975013899381378	37.71088409423828
19.422	2.7004347826086956	0.1233846153846154	0.009987537489908284	0.23007316103124956	0.012687477089777445	-0.0006286994396172635	36.53664016723633
19.422	2.7004347826086956	0.1315769230769231	0.009314010474659315	0.23184334951598223	0.012981176293817988	-0.0004564857239451697	35.945735931396484
19.422	2.7004347826086956	0.13976923076923078	0.008089027379493635	0.23379994751912175	0.012541204998224956	-0.0006533074444346875	35.4000301361084
19.422	2.7004347826086956	0.14796153846153848	0.006995982820462494	0.23700031982877287	0.012484826789113636	-0.000793406960255722	35.36184310913086
19.422	2.7004347826086956	0.15615384615384617	0.004948558336418179	0.24042519643113935	0.012606162762150581	-0.0006892104513732289	35.31149673461914
19.422	2.7004347826086956	0.16434615384615386	0.0025771234632722046	0.24496172222162418	0.012601310003284549	-0.0008009354984729825	34.32343292236328
19.422	2.7004347826086956	0.17253846153846156	-5.66756863049054e-05	0.24967485864931097	0.012673442881500959	-0.001038626558758485	32.91061019897461
19.422	2.7004347826086956	0.18073076923076925	-0.0038200244226911694	0.2548302731982436	0.012690066024190289	-0.0011600545293655434	31.92930793762207
19.422	2.7004347826086956	0.18892307692307694	-0.007821111100597501	0.2599980504954467	0.012692012556037639	-0.0014584807368843316	30.668479919433594
19.422	2.7004347826086956	0.19711538461538464	-0.012985995058185778	0.265059672379337	0.012562244639370041	-0.0017528033939717522	29.699626922607422
19.422	2.7004347826086956	0.20530769230769233	-0.019126490078921893	0.2708163830384165	0.01246507032616083	-0.0020185887821940985	28.560041427612305
19.422	2.7004347826086956	0.21350000000000002	-0.025242914465995393	0.27611879656867866	0.012525622652773932	-0.0020976250897734687	27.754899978637695
19.422	2.7004347826086956	0.22169230769230772	-0.03187595960243019	0.28197675574479486	0.012347462791021287	-0.0024324793014971935	26.87300682067871
19.422	2.7004347826086956	0.2298846153846154	-0.03819856036187962	0.28653230412742686	0.012280793805137531	-0.002684777067131353	26.102867126464844
19.422	2.7004347826086956	0.2380769230769231	-0.045989588034162865	0.29099123620813316	0.012095435415465712	-0.0030812194209122673	25.395130157470703
19.422	2.7004347826086956	0.2462692307692308	-0.052758676503608576	0.2936355961804611	0.01207577932136724	-0.003346047291410591	24.823057174682617
19.422	2.7004347826086956	0.25446153846153846	-0.06118035437847544	0.29818749077654055	0.01194107382482423	-0.003564545288374434	24.220382690429688
19.422	2.7004347826086956	0.2626538461538462	-0.06853844434098397	0.3015561688543631	0.011925413210475088	-0.0036436880349031936	23.798799514770508
19.422	2.7004347826086956	0.2708461538461539	-0.07622257454566657	0.30537113498095186	0.011797103034531221	-0.004012062341314834	23.2879581451416
19.422	2.7004347826086956	0.27903846153846157	-0.08425631448406729	0.30894635013201965	0.011644750665108044	-0.004671839610262272	22.853723526000977
19.422	2.7004347826086956	0.28723076923076923	-0.0916314322248203	0.3120902212354381	0.011606292093993827	-0.004646457889739758	22.542404174804688
19.422	2.7004347826086956	0.29542307692307695	-0.09920671542436901	0.31439347621230673	0.011498840613152993	-0.0052783876521741825	22.184011459350586
19.422	2.7004347826086956	0.3036153846153847	-0.10695621805294506	0.317042335793984	0.011439874491584703	-0.005259476499940234	21.86766815185547
19.422	2.7004347826086956	0.31180769230769234	-0.11476382941584311	0.31850085898113767	0.011526155314826638	-0.005514430637187288	21.638429641723633
19.422	2.7004347826086956	0.32	-0.12218734130840023	0.3211238243318848	0.011147444046495397	-0.006093645633519954	21.34486198425293
19.422	2.7091304347826086	0.0005	-0.026781632117995398	0.12152331302036444	0.014298689207775196	-0.0036080997222612847	11.493179321289062
19.422	2.7091304347826086	0.008692307692307694	0.012116519344676705	0.23566354210520635	0.013979050967990618	-0.0035424594349834815	36.73942184448242
19.422	2.7091304347826086	0.016884615384615387	0.006444719882388082	0.24882251536505762	0.014011440853122649	-0.0035911782406416373	41.21897506713867
19.422	2.7091304347826086	0.02507692307692308	0.006868914218325578	0.2546712092127139	0.013756107590510543	-0.003609141047674385	44.77513122558594
19.422	2.7091304347826086	0.03326923076923077	0.007016915143339322	0.2522206031380205	0.013826984705229218	-0.003424589978376297	47.831703186035156
19.422	2.7091304347826086	0.041461538461538466	0.007860298230315574	0.2556520452085619	0.013490605164011429	-0.0036270660615794845	47.676448822021484
19.422	2.7091304347826086	0.04965384615384616	0.006179580705688485	0.255034087598497	0.013447444483485272	-0.003401866377047414	46.237091064453125
19.422	2.7091304347826086	0.05784615384615385	0.005176494138763434	0.2569710299374404	0.013430929429036294	-0.0033405316849019475	44.2313289642334
19.422	2.7091304347826086	0.06603846153846155	0.005710467110125651	0.254969089728329	0.013182696294838281	-0.003173805511395445	42.678022384643555
19.422	2.7091304347826086	0.07423076923076924	0.004904609332530126	0.25306563476893645	0.012946241997282676	-0.0030674743437692476	42.3873405456543
19.422	2.7091304347826086	0.08242307692307693	0.0055462788121526845	0.2535463827625762	0.01274141547035686	-0.0029331116729414933	42.23334312438965
19.422	2.7091304347826086	0.09061538461538463	0.005607703676846895	0.2537989790646796	0.012526212293435483	-0.002886021859050061	40.42017364501953
19.422	2.7091304347826086	0.09880769230769232	0.005665046503886869	0.2521400644230587	0.012356360680272915	-0.002946660576544106	39.25192642211914
19.422	2.7091304347826086	0.10700000000000001	0.005189576416950243	0.25173465622086694	0.01239234431800854	-0.0025942523145835185	38.49138259887695
19.422	2.7091304347826086	0.1151923076923077	0.005846746923943288	0.2509255433763646	0.012271804099877241	-0.0024743811797128543	37.32861328125
19.422	2.7091304347826086	0.1233846153846154	0.005220464160839612	0.2522837080495839	0.012096810653023765	-0.002563498324383889	36.75448226928711
19.422	2.7091304347826086	0.1315769230769231	0.005561754931869502	0.2505552895452302	0.011927878121131668	-0.002207633015343054	36.14852523803711
19.422	2.7091304347826086	0.13976923076923078	0.005158644950169274	0.25176202873445575	0.011955815256409428	-0.00234949177726511	36.29322624206543
19.422	2.7091304347826086	0.14796153846153848	0.004590164159339733	0.25232104317341986	0.011804292144564774	-0.002351776190418684	35.419029235839844
19.422	2.7091304347826086	0.15615384615384617	0.0034735226500174064	0.25426072701718105	0.011892009357673473	-0.0024268661881495404	34.16450309753418
19.422	2.7091304347826086	0.16434615384615386	0.0017281061204243479	0.25728800834092	0.01187016175516235	-0.0023480254855047272	33.30646324157715
19.422	2.7091304347826086	0.17253846153846156	-0.00113026758859865	0.26149245786416053	0.011856784085825686	-0.0024573967588124046	31.93464469909668
19.422	2.7091304347826086	0.18073076923076925	-0.004324642337962867	0.2654373980217953	0.011810711399693695	-0.002704340485125423	30.751028060913086
19.422	2.7091304347826086	0.18892307692307694	-0.008310388391570427	0.2693524217637052	0.01189447420883405	-0.0028756083480614455	29.548213958740234
19.422	2.7091304347826086	0.19711538461538464	-0.01337496832843288	0.2739592189566392	0.01192378110544702	-0.002781118386722749	28.581119537353516
19.422	2.7091304347826086	0.20530769230769233	-0.019076360034384995	0.278499773809068	0.011706323674994102	-0.0034967099835125524	27.63736343383789
19.422	2.7091304347826086	0.21350000000000002	-0.024909237710969753	0.28325699721686415	0.011609569172141385	-0.003617704868729513	26.690969467163086
19.422	2.7091304347826086	0.22169230769230772	-0.03135740459824563	0.2867663951962243	0.011531229150637028	-0.003825813209012599	25.91358184814453
19.422	2.7091304347826086	0.2298846153846154	-0.0377849801835193	0.29051555005383284	0.011328464807297656	-0.004007403702060731	25.14310073852539
19.422	2.7091304347826086	0.2380769230769231	-0.04500501535500482	0.2947904216135882	0.011463120998837416	-0.004304020165803522	24.54507827758789
19.422	2.7091304347826086	0.2462692307692308	-0.05176507094990761	0.29806723121839634	0.011260443154480444	-0.004362749954016933	23.972681045532227
19.422	2.7091304347826086	0.25446153846153846	-0.05942479788704302	0.30117415041346984	0.011140239257965761	-0.004707112243059912	23.417491912841797
19.422	2.7091304347826086	0.2626538461538462	-0.06629832885559378	0.3036490722521813	0.010829572958099082	-0.005115049361415824	23.008892059326172
19.422	2.7091304347826086	0.2708461538461539	-0.07352436863179264	0.30638524239900233	0.010982598641993312	-0.005298997348687102	22.543642044067383
19.422	2.7091304347826086	0.27903846153846157	-0.07999533413271363	0.309041934060107	0.010745714571083734	-0.005674796288472556	22.239015579223633
19.422	2.7091304347826086	0.28723076923076923	-0.08661581976597545	0.31148531579573024	0.010443520873803704	-0.005629220308797506	21.870445251464844
19.422	2.7091304347826086	0.29542307692307695	-0.0949446384487497	0.3137141002965721	0.010365799857435392	-0.006205511476439902	21.57935333251953
19.422	2.7091304347826086	0.3036153846153847	-0.1012754200179645	0.31543566510234455	0.010429048186179719	-0.00659858010979143	21.289581298828125
19.422	2.7091304347826086	0.31180769230769234	-0.10879843650404858	0.3169411026975322	0.010217896932184252	-0.006741074337658904	21.028100967407227
19.422	2.7091304347826086	0.32	-0.11646748770723739	0.31855743819089466	0.010309675231695948	-0.0071650057623263985	20.78124237060547
19.422	2.7178260869565216	0.0005	-0.06646742046779383	0.41855732028222803	0.012609616621051744	-0.004539006960076147	13.676666259765625
19.422	2.7178260869565216	0.008692307692307694	0.017608413109868874	0.2392795930880976	0.012476839370178888	-0.004413047037071562	37.44945526123047
19.422	2.7178260869565216	0.016884615384615387	0.013630602156528528	0.2581711619839021	0.01235951722514612	-0.004255088089210655	42.61146926879883
19.422	2.7178260869565216	0.02507692307692308	0.010675410470786361	0.25105975264209424	0.012593996353407112	-0.0041759526911233965	44.0333251953125
19.422	2.7178260869565216	0.03326923076923077	0.013348098931224987	0.25443146484136503	0.012150986114297789	-0.004266587370647085	43.772064208984375
19.422	2.7178260869565216	0.041461538461538466	0.01203440809002702	0.2561750906908505	0.01170462504379896	-0.0044048658857252145	45.14162063598633
19.422	2.7178260869565216	0.04965384615384616	0.013011849308508109	0.2575074452831294	0.011697840906018844	-0.0040313963347675145	44.195945739746094
19.422	2.7178260869565216	0.05784615384615385	0.0124591121624451	0.2570684163264494	0.011409233089629158	-0.004039970058130782	44.26607322692871
19.422	2.7178260869565216	0.06603846153846155	0.013291203290258423	0.25738784930517133	0.01119128788209669	-0.003718324655011816	42.21451377868652
19.422	2.7178260869565216	0.07423076923076924	0.013499139196504768	0.2608726404658388	0.011225538086102684	-0.0035437684193070926	41.622419357299805
19.422	2.7178260869565216	0.08242307692307693	0.012899713235415361	0.2606340662308598	0.010973596231008052	-0.003297275542330248	39.932640075683594
19.422	2.7178260869565216	0.09061538461538463	0.01279995926717234	0.2631787203515801	0.010720669772412091	-0.003099016034228458	38.19926452636719
19.422	2.7178260869565216	0.09880769230769232	0.011729537275322114	0.26422515055246	0.01063708038297025	-0.003023475154417115	37.392608642578125
19.422	2.7178260869565216	0.10700000000000001	0.012085159855131384	0.26544386214308724	0.010474988050028503	-0.002682704763043613	35.884822845458984
19.422	2.7178260869565216	0.1151923076923077	0.011553064441476335	0.26694657044217274	0.010329206955621225	-0.0025424242326016243	35.30653762817383
19.422	2.7178260869565216	0.1233846153846154	0.011279486502688695	0.26725668333901376	0.010187130405220412	-0.0025831774547304667	34.84776306152344
19.422	2.7178260869565216	0.1315769230769231	0.010296494617294837	0.268937065261065	0.010263724945807805	-0.0023745391354941256	34.505638122558594
19.422	2.7178260869565216	0.13976923076923078	0.00800407800710892	0.27078313798679976	0.010337957776133177	-0.002209138439325111	34.49440002441406
19.422	2.7178260869565216	0.14796153846153848	0.005891748913599521	0.2744357354605581	0.010230908004125298	-0.0023308562987120153	34.32271957397461
19.422	2.7178260869565216	0.15615384615384617	0.0032015229737583292	0.2786266142943002	0.009964001679243604	-0.0023882892307009154	33.110782623291016
19.422	2.7178260869565216	0.16434615384615386	-0.0005429896950570913	0.28247820904573295	0.01035294053748672	-0.002423975832830922	31.522558212280273
19.422	2.7178260869565216	0.17253846153846156	-0.004828193337268945	0.2874482566104444	0.010332788687309611	-0.0026280682845100842	30.395597457885742
19.422	2.7178260869565216	0.18073076923076925	-0.00990098622929992	0.2920011581275885	0.010276934677453557	-0.002885581731095272	29.221481323242188
19.422	2.7178260869565216	0.18892307692307694	-0.01646317663904966	0.29676131260397787	0.010189583105030117	-0.0029008398497691826	28.179582595825195
19.422	2.7178260869565216	0.19711538461538464	-0.02224826609453181	0.3005495042779815	0.010257592353782902	-0.003325615529899733	27.26213836669922
19.422	2.7178260869565216	0.20530769230769233	-0.029732626320030486	0.30521717800361625	0.01004472194870523	-0.003507795098932791	26.241966247558594
19.422	2.7178260869565216	0.21350000000000002	-0.03770495173891255	0.311206168174377	0.009711303732527264	-0.0038110918994173227	25.396211624145508
19.422	2.7178260869565216	0.22169230769230772	-0.04468923198286257	0.3149772225356099	0.00975661749755836	-0.004063996970951184	24.564022064208984
19.422	2.7178260869565216	0.2298846153846154	-0.052946262049896636	0.3184536924179081	0.009713921700247903	-0.00427676520158208	23.888547897338867
19.422	2.7178260869565216	0.2380769230769231	-0.061363177362306044	0.32240620251404084	0.00962171079583248	-0.00460805267691832	23.35308074951172
19.422	2.7178260869565216	0.2462692307692308	-0.06866386080012218	0.32460978174865396	0.009493606343895115	-0.005020242401304601	22.877656936645508
19.422	2.7178260869565216	0.25446153846153846	-0.07712306616679329	0.3268323876364545	0.009363811895131184	-0.00515709349928372	22.37767219543457
19.422	2.7178260869565216	0.2626538461538462	-0.0858530772276272	0.32958478130683455	0.009554014938159383	-0.005274048290636026	21.930315017700195
19.422	2.7178260869565216	0.2708461538461539	-0.09333835633381297	0.33233526432384186	0.008897193639542673	-0.005609267090591355	21.61890411376953
19.422	2.7178260869565216	0.27903846153846157	-0.10094700980783003	0.3336899658600253	0.009180037149646374	-0.0061392137936367806	21.217885971069336
19.422	2.7178260869565216	0.28723076923076923	-0.10892441936010372	0.33570721669713305	0.008979736766841368	-0.006124996562614489	20.9456729888916
19.422	2.7178260869565216	0.29542307692307695	-0.11649185578915316	0.33705630407467724	0.008809408851002218	-0.006410945970385604	20.65302848815918
19.422	2.7178260869565216	0.3036153846153847	-0.1252696861353605	0.33886032554661216	0.00850421808631386	-0.00687219076447241	20.39511489868164
19.422	2.7178260869565216	0.31180769230769234	-0.13242668282044073	0.33891666114437713	0.008409710121345641	-0.007075445351285683	20.209529876708984
19.422	2.7178260869565216	0.32	-0.14041469748488355	0.3410394331775579	0.00838935736207536	-0.0075015541854961685	19.937652587890625
19.422	2.726521739130435	0.0005	-0.11612168215386093	0.15864249741194825	0.01233538259084075	-0.004091003029913963	7.23321533203125
19.422	2.726521739130435	0.008692307692307694	0.016338115825893566	0.2672937835110688	0.012258460348807645	-0.00410753627600775	34.20595169067383
19.422	2.726521739130435	0.016884615384615387	0.008300803423499984	0.2838877470968427	0.012140083978167945	-0.003950544163471674	40.38726806640625
19.422	2.726521739130435	0.02507692307692308	0.009047522497004187	0.2866709603266926	0.012019647904257018	-0.003966020980040268	44.39216613769531
19.422	2.726521739130435	0.03326923076923077	0.008812156911662287	0.2838064904827209	0.011975276541252909	-0.0037538464123425827	43.90762710571289
19.422	2.726521739130435	0.041461538461538466	0.007299426397148026	0.2817358440479896	0.011552190490820732	-0.003737077140300144	43.929542541503906
19.422	2.726521739130435	0.04965384615384616	0.009896496137443433	0.2795005625805517	0.011102812321949877	-0.0034988307471739283	44.256155014038086
19.422	2.726521739130435	0.05784615384615385	0.008418241613293163	0.27653385724149754	0.010919100958835854	-0.003402730879114945	43.02427291870117
19.422	2.726521739130435	0.06603846153846155	0.009815979457953334	0.27439262365350037	0.010702241785724799	-0.0031929445336636667	41.881155014038086
19.422	2.726521739130435	0.07423076923076924	0.009900227332063919	0.2691343623220632	0.010227252846629741	-0.0030554847620869784	39.669036865234375
19.422	2.726521739130435	0.08242307692307693	0.010613088270494198	0.2683674194166454	0.010193924081861112	-0.0025377235507972745	39.1964168548584
19.422	2.726521739130435	0.09061538461538463	0.010384501105019307	0.26616018733624536	0.010064648892232924	-0.0025236112717705486	37.336782455444336
19.422	2.726521739130435	0.09880769230769232	0.010774313991734235	0.2643622407937438	0.00973105647538045	-0.0024292989168933007	36.45934295654297
19.422	2.726521739130435	0.10700000000000001	0.010231889355862535	0.26485462617505384	0.009665869469032345	-0.002065147587894208	35.79854965209961
19.422	2.726521739130435	0.1151923076923077	0.01031082039205918	0.264170665001653	0.009452690525464366	-0.002125412522799017	34.97898864746094
19.422	2.726521739130435	0.1233846153846154	0.009715846827911233	0.26658373520352674	0.009515201183345283	-0.0019329983983318406	34.78268051147461
19.422	2.726521739130435	0.1315769230769231	0.009498328728094712	0.2657630863965421	0.0094595655152635	-0.0017586509065047181	34.22496223449707
19.422	2.726521739130435	0.13976923076923078	0.007554754858680514	0.2678414091415943	0.009525749515106402	-0.0014589210033598096	34.305959701538086
19.422	2.726521739130435	0.14796153846153848	0.005818959513423085	0.27055479897987156	0.009321504368217031	-0.0017546359688776435	34.68448257446289
19.422	2.726521739130435	0.15615384615384617	0.0033228678790387326	0.27514817450152546	0.009154339383635725	-0.0017871900818503712	33.16378211975098
19.422	2.726521739130435	0.16434615384615386	-0.0006871374729903794	0.2803406566724943	0.009140207276245982	-0.002095331977616682	31.81749725341797
19.422	2.726521739130435	0.17253846153846156	-0.0044067582223838485	0.2855094428563049	0.009393000397774146	-0.0019232215015739808	30.58526611328125
19.422	2.726521739130435	0.18073076923076925	-0.010243421140247429	0.29086696324916805	0.00915267663982128	-0.0023366291185260776	29.334409713745117
19.422	2.726521739130435	0.18892307692307694	-0.016831044627537706	0.2968252113368132	0.009096339004348029	-0.0026368860362711998	28.109420776367188
19.422	2.726521739130435	0.19711538461538464	-0.024193172678309994	0.3017381295969197	0.009190012380958245	-0.0029270077629411236	27.12874412536621
19.422	2.726521739130435	0.20530769230769233	-0.030830627480537193	0.30705849060037876	0.009145883756937723	-0.002928272626354687	26.111534118652344
19.422	2.726521739130435	0.21350000000000002	-0.0378809814211135	0.3113820209372208	0.008891424483518089	-0.003204664949896014	25.349895477294922
19.422	2.726521739130435	0.22169230769230772	-0.04588287166900252	0.3164933610676113	0.008900622761866863	-0.0035952284649618904	24.632720947265625
19.422	2.726521739130435	0.2298846153846154	-0.05369292359334006	0.3210306837834685	0.008720553804927231	-0.003902561899218316	23.886852264404297
19.422	2.726521739130435	0.2380769230769231	-0.060964919920084626	0.32480502768012576	0.008687382835285404	-0.004161809446439225	23.29477882385254
19.422	2.726521739130435	0.2462692307692308	-0.06856267703962057	0.3275186410876453	0.008598313590153277	-0.004290835963727587	22.861526489257812
19.422	2.726521739130435	0.25446153846153846	-0.07705514739765332	0.329667311540525	0.00833873235816724	-0.00450434041202191	22.440244674682617
19.422	2.726521739130435	0.2626538461538462	-0.08424444600575724	0.3325994608058368	0.008368762691604262	-0.0046564759243478224	21.980865478515625
19.422	2.726521739130435	0.2708461538461539	-0.0918984591264939	0.3358557218179572	0.008028632110942326	-0.0049088370686871975	21.612136840820312
19.422	2.726521739130435	0.27903846153846157	-0.0997892915506577	0.33754557906244875	0.008195292031457031	-0.0051814517758400165	21.315589904785156
19.422	2.726521739130435	0.28723076923076923	-0.106858668950988	0.3385510325958835	0.007935159799223584	-0.0053943499779477	20.981979370117188
19.422	2.726521739130435	0.29542307692307695	-0.11463089297492618	0.3407455446725594	0.007890702536667783	-0.005802378654952957	20.725744247436523
19.422	2.726521739130435	0.3036153846153847	-0.12238760952339138	0.3428044472765991	0.007728654012123842	-0.005915647229430802	20.459924697875977
19.422	2.726521739130435	0.31180769230769234	-0.1282940372872744	0.3426820249095373	0.007598002461952814	-0.006361530541544242	20.280424118041992
19.422	2.726521739130435	0.32	-0.13724802668228764	0.34497149552667994	0.007270240847060119	-0.006534238167915237	20.031831741333008
19.422	2.735217391304348	0.0005	-0.031039083482470205	0.3293422258301333	0.010496438688684532	-0.003521678900356379	12.883193969726562
19.422	2.735217391304348	0.008692307692307694	0.020600400994221574	0.25673615890552015	0.010539840659540924	-0.003419399894026116	36.12819290161133
19.422	2.735217391304348	0.016884615384615387	0.0152000197296626	0.2750961435384686	0.010543033765017303	-0.0035969355276372302	44.327056884765625
19.422	2.735217391304348	0.02507692307692308	0.01597795869164533	0.2755953875727589	0.010264798814963807	-0.003423523489440399	43.20474624633789
19.422	2.735217391304348	0.03326923076923077	0.01675868851683721	0.2728283215929485	0.01020299744010694	-0.0033024232986395663	45.35399627685547
19.422	2.735217391304348	0.041461538461538466	0.016173936143146116	0.27215367449500316	0.009858973443160972	-0.0031852708069787716	45.248085021972656
19.422	2.735217391304348	0.04965384615384616	0.016936518683970163	0.27345164655897225	0.009625287417648239	-0.003079540724628356	45.724565505981445
19.422	2.735217391304348	0.05784615384615385	0.017597198589529104	0.2713804946227203	0.009346112632917573	-0.002946056764044499	44.54929542541504
19.422	2.735217391304348	0.06603846153846155	0.01695427052155797	0.27093793841906094	0.009151367942465218	-0.0029315543069561136	42.556894302368164
19.422	2.735217391304348	0.07423076923076924	0.018184143143401207	0.2702436912211992	0.008891621285968801	-0.002574463633910171	41.20779800415039
19.422	2.735217391304348	0.08242307692307693	0.016947116719273445	0.2697401904308274	0.008908503165940617	-0.002454514196939177	39.488529205322266
19.422	2.735217391304348	0.09061538461538463	0.017275253713821527	0.2693112163017518	0.0086894735134576	-0.0019485812203187058	37.66395568847656
19.422	2.735217391304348	0.09880769230769232	0.017033456296200424	0.2695326339240183	0.008550048057428011	-0.0018021919508329257	36.71066474914551
19.422	2.735217391304348	0.10700000000000001	0.01605348739075152	0.27192593177510394	0.008255049811625986	-0.0014233397501649454	35.445329666137695
19.422	2.735217391304348	0.1151923076923077	0.01491087231087176	0.271988442146312	0.007997414181792551	-0.0015333301560567802	34.80086898803711
19.422	2.735217391304348	0.1233846153846154	0.014047475934500373	0.2734358794773924	0.00829693187532193	-0.0011909314083406015	34.10207176208496
19.422	2.735217391304348	0.1315769230769231	0.011890298204968243	0.2750331527107392	0.00835401080895522	-0.0011545866619912114	33.74884796142578
19.422	2.735217391304348	0.13976923076923078	0.010820637568837518	0.27734623156334237	0.008237830219343462	-0.0011217755344972962	33.710166931152344
19.422	2.735217391304348	0.14796153846153848	0.007860809305645197	0.28128192211474934	0.007930327205178994	-0.0012216926436025618	33.84592247009277
19.422	2.735217391304348	0.15615384615384617	0.00448399587860376	0.28544629477728906	0.008086861507354241	-0.0013108076112786616	34.326454162597656
19.422	2.735217391304348	0.16434615384615386	0.0011609399438380007	0.29037916027161154	0.008021599661856397	-0.0013225329785570214	32.78596496582031
19.422	2.735217391304348	0.17253846153846156	-0.004196506018889067	0.2978157528691259	0.008274670212633003	-0.0015130853086653398	31.329517364501953
19.422	2.735217391304348	0.18073076923076925	-0.010262059352499362	0.3039403183866559	0.008125949137223053	-0.0017241960416793935	29.872516632080078
19.422	2.735217391304348	0.18892307692307694	-0.01731053202136411	0.31013852578099704	0.008110994468538048	-0.0018451844376860629	28.775619506835938
19.422	2.735217391304348	0.19711538461538464	-0.024940758831943292	0.3165833497862996	0.007992659957548678	-0.0020353809734180188	27.602123260498047
19.422	2.735217391304348	0.20530769230769233	-0.033036595564479854	0.3236640644237134	0.008082090623960902	-0.0024941747273507123	26.580171585083008
19.422	2.735217391304348	0.21350000000000002	-0.04121201146597617	0.32922169593176764	0.00790059767331004	-0.002510010885477768	25.71855354309082
19.422	2.735217391304348	0.22169230769230772	-0.05036932524497263	0.3351275076066606	0.007654386427824728	-0.002892810925788884	24.924312591552734
19.422	2.735217391304348	0.2298846153846154	-0.058716640183404986	0.3412125477993307	0.007617100079902347	-0.0032801793708901483	24.19129180908203
19.422	2.735217391304348	0.2380769230769231	-0.06774165842596987	0.34532946276637144	0.007565542201142425	-0.003514421414624557	23.627328872680664
19.422	2.735217391304348	0.2462692307692308	-0.07699695949357548	0.34957922925865625	0.007468955230966574	-0.003619730139584755	23.050182342529297
19.422	2.735217391304348	0.25446153846153846	-0.08539412446209223	0.3525367461843037	0.007311249262953536	-0.003781624192456259	22.58172607421875
19.422	2.735217391304348	0.2626538461538462	-0.0947099165467729	0.35700457426645094	0.00725442073361239	-0.004244904114134151	22.092065811157227
19.422	2.735217391304348	0.2708461538461539	-0.1027720871323903	0.35845298834536465	0.007104759763984869	-0.004477737955947274	21.69222640991211
19.422	2.735217391304348	0.27903846153846157	-0.11149489717488947	0.3616320627759513	0.007207024602278834	-0.004571181680682063	21.340373992919922
19.422	2.735217391304348	0.28723076923076923	-0.12051102932660565	0.36342391376913263	0.006873935883430768	-0.005099246360518471	21.072063446044922
19.422	2.735217391304348	0.29542307692307695	-0.1284030458771573	0.36552444881240787	0.006661940353498244	-0.005409195643321683	20.784408569335938
19.422	2.735217391304348	0.3036153846153847	-0.1366860339093796	0.3672299112886712	0.006638975964434824	-0.005525161357534189	20.561368942260742
19.422	2.735217391304348	0.31180769230769234	-0.1449929492456681	0.3695933040575648	0.006498096168229895	-0.0056130803749093955	20.298891067504883
19.422	2.735217391304348	0.32	-0.15310625836968705	0.37048114666781046	0.006451047518726626	-0.005843934952330666	20.10548210144043
19.422	2.743913043478261	0.0005	-0.04002032086968707	0.48815692791781035	0.008985008577980458	-0.0006624242869067903	9.104743957519531
19.422	2.743913043478261	0.008692307692307694	-0.00349769324779796	0.21513733731648566	0.008943275013759303	-0.0007407657949338712	34.114315032958984
19.422	2.743913043478261	0.016884615384615387	-0.002328905245201971	0.22818128917492664	0.008716110135016532	-0.0009689833854177104	43.28326416015625
19.422	2.743913043478261	0.02507692307692308	-0.0010502067882475405	0.237610342123365	0.008635019586925545	-0.0008878329569510727	47.837337493896484
19.422	2.743913043478261	0.03326923076923077	-0.0015654230046925116	0.23736123140231333	0.00864907164819999	-0.0006751893903446202	43.33692932128906
19.422	2.743913043478261	0.041461538461538466	0.0009067869257274083	0.23749403055087287	0.00828691578232212	-0.001249612437127231	45.46491241455078
19.422	2.743913043478261	0.04965384615384616	0.0013338883879919529	0.23679829074069253	0.00820632682706832	-0.0008859972167376422	45.268375396728516
19.422	2.743913043478261	0.05784615384615385	0.002722483983054674	0.23586615615754303	0.007927702636508677	-0.0007406207837722919	47.52256965637207
19.422	2.743913043478261	0.06603846153846155	0.003264403358027752	0.23618028476812317	0.007755022517227806	-0.0008035940374479958	44.166194915771484
19.422	2.743913043478261	0.07423076923076924	0.004821746002837725	0.23377343349711582	0.007852659128960347	-0.0004757901667030983	42.86367416381836
19.422	2.743913043478261	0.08242307692307693	0.005888544776009917	0.23317449881596827	0.007496679017091999	-0.00044255923174288305	41.560354232788086
19.422	2.743913043478261	0.09061538461538463	0.006184943464395494	0.2327690226804902	0.00741730893165128	-0.0004196299758623159	38.84122276306152
19.422	2.743913043478261	0.09880769230769232	0.006611202263084136	0.23193252499554948	0.0072723681432918085	-0.00026084332881387345	38.083831787109375
19.422	2.743913043478261	0.10700000000000001	0.007570362392234535	0.23222190432934836	0.007171086558905339	1.3762864205965765e-06	37.06711196899414
19.422	2.743913043478261	0.1151923076923077	0.007412943077488311	0.2328306460199241	0.007098001147009749	-0.00010518408178304743	35.73516082763672
19.422	2.743913043478261	0.1233846153846154	0.006546428827286167	0.23402714819979764	0.006916795064984008	0.00016695381665003485	35.17641830444336
19.422	2.743913043478261	0.1315769230769231	0.006344102026204505	0.23518441660065456	0.006930445869133288	9.691921796432744e-05	34.66960906982422
19.422	2.743913043478261	0.13976923076923078	0.00517787631636679	0.2365471309431086	0.006864539384699078	0.00022016117601184474	34.34375762939453
19.422	2.743913043478261	0.14796153846153848	0.0043455478923817735	0.23986757156212657	0.006968662751330393	0.0002472903823390418	34.36177444458008
19.422	2.743913043478261	0.15615384615384617	0.0030346726976233575	0.24338841567091551	0.006965745576336252	0.00014531622511453732	34.594749450683594
19.422	2.743913043478261	0.16434615384615386	0.0010249809106710412	0.24689439823428075	0.007173531423096336	0.00018540158045466285	34.64445686340332
19.422	2.743913043478261	0.17253846153846156	-0.0018508729844363323	0.25182898532060694	0.007084376357589402	-0.00011936169438017488	34.32449150085449
19.422	2.743913043478261	0.18073076923076925	-0.005686229592469513	0.2583530960923226	0.007225997596074536	-0.00017454790252155363	32.87697219848633
19.422	2.743913043478261	0.18892307692307694	-0.011497678818295037	0.2641428330557588	0.007037298285254449	-0.0006676480781846843	31.51165199279785
19.422	2.743913043478261	0.19711538461538464	-0.016962264101574212	0.27025086570576967	0.007055970539354689	-0.0007263039115754189	30.222652435302734
19.422	2.743913043478261	0.20530769230769233	-0.02410992122776249	0.27852724891201786	0.007081057758105427	-0.0010333853418059	29.09250259399414
19.422	2.743913043478261	0.21350000000000002	-0.030793616544077192	0.28406075935856634	0.006867973990733931	-0.0011444607597430924	28.04534149169922
19.422	2.743913043478261	0.22169230769230772	-0.037625792843034134	0.2900531069614052	0.0071663408723112235	-0.0013004623437742674	27.172351837158203
19.422	2.743913043478261	0.2298846153846154	-0.04456112704866158	0.2954663173534035	0.0069074909073521835	-0.0015341461680099654	26.384349822998047
19.422	2.743913043478261	0.2380769230769231	-0.05319434048040911	0.30248229599754717	0.006953147014033953	-0.0020228022096891677	25.64771270751953
19.422	2.743913043478261	0.2462692307692308	-0.06081358797281193	0.306487604586514	0.006821897807045974	-0.002180060988643342	25.01663589477539
19.422	2.743913043478261	0.25446153846153846	-0.06892056863187955	0.31121590778428526	0.006653262383448821	-0.0024882267836112077	24.342226028442383
19.422	2.743913043478261	0.2626538461538462	-0.07660693306092764	0.3145876108560233	0.006727118212678906	-0.0027645837447864583	23.907093048095703
19.422	2.743913043478261	0.2708461538461539	-0.0854877558172553	0.32019641227167916	0.0066954763873633945	-0.003010829554704833	23.472091674804688
19.422	2.743913043478261	0.27903846153846157	-0.0921023608694191	0.322750593614973	0.006402914725145545	-0.0030765976031258083	23.04660415649414
19.422	2.743913043478261	0.28723076923076923	-0.09987243100363008	0.32564126243839314	0.006389843001895476	-0.0034525396573993356	22.686664581298828
19.422	2.743913043478261	0.29542307692307695	-0.10806904120927846	0.32929217936260896	0.005977380198825972	-0.003680268230771923	22.369876861572266
19.422	2.743913043478261	0.3036153846153847	-0.11563981050313066	0.3316983107209932	0.006055598128520773	-0.004095801412284651	22.10408592224121
19.422	2.743913043478261	0.31180769230769234	-0.12251356878005515	0.3334181628620979	0.006223568867212543	-0.0037420446675829255	21.82920265197754
19.422	2.743913043478261	0.32	-0.13087440856225824	0.33654760883717416	0.006003084137749538	-0.004234723777978431	21.541236877441406
19.422	2.752608695652174	0.0005	-0.05682655699975825	0.31744360493092416	0.008069567049411721	0.0014273461627746684	12.149681091308594
19.422	2.752608695652174	0.008692307692307694	0.0035738336252417544	0.21553930805592414	0.008276865942800677	0.0018486713397729358	36.84531784057617
19.422	2.752608695652174	0.016884615384615387	-0.003742319917828202	0.23622746383833312	0.00839772801621879	0.001996313438204206	42.6248779296875
19.422	2.752608695652174	0.02507692307692308	-0.0017722580182458272	0.23418151752691363	0.008091625691023865	0.001459424209735425	46.320350646972656
19.422	2.752608695652174	0.03326923076923077	-4.3766084510240413e-05	0.23754626951999286	0.007903988936207234	0.0014600632402675226	44.708770751953125
19.422	2.752608695652174	0.041461538461538466	7.080450703030105e-05	0.2411412942376444	0.007947430631544402	0.0013407356888426717	46.19898223876953
19.422	2.752608695652174	0.04965384615384616	0.0008030200394791712	0.24269072612138542	0.00751242713006489	0.0014397580100710765	44.62225914001465
19.422	2.752608695652174	0.05784615384615385	0.0025641375687946413	0.24306234507544794	0.0076732573720857825	0.0015126551572909952	45.3814697265625
19.422	2.752608695652174	0.06603846153846155	0.0035121464751461987	0.24479947607877478	0.00770706613822427	0.0014446797925810355	45.52946662902832
19.422	2.752608695652174	0.07423076923076924	0.004162338550555189	0.24328957246296853	0.0073377543542085324	0.0014599687590415374	44.926090240478516
19.422	2.752608695652174	0.08242307692307693	0.004264650971050037	0.24447255757084857	0.007230491085095143	0.0016098903785195593	41.88334655761719
19.422	2.752608695652174	0.09061538461538463	0.004867733660135541	0.24474844018846675	0.007226765964963139	0.0014960198652961133	39.837196350097656
19.422	2.752608695652174	0.09880769230769232	0.005478136433849297	0.24636584189060667	0.007050285332015522	0.0013667813384843218	38.887752532958984
19.422	2.752608695652174	0.10700000000000001	0.005256904936667534	0.24781145589849668	0.0071061328876472945	0.0017237388498786063	37.580894470214844
19.422	2.752608695652174	0.1151923076923077	0.005126969526444565	0.24778256518811445	0.0071876387457047355	0.0018468770925245234	36.39590835571289
19.422	2.752608695652174	0.1233846153846154	0.0049405424419355845	0.24946430642300718	0.007130199086045168	0.0016532316163622993	35.738142013549805
19.422	2.752608695652174	0.1315769230769231	0.003932233890588246	0.2501057559578288	0.0068398675060638795	0.0015972406718422077	35.544803619384766
19.422	2.752608695652174	0.13976923076923078	0.0031740723962271704	0.2523437557903325	0.006935743250973667	0.001593987623502706	35.26437759399414
19.422	2.752608695652174	0.14796153846153848	0.0026506606226163083	0.2536656835103148	0.0068878018260097275	0.0015713103407254115	34.900634765625
19.422	2.752608695652174	0.15615384615384617	0.001660282275577778	0.2568322360828501	0.006998027706420819	0.0016064429810066225	34.97492218017578
19.422	2.752608695652174	0.16434615384615386	-0.0008252737809123919	0.25961094113809363	0.006793058385991471	0.001380767903610053	35.30068016052246
19.422	2.752608695652174	0.17253846153846156	-0.003175891106195052	0.2630797407160614	0.006983706766905941	0.0013638802395629264	34.67950630187988
19.422	2.752608695652174	0.18073076923076925	-0.006361225248667186	0.2668814807286294	0.0069200972173705825	0.0012898703407428704	33.313961029052734
19.422	2.752608695652174	0.18892307692307694	-0.010168877338411996	0.27249168023409254	0.006858940026531208	0.0009267017046069451	32.1374397277832
19.422	2.752608695652174	0.19711538461538464	-0.015729371917618223	0.27732658776535446	0.006912254314910831	0.0006585610802132361	30.697843551635742
19.422	2.752608695652174	0.20530769230769233	-0.021242722591668567	0.2829477038736161	0.006903367812979301	0.0003429780622922583	29.54376220703125
19.422	2.752608695652174	0.21350000000000002	-0.027928274657446732	0.28781366959480054	0.006827684065357047	9.276083523543198e-05	28.448143005371094
19.422	2.752608695652174	0.22169230769230772	-0.0350866691836459	0.29389001282110994	0.006864533289345656	0.00014305331143857325	27.549571990966797
19.422	2.752608695652174	0.2298846153846154	-0.04273918978665144	0.29902557727004764	0.006906091161150455	-0.00019953836260258552	26.678882598876953
19.422	2.752608695652174	0.2380769230769231	-0.04991802976742157	0.3024991262573605	0.006704415719574157	-0.0006394144053446565	25.892898559570312
19.422	2.752608695652174	0.2462692307692308	-0.05855672969878862	0.3082127269729935	0.006543880608947785	-0.0007119831942363159	25.210947036743164
19.422	2.752608695652174	0.25446153846153846	-0.06645479666145034	0.31155645733829807	0.006708924757720393	-0.0008142672122163402	24.570720672607422
19.422	2.752608695652174	0.2626538461538462	-0.07452803044857714	0.31594682453515455	0.006702416950190899	-0.00118027632927225	24.02434539794922
19.422	2.752608695652174	0.2708461538461539	-0.08250257461609578	0.32016162542941506	0.006497655022883782	-0.0014764750449318062	23.5686092376709
19.422	2.752608695652174	0.27903846153846157	-0.09110148724547046	0.32320006729624456	0.006537868974715231	-0.0016915223750560147	23.14756202697754
19.422	2.752608695652174	0.28723076923076923	-0.09917521939226476	0.32654804453181185	0.006300055245424434	-0.0021906472336171304	22.719064712524414
19.422	2.752608695652174	0.29542307692307695	-0.10686234082688353	0.3287804333992512	0.006134542870426747	-0.002351970864307676	22.411279678344727
19.422	2.752608695652174	0.3036153846153847	-0.11524630285632192	0.33207759592806685	0.005998788644369006	-0.002601848155559619	22.097639083862305
19.422	2.752608695652174	0.31180769230769234	-0.12345940512151918	0.3338818365824754	0.006107478846619734	-0.002505761334892066	21.807870864868164
19.422	2.752608695652174	0.32	-0.13114259524014907	0.3364012146029701	0.005720080348087155	-0.003256747236721605	21.570249557495117
19.422	2.761304347826087	0.0005	-0.031142595240149062	0.17233871460297004	0.007312862270971068	0.0029852710213109945	13.682685852050781
19.422	2.761304347826087	0.008692307692307694	-0.008258226343664687	0.1626028442416419	0.007648045282652912	0.003376482505695811	32.302391052246094
19.422	2.761304347826087	0.016884615384615387	-0.004341044525849975	0.17896927826908274	0.007411896129407479	0.0032089554177576448	43.91704559326172
19.422	2.761304347826087	0.02507692307692308	-0.001870890949515822	0.18385273409547187	0.0075538839436509395	0.003183342938609106	45.84524154663086
19.422	2.761304347826087	0.03326923076923077	-0.004208203170577261	0.18764965243060977	0.0072983826819059995	0.00291973969788099	49.021541595458984
19.422	2.761304347826087	0.041461538461538466	-0.003934331748763295	0.19249151653964905	0.00734097453630776	0.003069390627567721	47.01622009277344
19.422	2.761304347826087	0.04965384615384616	-0.0031543854435708675	0.19447917309569704	0.007144544738748136	0.0027070704450244676	46.352867126464844
19.422	2.761304347826087	0.05784615384615385	-0.0030805008239381346	0.19966148807123352	0.007221080750063076	0.0025491510701860683	46.45639419555664
19.422	2.761304347826087	0.06603846153846155	-0.0023005475974910267	0.19950315075382635	0.007104581789648175	0.0026160845396836665	45.07286071777344
19.422	2.761304347826087	0.07423076923076924	-0.0011393757389226622	0.20124830335213328	0.0072290898112023485	0.002675941084524574	44.43031311035156
19.422	2.761304347826087	0.08242307692307693	-0.0011274583970146902	0.2021871173145539	0.007076519843756377	0.002408357819484915	43.58964729309082
19.422	2.761304347826087	0.09061538461538463	-0.000888258997066569	0.20571294960997172	0.007046571456708668	0.0026089645766204962	40.89225387573242
19.422	2.761304347826087	0.09880769230769232	-0.000699118773374985	0.20751396873894215	0.006903730133175559	0.002495113984892968	39.478824615478516
19.422	2.761304347826087	0.10700000000000001	-0.0011752704344335574	0.2091981102542004	0.0067729599188661015	0.002359692449514409	37.87674331665039
19.422	2.761304347826087	0.1151923076923077	-0.0008098667353270219	0.2112455398503325	0.007000136122818798	0.002558496877205766	37.3641300201416
19.422	2.761304347826087	0.1233846153846154	-0.0012086892846501108	0.21390923502591144	0.006910882093585233	0.0024877198126127273	36.53566360473633
19.422	2.761304347826087	0.1315769230769231	-0.0018281936991489142	0.2162125387109507	0.006928639988752363	0.0022677842716188387	36.13231658935547
19.422	2.761304347826087	0.13976923076923078	-0.0013349379998917788	0.21835917159483764	0.006792698239746808	0.0024899510255011496	35.82564926147461
19.422	2.761304347826087	0.14796153846153848	-0.002332096046703599	0.22251770211883815	0.00689417465682998	0.002337439384326084	35.703609466552734
19.422	2.761304347826087	0.15615384615384617	-0.003442145064073926	0.22565156347651166	0.006802007406967238	0.002312827920200016	35.94675827026367
19.422	2.761304347826087	0.16434615384615386	-0.005285265530827338	0.22906088012495507	0.006838865064303734	0.0021156411383183205	35.39897918701172
19.422	2.761304347826087	0.17253846153846156	-0.006661553078272991	0.23324634602074115	0.006910570767768284	0.002049662361958008	34.41624450683594
19.422	2.761304347826087	0.18073076923076925	-0.009136153154948406	0.2379721032619902	0.006835803384938249	0.00202321269551944	33.345664978027344
19.422	2.761304347826087	0.18892307692307694	-0.013021045469956607	0.24220065794372908	0.006858264109158808	0.0018282741641141788	32.0097770690918
19.422	2.761304347826087	0.19711538461538464	-0.016582512586829454	0.24635777436565354	0.006826176171288281	0.001641366212248601	30.84401512145996
19.422	2.761304347826087	0.20530769230769233	-0.02188753147398608	0.25186073588634117	0.006988480075236945	0.0014524126697719882	29.71155548095703
19.422	2.761304347826087	0.21350000000000002	-0.02765019551136725	0.25656369132888823	0.006664096011113341	0.0011406883979027148	28.703392028808594
19.422	2.761304347826087	0.22169230769230772	-0.03348563347273335	0.26079995181959376	0.0067250961873894935	0.0007534122607239468	27.82028579711914
19.422	2.761304347826087	0.2298846153846154	-0.04108897129800932	0.26648921047186724	0.0067805496425683695	0.0005422039433209673	26.95223045349121
19.422	2.761304347826087	0.2380769230769231	-0.04758332293230239	0.2708967257715257	0.006656867173258187	0.0001381945107233493	26.16307830810547
19.422	2.761304347826087	0.2462692307692308	-0.054451555600821114	0.2742382268505446	0.006543012108120574	6.678889206808512e-05	25.55133056640625
19.422	2.761304347826087	0.25446153846153846	-0.06184486777731478	0.2776491855543923	0.00651528983944375	-0.00042624151803029385	24.937801361083984
19.422	2.761304347826087	0.2626538461538462	-0.06961311929291028	0.2814022563201245	0.00644631598277662	-0.0007608741317672546	24.387969970703125
19.422	2.761304347826087	0.2708461538461539	-0.07690567988566968	0.28500967664656784	0.0063997372256550675	-0.0007411367650964287	23.897336959838867
19.422	2.761304347826087	0.27903846153846157	-0.08355647343806837	0.2883750562184825	0.006346762410174657	-0.0005759773352072549	23.51276969909668
19.422	2.761304347826087	0.28723076923076923	-0.09099772300139661	0.29132104644043955	0.00626758050878169	-0.0011117407548844871	23.1098575592041
19.422	2.761304347826087	0.29542307692307695	-0.09823695241973396	0.2934324121796956	0.006005060566010515	-0.0015616857241802437	22.742773056030273
19.422	2.761304347826087	0.3036153846153847	-0.10600187152192588	0.296802930417048	0.005960913324500044	-0.001498421175920576	22.398923873901367
19.422	2.761304347826087	0.31180769230769234	-0.11282368138593044	0.2984834834182133	0.005769870886845356	-0.001960242531850291	22.124608993530273
19.422	2.761304347826087	0.32	-0.12025318028565848	0.29999116768068285	0.0058985977581709256	-0.002132250124638797	21.860599517822266
19.422	2.77	0.0005	0.0036481869018415544	0.23709920753663993	0.006831651077068164	0.00437894765916696	9.976806640625
19.422	2.77	0.008692307692307694	0.009099638143811623	0.21822845076149922	0.0071707585266736	0.005038072686068601	34.80465316772461
19.422	2.77	0.016884615384615387	0.010297527591023838	0.21798204963034606	0.00699303861988621	0.004470071403841843	42.678260803222656
19.422	2.77	0.02507692307692308	0.006743680472004503	0.23205469360014883	0.0068511006441908835	0.004371224283261737	45.75265884399414
19.422	2.77	0.03326923076923077	0.008727782005894273	0.23293836524149852	0.006819022823864708	0.004148779528190069	48.16810607910156
19.422	2.77	0.041461538461538466	0.006869857544529527	0.2370510261263557	0.006880385254166121	0.004324292135844649	49.29396057128906
19.422	2.77	0.04965384615384616	0.0068497767624424635	0.2423728569747087	0.006747063200779553	0.0039509898797452985	46.4815788269043
19.422	2.77	0.05784615384615385	0.006265958267590874	0.24514650315102843	0.006744006449206084	0.003913783598945814	45.66621780395508
19.422	2.77	0.06603846153846155	0.006454201364272488	0.2477518205365928	0.006832512998222727	0.0037410061108126775	43.09698677062988
19.422	2.77	0.07423076923076924	0.006146966803863415	0.24861046965884023	0.0066051257128392936	0.0036842943566065137	42.79547119140625
19.422	2.77	0.08242307692307693	0.005047740363216599	0.2511224335010158	0.006697617245676191	0.0036996401859831713	40.3883113861084
19.422	2.77	0.09061538461538463	0.006035600923633772	0.2507531305725681	0.006540018821773662	0.0036178132017774807	38.96604537963867
19.422	2.77	0.09880769230769232	0.004984086177209081	0.25229453163899684	0.006650327573710495	0.003387318350338192	37.78685188293457
19.422	2.77	0.10700000000000001	0.0036740573278651297	0.2529687194559739	0.006583594096640845	0.0032586896273422636	36.804813385009766
19.422	2.77	0.1151923076923077	0.0038192593682682225	0.25437941526902086	0.006602524658072963	0.0032195951619501434	36.028533935546875
19.422	2.77	0.1233846153846154	0.002720300972217339	0.25577640448864103	0.006700029270386017	0.0033292508667687203	35.75454330444336
19.422	2.77	0.1315769230769231	0.0021101287824452056	0.257842310510385	0.006706502510304151	0.003331537123333052	35.44891166687012
19.422	2.77	0.13976923076923078	0.0007038322597260366	0.2604241429547286	0.006674183157892756	0.003425814823404164	35.61812210083008
19.422	2.77	0.14796153846153848	-0.00041435716859939103	0.2617197967809017	0.006644934099412986	0.003202392476569242	35.82529067993164
19.422	2.77	0.15615384615384617	-0.0024487476341412723	0.26547741631319477	0.006680122956729097	0.0031734220232330864	34.42954063415527
19.422	2.77	0.16434615384615386	-0.004015109820127055	0.26851859376719195	0.006721147193636201	0.0028861419561828526	33.3436336517334
19.422	2.77	0.17253846153846156	-0.0069555325473877935	0.2726742677444125	0.00682915506458542	0.002796188652823925	32.027137756347656
19.422	2.77	0.18073076923076925	-0.010705313680932669	0.2768212216832987	0.0068226197253648735	0.002722920235128842	30.615436553955078
19.422	2.77	0.18892307692307694	-0.01505481636920645	0.28025816126459624	0.006658006779693224	0.002448132530720901	29.646575927734375
19.422	2.77	0.19711538461538464	-0.020770810472307406	0.28388486866340323	0.00663042828099072	0.002204294556453822	28.40188980102539
19.422	2.77	0.20530769230769233	-0.027284185567621248	0.2885348651795877	0.006682644122198116	0.0018024081275145774	27.368682861328125
19.422	2.77	0.21350000000000002	-0.03381340545850338	0.2932769509595031	0.006843064356853221	0.0017624463788952836	26.357484817504883
19.422	2.77	0.22169230769230772	-0.04086331079644554	0.2972370491855456	0.006652068681859834	0.0014334529564814257	25.603641510009766
19.422	2.77	0.2298846153846154	-0.04969811708071005	0.3011834800978773	0.006561284118247478	0.0012344579644511286	24.783048629760742
19.422	2.77	0.2380769230769231	-0.057101382765553106	0.3050615769615048	0.00655260231373804	0.0010704141984966727	24.143455505371094
19.422	2.77	0.2462692307692308	-0.06453464830593819	0.30792276119742185	0.006529609811330255	0.0005932459330032177	23.578432083129883
19.422	2.77	0.25446153846153846	-0.0724390982959574	0.30991060438960427	0.006519812448994295	0.0004488198491050718	22.986366271972656
19.422	2.77	0.2626538461538462	-0.08043921613899675	0.31297310036303105	0.006304382907816449	0.00015553646884682937	22.566728591918945
19.422	2.77	0.2708461538461539	-0.08911534490241536	0.31540607670189236	0.006221075265326776	-0.00017141805797990978	22.12575912475586
19.422	2.77	0.27903846153846157	-0.09638793486581057	0.317885329881519	0.0061368478574187575	-0.00021001227821047867	21.789583206176758
19.422	2.77	0.28723076923076923	-0.10487880594507665	0.32053489315307127	0.005999700628171152	-0.0003972130904736779	21.407745361328125
19.422	2.77	0.29542307692307695	-0.11217445916906804	0.3215303071120977	0.005936292963043221	-0.0006359100020331618	21.11398696899414
19.422	2.77	0.3036153846153847	-0.11990283483526074	0.3232390770136949	0.005649354355310677	-0.0008425090956602824	20.847869873046875
19.422	2.77	0.31180769230769234	-0.12831237939687923	0.32478861413350346	0.005644098460518892	-0.00100347598134743	20.608901977539062
19.422	2.77	0.32	-0.13555119785166825	0.325772154128426	0.005587226153014071	-0.0015551086227655404	20.36688232421875
19.422	2.778695652173913	0.0005	0.028684501325120057	0.24927224496590472	0.006875153323974829	0.005474714924925652	11.677909851074219
19.422	2.778695652173913	0.008692307692307694	0.0178836918420762	0.15934749074025578	0.007198780964702689	0.005741591230971215	37.740692138671875
19.422	2.778695652173913	0.016884615384615387	0.009226427132603549	0.15841403431935736	0.007310316494297817	0.005534555693102057	42.94676971435547
19.422	2.778695652173913	0.02507692307692308	0.010212913805958648	0.1724296463255448	0.007221933004735933	0.0053618416292114685	47.97179412841797
19.422	2.778695652173913	0.03326923076923077	0.010735958838424224	0.17586379238088296	0.007225258633958604	0.005364553612172513	45.414852142333984
19.422	2.778695652173913	0.041461538461538466	0.010792034591251177	0.17934613499669244	0.007188596999040779	0.005141054019272036	49.20746994018555
19.422	2.778695652173913	0.04965384615384616	0.009368276389424394	0.18583951312382171	0.007058361246284151	0.00509143143249667	46.8482780456543
19.422	2.778695652173913	0.05784615384615385	0.008773506080501443	0.18987087826164337	0.00690864056331334	0.004893973213518818	45.3844108581543
19.422	2.778695652173913	0.06603846153846155	0.00720681708469307	0.19427630891943237	0.00695300197908294	0.004730420150677913	42.147010803222656
19.422	2.778695652173913	0.07423076923076924	0.006247635630893239	0.19711815515394676	0.006789539044479221	0.004505326173584881	41.6802921295166
19.422	2.778695652173913	0.08242307692307693	0.005824316388495324	0.20088796210648305	0.006927768110611947	0.004568362319434676	40.49641418457031
19.422	2.778695652173913	0.09061538461538463	0.006143415861330981	0.20454632260544045	0.007107764620312469	0.004516497189626511	38.83780288696289
19.422	2.778695652173913	0.09880769230769232	0.005194167131392804	0.207379337984334	0.006934129489244168	0.004347151208286939	37.56334686279297
19.422	2.778695652173913	0.10700000000000001	0.004501857348785323	0.21183999571864146	0.007114101879688731	0.004266288186584415	36.60944175720215
19.422	2.778695652173913	0.1151923076923077	0.0030201313282107534	0.21559073682789343	0.007000246814551113	0.004194882567929154	35.72988510131836
19.422	2.778695652173913	0.1233846153846154	0.001781389688332552	0.21961298501766482	0.007123813273120375	0.0042399815472826535	35.412710189819336
19.422	2.778695652173913	0.1315769230769231	0.0008039996113524501	0.22355863769089426	0.0069324584733671864	0.004057772385855417	35.33951950073242
19.422	2.778695652173913	0.13976923076923078	-0.0012162985194578125	0.22779595545043796	0.007131377176612186	0.004156659399010456	35.5764274597168
19.422	2.778695652173913	0.14796153846153848	-0.002196019402314767	0.2341195578312081	0.007063757578427228	0.003982682056944997	35.2086181640625
19.422	2.778695652173913	0.15615384615384617	-0.004524887656286214	0.23843797205662576	0.0067339421038679	0.0038045098033803303	34.31963348388672
19.422	2.778695652173913	0.16434615384615386	-0.007736845368689758	0.24387644903033126	0.007012966160432248	0.003606973022050449	32.81124687194824
19.422	2.778695652173913	0.17253846153846156	-0.011239029078067536	0.2502427191409945	0.006825305607960829	0.0035989536180516353	31.618297576904297
19.422	2.778695652173913	0.18073076923076925	-0.016064752319150864	0.25618985060664934	0.0070755033071516656	0.00350731779521217	30.35013198852539
19.422	2.778695652173913	0.18892307692307694	-0.02245133965321687	0.2625181758807581	0.00700236250291879	0.0032738141460777873	29.187416076660156
19.422	2.778695652173913	0.19711538461538464	-0.028024967187057284	0.2671276031466857	0.006963057384453116	0.00296471539212131	27.985553741455078
19.422	2.778695652173913	0.20530769230769233	-0.03525467010677889	0.27314852573300763	0.006735536199155597	0.0024014561847105704	27.033977508544922
19.422	2.778695652173913	0.21350000000000002	-0.0425698465191184	0.2791366305609826	0.006803865345753129	0.0023841962104450996	26.1042537689209
19.422	2.778695652173913	0.22169230769230772	-0.05017406986118192	0.2838774337919092	0.006678763253767293	0.002182942646229198	25.328908920288086
19.422	2.778695652173913	0.2298846153846154	-0.057953008026029124	0.28855959621670607	0.006453403324740251	0.0018079814703897798	24.584564208984375
19.422	2.778695652173913	0.2380769230769231	-0.06614952766574292	0.29285295715118675	0.006612501690579123	0.001987129593450949	24.005922317504883
19.422	2.778695652173913	0.2462692307692308	-0.07400493383645383	0.295110144978677	0.0064065712914474614	0.0015449426891147116	23.443401336669922
19.422	2.778695652173913	0.25446153846153846	-0.08272941899083397	0.29888542202126384	0.006460885726059943	0.0014848682225400785	22.919509887695312
19.422	2.778695652173913	0.2626538461538462	-0.09081146311543725	0.3017964115441977	0.006305733898751576	0.001356719576608453	22.458263397216797
19.422	2.778695652173913	0.2708461538461539	-0.09862133306048654	0.30411167573940145	0.00615433545161854	0.0009723489757901254	22.12110137939453
19.422	2.778695652173913	0.27903846153846157	-0.10634503700055079	0.3070845513310964	0.005868126237069663	0.0007019210200692011	21.73101043701172
19.422	2.778695652173913	0.28723076923076923	-0.11420112973147951	0.3093046851354705	0.006066115590979752	0.0007000438230047438	21.414451599121094
19.422	2.778695652173913	0.29542307692307695	-0.1214568179055003	0.3102997704016081	0.00592375868606466	0.000786382619588141	21.165145874023438
19.422	2.778695652173913	0.3036153846153847	-0.1291678830469844	0.3120617836087978	0.005690059985742818	0.000326843494729575	20.94092559814453
19.422	2.778695652173913	0.31180769230769234	-0.13732135363206407	0.31386408860802706	0.005659351765886793	3.391101974385799e-05	20.690338134765625
19.422	2.778695652173913	0.32	-0.14524558547006516	0.31505096494213836	0.005356860938302055	-0.00017793413291600433	20.482418060302734
19.422	2.787391304347826	0.0005	-0.026004966134741646	0.3116861690300813	0.0074866862626023715	0.005593235358974757	14.334175109863281
19.422	2.787391304347826	0.008692307692307694	0.02165969408063617	0.1926847924012055	0.007961946391382889	0.005918389912812348	37.8637809753418
19.422	2.787391304347826	0.016884615384615387	0.019543633823678158	0.2004552592057099	0.007731900604695557	0.005903488688581635	44.28924560546875
19.422	2.787391304347826	0.02507692307692308	0.015802201333035976	0.20314071983296345	0.007698441929855134	0.005763382988217802	46.890647888183594
19.422	2.787391304347826	0.03326923076923077	0.019934991282666913	0.21111817972686597	0.007616170245034038	0.005732777642409849	46.117218017578125
19.422	2.787391304347826	0.041461538461538466	0.018917799878277464	0.21553281977120828	0.007549080605420404	0.005498510685538064	48.646610260009766
19.422	2.787391304347826	0.04965384615384616	0.018039657162760396	0.22286613402131888	0.007584806273113878	0.00550234532635439	44.095333099365234
19.422	2.787391304347826	0.05784615384615385	0.018651558810289973	0.22986640147915	0.007537485770309792	0.005251921551653098	43.1590518951416
19.422	2.787391304347826	0.06603846153846155	0.017006873237334474	0.23295594957608204	0.007538804518709872	0.005079785362440775	41.60540580749512
19.422	2.787391304347826	0.07423076923076924	0.016497401201372504	0.23475426486156387	0.007526771946184492	0.004991814803419897	39.51340103149414
19.422	2.787391304347826	0.08242307692307693	0.016274637782221206	0.2374135722818176	0.007512414208520818	0.0048616362290075255	38.26206970214844
19.422	2.787391304347826	0.09061538461538463	0.01541667948455539	0.24003675999740948	0.007397235593578692	0.004869577962573058	37.11567687988281
19.422	2.787391304347826	0.09880769230769232	0.015448675490579919	0.2423565641931645	0.00750021192781308	0.004720043744686239	35.84133529663086
19.422	2.787391304347826	0.10700000000000001	0.014407602231613718	0.24339415528359037	0.007618683226138234	0.0047742757290393945	34.985666275024414
19.422	2.787391304347826	0.1151923076923077	0.014072622789199827	0.24502242611617925	0.00732170974359265	0.0045576115241488455	34.18547248840332
19.422	2.787391304347826	0.1233846153846154	0.013116195899957151	0.24891087738189271	0.007477250827178934	0.004713290630286384	33.94486427307129
19.422	2.787391304347826	0.1315769230769231	0.012097064717082306	0.25123335463451185	0.007341466519262466	0.004435595841557623	33.86648941040039
19.422	2.787391304347826	0.13976923076923078	0.010498384329293094	0.25586112724341736	0.007437552846204961	0.004671324183979325	34.03120994567871
19.422	2.787391304347826	0.14796153846153848	0.008023201719335795	0.2605677788233108	0.007292486424740524	0.004459689313440778	34.2494010925293
19.422	2.787391304347826	0.15615384615384617	0.0059642724234455265	0.2656173943923887	0.007222803100194899	0.004255042306973792	33.816551208496094
19.422	2.787391304347826	0.16434615384615386	0.002751732944309062	0.2715532881589708	0.007298745231156103	0.004317690970133186	32.34661293029785
19.422	2.787391304347826	0.17253846153846156	-0.0019262815556411613	0.2777377817274056	0.007333389228180791	0.0040714985676214965	30.84016990661621
19.422	2.787391304347826	0.18073076923076925	-0.0072686133753431005	0.28399188232323935	0.007100515828335798	0.003908238946507511	29.53656005859375
19.422	2.787391304347826	0.18892307692307694	-0.013625451907135266	0.2903179427859825	0.0072026916554593715	0.003837331933402342	28.322246551513672
19.422	2.787391304347826	0.19711538461538464	-0.020836502694144554	0.29590609044716537	0.0070751214864279875	0.003626771956328179	27.28790283203125
19.422	2.787391304347826	0.20530769230769233	-0.0283601321135747	0.30296210614574226	0.0071953132689080825	0.0034747098816976553	26.261550903320312
19.422	2.787391304347826	0.21350000000000002	-0.03672196472210901	0.30872458371600286	0.006877376569041534	0.0029921066016638524	25.389446258544922
19.422	2.787391304347826	0.22169230769230772	-0.04519418981611937	0.31369609929138315	0.006939079925955752	0.0028055028175683573	24.552000045776367
19.422	2.787391304347826	0.2298846153846154	-0.053339996638345585	0.31876927364349233	0.006882693538078977	0.0029423242308917854	23.896224975585938
19.422	2.787391304347826	0.2380769230769231	-0.062162552449257155	0.32158583303819743	0.006826436335184873	0.002635209919129208	23.275880813598633
19.422	2.787391304347826	0.2462692307692308	-0.07072285484882167	0.32596537165366446	0.006684330670767252	0.0024058093605283074	22.758270263671875
19.422	2.787391304347826	0.25446153846153846	-0.0793371256220723	0.32872906844270755	0.006426001524967742	0.002198567926746564	22.267696380615234
19.422	2.787391304347826	0.2626538461538462	-0.08816614600336267	0.33199202537551126	0.006441517182729496	0.001962634928816363	21.840024948120117
19.422	2.787391304347826	0.2708461538461539	-0.09584475653400093	0.3352363255026644	0.006377275078044315	0.001987774743021437	21.473426818847656
19.422	2.787391304347826	0.27903846153846157	-0.10409930795177615	0.3370190400637298	0.006079049607945208	0.0017870003606016787	21.10118293762207
19.422	2.787391304347826	0.28723076923076923	-0.11164559802729171	0.33795858911860377	0.0062649279361384255	0.0018877598178018604	20.843698501586914
19.422	2.787391304347826	0.29542307692307695	-0.11945449615651565	0.3405291662199274	0.006098455160975298	0.0014993633825010426	20.57027244567871
19.422	2.787391304347826	0.3036153846153847	-0.12859062457582687	0.3430926081384272	0.00574923114146316	0.0012837694035669007	20.31665802001953
19.422	2.787391304347826	0.31180769230769234	-0.1362246782315812	0.3442746466227099	0.005632597168378769	0.000804821437673007	20.07352066040039
19.422	2.787391304347826	0.32	-0.14305892644137444	0.3446219673010824	0.005589597868684567	0.0008253130901765583	19.895565032958984
19.422	2.796086956521739	0.0005	0.01300037280606814	0.22891664603561068	0.007917093329514655	0.006061797054216428	12.185829162597656
19.422	2.796086956521739	0.008692307692307694	0.019883315096176336	0.1363748501604024	0.008158031739469879	0.006392238124094887	37.59794235229492
19.422	2.796086956521739	0.016884615384615387	0.018326646590849083	0.1442908291634668	0.008161164324440319	0.00629541534377074	44.376487731933594
19.422	2.796086956521739	0.02507692307692308	0.02193999489607444	0.14711655349699154	0.008064305870175564	0.00604617986449432	47.02385711669922
19.422	2.796086956521739	0.03326923076923077	0.01983393476883641	0.15524330200458353	0.008016669792994233	0.006053408008340628	49.85267639160156
19.422	2.796086956521739	0.041461538461538466	0.01801144063546082	0.16173437134892157	0.00801052281984255	0.005820355236394337	46.484493255615234
19.422	2.796086956521739	0.04965384615384616	0.01793334669973507	0.1654190251345396	0.007966796279708432	0.005821451463691075	43.54559135437012
19.422	2.796086956521739	0.05784615384615385	0.017098421226998714	0.17086893485138407	0.007920436907137451	0.0055571579520943834	43.858747482299805
19.422	2.796086956521739	0.06603846153846155	0.015582360453995412	0.17414326999260787	0.00775464878102076	0.00555613755845742	41.25941848754883
19.422	2.796086956521739	0.07423076923076924	0.015298093110200051	0.17757319696007262	0.007876366656058006	0.005361191017047761	40.99163818359375
19.422	2.796086956521739	0.08242307692307693	0.01487525421315825	0.1818503247131082	0.007789788497834115	0.005426610864585067	39.5273494720459
19.422	2.796086956521739	0.09061538461538463	0.01325227752449011	0.18527920304559645	0.007864487996823733	0.005292355571811225	38.81176948547363
19.422	2.796086956521739	0.09880769230769232	0.012956153267865755	0.1885033883817107	0.007641056619297587	0.005160357377764324	36.87893486022949
19.422	2.796086956521739	0.10700000000000001	0.012039970738684517	0.1912197474587321	0.007806898132469053	0.00516422298686079	36.00927734375
19.422	2.796086956521739	0.1151923076923077	0.011166597014804594	0.19575408529205213	0.00791826366886856	0.005127784717627508	35.393449783325195
19.422	2.796086956521739	0.1233846153846154	0.010936154413199266	0.19823087134433648	0.00796780617794614	0.004926582023621013	34.376834869384766
19.422	2.796086956521739	0.1315769230769231	0.009164100458034608	0.20212293827384303	0.007665445543468644	0.004885166347685005	34.179840087890625
19.422	2.796086956521739	0.13976923076923078	0.007908222071015568	0.20830604479591883	0.00775583784217835	0.004956041710980489	34.138872146606445
19.422	2.796086956521739	0.14796153846153848	0.006380219011513343	0.21319417608423566	0.0076903027280606825	0.004903187141977389	34.01052665710449
19.422	2.796086956521739	0.15615384615384617	0.004438094339707868	0.21986158448672588	0.007685120898186337	0.004900165804852725	34.2736701965332
19.422	2.796086956521739	0.16434615384615386	0.000723595819523009	0.2272496602641336	0.007541400121063098	0.0048962619319953896	34.09967041015625
19.422	2.796086956521739	0.17253846153846156	-0.002447682158003177	0.23408615739586858	0.007429019938372414	0.004718683431625244	32.919559478759766
19.422	2.796086956521739	0.18073076923076925	-0.008079628321592595	0.24326736396510373	0.007510624271272	0.0045608789763863684	31.38031768798828
19.422	2.796086956521739	0.18892307692307694	-0.014597455247803148	0.25254431781636216	0.007605599280841572	0.004317069083046941	30.16872215270996
19.422	2.796086956521739	0.19711538461538464	-0.020740661576473356	0.2593065404705593	0.007341028657081538	0.004263586268441253	29.05813980102539
19.422	2.796086956521739	0.20530769230769233	-0.029095467849989155	0.2668703483383026	0.0073091615454290776	0.003993075091582932	27.882898330688477
19.422	2.796086956521739	0.21350000000000002	-0.03738731737710786	0.2754295280952739	0.007234572182362595	0.003907129800953183	26.928871154785156
19.422	2.796086956521739	0.22169230769230772	-0.0455419964145056	0.28167367339120586	0.007177228100614988	0.003723301033930706	26.062944412231445
19.422	2.796086956521739	0.2298846153846154	-0.054353057488589734	0.2889777059550489	0.007006965852476085	0.0036983787181427176	25.325511932373047
19.422	2.796086956521739	0.2380769230769231	-0.06249948989989827	0.2945230137760724	0.007234539860179964	0.0034885690967641604	24.682477951049805
19.422	2.796086956521739	0.2462692307692308	-0.07146552045288154	0.29897519929511196	0.006959941196863961	0.0034873725575697697	24.073049545288086
19.422	2.796086956521739	0.25446153846153846	-0.07965008322264047	0.30334671595287904	0.006786146402819054	0.003104644674452417	23.607389450073242
19.422	2.796086956521739	0.2626538461538462	-0.08801216819693614	0.30841952118065513	0.0068643577225639355	0.003041845655735307	23.097930908203125
19.422	2.796086956521739	0.2708461538461539	-0.09660374976805862	0.31312553588242026	0.006547221115736665	0.002912114970405022	22.657894134521484
19.422	2.796086956521739	0.27903846153846157	-0.10511850150231491	0.3172713735075957	0.006659501820993433	0.0027649579608401906	22.32015037536621
19.422	2.796086956521739	0.28723076923076923	-0.11334802977670201	0.31949879661484715	0.006376531368241749	0.002629478267664983	21.96234703063965
19.422	2.796086956521739	0.29542307692307695	-0.12179269802793283	0.3239030224266446	0.006461846125021299	0.0023052855188615837	21.685466766357422
19.422	2.796086956521739	0.3036153846153847	-0.13093172901346703	0.326521513610611	0.006033570477448128	0.0022481454213738655	21.43520736694336
19.422	2.796086956521739	0.31180769230769234	-0.13858129053762544	0.3282456888434228	0.0061998736616713955	0.0025528886387839655	21.2112979888916
19.422	2.796086956521739	0.32	-0.14651418837486133	0.33091749024905437	0.006182869988420887	0.002137416860081091	21.013267517089844
19.422	2.804782608695652	0.0005	0.022138155375138746	0.09092725587405423	0.008615950109830031	0.006096502448657362	13.76226806640625
19.422	2.804782608695652	0.008692307692307694	0.011996416001991366	0.15233960355763035	0.008831892282881459	0.006195630436649107	37.39946365356445
19.422	2.804782608695652	0.016884615384615387	0.01806450765450572	0.1798340795730162	0.008937697773847755	0.006288249204497868	43.955081939697266
19.422	2.804782608695652	0.02507692307692308	0.016694134286242484	0.18378117216573234	0.008575601853790003	0.005984085024504586	43.63135528564453
19.422	2.804782608695652	0.03326923076923077	0.017383217624026302	0.1872560365294027	0.008747392090862853	0.005959114584077745	47.16428756713867
19.422	2.804782608695652	0.041461538461538466	0.016936168277041013	0.19293760333323523	0.008637267669333077	0.00583764925139688	51.45490264892578
19.422	2.804782608695652	0.04965384615384616	0.016442784869448248	0.19641906295085	0.008694493310424992	0.005873696777252901	43.7218074798584
19.422	2.804782608695652	0.05784615384615385	0.015691008944284143	0.1997197561236368	0.008676323550419439	0.005903982109721238	43.24851036071777
19.422	2.804782608695652	0.06603846153846155	0.01412440381498312	0.20447877518311153	0.00851212238506643	0.005699358713827658	40.48003005981445
19.422	2.804782608695652	0.07423076923076924	0.014320892482262593	0.2059232776839286	0.008417704050673176	0.00573668418560059	39.36039161682129
19.422	2.804782608695652	0.08242307692307693	0.015860635428887354	0.20634895617552093	0.008325497938171457	0.0055324563265316375	38.53254699707031
19.422	2.804782608695652	0.09061538461538463	0.014339405126136294	0.20895285353474302	0.008554150964482888	0.005725945389951501	37.01117134094238
19.422	2.804782608695652	0.09880769230769232	0.014025981890452056	0.210474601959277	0.00826147821640097	0.005545516242538137	35.55292510986328
19.422	2.804782608695652	0.10700000000000001	0.013947251610174141	0.21022994579256682	0.008368127828488808	0.0054755998619431066	35.01001167297363
19.422	2.804782608695652	0.1151923076923077	0.01453620115612199	0.2126361160645378	0.008301941097797111	0.005394606057648258	34.19048500061035
19.422	2.804782608695652	0.1233846153846154	0.013146104246377091	0.21419475400697274	0.008446897780240895	0.005269288586004447	33.831037521362305
19.422	2.804782608695652	0.1315769230769231	0.013542040893341495	0.21576879081775266	0.008333595095255206	0.005384818570218384	33.373409271240234
19.422	2.804782608695652	0.13976923076923078	0.012333322350561275	0.21766664356942989	0.008228021278174666	0.005291890288154832	33.170270919799805
19.422	2.804782608695652	0.14796153846153848	0.01175269123191515	0.21971189700994928	0.008339224874155511	0.0053160131608720575	33.24803161621094
19.422	2.804782608695652	0.15615384615384617	0.009712643970402446	0.2234287655570576	0.008069660593967305	0.005145678901898536	33.13066864013672
19.422	2.804782608695652	0.16434615384615386	0.00844833206438026	0.22769157797208917	0.00804447841375694	0.005258361286197308	33.34988975524902
19.422	2.804782608695652	0.17253846153846156	0.005501901746878424	0.23269405951367872	0.008084205594809678	0.005267393420859185	34.32688522338867
19.422	2.804782608695652	0.18073076923076925	0.001953321952054386	0.23923441833316275	0.007893040033358391	0.0050922326652263665	32.99970817565918
19.422	2.804782608695652	0.18892307692307694	-0.0027347648742998792	0.24512620564049964	0.007919019734962613	0.004927154441572532	31.553403854370117
19.422	2.804782608695652	0.19711538461538464	-0.008062117382078321	0.25172389772642245	0.007993018979440426	0.004792365863961241	30.3183650970459
19.422	2.804782608695652	0.20530769230769233	-0.014372444360642587	0.25824440726000664	0.007932883409311219	0.004714089414921695	29.21053695678711
19.422	2.804782608695652	0.21350000000000002	-0.021198515545431656	0.2651905356075518	0.007632237185960293	0.004697526735599214	28.23322105407715
19.422	2.804782608695652	0.22169230769230772	-0.028795128420913734	0.27061930963483627	0.00764631922716333	0.00455105284424852	27.214263916015625
19.422	2.804782608695652	0.2298846153846154	-0.03627967028760626	0.27670116653702714	0.007544476524743753	0.004498383996901605	26.328447341918945
19.422	2.804782608695652	0.2380769230769231	-0.04461100594683797	0.2826663791392218	0.007521006940562597	0.004292739831462693	25.57663345336914
19.422	2.804782608695652	0.2462692307692308	-0.05296913259277515	0.2874324435039175	0.007518164564161146	0.004160712923238802	25.015453338623047
19.422	2.804782608695652	0.25446153846153846	-0.06078952902077161	0.291271703482767	0.00759085307165938	0.004265390785202667	24.350704193115234
19.422	2.804782608695652	0.2626538461538462	-0.06832989278916993	0.2949605446837952	0.007143095313060711	0.0037667541115684795	23.86676025390625
19.422	2.804782608695652	0.2708461538461539	-0.07610660984208134	0.2996728998512256	0.007117745808338891	0.003738943581850073	23.37921714782715
19.422	2.804782608695652	0.27903846153846157	-0.08451241680272298	0.3039544673948482	0.0070026050945875724	0.0037252003340132464	23.024696350097656
19.422	2.804782608695652	0.28723076923076923	-0.092357523133656	0.3078207320409064	0.007023405679567517	0.0036389290955572543	22.595273971557617
19.422	2.804782608695652	0.29542307692307695	-0.10022564098060735	0.3100575393017509	0.006927319578755072	0.003840775526357402	22.313331604003906
19.422	2.804782608695652	0.3036153846153847	-0.10806772778090809	0.3135060566595146	0.006669677384046772	0.0032282349872059025	21.973323822021484
19.422	2.804782608695652	0.31180769230769234	-0.11627857318808961	0.3160711007319316	0.006793785427463755	0.0033228603499378053	21.73453140258789
19.422	2.804782608695652	0.32	-0.12353375871162564	0.31792052048942254	0.006560901372460231	0.0035366381593416422	21.51677703857422
19.422	2.813478260869565	0.0005	-0.04833846688698683	-0.0254256124074181	0.009263037999324385	0.005838866309526149	12.720672607421875
19.422	2.813478260869565	0.008692307692307694	0.022166962870772154	0.11990288946064362	0.009309553539413262	0.005904856003829578	34.474246978759766
19.422	2.813478260869565	0.016884615384615387	0.022022519190152565	0.15217554514885523	0.009478002109643141	0.00591203080259997	43.492759704589844
19.422	2.813478260869565	0.02507692307692308	0.021145138819058815	0.15262339060783958	0.009446094453995184	0.005906438383707196	46.208621978759766
19.422	2.813478260869565	0.03326923076923077	0.01903195255917385	0.15691073700592637	0.009364905065775099	0.0058592116866098415	47.859779357910156
19.422	2.813478260869565	0.041461538461538466	0.0186499005697377	0.1654344796742571	0.009375452055104639	0.00576696222397984	47.6891975402832
19.422	2.813478260869565	0.04965384615384616	0.017296109213650962	0.16812847401753783	0.009278331366440358	0.006013347459792262	45.10610580444336
19.422	2.813478260869565	0.05784615384615385	0.016562656178296345	0.17122415151254056	0.009176694693693309	0.005588482111075068	42.38699531555176
19.422	2.813478260869565	0.06603846153846155	0.015254261897182767	0.17542935800030857	0.009143939530989863	0.005596217323423617	40.46755409240723
19.422	2.813478260869565	0.07423076923076924	0.014037024037218395	0.1782874100305143	0.009139391936612278	0.005561050442390374	41.17498970031738
19.422	2.813478260869565	0.08242307692307693	0.013202981643092086	0.18028058422152557	0.009209218535947354	0.005554546922180631	38.35172462463379
19.422	2.813478260869565	0.09061538461538463	0.012246447497039138	0.18254629126722005	0.00908014129357879	0.00538641108720991	37.087406158447266
19.422	2.813478260869565	0.09880769230769232	0.011648926953514271	0.18465246872235125	0.008781497586222839	0.005408204673557394	36.20986557006836
19.422	2.813478260869565	0.10700000000000001	0.011024694720710784	0.1870836067597058	0.009145148515902328	0.005360235708952537	35.38453483581543
19.422	2.813478260869565	0.1151923076923077	0.01018862090395686	0.18957151651863496	0.008983497244762207	0.005354510300836261	34.59170913696289
19.422	2.813478260869565	0.1233846153846154	0.009097225212919684	0.19250062007938062	0.009013541314479605	0.005414735726313513	34.45560646057129
19.422	2.813478260869565	0.1315769230769231	0.007943609252302003	0.19342894676304548	0.00907654430077145	0.005362570504880374	33.743886947631836
19.422	2.813478260869565	0.13976923076923078	0.007014620851455284	0.19693649444892192	0.009077844410532799	0.005460288294111328	33.4091682434082
19.422	2.813478260869565	0.14796153846153848	0.0055310561032593485	0.19985250347165973	0.008714636814321915	0.004986928939799169	33.336483001708984
19.422	2.813478260869565	0.15615384615384617	0.004652639723840429	0.20439062274857228	0.008816444413954676	0.005149585674152021	33.76634216308594
19.422	2.813478260869565	0.16434615384615386	0.0027389195432955347	0.20837048779886674	0.008785881839353254	0.00544128720402045	34.211830139160156
19.422	2.813478260869565	0.17253846153846156	0.0003749783033621787	0.21401665776743448	0.008756130751867746	0.005338653408378481	34.39888381958008
19.422	2.813478260869565	0.18073076923076925	-0.003153382625977946	0.21957261583543275	0.008824617523563323	0.005214233933686778	33.15280342102051
19.422	2.813478260869565	0.18892307692307694	-0.007613297595784051	0.22550239880741235	0.00866566689386173	0.0052289765083852234	31.896482467651367
19.422	2.813478260869565	0.19711538461538464	-0.012754127050978819	0.23170682724060565	0.008600879127935217	0.005233752962601807	30.624370574951172
19.422	2.813478260869565	0.20530769230769233	-0.019125159997949625	0.2383306042767536	0.008672918757599485	0.005087394201705951	29.390335083007812
19.422	2.813478260869565	0.21350000000000002	-0.02612754287335101	0.2448266854996935	0.00835022166668083	0.004919184500735337	28.41009521484375
19.422	2.813478260869565	0.22169230769230772	-0.03404697374577645	0.2512349846095919	0.008295887050756078	0.004784886972569421	27.49094581604004
19.422	2.813478260869565	0.2298846153846154	-0.04090408807927469	0.25693158159813567	0.008281408490254452	0.004641148153129035	26.739566802978516
19.422	2.813478260869565	0.2380769230769231	-0.04957924349540571	0.2628275711726279	0.008201209291890877	0.004545534720756804	25.888307571411133
19.422	2.813478260869565	0.2462692307692308	-0.05732121140569446	0.2672496486775071	0.008465661225339	0.004646922307719237	25.331554412841797
19.422	2.813478260869565	0.25446153846153846	-0.06555156481733077	0.2712842721448124	0.008177046506853507	0.004523508225816908	24.680015563964844
19.422	2.813478260869565	0.2626538461538462	-0.07396687025102061	0.2758979200066637	0.008142459559849664	0.004344665435770435	24.105224609375
19.422	2.813478260869565	0.2708461538461539	-0.0815387241374955	0.27944618922059766	0.008086482469798793	0.004361369441654526	23.639822006225586
19.422	2.813478260869565	0.27903846153846157	-0.08945812135802578	0.2838839873003184	0.008049073462331139	0.004439701336032393	23.287914276123047
19.422	2.813478260869565	0.28723076923076923	-0.09847948162067918	0.287772079495038	0.007903627127831268	0.004110129961573202	22.858966827392578
19.422	2.813478260869565	0.29542307692307695	-0.10622492509145529	0.29097411225854897	0.007579858639888974	0.0040388551302569424	22.565235137939453
19.422	2.813478260869565	0.3036153846153847	-0.11447582489485861	0.29411881980543375	0.007681802082058116	0.0037895619599445504	22.225116729736328
19.422	2.813478260869565	0.31180769230769234	-0.12251629012311815	0.2970102056400979	0.007327039427306578	0.0037518075863196302	21.959095001220703
19.422	2.813478260869565	0.32	-0.13059311351966824	0.29922081305688014	0.007573052565256313	0.003966806961998713	21.757293701171875
19.422	2.822173913043478	0.0005	-0.06701889476966824	0.26240440680688015	0.00984606110692601	0.00543037392113581	14.054649353027344
19.422	2.822173913043478	0.008692307692307694	0.01550066331851997	0.1529317416433773	0.010002024280398186	0.0054086882072775745	38.4730224609375
19.422	2.822173913043478	0.016884615384615387	0.015482835506326537	0.17387684378502738	0.01018408299848728	0.005590710145579454	42.92292785644531
19.422	2.822173913043478	0.02507692307692308	0.01850023124111351	0.17928706500409014	0.00997228422918181	0.005586710876186652	47.253665924072266
19.422	2.822173913043478	0.03326923076923077	0.01566973615167546	0.18555328940622415	0.009951960278451792	0.005456490817018555	46.287864685058594
19.422	2.822173913043478	0.041461538461538466	0.01636851097186911	0.1872980442282176	0.009829785499935153	0.005341758178624213	43.537330627441406
19.422	2.822173913043478	0.04965384615384616	0.014727996354621716	0.19222328180951875	0.009916936104052365	0.005504692065827669	43.49011039733887
19.422	2.822173913043478	0.05784615384615385	0.01434833711914427	0.19550109992308418	0.009866372088360727	0.0053369351270737865	39.505550384521484
19.422	2.822173913043478	0.06603846153846155	0.01422021432749636	0.1982107216729025	0.009729586724154166	0.00533238683856601	38.0358943939209
19.422	2.822173913043478	0.07423076923076924	0.01407166475621358	0.19825331347520583	0.009743690896480361	0.005453424562901725	37.28223991394043
19.422	2.822173913043478	0.08242307692307693	0.014350723032874203	0.2022102446626653	0.00946418188470034	0.005282378876516286	36.04653358459473
19.422	2.822173913043478	0.09061538461538463	0.013946603253169123	0.2033688199091832	0.009566387061126991	0.005088115801570872	34.88924789428711
19.422	2.822173913043478	0.09880769230769232	0.013766386188252037	0.20475954686665332	0.009609287210255387	0.005268095252629769	34.12060356140137
19.422	2.822173913043478	0.10700000000000001	0.0126959859023543	0.20580591665647457	0.009304064117818598	0.005174518009242072	33.27987098693848
19.422	2.822173913043478	0.1151923076923077	0.013487300550983123	0.2083419522439499	0.009694103327560695	0.005500950081566747	32.825876235961914
19.422	2.822173913043478	0.1233846153846154	0.013054020187988125	0.20896820557134105	0.009646199157523365	0.005239098471279681	32.43507957458496
19.422	2.822173913043478	0.1315769230769231	0.011245445159540844	0.21045016590563373	0.009697930598187687	0.005395801494397936	32.29919242858887
19.422	2.822173913043478	0.13976923076923078	0.011763128488548763	0.21084417802054078	0.009554707082896486	0.005407124599118428	32.19774055480957
19.422	2.822173913043478	0.14796153846153848	0.009744330956159486	0.2135573426031681	0.009325520253861418	0.005086457320513547	32.33733367919922
19.422	2.822173913043478	0.15615384615384617	0.008505862182518042	0.21641092363335418	0.009409956168605021	0.005128184868076236	32.78762626647949
19.422	2.822173913043478	0.16434615384615386	0.006597071513201784	0.21973488715464384	0.009428596044602928	0.0052040984887160024	33.70329475402832
19.422	2.822173913043478	0.17253846153846156	0.00399548167400569	0.2233891610185566	0.009395031904062962	0.0051148088978468466	33.32972717285156
19.422	2.822173913043478	0.18073076923076925	0.0008028182029967649	0.2284258147431529	0.009305151225493063	0.004960333085395863	31.939468383789062
19.422	2.822173913043478	0.18892307692307694	-0.0032505333300575467	0.23319633138174323	0.009125932890567776	0.005020455680447323	30.66085433959961
19.422	2.822173913043478	0.19711538461538464	-0.008007934613189459	0.23757150502509106	0.009267400715027825	0.004917789139027176	29.594425201416016
19.422	2.822173913043478	0.20530769230769233	-0.014044971536665535	0.24290240401425725	0.009312928493190839	0.004929135951733288	28.380962371826172
19.422	2.822173913043478	0.21350000000000002	-0.01994933096216002	0.2470102178271825	0.009144317973091794	0.004864672223053321	27.45099639892578
19.422	2.822173913043478	0.22169230769230772	-0.027137282337977	0.2513745385633996	0.009023597568348352	0.004603236225045112	26.622220993041992
19.422	2.822173913043478	0.2298846153846154	-0.03363572753009608	0.25518615304361847	0.009068898844175466	0.004815510071261356	25.933862686157227
19.422	2.822173913043478	0.2380769230769231	-0.04188237984639814	0.2600704373592493	0.008865712780948616	0.004645679719479906	25.155290603637695
19.422	2.822173913043478	0.2462692307692308	-0.047754884259526044	0.2629610651904699	0.008859811666753824	0.004674206248521438	24.60938262939453
19.422	2.822173913043478	0.25446153846153846	-0.05596849510952412	0.2659725172087605	0.008622938705576726	0.004786867328253926	24.032936096191406
19.422	2.822173913043478	0.2626538461538462	-0.06387912975664764	0.2694276477667558	0.008814616647725213	0.004306347884911455	23.56997299194336
19.422	2.822173913043478	0.2708461538461539	-0.07110512030780772	0.2723549777333433	0.009065829116231112	0.004522654764970191	23.114513397216797
19.422	2.822173913043478	0.27903846153846157	-0.07816297706453587	0.274663503408087	0.008701227357802349	0.0044238266301829384	22.719173431396484
19.422	2.822173913043478	0.28723076923076923	-0.08519071151924312	0.27703726667018935	0.008775421202829885	0.004362919319097082	22.417312622070312
19.422	2.822173913043478	0.29542307692307695	-0.0934624879093596	0.2799978939517192	0.008722553157777879	0.004487697916076519	22.0626220703125
19.422	2.822173913043478	0.3036153846153847	-0.10071918023069401	0.28164539530021704	0.0085794169252686	0.0043240439793155545	21.801891326904297
19.422	2.822173913043478	0.31180769230769234	-0.1075786185670047	0.282799245823838	0.008440609534536452	0.004128906802680273	21.573020935058594
19.422	2.822173913043478	0.32	-0.11576730469596506	0.284766788050086	0.008250633609151826	0.004061858846615194	21.325054168701172
19.422	2.8308695652173914	0.0005	-0.015605829007745991	0.21937689037576374	0.010238980960906724	0.004932448860917551	13.054489135742188
19.422	2.8308695652173914	0.008692307692307694	0.02723246430623412	0.13779314012780847	0.010478316663142346	0.005052300879755728	39.48365783691406
19.422	2.8308695652173914	0.016884615384615387	0.025877412547765107	0.1698583671032276	0.01047618982178758	0.005175900440839854	42.818843841552734
19.422	2.8308695652173914	0.02507692307692308	0.025744472936116206	0.17992208683776245	0.010506375824337763	0.004963360386058725	45.68598937988281
19.422	2.8308695652173914	0.03326923076923077	0.024214514210222342	0.1828394241666317	0.010351894431215918	0.004911361878153547	47.31276321411133
19.422	2.8308695652173914	0.041461538461538466	0.02109170069326887	0.18947884140854	0.010311566543931866	0.0050018917325896535	43.51165771484375
19.422	2.8308695652173914	0.04965384615384616	0.019854879242154705	0.19199908707453636	0.010137952163934472	0.004915285235528783	39.97429275512695
19.422	2.8308695652173914	0.05784615384615385	0.017932805514681082	0.19332957876543277	0.010096736517520938	0.0050602022270840805	39.674442291259766
19.422	2.8308695652173914	0.06603846153846155	0.016357061558645053	0.19839785897084106	0.010094092226141646	0.0050334284724375105	37.24064064025879
19.422	2.8308695652173914	0.07423076923076924	0.016567832954653333	0.19828125425581472	0.010143672151831252	0.004992433812570956	36.47449493408203
19.422	2.8308695652173914	0.08242307692307693	0.015079555565800313	0.20212386136870722	0.010007633512974328	0.004976485390351478	35.92698669433594
19.422	2.8308695652173914	0.09061538461538463	0.013559186810645534	0.20308271834462885	0.010107113517532552	0.004943430454115135	34.34735870361328
19.422	2.8308695652173914	0.09880769230769232	0.01319784276129263	0.20606765197853757	0.010114406097026428	0.004997659358856783	33.7896671295166
19.422	2.8308695652173914	0.10700000000000001	0.011795729882787296	0.20776598745838704	0.010099122947476611	0.0049006875544471175	33.168296813964844
19.422	2.8308695652173914	0.1151923076923077	0.010597134371486187	0.21056370518970682	0.010002300740444017	0.004790437780283765	32.64790916442871
19.422	2.8308695652173914	0.1233846153846154	0.009284488128245151	0.21158173865213067	0.010050427220358534	0.004828092221740489	32.21720886230469
19.422	2.8308695652173914	0.1315769230769231	0.008865948954693316	0.21512779686552713	0.009919656628220117	0.004722707662611481	32.13343048095703
19.422	2.8308695652173914	0.13976923076923078	0.007421511780561352	0.21798387664389834	0.010062254099047013	0.0049196969835875945	32.331560134887695
19.422	2.8308695652173914	0.14796153846153848	0.005696681003454763	0.2230003907641942	0.01008958034506136	0.005022981731911473	32.71024703979492
19.422	2.8308695652173914	0.15615384615384617	0.0035893353648691643	0.22822294657952774	0.010008599508816147	0.004823807743011532	33.48695945739746
19.422	2.8308695652173914	0.16434615384615386	-1.7447573191171727e-06	0.2341391981043833	0.009991191280293625	0.005033978666414724	32.140329360961914
19.422	2.8308695652173914	0.17253846153846156	-0.004304375387935132	0.24071688933171254	0.009998387537920745	0.004753193794436407	30.842639923095703
19.422	2.8308695652173914	0.18073076923076925	-0.009708955109639431	0.24604543939560897	0.010043634165644574	0.004743719420735539	29.591373443603516
19.422	2.8308695652173914	0.18892307692307694	-0.01599438646935939	0.2529445959167125	0.009786065536864296	0.004917229651264699	28.421175003051758
19.422	2.8308695652173914	0.19711538461538464	-0.022902691738094078	0.2585449857083649	0.009828434883230344	0.004790017127629427	27.33626937866211
19.422	2.8308695652173914	0.20530769230769233	-0.03051500503892448	0.2643021930670929	0.0099993451841906	0.004607970109594592	26.36818504333496
19.422	2.8308695652173914	0.21350000000000002	-0.03873422394057406	0.27017009610714554	0.010016023832725759	0.0047842920982871006	25.513416290283203
19.422	2.8308695652173914	0.22169230769230772	-0.04734576600510674	0.27496736168397684	0.009973835635140413	0.0044682999811298104	24.788795471191406
19.422	2.8308695652173914	0.2298846153846154	-0.05597196151409346	0.27944362510463333	0.009791145435935735	0.004379734439643594	24.06365966796875
19.422	2.8308695652173914	0.2380769230769231	-0.06404000717834657	0.2831659084877981	0.009905161284627637	0.004559437369962677	23.414384841918945
19.422	2.8308695652173914	0.2462692307692308	-0.07238589239099207	0.28580830737187857	0.00991591233273061	0.004485143137199329	22.975421905517578
19.422	2.8308695652173914	0.25446153846153846	-0.08019405793564244	0.2885107047715588	0.009669558338168304	0.00410782427493693	22.489097595214844
19.422	2.8308695652173914	0.2626538461538462	-0.08934912284256014	0.29251980763445096	0.00973723834347259	0.00428405601301499	22.062772750854492
19.422	2.8308695652173914	0.2708461538461539	-0.0974727350099611	0.2950129837573309	0.009598726742726004	0.004454364888705303	21.693742752075195
19.422	2.8308695652173914	0.27903846153846157	-0.10574041455439537	0.2975244970928139	0.009597385863207838	0.004309018529434543	21.389259338378906
19.422	2.8308695652173914	0.28723076923076923	-0.11398121256623861	0.29948182078714414	0.009674071053723327	0.004244115659085327	21.11993980407715
19.422	2.8308695652173914	0.29542307692307695	-0.12246836618919368	0.30168391763883484	0.009663785093198396	0.004248112231462547	20.821453094482422
19.422	2.8308695652173914	0.3036153846153847	-0.13095294629178852	0.30363544855855795	0.009484871781884303	0.00405253722519169	20.56294822692871
19.422	2.8308695652173914	0.31180769230769234	-0.13799471733250845	0.3046224417848197	0.009504798353233364	0.004046732104728425	20.412334442138672
19.422	2.8308695652173914	0.32	-0.14653605817907678	0.30574132681206445	0.0094739804879987	0.004107601239607196	20.214868545532227
19.422	2.8395652173913044	0.0005	-0.10277985929602015	0.28074552297905664	0.010979553488069786	0.004246380264754271	7.227447509765625
19.422	2.8395652173913044	0.008692307692307694	0.018911931726729284	0.13136288816233618	0.011181973728907517	0.0042177494442881035	37.498722076416016
19.422	2.8395652173913044	0.016884615384615387	0.02016604989543766	0.15930542702769973	0.011103773190433572	0.004335206844974143	43.13123321533203
19.422	2.8395652173913044	0.02507692307692308	0.019691549099611343	0.1617874292329151	0.011154529941694918	0.004292110248355292	45.48719024658203
19.422	2.8395652173913044	0.03326923076923077	0.0209068719740978	0.16609307440446802	0.011033505857573718	0.00432012502537896	45.767730712890625
19.422	2.8395652173913044	0.041461538461538466	0.019302310652660443	0.16913214862795659	0.011108081716553815	0.004472763245758189	43.75354766845703
19.422	2.8395652173913044	0.04965384615384616	0.018321841324309127	0.17344370715070634	0.010899290117966181	0.0043649541519918305	40.250322341918945
19.422	2.8395652173913044	0.05784615384615385	0.017964209723721963	0.17955603028062955	0.010837295912013234	0.004460762092434513	39.42625427246094
19.422	2.8395652173913044	0.06603846153846155	0.018450612612504292	0.18234763913901741	0.010867371632873851	0.004438245484720161	37.88072395324707
19.422	2.8395652173913044	0.07423076923076924	0.018010967213048373	0.18280262458979601	0.010716062152739916	0.004357936380051019	36.76874923706055
19.422	2.8395652173913044	0.08242307692307693	0.018046444319212467	0.1868445915858607	0.010800310016016147	0.0043331229146637215	35.528656005859375
19.422	2.8395652173913044	0.09061538461538463	0.017178225410485762	0.18922298487569744	0.010785824023888349	0.0045726522746384335	33.79310607910156
19.422	2.8395652173913044	0.09880769230769232	0.016761798937101273	0.1921386258277484	0.010856491934764088	0.0043659698293255595	33.049503326416016
19.422	2.8395652173913044	0.10700000000000001	0.016428912083380275	0.19401156734758068	0.010655787588971899	0.004406734600483492	32.109392166137695
19.422	2.8395652173913044	0.1151923076923077	0.016153673686771994	0.19670834799541315	0.010681995331238939	0.004311870317470852	31.785232543945312
19.422	2.8395652173913044	0.1233846153846154	0.015367089200576646	0.20106846777486187	0.01070184572039198	0.0045287444371201295	31.56793212890625
19.422	2.8395652173913044	0.1315769230769231	0.01441204379650744	0.20347991585696024	0.010814627136971091	0.004539540922115755	31.369953155517578
19.422	2.8395652173913044	0.13976923076923078	0.012857613091245265	0.2074921519510707	0.010726033040747467	0.004471900857785533	31.45104217529297
19.422	2.8395652173913044	0.14796153846153848	0.011366180374597282	0.2127013921474526	0.010901963516211333	0.004370337234523494	31.798084259033203
19.422	2.8395652173913044	0.15615384615384617	0.009103906097803288	0.21873445172928727	0.010869241378284242	0.00430397024391378	32.58540725708008
19.422	2.8395652173913044	0.16434615384615386	0.005970612775350098	0.22403455975873388	0.01097962863980461	0.0043560351874340165	32.80871772766113
19.422	2.8395652173913044	0.17253846153846156	0.0010431334567741614	0.23125802568393278	0.010991009571190532	0.004323893596984575	31.26193618774414
19.422	2.8395652173913044	0.18073076923076925	-0.004171470213400096	0.23784652850882138	0.010914649612205994	0.004319461992555021	29.81281089782715
19.422	2.8395652173913044	0.18892307692307694	-0.010002321413860177	0.24497040829250977	0.01103149668788754	0.004341817660502981	28.704971313476562
19.422	2.8395652173913044	0.19711538461538464	-0.017485488508858497	0.25008294042981094	0.011017907273586126	0.00428264385199452	27.705320358276367
19.422	2.8395652173913044	0.20530769230769233	-0.024353794891897033	0.25552553294641445	0.010851285801547374	0.0039041004822145185	26.663028717041016
19.422	2.8395652173913044	0.21350000000000002	-0.03127130515320435	0.2615557470502473	0.01087695245383587	0.004074062931673207	25.772314071655273
19.422	2.8395652173913044	0.22169230769230772	-0.03917593377089338	0.2647862363517427	0.01078070161340023	0.0038849881543991027	25.058549880981445
19.422	2.8395652173913044	0.2298846153846154	-0.046971473412353304	0.27003348873905547	0.010814972938184871	0.003812514670138477	24.392683029174805
19.422	2.8395652173913044	0.2380769230769231	-0.05547669103126419	0.2748679189793444	0.010761675704922737	0.0038159601315181447	23.855560302734375
19.422	2.8395652173913044	0.2462692307692308	-0.0632676328246978	0.277239925780392	0.010857272082027546	0.003639541121841679	23.32459259033203
19.422	2.8395652173913044	0.25446153846153846	-0.07037338980064099	0.27901643052109315	0.01082821524349003	0.0036374525078397297	22.90353775024414
19.422	2.8395652173913044	0.2626538461538462	-0.07866254682780524	0.2822748468774571	0.010885887593284327	0.003482829563156659	22.50331687927246
19.422	2.8395652173913044	0.2708461538461539	-0.08593206550214832	0.28454096177355626	0.010847177506255877	0.0037052656531639094	22.138837814331055
19.422	2.8395652173913044	0.27903846153846157	-0.0938159430508867	0.287173974882709	0.010708745877790176	0.0033949350553737117	21.79167938232422
19.422	2.8395652173913044	0.28723076923076923	-0.1003727030118361	0.2883408070503643	0.01091324087275653	0.0034437081547903352	21.54990005493164
19.422	2.8395652173913044	0.29542307692307695	-0.1077527771231152	0.2894707738325374	0.01091471544870374	0.0034486249338069744	21.26219940185547
19.422	2.8395652173913044	0.3036153846153847	-0.11601605913819579	0.29203655926962724	0.010875730910371289	0.0031057183310249526	20.995986938476562
19.422	2.8395652173913044	0.31180769230769234	-0.12305838329782293	0.2927781684716786	0.010963420306081136	0.003339596663267861	20.80238151550293
19.422	2.8395652173913044	0.32	-0.13063696251959883	0.29423983076339266	0.010721257339085142	0.0030295767754086027	20.610578536987305
19.422	2.8482608695652174	0.0005	0.07070140076081184	0.41406226927546647	0.011906646474049643	0.003259074277350325	12.94525146484375
19.422	2.8482608695652174	0.008692307692307694	0.03734620284079805	0.15384417068391276	0.01210435215157694	0.0035249922325223592	38.922088623046875
19.422	2.8482608695652174	0.016884615384615387	0.029132809380770168	0.16284709981820716	0.012125419032080836	0.003550312846246851	41.687477111816406
19.422	2.8482608695652174	0.02507692307692308	0.028613290288138638	0.17251121328419475	0.012124321042384947	0.003551435131820019	42.80239486694336
19.422	2.8482608695652174	0.03326923076923077	0.028922251967314905	0.17597410927274573	0.011951302825301793	0.003257326544988519	47.484161376953125
19.422	2.8482608695652174	0.041461538461538466	0.02684683209054586	0.18190110395325593	0.011870676444247216	0.0035147224288864876	43.26478958129883
19.422	2.8482608695652174	0.04965384615384616	0.024407274571335652	0.18785355560830405	0.011865194710431187	0.003400179250342974	40.83215522766113
19.422	2.8482608695652174	0.05784615384615385	0.023639840635864884	0.1921013035518588	0.011799671417561858	0.003835105914799697	39.186771392822266
19.422	2.8482608695652174	0.06603846153846155	0.0223795561538147	0.19383969545579605	0.011831453437066902	0.003602283615577819	37.47196006774902
19.422	2.8482608695652174	0.07423076923076924	0.02106483800336396	0.19494049998304785	0.011897817946324149	0.0034371860331473556	36.63682746887207
19.422	2.8482608695652174	0.08242307692307693	0.019255693566189135	0.19852648543667611	0.01170624301882992	0.0036320591413157898	35.31300163269043
19.422	2.8482608695652174	0.09061538461538463	0.017990801644487728	0.20029109147497337	0.011702714045383257	0.003518995603794894	34.11508369445801
19.422	2.8482608695652174	0.09880769230769232	0.018247538034780367	0.201897619656556	0.011584539744961157	0.003528219816044581	33.38309288024902
19.422	2.8482608695652174	0.10700000000000001	0.016584604685636647	0.20421601497571804	0.011640329493973693	0.0034951938453702644	32.5813102722168
19.422	2.8482608695652174	0.1151923076923077	0.01549842291829298	0.2073075244689608	0.011553643886298221	0.0036487793745579615	32.41085433959961
19.422	2.8482608695652174	0.1233846153846154	0.014196787331803407	0.21045959796834451	0.011563185723103109	0.003551946524327056	31.869190216064453
19.422	2.8482608695652174	0.1315769230769231	0.01309235847982641	0.21278784398533115	0.011476354111749128	0.003645564146249445	31.76781463623047
19.422	2.8482608695652174	0.13976923076923078	0.011573122778991862	0.2174976404822309	0.011768365431187955	0.0035744054006832606	31.73636245727539
19.422	2.8482608695652174	0.14796153846153848	0.008253362397573114	0.22307565263477674	0.011536774514318001	0.003366282473508276	31.913272857666016
19.422	2.8482608695652174	0.15615384615384617	0.005403008866761271	0.23010826735813403	0.012015144281946494	0.0035327233915545576	32.35793685913086
19.422	2.8482608695652174	0.16434615384615386	0.0005397911493499563	0.23885798603242347	0.011884342486706813	0.003398261999728221	32.23653984069824
19.422	2.8482608695652174	0.17253846153846156	-0.005269306928238759	0.24734055629324486	0.011694447583255607	0.003217404045181414	30.63892364501953
19.422	2.8482608695652174	0.18073076923076925	-0.011515060504752133	0.2550372143809063	0.011564400795463416	0.0030388078015827283	29.305110931396484
19.422	2.8482608695652174	0.18892307692307694	-0.019095768431288115	0.26303380722911873	0.011563584366383918	0.002875384347495577	28.170984268188477
19.422	2.8482608695652174	0.19711538461538464	-0.027534532745920978	0.27075968051013377	0.011945444817560323	0.002918256497292411	27.073074340820312
19.422	2.8482608695652174	0.20530769230769233	-0.036484418263279764	0.2783171445285978	0.012012737404080702	0.002656776052316274	26.106128692626953
19.422	2.8482608695652174	0.21350000000000002	-0.04520528643071808	0.28354929034740667	0.011590974250348201	0.002552212842325397	25.27730941772461
19.422	2.8482608695652174	0.22169230769230772	-0.05444111674504168	0.2909981476495761	0.011932445225747908	0.002443750152720901	24.5107364654541
19.422	2.8482608695652174	0.2298846153846154	-0.06352818169460445	0.29608026833483214	0.012078194295882017	0.002676437982264367	23.88041114807129
19.422	2.8482608695652174	0.2380769230769231	-0.07214283846679703	0.3001179207569282	0.011930747243176497	0.0022613325227614257	23.36935806274414
19.422	2.8482608695652174	0.2462692307692308	-0.08101241580571608	0.3041936177980449	0.011886289864244323	0.0019451997228308775	22.876100540161133
19.422	2.8482608695652174	0.25446153846153846	-0.09000034417386728	0.30901090029965295	0.011925071488124233	0.001836787613137135	22.406024932861328
19.422	2.8482608695652174	0.2626538461538462	-0.0988801607060023	0.3125029755045022	0.011924805979699742	0.0020900820389208154	21.98678207397461
19.422	2.8482608695652174	0.2708461538461539	-0.1067321943336222	0.3155270228168221	0.012134361581549905	0.002048997654006886	21.667621612548828
19.422	2.8482608695652174	0.27903846153846157	-0.11502307995386128	0.31848959655795295	0.011969121007271027	0.0018148845456983681	21.38249969482422
19.422	2.8482608695652174	0.28723076923076923	-0.12367698375881356	0.320147832831168	0.01224410762092928	0.0015472252826533091	21.120025634765625
19.422	2.8482608695652174	0.29542307692307695	-0.13108696953080384	0.321863385425984	0.012086804668890621	0.0015784385202926568	20.857376098632812
19.422	2.8482608695652174	0.3036153846153847	-0.13869036144170044	0.32398923654758605	0.011936967876047207	0.0014188512079193233	20.640722274780273
19.422	2.8482608695652174	0.31180769230769234	-0.14739487952920702	0.3261359894761334	0.012065569150002585	0.0013876693611760242	20.449003219604492
19.422	2.8482608695652174	0.32	-0.15506236606179827	0.327300936961219	0.012064137105716768	0.0010534504369669859	20.238842010498047
19.422	2.8569565217391304	0.0005	-0.0010838990741883856	0.14243323304657662	0.012520869144794446	0.0022929921641857962	13.006912231445312
19.422	2.8569565217391304	0.008692307692307694	0.011528628534683075	0.09351196386818615	0.013096453233413949	0.0025640867783491	36.78395462036133
19.422	2.8569565217391304	0.016884615384615387	0.019918181693532676	0.11969101453327298	0.01283455068329497	0.0025784182771726952	44.188453674316406
19.422	2.8569565217391304	0.02507692307692308	0.018486883437612272	0.12286928916477319	0.012793941586244932	0.0024409203522932675	48.285919189453125
19.422	2.8569565217391304	0.03326923076923077	0.017850860691471578	0.13092114318726572	0.012681557867949719	0.0024442176736656565	44.24199295043945
19.422	2.8569565217391304	0.041461538461538466	0.01974745664636661	0.1313396035563758	0.01276392291987849	0.00270865891070497	42.9361572265625
19.422	2.8569565217391304	0.04965384615384616	0.016841381360668813	0.13575003727773335	0.012589987258009944	0.0025820593057666224	42.51033973693848
19.422	2.8569565217391304	0.05784615384615385	0.016019586809934806	0.14153383090609234	0.012468099245355562	0.0026807194156368763	39.890724182128906
19.422	2.8569565217391304	0.06603846153846155	0.016896275068657225	0.14581189679896006	0.01252273579987888	0.0026949796130771846	37.6151065826416
19.422	2.8569565217391304	0.07423076923076924	0.016928818753534105	0.1457371705222259	0.012347384973357852	0.002556836254141338	37.50592041015625
19.422	2.8569565217391304	0.08242307692307693	0.015254804073377424	0.15125187106451554	0.012358246551635711	0.0025729629538694863	36.197065353393555
19.422	2.8569565217391304	0.09061538461538463	0.015420535160704433	0.15407126519850056	0.012156198506314577	0.0025096745539634735	34.71138000488281
19.422	2.8569565217391304	0.09880769230769232	0.014864108199593091	0.157219963952126	0.012013775316105351	0.002417527928506739	33.73378944396973
19.422	2.8569565217391304	0.10700000000000001	0.01474068796903629	0.1604163753232442	0.012035911735308404	0.0025047123447471675	33.302194595336914
19.422	2.8569565217391304	0.1151923076923077	0.01365314384478648	0.16407972161261727	0.012140368709203542	0.002360706353450587	32.52409744262695
19.422	2.8569565217391304	0.1233846153846154	0.012869925215128258	0.16910460448427492	0.01223946948308112	0.002492135248379417	31.933223724365234
19.422	2.8569565217391304	0.1315769230769231	0.012063301989329422	0.17122464817959707	0.012239677702704342	0.0024900299793593253	31.712398529052734
19.422	2.8569565217391304	0.13976923076923078	0.011326649674666487	0.17600236800510322	0.012125977013014618	0.002432074220102016	31.528879165649414
19.422	2.8569565217391304	0.14796153846153848	0.009937589162783336	0.18154243723526775	0.012258742379302981	0.002584108808347455	31.61833953857422
19.422	2.8569565217391304	0.15615384615384617	0.007053347283696602	0.18710479118437504	0.012401557490257313	0.002429572583111297	31.89527702331543
19.422	2.8569565217391304	0.16434615384615386	0.0046054748144949195	0.1937297331080306	0.012486240519383913	0.0021701343383544068	32.48752212524414
19.422	2.8569565217391304	0.17253846153846156	0.0012821325271867691	0.2012522401958979	0.012524940925875807	0.0022107071845429314	33.483795166015625
19.422	2.8569565217391304	0.18073076923076925	-0.0036751326351880543	0.20937820991108153	0.012544210304424779	0.0020500822183960243	32.572021484375
19.422	2.8569565217391304	0.18892307692307694	-0.009791908379984431	0.21659496086920327	0.01236052537708103	0.00195055286472662	31.257835388183594
19.422	2.8569565217391304	0.19711538461538464	-0.015774228451584837	0.2234081044395487	0.012462231569880643	0.0015504166037851115	30.102643966674805
19.422	2.8569565217391304	0.20530769230769233	-0.023184137069722555	0.23069662630612475	0.012536048940831022	0.0013963856275164182	28.9079532623291
19.422	2.8569565217391304	0.21350000000000002	-0.03093917503730386	0.23848544848322373	0.012577606102979838	0.0012830566825992632	28.019054412841797
19.422	2.8569565217391304	0.22169230769230772	-0.03820817561619384	0.2440368743461283	0.012819407047550347	0.0010687546348957231	27.174671173095703
19.422	2.8569565217391304	0.2298846153846154	-0.0458064163501924	0.25072866893628815	0.012675705183528594	0.0009329799636996909	26.29683494567871
19.422	2.8569565217391304	0.2380769230769231	-0.05389178984822614	0.2560971093657353	0.012988426502443142	0.000763420746234115	25.71548843383789
19.422	2.8569565217391304	0.2462692307692308	-0.06222030145882537	0.260399049118636	0.01278384290607137	0.0004197763344890562	25.12657928466797
19.422	2.8569565217391304	0.25446153846153846	-0.0697058010494356	0.2648889565041801	0.012709889178036228	0.0002650536295834724	24.572437286376953
19.422	2.8569565217391304	0.2626538461538462	-0.07722348840508642	0.2690876786348146	0.012904785648966185	0.0002060682277363039	24.12467384338379
19.422	2.8569565217391304	0.2708461538461539	-0.0845435559443761	0.27300694595500496	0.01276458910705985	1.1501625441506566e-05	23.68673324584961
19.422	2.8569565217391304	0.27903846153846157	-0.09268172630039888	0.27713835539501125	0.012792634757832528	0.0001335312211128593	23.287670135498047
19.422	2.8569565217391304	0.28723076923076923	-0.10018262466420025	0.28010578086350196	0.012964840125332777	-0.00016579697479387535	22.959392547607422
19.422	2.8569565217391304	0.29542307692307695	-0.1068618379427056	0.28239786467563843	0.01280414780967341	-0.00048321109854932885	22.66437339782715
19.422	2.8569565217391304	0.3036153846153847	-0.11539435335129936	0.2846395848210742	0.012727725816269315	-0.000679029965373354	22.372257232666016
19.422	2.8569565217391304	0.31180769230769234	-0.12310654767483907	0.2879050655182292	0.01289693692463778	-0.0010300455436084467	22.127361297607422
19.422	2.8569565217391304	0.32	-0.1307428918515562	0.29016436366446585	0.012856623590171586	-0.0009369739367105797	21.936647415161133
19.422	2.8656521739130434	0.0005	0.0716132569390119	0.15451832828194167	0.01351079576063376	0.0012163192936096503	12.62249755859375
19.422	2.8656521739130434	0.008692307692307694	0.022261435760223228	0.138159319632272	0.013627071216386507	0.0013643875321848954	38.697349548339844
19.422	2.8656521739130434	0.016884615384615387	0.022676149604880166	0.1594734363859098	0.01376543394289358	0.001455455974409335	42.144813537597656
19.422	2.8656521739130434	0.02507692307692308	0.023789247346716266	0.16786130304672403	0.013536115877196749	0.001056890698984748	44.33628845214844
19.422	2.8656521739130434	0.03326923076923077	0.021272144687967634	0.17471493940093205	0.01336857526002964	0.0014435841339691582	44.42873764038086
19.422	2.8656521739130434	0.041461538461538466	0.020129574784287015	0.18040244312156878	0.013549672672533371	0.0014458120345515802	43.1129150390625
19.422	2.8656521739130434	0.04965384615384616	0.018173616511840133	0.1809070317207109	0.013571930421843858	0.001405831250968223	41.14357376098633
19.422	2.8656521739130434	0.05784615384615385	0.01635066097797801	0.18555663192106592	0.01322773057689497	0.0012048293420143096	39.183719635009766
19.422	2.8656521739130434	0.06603846153846155	0.016812770946044213	0.18816237134320846	0.013289823031104018	0.0016068566478956584	38.04585647583008
19.422	2.8656521739130434	0.07423076923076924	0.015032247958797693	0.1876414504034648	0.01308945758078416	0.0013961864915095854	36.51300048828125
19.422	2.8656521739130434	0.08242307692307693	0.01411049827516204	0.19150855897292218	0.013029404870910938	0.0014084972325492735	35.78636932373047
19.422	2.8656521739130434	0.09061538461538463	0.013237400848416977	0.19234992405260748	0.012782816567408033	0.0013289857522211107	35.00739097595215
19.422	2.8656521739130434	0.09880769230769232	0.012352885808619561	0.1939685401893006	0.012930193751454919	0.0014999287316490985	33.96456527709961
19.422	2.8656521739130434	0.10700000000000001	0.011433378124971878	0.19531173470956883	0.012719600147848967	0.0014615886559417894	33.48601722717285
19.422	2.8656521739130434	0.1151923076923077	0.010660918971885924	0.19705396492561003	0.012858864505074296	0.0014987607920562735	32.983577728271484
19.422	2.8656521739130434	0.1233846153846154	0.009176711162914518	0.19917810682734152	0.012774402990285785	0.001420035260792194	32.47282791137695
19.422	2.8656521739130434	0.1315769230769231	0.008096145503816338	0.2005498680550865	0.012606243310337389	0.0011740103592604149	32.27285385131836
19.422	2.8656521739130434	0.13976923076923078	0.006649801964533655	0.20267466642281773	0.012667049013241819	0.0014384101494835187	32.2069091796875
19.422	2.8656521739130434	0.14796153846153848	0.005377982479706084	0.20609494574556275	0.012861833917184312	0.0012732910242158522	32.369882583618164
19.422	2.8656521739130434	0.15615384615384617	0.003183827918849096	0.21054533403395004	0.012951807894972162	0.0011315585291691976	32.77863693237305
19.422	2.8656521739130434	0.16434615384615386	-0.000580613396402954	0.21601780981419338	0.012957966029028177	0.001107849527698494	33.58898735046387
19.422	2.8656521739130434	0.17253846153846156	-0.004521980583911102	0.2227261544811064	0.012989981053072261	0.0011512520344064314	33.057987213134766
19.422	2.8656521739130434	0.18073076923076925	-0.00956777805748749	0.23003471065040704	0.01293465620968198	0.0006874826752772596	31.63513946533203
19.422	2.8656521739130434	0.18892307692307694	-0.015768200590912388	0.23695213146836314	0.01295520009501195	0.0004978291324386208	30.359193801879883
19.422	2.8656521739130434	0.19711538461538464	-0.02287624050942447	0.24372293875833095	0.012778974788078932	0.00023731750690333242	29.21041488647461
19.422	2.8656521739130434	0.20530769230769233	-0.030031560192503616	0.2504355873982811	0.012804225732678906	0.00011991840503017169	28.121944427490234
19.422	2.8656521739130434	0.21350000000000002	-0.03839192820588558	0.2565735336463356	0.013047141206379027	-0.00013328852095125822	27.107391357421875
19.422	2.8656521739130434	0.22169230769230772	-0.04647433272904217	0.26201136060528607	0.012939200463791335	-0.0004296140221027854	26.390113830566406
19.422	2.8656521739130434	0.2298846153846154	-0.05448479950812375	0.26834749267017804	0.012889161394217748	-0.0007228458431641634	25.657333374023438
19.422	2.8656521739130434	0.2380769230769231	-0.06345339431957303	0.2733117860736417	0.012986548451641456	-0.0010761801139416239	25.05081558227539
19.422	2.8656521739130434	0.2462692307692308	-0.07165777048160284	0.2772562364692892	0.012916437005156869	-0.001138050295990174	24.460718154907227
19.422	2.8656521739130434	0.25446153846153846	-0.07969045231768733	0.2808828909178336	0.012772079438497149	-0.001578648137154181	23.930631637573242
19.422	2.8656521739130434	0.2626538461538462	-0.08844290954359724	0.28629352517113693	0.012901947811138941	-0.001550784881208476	23.502595901489258
19.422	2.8656521739130434	0.2708461538461539	-0.09576254607593555	0.28881493166067773	0.013111286471490874	-0.0016978468508277189	23.113555908203125
19.422	2.8656521739130434	0.27903846153846157	-0.10454829256989442	0.2930951410288307	0.01300942649486967	-0.002103996352268895	22.75005340576172
19.422	2.8656521739130434	0.28723076923076923	-0.11298291404200984	0.2967268348693154	0.013089727737343656	-0.0027360484073873856	22.38431739807129
19.422	2.8656521739130434	0.29542307692307695	-0.12143594757763468	0.2993009867794001	0.0128418274533318	-0.00261755974468582	22.117923736572266
19.422	2.8656521739130434	0.3036153846153847	-0.1293307796699137	0.3017408631014236	0.012919413462142223	-0.002932525180340524	21.809825897216797
19.422	2.8656521739130434	0.31180769230769234	-0.1375067040218878	0.30447043255245515	0.012968619721569818	-0.0031743349814226524	21.617502212524414
19.422	2.8656521739130434	0.32	-0.14544364956548161	0.3069999968757004	0.012994663784839905	-0.00346165274543666	21.37909507751465
19.422	2.8743478260869564	0.0005	-0.053744430815481616	0.11652148125070053	0.014233769430173807	0.00014092288352088084	4.609344482421875
19.422	2.8743478260869564	0.008692307692307694	0.01234655410642081	0.0868638313499363	0.014251573813439658	2.5753707620545163e-05	37.84717559814453
19.422	2.8743478260869564	0.016884615384615387	0.01261306154899576	0.1060261555431028	0.014318434154506305	2.711360003219916e-05	40.83222961425781
19.422	2.8743478260869564	0.02507692307692308	0.011755931855964446	0.10992979336954548	0.014132641870110962	2.34872929072276e-06	46.49917221069336
19.422	2.8743478260869564	0.03326923076923077	0.010880417479961754	0.11514172681179685	0.013922109478317863	-0.00018418204057011185	47.44116973876953
19.422	2.8743478260869564	0.041461538461538466	0.010559218480080006	0.12014488481488861	0.013810774794459458	-8.099966255981198e-05	46.71388626098633
19.422	2.8743478260869564	0.04965384615384616	0.009728825195520754	0.12269775882867015	0.013678339247079625	5.5018088148295216e-05	44.89590072631836
19.422	2.8743478260869564	0.05784615384615385	0.010846978080985704	0.12869608543676642	0.01354840020332327	-2.1261420528264147e-05	41.06219482421875
19.422	2.8743478260869564	0.06603846153846155	0.008866650256219974	0.13155924760441634	0.013643930864142157	2.9386243824103123e-05	40.29489517211914
19.422	2.8743478260869564	0.07423076923076924	0.008261157597680162	0.13569174013491223	0.013340732488515888	0.0001818701454904347	38.85932922363281
19.422	2.8743478260869564	0.08242307692307693	0.008581016116967821	0.1407953607745142	0.013287757673035475	0.00034702957537960605	37.92807197570801
19.422	2.8743478260869564	0.09061538461538463	0.00810307957063572	0.14538274031012716	0.013180906950421796	5.039008718726576e-05	36.4308967590332
19.422	2.8743478260869564	0.09880769230769232	0.007701615244794199	0.14865764477519716	0.013073476259362237	0.00017958334664130863	35.14413261413574
19.422	2.8743478260869564	0.10700000000000001	0.008231170988354396	0.15233824893596054	0.013199820045236876	0.0001076009306891887	34.529354095458984
19.422	2.8743478260869564	0.1151923076923077	0.00820092452143932	0.15740101635399334	0.0131312225147564	0.000359523495037396	34.079511642456055
19.422	2.8743478260869564	0.1233846153846154	0.006770654910418653	0.16123136010867767	0.013060095286426683	0.00019450914019424265	33.337974548339844
19.422	2.8743478260869564	0.1315769230769231	0.00611873361461141	0.16511076703661487	0.013015915362220895	0.0003361204896650134	33.25495147705078
19.422	2.8743478260869564	0.13976923076923078	0.005213814257994382	0.16984149406377794	0.012732245728666209	4.788859188118608e-06	33.3034725189209
19.422	2.8743478260869564	0.14796153846153848	0.003186471171037846	0.17474566341804557	0.013034602156063616	5.924270341938306e-05	33.53401565551758
19.422	2.8743478260869564	0.15615384615384617	0.0010554676001712489	0.180300077783679	0.01308251609398308	-0.0001141745209833986	34.015296936035156
19.422	2.8743478260869564	0.16434615384615386	-0.0024050067121342018	0.1864430762704363	0.013146153578721554	-0.00013252249169245123	34.573652267456055
19.422	2.8743478260869564	0.17253846153846156	-0.00620376757512611	0.19261859123405184	0.01321412737268785	-0.0003193091534582905	33.2484073638916
19.422	2.8743478260869564	0.18073076923076925	-0.011666443545319349	0.20008400867306808	0.0131454301037442	-0.0007547708811059253	31.857585906982422
19.422	2.8743478260869564	0.18892307692307694	-0.017034756272979287	0.2060836918427162	0.013294603758716605	-0.0007288150763840367	30.625905990600586
19.422	2.8743478260869564	0.19711538461538464	-0.023566762904802897	0.21181805287039648	0.013073176272322072	-0.000952047642006349	29.439176559448242
19.422	2.8743478260869564	0.20530769230769233	-0.03037844494653735	0.21849967259465525	0.013177883258453545	-0.0011707623298184866	28.566364288330078
19.422	2.8743478260869564	0.21350000000000002	-0.03871353443652961	0.2243819384841777	0.013020080635812926	-0.0016817723439549554	27.60565757751465
19.422	2.8743478260869564	0.22169230769230772	-0.045470558624603086	0.23018690525981103	0.013291205722297788	-0.001972852067233596	26.85395050048828
19.422	2.8743478260869564	0.2298846153846154	-0.0533678658827024	0.235010917731174	0.013039041540272583	-0.0021427714850133133	26.180023193359375
19.422	2.8743478260869564	0.2380769230769231	-0.06093526794936349	0.23903982416469233	0.013007784636814897	-0.0026192465868361855	25.563453674316406
19.422	2.8743478260869564	0.2462692307692308	-0.06888192301539717	0.24306605621268718	0.0130515400226468	-0.0028495623378957903	24.9927921295166
19.422	2.8743478260869564	0.25446153846153846	-0.07666031667886317	0.24633571826880538	0.012940252977565521	-0.0032343487300261677	24.525907516479492
19.422	2.8743478260869564	0.2626538461538462	-0.0845058963137494	0.25041430175215684	0.012942804082900279	-0.00340241865587629	24.0275821685791
19.422	2.8743478260869564	0.2708461538461539	-0.09153634176368441	0.2527354539394315	0.01300696985117909	-0.003641905722402432	23.713794708251953
19.422	2.8743478260869564	0.27903846153846157	-0.09954958206517302	0.25671390736095007	0.01287350441630522	-0.0038970286321004335	23.314607620239258
19.422	2.8743478260869564	0.28723076923076923	-0.10720818019262782	0.2593057087902484	0.012775052709324221	-0.004345786563563183	23.02068328857422
19.422	2.8743478260869564	0.29542307692307695	-0.11518065138040229	0.2616149892238067	0.012847321555974114	-0.004727863098195901	22.696393966674805
19.422	2.8743478260869564	0.3036153846153847	-0.12303660023496378	0.2643828797230214	0.012837723088180018	-0.004897818206714751	22.4705867767334
19.422	2.8743478260869564	0.31180769230769234	-0.130459482739725	0.2668429546134263	0.012674501177773296	-0.005315644256566763	22.238332748413086
19.422	2.8743478260869564	0.32	-0.13832965992705507	0.2688485992654265	0.012593005165783641	-0.00549934299744188	21.827571868896484
19.422	2.8830434782608694	0.0005	0.05463867419084928	0.47119206618993004	0.014581739678144318	-0.002294714300174628	14.539756774902344
19.422	2.8830434782608694	0.008692307692307694	0.014671490500680378	0.14770979123607192	0.014591753230343294	-0.0018154668813951337	31.02361297607422
19.422	2.8830434782608694	0.016884615384615387	0.016548792684173547	0.1794195522963732	0.014612183252592524	-0.002035542904316621	38.8634033203125
19.422	2.8830434782608694	0.02507692307692308	0.016678190250880305	0.18420828197161104	0.014432329934637587	-0.0022190652901404643	45.75756072998047
19.422	2.8830434782608694	0.03326923076923077	0.014345219139104602	0.19065183107907666	0.01438573110597978	-0.002233654731415813	44.618133544921875
19.422	2.8830434782608694	0.041461538461538466	0.01488516841349367	0.19239856088991525	0.01417896178253038	-0.0020295867401078473	40.944339752197266
19.422	2.8830434782608694	0.04965384615384616	0.013131614806880259	0.19712584362426297	0.014085147877707342	-0.0018885660835881654	39.230918884277344
19.422	2.8830434782608694	0.05784615384615385	0.012888491229787481	0.20158264855711477	0.013763380462846872	-0.0018584024553187234	38.670907974243164
19.422	2.8830434782608694	0.06603846153846155	0.01301303479453084	0.20193150708221821	0.013553704706844	-0.0017699776913048483	37.26825714111328
19.422	2.8830434782608694	0.07423076923076924	0.012069397392944126	0.20176480137580227	0.013519441582552446	-0.0017683659873796824	36.39525032043457
19.422	2.8830434782608694	0.08242307692307693	0.010867716760723312	0.20577646121547294	0.013248530125541908	-0.0015981873034908545	35.12994956970215
19.422	2.8830434782608694	0.09061538461538463	0.0106055887138531	0.2078077029714764	0.013333323767050341	-0.0019632693978129854	34.16697692871094
19.422	2.8830434782608694	0.09880769230769232	0.010366772888199434	0.20895567273068286	0.012884452963554794	-0.0017093815705456216	33.04774475097656
19.422	2.8830434782608694	0.10700000000000001	0.00961537615211297	0.20910881763533523	0.012832671988654908	-0.001621106431703912	32.75144958496094
19.422	2.8830434782608694	0.1151923076923077	0.00905638954490156	0.20932735373875605	0.012875504939221571	-0.0014653629244284398	32.49856185913086
19.422	2.8830434782608694	0.1233846153846154	0.0077476089390111184	0.213423603431856	0.012653021341030976	-0.0015416514633406356	32.04948806762695
19.422	2.8830434782608694	0.1315769230769231	0.0067911726049225424	0.21465925629344584	0.012973179133915836	-0.0013876369087674114	32.11385917663574
19.422	2.8830434782608694	0.13976923076923078	0.004451650278559487	0.21881454512178117	0.012948800484365561	-0.0014723454091798995	32.40986251831055
19.422	2.8830434782608694	0.14796153846153848	0.0008537208557034072	0.22348613510946158	0.01278778908664338	-0.0016705402550505014	33.12505912780762
19.422	2.8830434782608694	0.15615384615384617	-0.001800173531482166	0.2283713108404946	0.012930971028855699	-0.0018634604200732697	32.59838676452637
19.422	2.8830434782608694	0.16434615384615386	-0.0074568432860171304	0.235473746714316	0.012817490212784301	-0.001894748240530054	30.878620147705078
19.422	2.8830434782608694	0.17253846153846156	-0.012712513727601887	0.24003823311253597	0.012910931363932298	-0.0023745853085264668	29.648788452148438
19.422	2.8830434782608694	0.18073076923076925	-0.01891394127203396	0.24562737485474107	0.013050617761518356	-0.002283949894231195	28.382076263427734
19.422	2.8830434782608694	0.18892307692307694	-0.026383540966047545	0.25156539334064487	0.012669125082264766	-0.0028254386084293217	27.453628540039062
19.422	2.8830434782608694	0.19711538461538464	-0.03409253542755912	0.2565157571658731	0.012780713690971134	-0.0028016181156411027	26.423873901367188
19.422	2.8830434782608694	0.20530769230769233	-0.04119439007328185	0.2606878266112239	0.012522990653421155	-0.0032738739688064978	25.730911254882812
19.422	2.8830434782608694	0.21350000000000002	-0.049100599356610555	0.264998440622051	0.012557344330342658	-0.0035597863483468888	25.030948638916016
19.422	2.8830434782608694	0.22169230769230772	-0.05756125109577684	0.26988776527793507	0.012413195626496384	-0.0037640955603352624	24.3596248626709
19.422	2.8830434782608694	0.2298846153846154	-0.06526759205738478	0.2724734753476188	0.012242833643045563	-0.004396955736676315	23.863290786743164
19.422	2.8830434782608694	0.2380769230769231	-0.07368456734696799	0.27549179085658043	0.012366012614171088	-0.004536861746343671	23.307790756225586
19.422	2.8830434782608694	0.2462692307692308	-0.0813719064383412	0.27810880883912314	0.01216821385524399	-0.004924181925905028	22.894878387451172
19.422	2.8830434782608694	0.25446153846153846	-0.08918741954626683	0.27989505596774394	0.012037558456520547	-0.005087417274736871	22.480026245117188
19.422	2.8830434782608694	0.2626538461538462	-0.09660127490498582	0.2823945660156605	0.012087118113132362	-0.005352344314541032	22.177658081054688
19.422	2.8830434782608694	0.2708461538461539	-0.10450122695283909	0.2841315898384844	0.01195428924446872	-0.005628020280436095	21.84479331970215
19.422	2.8830434782608694	0.27903846153846157	-0.11237979258283327	0.2853915143001652	0.011928653161056603	-0.005986079167564783	21.595027923583984
19.422	2.8830434782608694	0.28723076923076923	-0.11961362109076724	0.2870910173717118	0.011763933715952926	-0.006566279126416552	21.344459533691406
19.422	2.8830434782608694	0.29542307692307695	-0.12782411853340012	0.2885928695059543	0.011632206245009328	-0.006633786576019554	21.07545280456543
19.422	2.8830434782608694	0.3036153846153847	-0.1348622127997179	0.2893094812838523	0.011738443171522114	-0.0070762278756936565	20.888975143432617
19.422	2.8830434782608694	0.31180769230769234	-0.1418773108927043	0.28971543630603785	0.011432964000301898	-0.007528744563494761	20.74017333984375
19.422	2.8830434782608694	0.32	-0.14942675233071986	0.29170079104842184	0.011387820297907986	-0.007973665413189161	20.559555053710938
19.422	2.8917391304347824	0.0005	-0.09368944764321985	0.41139073245467184	0.01374013607516952	-0.003782873855968142	10.968498229980469
19.422	2.8917391304347824	0.008692307692307694	0.014656457675636348	0.11873611141236065	0.01382624099374786	-0.0037046492281171514	38.551124572753906
19.422	2.8917391304347824	0.016884615384615387	0.011236313881208994	0.1359269364567148	0.013613633250369251	-0.0034200535280853677	42.871742248535156
19.422	2.8917391304347824	0.02507692307692308	0.01137861177497158	0.1395567695440399	0.013615528033240124	-0.0036035981665724767	45.86738967895508
19.422	2.8917391304347824	0.03326923076923077	0.013964958760839325	0.1427594364916011	0.013402269800701822	-0.0035988669161309992	49.93816375732422
19.422	2.8917391304347824	0.041461538461538466	0.012149687383275844	0.14689287555562697	0.013082453162917573	-0.003516015295739986	42.3934211730957
19.422	2.8917391304347824	0.04965384615384616	0.011575982022400382	0.14984412343079825	0.013035851074873553	-0.0033378562001443813	43.83864212036133
19.422	2.8917391304347824	0.05784615384615385	0.00955671374809313	0.154629413791249	0.012808645485943019	-0.003299281295161142	40.7610969543457
19.422	2.8917391304347824	0.06603846153846155	0.009123295284876036	0.15560276711954873	0.01279422765452386	-0.003017481194484164	38.73464584350586
19.422	2.8917391304347824	0.07423076923076924	0.010725923655243079	0.16098351159620258	0.012416719332222258	-0.0030880738807005006	37.65949058532715
19.422	2.8917391304347824	0.08242307692307693	0.009772104028822854	0.16466901648469706	0.012384946599021911	-0.0030417905189656794	37.27308654785156
19.422	2.8917391304347824	0.09061538461538463	0.009696718611980338	0.17009499836766878	0.012225516470813167	-0.002720884063341091	35.850236892700195
19.422	2.8917391304347824	0.09880769230769232	0.008952982750947129	0.1717038830281959	0.012179366744045253	-0.002451909679870312	34.85570526123047
19.422	2.8917391304347824	0.10700000000000001	0.00902013197878143	0.1774770357549565	0.01190785168216289	-0.0023942669936936668	33.932281494140625
19.422	2.8917391304347824	0.1151923076923077	0.007741882671183751	0.182289939930808	0.01182669131735688	-0.002323463235070085	33.46636962890625
19.422	2.8917391304347824	0.1233846153846154	0.006809279191604759	0.18699264802982818	0.011935140846106019	-0.0022942094432903543	33.03529739379883
19.422	2.8917391304347824	0.1315769230769231	0.00501506927679893	0.19244499654652925	0.011738950027427426	-0.002480639157375889	32.932416915893555
19.422	2.8917391304347824	0.13976923076923078	0.0022379074982769405	0.1990822334601681	0.011810166498618827	-0.002558878282650433	33.511579513549805
19.422	2.8917391304347824	0.14796153846153848	-0.0015380913062084866	0.20559309254483293	0.011672501390605569	-0.0024653789407106923	33.54938888549805
19.422	2.8917391304347824	0.15615384615384617	-0.0062911575677002535	0.2128021366729818	0.011798938227956777	-0.002704672129336971	32.06879997253418
19.422	2.8917391304347824	0.16434615384615386	-0.012112152671268096	0.22066961930351775	0.012102572874524643	-0.002961693871185264	30.500707626342773
19.422	2.8917391304347824	0.17253846153846156	-0.01911861608587735	0.22870510177126196	0.012134161054649265	-0.0031080315047366945	29.245643615722656
19.422	2.8917391304347824	0.18073076923076925	-0.02668262784353352	0.2341751405154826	0.01163952284824911	-0.0036455353897590806	28.073190689086914
19.422	2.8917391304347824	0.18892307692307694	-0.03511710362627609	0.24176474685757643	0.011588488176121342	-0.0038045367551987714	27.068206787109375
19.422	2.8917391304347824	0.19711538461538464	-0.04342957676267843	0.24677555242674454	0.01143190731009024	-0.004203793461277399	26.161802291870117
19.422	2.8917391304347824	0.20530769230769233	-0.05204863313006655	0.2531828108595179	0.011250594667993946	-0.004378896318035303	25.405323028564453
19.422	2.8917391304347824	0.21350000000000002	-0.06000752494324418	0.2574944798545873	0.01140331559986772	-0.004589614722777085	24.821346282958984
19.422	2.8917391304347824	0.22169230769230772	-0.0682925089680387	0.2624907402582282	0.011175014799856227	-0.004853253656784977	24.19026756286621
19.422	2.8917391304347824	0.2298846153846154	-0.0763609718747423	0.26644239147022	0.011019079947606796	-0.005317835619729074	23.69243049621582
19.422	2.8917391304347824	0.2380769230769231	-0.08484611452195645	0.26889865784380773	0.011032968438631583	-0.005508079996353794	23.274662017822266
19.422	2.8917391304347824	0.2462692307692308	-0.09311147598471306	0.271591826627699	0.010852956061238303	-0.0060243157751689366	22.84488296508789
19.422	2.8917391304347824	0.25446153846153846	-0.10146088152578411	0.27458637448875467	0.010571847760250897	-0.006195800265225109	22.56157684326172
19.422	2.8917391304347824	0.2626538461538462	-0.1086114316880972	0.27708925557080355	0.01053262942544827	-0.006421085895862128	22.227537155151367
19.422	2.8917391304347824	0.2708461538461539	-0.11647743294921524	0.27969694606094375	0.01039419215006639	-0.00687337223539442	21.939468383789062
19.422	2.8917391304347824	0.27903846153846157	-0.12433135298509579	0.28093517266240897	0.010547111926264986	-0.007047975805565654	21.683359146118164
19.422	2.8917391304347824	0.28723076923076923	-0.13244746802105062	0.2827518378631584	0.010361611714570954	-0.007488317482895681	21.447986602783203
19.422	2.8917391304347824	0.29542307692307695	-0.14011690127257234	0.2834787017573281	0.010206029271491408	-0.007814976004522335	21.236114501953125
19.422	2.8917391304347824	0.3036153846153847	-0.14663214767726684	0.2844409819222126	0.010158351993281566	-0.008021711348662967	21.0465087890625
19.422	2.8917391304347824	0.31180769230769234	-0.15494195531896923	0.28553145074162856	0.009991804814357767	-0.008666063467369558	20.903013229370117
19.422	2.8917391304347824	0.32	-0.16089050108017178	0.2852073468320404	0.009894845045676157	-0.008843061482815846	20.73444938659668
19.422	2.9004347826086954	0.0005	-0.09023032258815504	0.2521443314989674	0.013234021802384342	-0.005741538003616458	11.609176635742188
19.422	2.9004347826086954	0.008692307692307694	0.019197861228025515	0.1934490204059976	0.013113442798351273	-0.005641693083629524	37.07501983642578
19.422	2.9004347826086954	0.016884615384615387	0.014922545817151177	0.20580385616195845	0.012908517764664557	-0.005601789932442675	41.338321685791016
19.422	2.9004347826086954	0.02507692307692308	0.017431778908939297	0.21113686407326374	0.01280401968257808	-0.005364201991067891	46.943363189697266
19.422	2.9004347826086954	0.03326923076923077	0.018133873940677572	0.2117513164353243	0.012632394212324326	-0.005466337270612602	44.833946228027344
19.422	2.9004347826086954	0.041461538461538466	0.0177844539044592	0.21587073025758777	0.012492551222022343	-0.004983927062888947	44.16259765625
19.422	2.9004347826086954	0.04965384615384616	0.016868069769042596	0.2167001792725516	0.012370693392495778	-0.004843886278089378	39.38643264770508
19.422	2.9004347826086954	0.05784615384615385	0.017502591097359448	0.21670027013585572	0.011840045757799848	-0.004682573199246583	38.27634239196777
19.422	2.9004347826086954	0.06603846153846155	0.016933498399603005	0.21815741425217558	0.011658462453647937	-0.004428087240077166	36.73017883300781
19.422	2.9004347826086954	0.07423076923076924	0.01670490648438299	0.21883062203252185	0.01148531982050901	-0.004243412098795833	35.71300506591797
19.422	2.9004347826086954	0.08242307692307693	0.01804237862424069	0.21948557422566656	0.011348551345077626	-0.003846040897266339	34.35480308532715
19.422	2.9004347826086954	0.09061538461538463	0.017095665338720027	0.22149904457456854	0.011229155634356391	-0.0036191213509573703	33.16878700256348
19.422	2.9004347826086954	0.09880769230769232	0.01612329283906154	0.22375578959770845	0.010795945013597912	-0.003457215989246848	32.38737106323242
19.422	2.9004347826086954	0.10700000000000001	0.015258625824377018	0.22248614486023213	0.011040824890352477	-0.0030655425315308255	31.640687942504883
19.422	2.9004347826086954	0.1151923076923077	0.013056810794829007	0.22518240653378668	0.010604668411800328	-0.003081502377753425	31.2257022857666
19.422	2.9004347826086954	0.1233846153846154	0.012084113312617497	0.2274266841785727	0.010750481025509824	-0.002997315749584492	30.945125579833984
19.422	2.9004347826086954	0.1315769230769231	0.009709629288390295	0.23044259006795598	0.010598192989708141	-0.0031419498985651192	30.9169921875
19.422	2.9004347826086954	0.13976923076923078	0.005872522633859555	0.2340869105208345	0.010520732037370579	-0.0029108705672366295	31.090547561645508
19.422	2.9004347826086954	0.14796153846153848	0.0019873479484529286	0.2403222369601891	0.010584249153911906	-0.003084337135922026	31.504180908203125
19.422	2.9004347826086954	0.15615384615384617	-0.004410689500072503	0.24764959333594294	0.010378729051519764	-0.0035674838408321216	31.136322021484375
19.422	2.9004347826086954	0.16434615384615386	-0.010406334277867468	0.25420533342245766	0.010565574677822313	-0.0036565339945307455	29.749292373657227
19.422	2.9004347826086954	0.17253846153846156	-0.018017852337676915	0.2616068516908271	0.010556310320104978	-0.0038906056515950072	28.489669799804688
19.422	2.9004347826086954	0.18073076923076925	-0.026146078235275812	0.268602347154716	0.010498846087436692	-0.0038677290396842466	27.3491268157959
19.422	2.9004347826086954	0.18892307692307694	-0.034470687362874834	0.2745900190484454	0.010313386594098542	-0.00428452234107579	26.329967498779297
19.422	2.9004347826086954	0.19711538461538464	-0.042979959402472845	0.2804247021763329	0.009918778606843683	-0.004609566073376191	25.55385971069336
19.422	2.9004347826086954	0.20530769230769233	-0.051379776665598294	0.2855972690814268	0.009731243695717873	-0.004991755130900178	24.831966400146484
19.422	2.9004347826086954	0.21350000000000002	-0.0596280994857437	0.28978441899644153	0.009848377749394777	-0.005134966831017334	24.202877044677734
19.422	2.9004347826086954	0.22169230769230772	-0.06865958636950317	0.2953748289682151	0.009620111353946775	-0.005682647150765099	23.60959243774414
19.422	2.9004347826086954	0.2298846153846154	-0.07647588392683663	0.29805503333883115	0.009630786775339979	-0.005765691185541771	23.185909271240234
19.422	2.9004347826086954	0.2380769230769231	-0.08487913617304604	0.30072753707748534	0.009354585680545258	-0.006160423283827773	22.724184036254883
19.422	2.9004347826086954	0.2462692307692308	-0.09254718641004415	0.3031284699041938	0.009408710343256074	-0.006358579179314479	22.32674789428711
19.422	2.9004347826086954	0.25446153846153846	-0.10054349751862596	0.305112839833608	0.00933305852253068	-0.00652887182697272	21.9935245513916
19.422	2.9004347826086954	0.2626538461538462	-0.1090220900114188	0.3078957101200178	0.00916059214391764	-0.006977827994613209	21.668502807617188
19.422	2.9004347826086954	0.2708461538461539	-0.11622353995698784	0.30947677119266537	0.008975395359767315	-0.00747330634758156	21.42997169494629
19.422	2.9004347826086954	0.27903846153846157	-0.12409121513779882	0.31127964140742037	0.008845568143260023	-0.0078108747772891625	21.18533706665039
19.422	2.9004347826086954	0.28723076923076923	-0.1313944168116083	0.3113746758377056	0.008825955112660589	-0.00792188686530763	20.999858856201172
19.422	2.9004347826086954	0.29542307692307695	-0.13823680623500845	0.31161110292317973	0.008641923705362707	-0.008329176652688794	20.813867568969727
19.422	2.9004347826086954	0.3036153846153847	-0.14569219780751375	0.3132189842499554	0.008500729324077243	-0.008739348547743893	20.566516876220703
19.422	2.9004347826086954	0.31180769230769234	-0.1529731494911068	0.3146393060527807	0.008364077542475569	-0.008804904175014689	20.457183837890625
19.422	2.9004347826086954	0.32	-0.15975093334690266	0.3139499282307988	0.008403635756644177	-0.009258926614125966	20.300153732299805
19.422	2.9091304347826084	0.0005	-0.009750765150045715	0.26394980799705425	0.011876118260986751	-0.005559787787634633	11.175338745117188
19.422	2.9091304347826084	0.008692307692307694	0.012477279598707751	0.16719204152970224	0.011856278665434568	-0.0054529960728098405	34.520225524902344
19.422	2.9091304347826084	0.016884615384615387	0.010697287025258385	0.17630276968290837	0.011912798920909896	-0.005476107140858663	41.69325256347656
19.422	2.9091304347826084	0.02507692307692308	0.008827679308459601	0.1784746277104858	0.011326364443727636	-0.0053679796650337504	38.72484588623047
19.422	2.9091304347826084	0.03326923076923077	0.009137193097129903	0.17816089796421858	0.01113359252499975	-0.005548696803811913	44.56667709350586
19.422	2.9091304347826084	0.041461538461538466	0.00740571711368505	0.17941085345546798	0.0108377165111571	-0.005233144393418771	44.06607437133789
19.422	2.9091304347826084	0.04965384615384616	0.008034986110661549	0.1763645952752435	0.01062351533033249	-0.004747078565464764	40.97490692138672
19.422	2.9091304347826084	0.05784615384615385	0.008294639620837437	0.17705755720796018	0.01027035021134644	-0.004636996579337154	39.51426315307617
19.422	2.9091304347826084	0.06603846153846155	0.008711743906950354	0.17622449925771583	0.010125126165923672	-0.004239370095002629	38.3903865814209
19.422	2.9091304347826084	0.07423076923076924	0.009140254689774172	0.17484253331216998	0.009826182499454258	-0.003996589043624578	37.553884506225586
19.422	2.9091304347826084	0.08242307692307693	0.00876781096907581	0.175804985716371	0.00967789384186626	-0.0038083598652949493	35.98442268371582
19.422	2.9091304347826084	0.09061538461538463	0.008235231801340963	0.17791304181699938	0.009443428608802788	-0.003465942598623759	35.197370529174805
19.422	2.9091304347826084	0.09880769230769232	0.007128394294302428	0.17947035611269024	0.009290018942421006	-0.003421076936857384	34.43340301513672
19.422	2.9091304347826084	0.10700000000000001	0.006103366128406932	0.1810171187460604	0.009199303443297084	-0.002982534644229756	33.62315559387207
19.422	2.9091304347826084	0.1151923076923077	0.004904194764965361	0.18389266554613848	0.009030527479456107	-0.0027735309077453387	32.98864936828613
19.422	2.9091304347826084	0.1233846153846154	0.0038335757629807646	0.18958744623114604	0.009033688253452543	-0.0026078930720431085	32.48673057556152
19.422	2.9091304347826084	0.1315769230769231	0.00136289651191846	0.19137789432154703	0.008838992095213528	-0.0025121684355159414	32.223859786987305
19.422	2.9091304347826084	0.13976923076923078	-0.0012145919806155713	0.1973636953955315	0.00890037878965257	-0.002686336789814562	32.26160430908203
19.422	2.9091304347826084	0.14796153846153848	-0.0041114868920707846	0.204081992662913	0.00882282427038297	-0.0028071893035043908	32.57978439331055
19.422	2.9091304347826084	0.15615384615384617	-0.00954861467557958	0.21160571270302064	0.00884294060516402	-0.002724438475499016	33.29820251464844
19.422	2.9091304347826084	0.16434615384615386	-0.015538370120624364	0.22002829442925553	0.00901521914921466	-0.0030393198210472198	32.36688041687012
19.422	2.9091304347826084	0.17253846153846156	-0.022365192785786837	0.22920532948904965	0.008943264487388997	-0.0032255216769012714	30.852506637573242
19.422	2.9091304347826084	0.18073076923076925	-0.03081745626025125	0.23741861261063546	0.008859938552019223	-0.003408716292856801	29.508419036865234
19.422	2.9091304347826084	0.18892307692307694	-0.03921226917234393	0.24657495452089678	0.008770226709044425	-0.0037747139630806056	28.315629959106445
19.422	2.9091304347826084	0.19711538461538464	-0.04868501956416493	0.2544457773581136	0.008716755336263997	-0.003948210344459453	27.267282485961914
19.422	2.9091304347826084	0.20530769230769233	-0.05666568925562515	0.26214731937993674	0.008605588930494368	-0.004298931519928052	26.497982025146484
19.422	2.9091304347826084	0.21350000000000002	-0.06548684210536193	0.2683739689042675	0.008411209440363549	-0.004508535663602419	25.7962589263916
19.422	2.9091304347826084	0.22169230769230772	-0.07449419527013232	0.27552802394148945	0.008338108355861365	-0.004952848367437265	25.14497184753418
19.422	2.9091304347826084	0.2298846153846154	-0.0828347079467916	0.28122740542877345	0.008438227132416654	-0.005161970090750197	24.559450149536133
19.422	2.9091304347826084	0.2380769230769231	-0.09186352041458701	0.2868221457607314	0.008241335191912221	-0.005409484582934766	24.063758850097656
19.422	2.9091304347826084	0.2462692307692308	-0.10047431501032078	0.2902907860148727	0.008195130831112767	-0.005641037452458454	23.672290802001953
19.422	2.9091304347826084	0.25446153846153846	-0.10869993728082017	0.2952205964730725	0.008095793577709023	-0.006174628658426808	23.31365203857422
19.422	2.9091304347826084	0.2626538461538462	-0.11660407867710425	0.29832861622736306	0.007856653789576087	-0.006522926534379216	22.891897201538086
19.422	2.9091304347826084	0.2708461538461539	-0.12454024869792527	0.3007844395472236	0.007808911083895316	-0.006477399478430751	22.609880447387695
19.422	2.9091304347826084	0.27903846153846157	-0.13379790370443845	0.304952133790957	0.007893758868915987	-0.006804745136485669	22.332134246826172
19.422	2.9091304347826084	0.28723076923076923	-0.14139105193099438	0.3064938948211168	0.007805080480132397	-0.007433660353324901	22.083805084228516
19.422	2.9091304347826084	0.29542307692307695	-0.15044390074691236	0.3085602209624742	0.007617002404921936	-0.007403420654725407	21.904783248901367
19.422	2.9091304347826084	0.3036153846153847	-0.15734292911554995	0.3102869778940732	0.007360895762232687	-0.007987936754324293	21.700786590576172
19.422	2.9091304347826084	0.31180769230769234	-0.16584179112877068	0.31272985097712835	0.007266369402288282	-0.008195595489037314	21.5017147064209
19.422	2.9091304347826084	0.32	-0.17337721875126783	0.31378445933333604	0.00721248571068082	-0.00868694674990831	21.357772827148438
19.422	2.917826086956522	0.0005	0.06389118400212998	0.12143274981754838	0.01017159431436248	-0.004004389295182697	14.860427856445312
19.422	2.917826086956522	0.008692307692307694	-0.0020973298251939342	0.19803703565376818	0.010047030288701174	-0.003888926756544282	36.216548919677734
19.422	2.917826086956522	0.016884615384615387	0.00017278492563609722	0.1996581570401118	0.009875662200867967	-0.003804907173164366	41.32522964477539
19.422	2.917826086956522	0.02507692307692308	-0.00013861358052845397	0.20466238420151928	0.009805924052634037	-0.0038460040826469983	45.990501403808594
19.422	2.917826086956522	0.03326923076923077	0.0025134850304687453	0.2065554737269208	0.009490301730656465	-0.0037340791860009125	42.720672607421875
19.422	2.917826086956522	0.041461538461538466	0.0026981700031490623	0.20504669641858136	0.009405060755260358	-0.0035907434269334027	42.342342376708984
19.422	2.917826086956522	0.04965384615384616	0.005024503682924476	0.20573624481038288	0.009128784106587079	-0.0034149795777996487	40.27668762207031
19.422	2.917826086956522	0.05784615384615385	0.005338222390206886	0.20521085040025494	0.009008807307142395	-0.002986717622950299	38.445003509521484
19.422	2.917826086956522	0.06603846153846155	0.006407958870919772	0.20270864741258404	0.008653309839516132	-0.002759042393397387	36.98967933654785
19.422	2.917826086956522	0.07423076923076924	0.007461395716460769	0.20193297379963177	0.008603739386856614	-0.0027043800697290794	36.33346366882324
19.422	2.917826086956522	0.08242307692307693	0.008785495018752636	0.20068356805794013	0.008342696173124931	-0.002367056578503061	34.79086685180664
19.422	2.917826086956522	0.09061538461538463	0.008114965053470449	0.20109073253304938	0.008088760466572047	-0.0020618471308566817	33.756784439086914
19.422	2.917826086956522	0.09880769230769232	0.00775164086404427	0.20042497342116006	0.0079805388657833	-0.0019121730433781768	33.01019287109375
19.422	2.917826086956522	0.10700000000000001	0.00795635698628782	0.19937242044148767	0.007760174779413577	-0.0018281395138173718	32.374000549316406
19.422	2.917826086956522	0.1151923076923077	0.007145275787889562	0.19969802888241206	0.007990064161647072	-0.0014967534809012563	31.43585968017578
19.422	2.917826086956522	0.1233846153846154	0.0064725683806213736	0.20188175660987875	0.007877000694577063	-0.0015005002957173212	31.308691024780273
19.422	2.917826086956522	0.1315769230769231	0.005433992166279925	0.2026054339683524	0.008092313598796964	-0.001043316965590311	31.210603713989258
19.422	2.917826086956522	0.13976923076923078	0.003554751288237163	0.20602182633411392	0.007840174613999905	-0.0014162520091508851	30.996091842651367
19.422	2.917826086956522	0.14796153846153848	0.0004459835308807795	0.2100031697224936	0.007867480856191019	-0.0014768248115820113	31.35366439819336
19.422	2.917826086956522	0.15615384615384617	-0.0023768217255618752	0.2143138042702129	0.007849635701506576	-0.0015353509543592912	31.863981246948242
19.422	2.917826086956522	0.16434615384615386	-0.006582139744938011	0.21884652046211056	0.007952315086789265	-0.0016684366648811112	32.601783752441406
19.422	2.917826086956522	0.17253846153846156	-0.012335233375273133	0.2259888504072502	0.00792151015172943	-0.0019506107663748266	32.56784248352051
19.422	2.917826086956522	0.18073076923076925	-0.01862477401104424	0.2339029330535619	0.007924713081895194	-0.0020790391350527055	31.226825714111328
19.422	2.917826086956522	0.18892307692307694	-0.02561864534795259	0.24020704992776942	0.007777134674581564	-0.0024643490902843093	30.036029815673828
19.422	2.917826086956522	0.19711538461538464	-0.03337493836948481	0.24637284129420003	0.007859006449204203	-0.0028640728979328666	28.891277313232422
19.422	2.917826086956522	0.20530769230769233	-0.04093114733764736	0.25338673293152536	0.007837410676000713	-0.0029239989394360885	27.962800979614258
19.422	2.917826086956522	0.21350000000000002	-0.04904764126054574	0.25874605381657967	0.0076537787507787	-0.003311418930646525	27.11493682861328
19.422	2.917826086956522	0.22169230769230772	-0.05724803561158136	0.2646070966667055	0.007782465923906828	-0.003679860944506278	26.433544158935547
19.422	2.917826086956522	0.2298846153846154	-0.0651163400877233	0.26943761857063764	0.007681010640322754	-0.003833208325780496	25.72532844543457
19.422	2.917826086956522	0.2380769230769231	-0.0729195149053647	0.2735908307679274	0.007542367133379274	-0.00420860529473742	25.095388412475586
19.422	2.917826086956522	0.2462692307692308	-0.08084131681681461	0.278634339459575	0.007419937643511405	-0.004378733578121445	24.69037628173828
19.422	2.917826086956522	0.25446153846153846	-0.08881371010891236	0.2817267442270217	0.007408010494607235	-0.004811129549489257	24.199731826782227
19.422	2.917826086956522	0.2626538461538462	-0.09645897730947024	0.2851358071260944	0.007263122390015535	-0.004892732097948873	23.77548599243164
19.422	2.917826086956522	0.2708461538461539	-0.10420676037878421	0.2874896051894225	0.007122662173226026	-0.005480018387322752	23.482818603515625
19.422	2.917826086956522	0.27903846153846157	-0.1117423186004089	0.29113112783479655	0.007127406197505846	-0.005660861600389692	23.08640480041504
19.422	2.917826086956522	0.28723076923076923	-0.11951530597125379	0.2931253575889968	0.007013854299144538	-0.0058186875843900965	22.830913543701172
19.422	2.917826086956522	0.29542307692307695	-0.12728109584304542	0.2958332690489897	0.0067773041100808555	-0.006294504542063296	22.566173553466797
19.422	2.917826086956522	0.3036153846153847	-0.1346107643376853	0.2976328513169848	0.006611295073214915	-0.006623166774090755	22.38603973388672
19.422	2.917826086956522	0.31180769230769234	-0.14201988487074482	0.299136581431428	0.0065217806439194816	-0.00694909570981035	22.168617248535156
19.422	2.917826086956522	0.32	-0.14998467101576607	0.3003624524261044	0.006208100674780476	-0.007383365623484608	21.981727600097656
19.422	2.926521739130435	0.0005	-0.10018995405954732	0.3032190400369181	0.009165766234377915	-0.001095298452280913	13.57275390625
19.422	2.926521739130435	0.008692307692307694	-0.001068414908664557	0.15518537499703902	0.009252072205234317	-0.0010415443841345553	39.67756271362305
19.422	2.926521739130435	0.016884615384615387	0.00405701233742919	0.17927366235055467	0.009041310987484636	-0.0012305138687231524	42.52415084838867
19.422	2.926521739130435	0.02507692307692308	-0.00021273853407661683	0.17757142592629405	0.008801567742143957	-0.001330433379945319	43.95548629760742
19.422	2.926521739130435	0.03326923076923077	0.00013011884667024303	0.17970950199844535	0.008714633126824476	-0.0011867006704334943	44.78824234008789
19.422	2.926521739130435	0.041461538461538466	0.0008874495027218815	0.17987167729618245	0.00856082422923958	-0.0010611380478223508	44.80473327636719
19.422	2.926521739130435	0.04965384615384616	0.0010398001316993095	0.17793049739454145	0.008316338892835961	-0.0011350184290416791	42.313018798828125
19.422	2.926521739130435	0.05784615384615385	0.0012555631250201335	0.18043031398453013	0.007895108864000546	-0.0009631427993745743	40.9936408996582
19.422	2.926521739130435	0.06603846153846155	0.001188014912774096	0.17615471688665416	0.008007256152815773	-0.0009119286790555476	39.30676460266113
19.422	2.926521739130435	0.07423076923076924	0.0016320807042269788	0.17808054167495851	0.00767000058931542	-0.0007535848473965228	38.85391807556152
19.422	2.926521739130435	0.08242307692307693	0.0005645564049395049	0.1791177853489584	0.007462028411283495	-0.0008805463187202605	37.096561431884766
19.422	2.926521739130435	0.09061538461538463	0.0008809316322334774	0.1802290263190938	0.007433889078231811	-0.0004694082553324126	35.81526565551758
19.422	2.926521739130435	0.09880769230769232	-0.0004540667211647324	0.179269700952383	0.007430469734720538	-0.0003238008490707512	35.12965393066406
19.422	2.926521739130435	0.10700000000000001	-0.00017493156311206929	0.18054374857262823	0.007281361392618655	-0.0004005409630687607	34.220924377441406
19.422	2.926521739130435	0.1151923076923077	-0.002611059102225	0.18314573658051025	0.007354928158863875	-0.0001681564223722858	33.79753494262695
19.422	2.926521739130435	0.1233846153846154	-0.0038523414176840987	0.18628649823137616	0.00749884204704812	-3.8023712631792544e-05	33.43513488769531
19.422	2.926521739130435	0.1315769230769231	-0.0052780272210900345	0.18980448579884188	0.007385793070702662	-6.721320366511515e-05	33.3582649230957
19.422	2.926521739130435	0.13976923076923078	-0.007422604628888776	0.19403125956521214	0.007319864249665096	-8.389901334217555e-05	33.36977005004883
19.422	2.926521739130435	0.14796153846153848	-0.009979304724374938	0.19797646335349586	0.007402405961919264	-0.0002379621769511267	33.80448532104492
19.422	2.926521739130435	0.15615384615384617	-0.012833103794687425	0.20414014644565953	0.007272771574888447	-0.00030705123388420955	34.26694679260254
19.422	2.926521739130435	0.16434615384615386	-0.01712794414471785	0.21003238102134503	0.007427455401458778	-0.0005000013003085118	34.71571731567383
19.422	2.926521739130435	0.17253846153846156	-0.022528231557785272	0.21641686975676577	0.007617414877578612	-0.0008875800474855443	33.14948654174805
19.422	2.926521739130435	0.18073076923076925	-0.02863447549159403	0.22469830075071656	0.00771822840965173	-0.000978730049117745	31.657188415527344
19.422	2.926521739130435	0.18892307692307694	-0.0360980478929146	0.23111440018485296	0.007437141550547621	-0.0012991085467171928	30.247268676757812
19.422	2.926521739130435	0.19711538461538464	-0.043861857381011345	0.23866422878065485	0.0074660558222569475	-0.0015718561572193976	29.127864837646484
19.422	2.926521739130435	0.20530769230769233	-0.05217764046817551	0.24551380964414551	0.007513792728284521	-0.0017974918128370594	28.157470703125
19.422	2.926521739130435	0.21350000000000002	-0.060242380578960864	0.2513354201287451	0.007273745156474057	-0.002325619122879296	27.321500778198242
19.422	2.926521739130435	0.22169230769230772	-0.06958112104646218	0.2582822754312668	0.007278101824525955	-0.0025108617389930166	26.485258102416992
19.422	2.926521739130435	0.2298846153846154	-0.07844959190431332	0.2645982598103013	0.007290775156335714	-0.0028280412246016926	25.73434829711914
19.422	2.926521739130435	0.2380769230769231	-0.08696316346422416	0.2683148318868769	0.0072254513663417615	-0.0030121000201302804	25.23931121826172
19.422	2.926521739130435	0.2462692307692308	-0.09559146666968686	0.27275431128996136	0.006880163141304596	-0.003530948879371241	24.68105697631836
19.422	2.926521739130435	0.25446153846153846	-0.10461543874651635	0.2774360221830168	0.006876334786202507	-0.003766352267827021	24.210887908935547
19.422	2.926521739130435	0.2626538461538462	-0.11269417024694359	0.2810139295591827	0.006809913909374013	-0.00404873113873356	23.767799377441406
19.422	2.926521739130435	0.2708461538461539	-0.1215533438997092	0.2850097410792014	0.006632151119052157	-0.004192690225553254	23.404991149902344
19.422	2.926521739130435	0.27903846153846157	-0.1300971512611123	0.28810909052937206	0.0066610531623750475	-0.004614170694556911	23.090373992919922
19.422	2.926521739130435	0.28723076923076923	-0.13856037352055817	0.2903386208595984	0.006593312073951399	-0.00489836798697851	22.775951385498047
19.422	2.926521739130435	0.29542307692307695	-0.14754656834785077	0.29269420269451774	0.0064953235016487	-0.005252121500332113	22.550294876098633
19.422	2.926521739130435	0.3036153846153847	-0.15560100718869774	0.29576616000458894	0.006382273340201701	-0.0056611025215101245	22.26747703552246
19.422	2.926521739130435	0.31180769230769234	-0.16398847454695906	0.29830465947352647	0.00632206164773064	-0.0056775230132483714	22.089630126953125
19.422	2.926521739130435	0.32	-0.17145352937800917	0.2990589402236902	0.0060890329006917186	-0.006119245990401641	21.92572593688965
19.422	2.935217391304348	0.0005	-0.08395434000117816	0.2990568421401941	0.007727450521796331	0.0008737189790041398	14.955825805664062
19.422	2.935217391304348	0.008692307692307694	-0.004677919407673777	0.1386244015410279	0.007886655078053795	0.0010419259393744363	36.2841911315918
19.422	2.935217391304348	0.016884615384615387	-0.007187659854990267	0.14489248097167212	0.007806151041248789	0.0010101358127927844	41.60234451293945
19.422	2.935217391304348	0.02507692307692308	-0.008261458951038143	0.15452916464061336	0.0076842008147022575	0.0008765284289635268	47.61695861816406
19.422	2.935217391304348	0.03326923076923077	-0.006186162310642019	0.15914016505927636	0.007649638950607485	0.000895188994109455	44.422401428222656
19.422	2.935217391304348	0.041461538461538466	-0.004050380960789474	0.16155079971166847	0.007524876241894421	0.0008175814741251914	45.12328338623047
19.422	2.935217391304348	0.04965384615384616	-0.003906042353001389	0.16547576557012794	0.007339884348164813	0.0007245476959314044	41.28135871887207
19.422	2.935217391304348	0.05784615384615385	-0.001435976956721782	0.16734788375111953	0.007237180934260575	0.0008102887861740663	39.426740646362305
19.422	2.935217391304348	0.06603846153846155	-0.0019651066667702257	0.167928630943845	0.0072505755508139105	0.0007754308479251352	37.98307228088379
19.422	2.935217391304348	0.07423076923076924	-0.0019286732084619852	0.1695188383470278	0.007028961950141266	0.0008623963803540795	36.947471618652344
19.422	2.935217391304348	0.08242307692307693	0.0003191484620206254	0.17359446096023096	0.006894726383905333	0.0006965361943866781	35.71589279174805
19.422	2.935217391304348	0.09061538461538463	-0.0009076096592448217	0.1728665916553661	0.006784105087754441	0.0008761393845324405	34.027286529541016
19.422	2.935217391304348	0.09880769230769232	-0.00015147980395477164	0.174921160570994	0.00694719381123434	0.000981824065545458	33.60939598083496
19.422	2.935217391304348	0.10700000000000001	-0.0004784544660260077	0.17726455129488677	0.006862971272519754	0.0010627948386093397	32.834489822387695
19.422	2.935217391304348	0.1151923076923077	-0.0011881496604082267	0.17980752519253934	0.006868216967330898	0.0011208132851740832	32.277015686035156
19.422	2.935217391304348	0.1233846153846154	-0.0014807138096142492	0.1814524083378214	0.006828643147167659	0.0011356826682251487	31.917551040649414
19.422	2.935217391304348	0.1315769230769231	-0.0032983384501488857	0.184534434708797	0.006862270198911341	0.0010980725521014608	31.843746185302734
19.422	2.935217391304348	0.13976923076923078	-0.004455462790683099	0.18836483854337838	0.006920787990787852	0.0009322713624689857	32.17341232299805
19.422	2.935217391304348	0.14796153846153848	-0.00649229422549922	0.19225835862106883	0.006963412461126231	0.0008342522189048974	32.443145751953125
19.422	2.935217391304348	0.15615384615384617	-0.009400588315617554	0.19638568458387048	0.007056856889183638	0.0007251548093189394	33.15676498413086
19.422	2.935217391304348	0.16434615384615386	-0.01341698601976843	0.20258974674400282	0.007007036318517365	0.00027080415662463566	33.70180702209473
19.422	2.935217391304348	0.17253846153846156	-0.017568024789207888	0.20734230380029	0.007100456942006148	6.914017045242921e-05	32.41340446472168
19.422	2.935217391304348	0.18073076923076925	-0.022963938838066585	0.21263683840614506	0.007149009304498214	-0.00010606880047560579	31.115232467651367
19.422	2.935217391304348	0.18892307692307694	-0.02933373384002252	0.21834035894560905	0.006959481831085761	-0.000537704089462913	29.90085792541504
19.422	2.935217391304348	0.19711538461538464	-0.03734981167816942	0.22392221565786058	0.006907534993456099	-0.0011129697568932721	28.89413833618164
19.422	2.935217391304348	0.20530769230769233	-0.04428818567411428	0.22809096216186192	0.006890508323135329	-0.0012211447498586337	27.91326141357422
19.422	2.935217391304348	0.21350000000000002	-0.051315901795677375	0.234212411016486	0.006968704782206799	-0.0014057333057891641	27.093814849853516
19.422	2.935217391304348	0.22169230769230772	-0.058368198439189445	0.23750876084584072	0.0068301666116741995	-0.00185778066481354	26.516651153564453
19.422	2.935217391304348	0.2298846153846154	-0.06692741319567687	0.24168973793890308	0.006620227805781887	-0.0020940795025307262	25.815902709960938
19.422	2.935217391304348	0.2380769230769231	-0.07362243736720589	0.2451179471644099	0.006588738941169554	-0.002320657697188714	25.30022430419922
19.422	2.935217391304348	0.2462692307692308	-0.08159239974582234	0.2479808939191112	0.006414930594517222	-0.0027332944815568827	24.792686462402344
19.422	2.935217391304348	0.25446153846153846	-0.0887400045008882	0.25054911160696525	0.006491868223427164	-0.0028920397881008883	24.37898826599121
19.422	2.935217391304348	0.2626538461538462	-0.09669708099720306	0.2534804280514882	0.006441097168315254	-0.003039282746779251	23.942737579345703
19.422	2.935217391304348	0.2708461538461539	-0.10323503112888352	0.2549061984435569	0.006373595723737508	-0.003539132404032422	23.58116912841797
19.422	2.935217391304348	0.27903846153846157	-0.1112705343037729	0.25803463818981265	0.006255787393350087	-0.0034870834072373265	23.296796798706055
19.422	2.935217391304348	0.28723076923076923	-0.11875937086360552	0.25954052415181394	0.006136725298968425	-0.004033180489461479	23.03774642944336
19.422	2.935217391304348	0.29542307692307695	-0.12567881474383952	0.2609584283563128	0.005972760424636299	-0.004401581260567307	22.76470375061035
19.422	2.935217391304348	0.3036153846153847	-0.13296512064403704	0.26208510726711787	0.005676786914780614	-0.004717764529409302	22.549345016479492
19.422	2.935217391304348	0.31180769230769234	-0.1405360942531455	0.26382268597509795	0.005449814895776333	-0.005177875251872316	22.326210021972656
19.422	2.935217391304348	0.32	-0.1475999913947429	0.2646704309578276	0.005501032424535047	-0.005367513939714701	21.806360244750977
19.422	2.943913043478261	0.0005	0.03342074827982523	0.20976858818486693	0.007648624431703031	0.0030293674361327443	11.240028381347656
19.422	2.943913043478261	0.008692307692307694	0.007504457996622108	0.1196524688001013	0.008019296634255695	0.0033586588448396675	37.35223388671875
19.422	2.943913043478261	0.016884615384615387	0.0021987022904273526	0.13404322762959642	0.007719813810898888	0.003062555396658285	43.15875244140625
19.422	2.943913043478261	0.02507692307692308	0.005367865420651103	0.1412044769431	0.007883637194694032	0.0033445527023541065	46.072418212890625
19.422	2.943913043478261	0.03326923076923077	0.005240141514461896	0.14347179688499326	0.007675172577849181	0.0031900896984949994	44.80942153930664
19.422	2.943913043478261	0.041461538461538466	0.004796501817638805	0.15190891529888767	0.007421250280579138	0.002939625348102423	46.11220932006836
19.422	2.943913043478261	0.04965384615384616	0.004284317983963963	0.15697803627863544	0.007404733599226043	0.002661470975311828	41.96356201171875
19.422	2.943913043478261	0.05784615384615385	0.004146940019611732	0.16218094525527	0.00725539592244206	0.002518479250690526	40.57508659362793
19.422	2.943913043478261	0.06603846153846155	0.004467114948831956	0.1665934959847365	0.00724763605478399	0.0024947852688559213	38.98185729980469
19.422	2.943913043478261	0.07423076923076924	0.00323105021675722	0.16767954700178245	0.007074743792814198	0.0024743259916029416	37.527503967285156
19.422	2.943913043478261	0.08242307692307693	0.0021650729122963904	0.17177413004580744	0.006852269674833532	0.0021655455561901482	36.123939514160156
19.422	2.943913043478261	0.09061538461538463	0.0014209433116345509	0.17368930933346022	0.006916142453931663	0.002324710774961869	34.926578521728516
19.422	2.943913043478261	0.09880769230769232	0.000980035926434291	0.1769996564490811	0.006914393212908739	0.0022012920560071734	34.053611755371094
19.422	2.943913043478261	0.10700000000000001	-0.0005819759965536588	0.17910232895250983	0.006807176977174139	0.0022862268524383843	33.56524658203125
19.422	2.943913043478261	0.1151923076923077	-0.0014198716548865157	0.18334143301785544	0.006977150931556519	0.0023429189738940143	33.046112060546875
19.422	2.943913043478261	0.1233846153846154	-0.0036193635133688782	0.18730524769366333	0.006858090860982469	0.0021800011555874184	32.803178787231445
19.422	2.943913043478261	0.1315769230769231	-0.005003465507704526	0.19201103560939975	0.006899883460386756	0.002060551506141096	32.77263832092285
19.422	2.943913043478261	0.13976923076923078	-0.007563975086029388	0.19703847725490653	0.00695200145773428	0.0019253744507145574	32.801544189453125
19.422	2.943913043478261	0.14796153846153848	-0.01049366910455981	0.20384855095894333	0.007088726118212927	0.0017863488284851747	33.53639221191406
19.422	2.943913043478261	0.15615384615384617	-0.014369285547026517	0.2110210638429778	0.006992937909030428	0.0014187848558171812	32.77260780334473
19.422	2.943913043478261	0.16434615384615386	-0.01987209188557222	0.21690148766033246	0.007013644831631187	0.0009633342439392327	31.6735897064209
19.422	2.943913043478261	0.17253846153846156	-0.026836655316203408	0.22428978973598934	0.007218369117499179	0.0008511576083455939	30.018306732177734
19.422	2.943913043478261	0.18073076923076925	-0.03378840660260016	0.23041617414105925	0.007054410185962201	0.0007572028298172789	28.891382217407227
19.422	2.943913043478261	0.18892307692307694	-0.04277196894377216	0.23804154088434423	0.006898331189992314	0.0003392745222131502	27.710182189941406
19.422	2.943913043478261	0.19711538461538464	-0.0503669697407999	0.24379229812702996	0.006642929989763069	-0.00013945643688066033	26.77117347717285
19.422	2.943913043478261	0.20530769230769233	-0.059135025290940765	0.2495747204326703	0.006799511222930672	-0.0005002972600827863	26.032848358154297
19.422	2.943913043478261	0.21350000000000002	-0.06746292475528867	0.25503779237066315	0.006619579070838847	-0.0007191395627223805	25.236928939819336
19.422	2.943913043478261	0.22169230769230772	-0.07639406345899014	0.25920989010998285	0.00669636940744564	-0.0010157863118429374	24.671539306640625
19.422	2.943913043478261	0.2298846153846154	-0.08497576705032522	0.263951358942782	0.006472963181806784	-0.0012378400781625234	24.113500595092773
19.422	2.943913043478261	0.2380769230769231	-0.09317752214639519	0.26686825036742035	0.006334327003989195	-0.0015723852991894535	23.654460906982422
19.422	2.943913043478261	0.2462692307692308	-0.1010031149556298	0.26886746695863617	0.006268505097073445	-0.0018468435031293346	23.263784408569336
19.422	2.943913043478261	0.25446153846153846	-0.11031005469355962	0.27258168369482627	0.0060772976997179725	-0.002103936670964446	22.849790573120117
19.422	2.943913043478261	0.2626538461538462	-0.11790596697501948	0.27495344046540526	0.006055280437629314	-0.0023302281858982297	22.499008178710938
19.422	2.943913043478261	0.2708461538461539	-0.12634841589279583	0.277521449821442	0.005806770275885508	-0.002839820989615371	22.206802368164062
19.422	2.943913043478261	0.27903846153846157	-0.13413829028875257	0.2791287713629524	0.005820892301344586	-0.0029465126038161985	21.98514175415039
19.422	2.943913043478261	0.28723076923076923	-0.14136630179505344	0.279688615418182	0.005598462109410473	-0.0034168812610773313	21.749492645263672
19.422	2.943913043478261	0.29542307692307695	-0.15051326560146888	0.28213569889781953	0.005563630688048003	-0.0034939661288121418	21.51418685913086
19.422	2.943913043478261	0.3036153846153847	-0.15770972254045093	0.28202842730103017	0.0055047004797747715	-0.003608216456904667	21.393497467041016
19.422	2.943913043478261	0.31180769230769234	-0.1650930101346514	0.28341694862265915	0.0053124287705485695	-0.004170934470263824	21.190086364746094
19.422	2.943913043478261	0.32	-0.17312044396163195	0.2846116418674934	0.005516797198424599	-0.004244294510269179	21.035951614379883
19.422	2.952608695652174	0.0005	-0.17312044396163195	0.4096116418674933	0.006997280876896553	0.00406800905468294	8.002029418945312
19.422	2.952608695652174	0.008692307692307694	0.0043408618610485126	0.09112986323434805	0.007505108051499348	0.0044865157649710274	33.92107009887695
19.422	2.952608695652174	0.016884615384615387	0.005554461229978373	0.10173460857022498	0.007355850433328952	0.004323840939166285	44.057586669921875
19.422	2.952608695652174	0.02507692307692308	0.001451372851072122	0.1113941849862406	0.007196313275222846	0.004015307921388036	45.169368743896484
19.422	2.952608695652174	0.03326923076923077	0.005517111967211731	0.11220792332974086	0.007050606552389859	0.003848851880563625	45.43985366821289
19.422	2.952608695652174	0.041461538461538466	0.00387770862475564	0.11777536301342367	0.007091488164111343	0.0037527540811808906	42.941097259521484
19.422	2.952608695652174	0.04965384615384616	0.005273707234530193	0.12217706259337607	0.007019522265494259	0.0037875771520688244	40.467716217041016
19.422	2.952608695652174	0.05784615384615385	0.005230373423776063	0.13062491449757835	0.0070816945986220785	0.0035147541098907637	39.38629150390625
19.422	2.952608695652174	0.06603846153846155	0.005057926821635393	0.1355635524619459	0.006822840719837332	0.003420826399538104	37.50414276123047
19.422	2.952608695652174	0.07423076923076924	0.005497568869869072	0.1396033236182468	0.006883485430895774	0.003237376201505472	36.59324264526367
19.422	2.952608695652174	0.08242307692307693	0.004940760741847415	0.14171352197958023	0.006849705301348504	0.0032622349771400574	35.3782958984375
19.422	2.952608695652174	0.09061538461538463	0.004504849799839485	0.1456700569053913	0.0067381113544311925	0.0030958891293863125	34.311471939086914
19.422	2.952608695652174	0.09880769230769232	0.004665318258182959	0.14913400205571314	0.0068844232090183016	0.0032257120428453787	32.942543029785156
19.422	2.952608695652174	0.10700000000000001	0.0038778809235262457	0.15254259294618028	0.0066848901719336815	0.0029290789859856598	32.34670448303223
19.422	2.952608695652174	0.1151923076923077	0.0027438574806618295	0.1582209093381847	0.007097088881024853	0.003090319669504944	31.72243881225586
19.422	2.952608695652174	0.1233846153846154	0.0015001015280612067	0.16191980128117062	0.006787413048980768	0.0028596511007937305	31.452354431152344
19.422	2.952608695652174	0.1315769230769231	-0.0001266393381550283	0.16714945996222416	0.006851096608206091	0.002789590647508139	31.36219024658203
19.422	2.952608695652174	0.13976923076923078	-0.001390479111169329	0.17383124773380762	0.0069147550556766055	0.0027712019219237665	31.505924224853516
19.422	2.952608695652174	0.14796153846153848	-0.00454421018558634	0.18009580606643055	0.0067246758194775	0.0025901302480876866	31.96708106994629
19.422	2.952608695652174	0.15615384615384617	-0.008245896305479904	0.18686358781172374	0.00687535183048077	0.0024180915120398305	32.77209663391113
19.422	2.952608695652174	0.16434615384615386	-0.013098131157048847	0.19356964115625658	0.006787772258444635	0.0019152492631862369	32.30527305603027
19.422	2.952608695652174	0.17253846153846156	-0.017761960226279933	0.2001051248571788	0.0067901710878279465	0.001915953602804334	30.938579559326172
19.422	2.952608695652174	0.18073076923076925	-0.024014049176994023	0.20638536227892137	0.006762275639738506	0.0015377071357564722	29.729860305786133
19.422	2.952608695652174	0.18892307692307694	-0.030766022584147887	0.2127365707429238	0.006674433078181364	0.001259969319086852	28.695602416992188
19.422	2.952608695652174	0.19711538461538464	-0.03847503585401056	0.21790930277498505	0.006558048736912554	0.0009383857814044114	27.800701141357422
19.422	2.952608695652174	0.20530769230769233	-0.04600361754008476	0.2231865038568749	0.006541884547081319	0.0007624676566834498	27.03403091430664
19.422	2.952608695652174	0.21350000000000002	-0.052410981950499876	0.2280967265499338	0.006545440546036885	0.000469233257560128	26.345748901367188
19.422	2.952608695652174	0.22169230769230772	-0.060322227996617225	0.23195450534328105	0.006261112625801653	7.73343123242462e-05	25.681230545043945
19.422	2.952608695652174	0.2298846153846154	-0.06741695647764173	0.2359189000002223	0.006046613403356512	-6.428977978777701e-05	25.230037689208984
19.422	2.952608695652174	0.2380769230769231	-0.07450982890039598	0.2396443413921977	0.006110600308474238	-0.00023543095177131233	24.6905517578125
19.422	2.952608695652174	0.2462692307692308	-0.08175198157112906	0.24175729790226141	0.005831381744984878	-0.0005914298852958018	24.310367584228516
19.422	2.952608695652174	0.25446153846153846	-0.08850739757325363	0.24492237657763583	0.005866071004664221	-0.0008018070034163926	23.854215621948242
19.422	2.952608695652174	0.2626538461538462	-0.09638454290833184	0.24780716520257806	0.005887150594742663	-0.0010564894490822144	23.487937927246094
19.422	2.952608695652174	0.2708461538461539	-0.1028728744452868	0.248776597886952	0.005732876274476394	-0.0011660488586026575	23.2762393951416
19.422	2.952608695652174	0.27903846153846157	-0.11009309539088769	0.25146204789931115	0.005573037040644081	-0.001662777214135038	22.91935920715332
19.422	2.952608695652174	0.28723076923076923	-0.11672268894575002	0.2518487193994208	0.005474351996430879	-0.0018617934224880246	22.764223098754883
19.422	2.952608695652174	0.29542307692307695	-0.12308209199066666	0.2531466650799832	0.0054314673741960254	-0.0021056384165990074	22.494815826416016
19.422	2.952608695652174	0.3036153846153847	-0.13029980247225093	0.2553145430949392	0.0050396487673753515	-0.002432380380922235	22.298786163330078
19.422	2.952608695652174	0.31180769230769234	-0.13757464333753516	0.2561364205987068	0.0048479245834061515	-0.0026241487445060694	22.14905548095703
19.422	2.952608695652174	0.32	-0.14386491545078814	0.2569722861407285	0.00483507282707021	-0.0028321187526954635	21.613819122314453
19.422	2.961304347826087	0.0005	0.1198435806429619	0.2597982138751035	0.007659362152928088	0.004917343300151462	13.416091918945312
19.422	2.961304347826087	0.008692307692307694	0.020675211550494496	0.1020578529442332	0.007994275600339882	0.0050624399376466836	37.473594665527344
19.422	2.961304347826087	0.016884615384615387	0.018607509353839626	0.11961497808264307	0.007876683375452252	0.004891668280888679	42.92945098876953
19.422	2.97	0.0005	0.006109122136783619	0.06336938573552964	0.0076448329538103795	0.0052754329185610346	12.2135009765625
19.422	2.97	0.008692307692307694	0.015144692500232253	0.05981349128700226	0.007931068656871196	0.005467333869828634	37.596435546875
19.422	2.97	0.016884615384615387	0.013448456068633588	0.07364874932385412	0.00787684114267873	0.005410236974066843	43.73088836669922
19.422	2.97	0.02507692307692308	0.012421687875268234	0.0796997785049201	0.007880805576094944	0.005385574999284319	43.989959716796875
19.422	2.97	0.03326923076923077	0.012440692816254862	0.0849629207926513	0.007812635110857011	0.004950764388534329	45.062232971191406
19.422	2.97	0.041461538461538466	0.00967608366766996	0.08840826466980067	0.007583141057519531	0.004612939506430698	43.98697280883789
19.422	2.97	0.04965384615384616	0.009791693185017847	0.09356371760170132	0.007524196047043972	0.004848154731295877	41.70267295837402
19.422	2.97	0.05784615384615385	0.009613384466346938	0.09969533703724837	0.007746786013460525	0.004652415908546657	39.838979721069336
19.422	2.97	0.06603846153846155	0.009518055803080419	0.10376351037814999	0.007579779231757423	0.004504525781064413	38.288814544677734
19.422	2.97	0.07423076923076924	0.008147266797104168	0.10774529168464873	0.007677103879989154	0.004291012908922395	37.29720687866211
19.422	2.97	0.08242307692307693	0.007647808069677335	0.11251205702627703	0.007658814184007786	0.004232894013873275	35.95607376098633
19.422	2.97	0.09061538461538463	0.006809128950735023	0.11660479540615873	0.007552827277953731	0.004316304252466294	35.08991622924805
19.422	2.97	0.09880769230769232	0.005881456147116616	0.12066774441863168	0.007635614892277005	0.004302480893494896	33.73677062988281
19.422	2.97	0.10700000000000001	0.004630289341932305	0.12373987255228423	0.007649249858851969	0.004107883695726277	33.409202575683594
19.422	2.97	0.1151923076923077	0.00418585519756396	0.1286015895700817	0.00768799290451322	0.004119565746807428	32.49025344848633
19.422	2.97	0.1233846153846154	0.0022536091499165923	0.13339610129938845	0.007508053245638092	0.0039845707148111744	32.08800506591797
19.422	2.97	0.1315769230769231	0.0007993139319257157	0.13859880969272373	0.007728041281363403	0.003899761268904952	31.87567901611328
19.422	2.97	0.13976923076923078	-0.0008346477883309448	0.1451087691091911	0.007615076129467295	0.004035010070585643	31.960739135742188
19.422	2.97	0.14796153846153848	-0.002811130345939902	0.15070253002476164	0.007374852861910897	0.003842826261768776	31.948843002319336
19.422	2.97	0.15615384615384617	-0.00544337241458824	0.15713172151725957	0.007420877485795374	0.003798904806649486	32.291046142578125
19.422	2.97	0.16434615384615386	-0.009183854743382555	0.16458344524479543	0.007386679747210269	0.0036471669234073674	33.34954071044922
19.422	2.97	0.17253846153846156	-0.014510649267020889	0.17425863863028318	0.007182073635035676	0.003535650438199282	32.951072692871094
19.422	2.97	0.18073076923076925	-0.019735254279287927	0.18188959573700014	0.007165241157858472	0.003226095587941454	31.649791717529297
19.422	2.97	0.18892307692307694	-0.02676971769624943	0.1877976985619787	0.007261459934051992	0.0030275136412018034	30.583921432495117
19.422	2.97	0.19711538461538464	-0.03395418391179507	0.1959344201651751	0.007025423458362375	0.003045112939209357	29.583580017089844
19.422	2.97	0.20530769230769233	-0.04113244965444966	0.20231552903865851	0.006935243873665252	0.0027797582964541024	28.718463897705078
19.422	2.97	0.21350000000000002	-0.048920463644543076	0.21114921609634746	0.006739036336450423	0.0023603588531119317	27.791812896728516
19.422	2.97	0.22169230769230772	-0.05646341928710914	0.21603869255861474	0.006641944979966923	0.002311274389344122	27.180742263793945
19.422	2.97	0.2298846153846154	-0.06479516152609736	0.22240714302408499	0.006550029566378822	0.002201326589239955	26.42556381225586
19.422	2.97	0.2380769230769231	-0.07169425530443563	0.22767816620418793	0.006429452116308411	0.001951454389565525	25.906888961791992
19.422	2.97	0.2462692307692308	-0.07844935549507513	0.23046824994036924	0.006426758723691917	0.0016559946001978559	25.457233428955078
19.422	2.97	0.25446153846153846	-0.08690093700186437	0.23587722597162017	0.0063672269906966065	0.0015892342246632437	24.99113655090332
19.422	2.97	0.2626538461538462	-0.09410010520716541	0.23979926993484046	0.006219120580302452	0.0011712295434443745	24.527109146118164
19.422	2.97	0.2708461538461539	-0.10112632178117864	0.24280381090352676	0.0059469721049932225	0.0011757324515558735	24.1995849609375
19.422	2.97	0.27903846153846157	-0.10931701641968472	0.24694791591541865	0.006011619864375773	0.0011710895589827175	23.827560424804688
19.422	2.97	0.28723076923076923	-0.11716275669171183	0.24981071255189818	0.0057761532233070725	0.0008879767380652758	23.603002548217773
19.422	2.97	0.29542307692307695	-0.12427150900055267	0.25279028224958444	0.005679643678030441	0.0005989310842604216	23.30847930908203
19.422	2.97	0.3036153846153847	-0.1321690755621398	0.2553835637538168	0.005505381159793085	0.0003618453969462022	23.0665283203125
19.422	2.97	0.31180769230769234	-0.1398142479986143	0.2581820964847207	0.005609781000140554	0.0005158109115651075	22.504106521606445
19.422	2.97	0.32	-0.14687152525151193	0.2599446698824391	0.005489367020246204	-3.3995633315374985e-05	22.050594329833984
19.422	2.978695652173913	0.0005	0.0031284747484880485	0.15994466988243908	0.008476306168350486	0.005581494287140357	12.919563293457031
19.422	2.978695652173913	0.008692307692307694	0.022144290045142682	0.106988668995994	0.008691450327470011	0.005747085187227769	37.435821533203125
19.422	2.978695652173913	0.016884615384615387	0.01863699969096951	0.12689874816039542	0.008633785433531372	0.005672469791421594	44.3777961730957
19.422	2.978695652173913	0.02507692307692308	0.01752608524828128	0.12536717798845817	0.008600507902223078	0.005481401985358601	48.004478454589844
19.422	2.978695652173913	0.03326923076923077	0.014963798217539704	0.13235472965804834	0.008395940974217999	0.005379642826134142	44.715423583984375
19.422	2.978695652173913	0.041461538461538466	0.016281620070603763	0.13830204689499614	0.008201327623422128	0.005146611870876261	42.375694274902344
19.422	2.978695652173913	0.04965384615384616	0.015256853431728749	0.14093499732759474	0.008350481334721858	0.005233513246574553	38.92693901062012
19.422	2.978695652173913	0.05784615384615385	0.013555267483261496	0.14812424061444276	0.008317013157095102	0.005076903061184796	38.389808654785156
19.422	2.978695652173913	0.06603846153846155	0.011375087322987037	0.14901433648320822	0.008179163645563259	0.005103787303228729	36.30779838562012
19.422	2.978695652173913	0.07423076923076924	0.011397656686168944	0.15205368600499042	0.008205221853959666	0.005011447856182013	35.520891189575195
19.422	2.978695652173913	0.08242307692307693	0.010026100986923785	0.15419863790343147	0.008107283452873523	0.004743150292111051	34.74323844909668
19.422	2.978695652173913	0.09061538461538463	0.00913438579771458	0.1573180467869351	0.007909859672734373	0.004866416953456354	33.58252716064453
19.422	2.978695652173913	0.09880769230769232	0.007967625134266652	0.1584272515982199	0.007902084818789033	0.0048928279641327205	32.973873138427734
19.422	2.978695652173913	0.10700000000000001	0.006851410327623397	0.15982018467396894	0.008016016689117122	0.004690930504486005	32.414642333984375
19.422	2.978695652173913	0.1151923076923077	0.005980231649108806	0.1630609266267879	0.008123505508165868	0.004794469195959665	31.99254035949707
19.422	2.978695652173913	0.1233846153846154	0.003983302663263897	0.165041162678363	0.008012174666201065	0.0045976614035055305	31.64289665222168
19.422	2.978695652173913	0.1315769230769231	0.002738091517519356	0.16776533612583083	0.007902247198219527	0.004524275872444542	31.6041316986084
19.422	2.978695652173913	0.13976923076923078	0.00020021142652171129	0.17151695102905512	0.007769121987805815	0.004425461816771696	31.809879302978516
19.422	2.978695652173913	0.14796153846153848	-0.0015488293383817864	0.17682744616829216	0.007710865026367799	0.004256259051607397	32.14992904663086
19.422	2.978695652173913	0.15615384615384617	-0.004792371637987694	0.18239294304000572	0.007921344563785869	0.004352391592824927	32.61118698120117
19.422	2.978695652173913	0.16434615384615386	-0.009064985787997335	0.18868955256656184	0.007777471497322738	0.004256038569561054	33.71332359313965
19.422	2.978695652173913	0.17253846153846156	-0.014832273186336585	0.1961927873260588	0.007806136631202431	0.004181015972789474	32.0258731842041
19.422	2.978695652173913	0.18073076923076925	-0.021558669270168373	0.20364770118065773	0.007751359717228479	0.0042027327763864255	30.78573989868164
19.422	2.978695652173913	0.18892307692307694	-0.02859063368284957	0.21088173583758402	0.007669575550214889	0.004168813979595516	29.7522029876709
19.422	2.978695652173913	0.19711538461538464	-0.03726535751827875	0.2176696273227303	0.007368070808450075	0.0035490267154276904	28.53201675415039
19.422	2.978695652173913	0.20530769230769233	-0.044616408955084036	0.22484521562212437	0.007294182533634852	0.003388301715948492	27.692649841308594
19.422	2.978695652173913	0.21350000000000002	-0.0527122945038392	0.2304232487907281	0.007346511171319549	0.003312481029478241	26.884923934936523
19.422	2.978695652173913	0.22169230769230772	-0.061039457303763034	0.23706917886118178	0.007156616267868343	0.00313162307493143	26.158756256103516
19.422	2.978695652173913	0.2298846153846154	-0.06919079748773094	0.24213358082762804	0.007054578012436762	0.00282826394951484	25.489429473876953
19.422	2.978695652173913	0.2380769230769231	-0.07780756175261977	0.2470714845816856	0.007113766661611521	0.0026302413983205425	24.943199157714844
19.422	2.978695652173913	0.2462692307692308	-0.08688529982728559	0.25140093249405454	0.0069430210088024715	0.0024403417814050296	24.44317626953125
19.422	2.978695652173913	0.25446153846153846	-0.0941505713703846	0.2558769044722892	0.006892561053524103	0.002561691284419333	24.02142333984375
19.422	2.978695652173913	0.2626538461538462	-0.10209921135928382	0.2590322626079895	0.006743801908947486	0.0022713525113354028	23.6473388671875
19.422	2.978695652173913	0.2708461538461539	-0.11076760144733278	0.26333207052386853	0.006546158687057949	0.0019304052356086572	23.241561889648438
19.422	2.978695652173913	0.27903846153846157	-0.11813309253613997	0.26542093008416984	0.0066239545995695915	0.002069840977193404	22.99258804321289
19.422	2.978695652173913	0.28723076923076923	-0.1256582711486991	0.2684258740113957	0.0064915718875336835	0.0020123864761184343	22.727397918701172
19.422	2.978695652173913	0.29542307692307695	-0.13406804933022076	0.2707326505844915	0.00625484018164639	0.001417002985951136	22.517494201660156
19.422	2.978695652173913	0.3036153846153847	-0.1418264775963876	0.2735114752840161	0.00610265166178647	0.0016030344988817746	22.259159088134766
19.422	2.978695652173913	0.31180769230769234	-0.15095275314345574	0.2761830993042889	0.006050519536750138	0.0013104516704233017	22.020626068115234
19.422	2.978695652173913	0.32	-0.15915976524591663	0.27860093605187775	0.005999953899975144	0.000885480225105225	21.5989990234375
19.422	2.987391304347826	0.0005	-0.09568276167154528	0.20994897973206883	0.008806319085072237	0.005578827160997122	13.211875915527344
19.422	2.987391304347826	0.008692307692307694	0.013408254978654601	0.04527887594369304	0.008951333623501909	0.005742109393821835	35.7496223449707
19.422	2.987391304347826	0.016884615384615387	0.016945940993506315	0.06659476588687765	0.00906410224816238	0.005610389554033325	43.569671630859375
19.422	2.987391304347826	0.02507692307692308	0.018004806669674668	0.07583961764907374	0.008917403760192885	0.005491609644391068	45.6820068359375
19.422	2.987391304347826	0.03326923076923077	0.01771060033186323	0.07786723311551881	0.00888009735179181	0.005372832220735598	46.20036315917969
19.422	2.987391304347826	0.041461538461538466	0.014799984191906432	0.0818539986459153	0.009074070589556824	0.005334949817905308	43.034629821777344
19.422	2.987391304347826	0.04965384615384616	0.013024682012748699	0.08969573742501309	0.008931682913928384	0.005252795547456352	41.29992485046387
19.422	2.987391304347826	0.05784615384615385	0.011990920432710585	0.09459282035272268	0.008865906681606205	0.00527791001566205	39.063865661621094
19.422	2.987391304347826	0.06603846153846155	0.011015524587972936	0.100027645627043	0.008910267033068756	0.005223668388430318	37.18149185180664
19.422	2.987391304347826	0.07423076923076924	0.012108171871776605	0.10499185495754404	0.00879642410450129	0.004994472032535717	36.150272369384766
19.422	2.987391304347826	0.08242307692307693	0.009554492497191586	0.10764823475541327	0.008622774499561475	0.00488740438909934	35.41291427612305
19.422	2.987391304347826	0.09061538461538463	0.008035833145741616	0.11407551310404636	0.00863714389555989	0.005059916427100913	34.33359146118164
19.422	2.987391304347826	0.09880769230769232	0.006131661125132166	0.11787917435971276	0.008744142522794022	0.0048860543409066405	33.125003814697266
19.422	2.987391304347826	0.10700000000000001	0.00552456410396591	0.1221876173888645	0.008688527053437919	0.004753132603035315	32.69084548950195
19.422	2.987391304347826	0.1151923076923077	0.0038638952674813626	0.12624034880236784	0.008548148822718923	0.004688616063583973	31.95676040649414
19.422	2.987391304347826	0.1233846153846154	0.0017392702538058206	0.13077887681238418	0.008633166212730818	0.004788421270618336	31.837032318115234
19.422	2.987391304347826	0.1315769230769231	7.250637200232598e-05	0.13536577544246167	0.008568083295196616	0.004686945819997511	31.68570899963379
19.422	2.987391304347826	0.13976923076923078	-0.0017711703556640376	0.14076725364915632	0.008486023987890785	0.004733866770601149	31.87099838256836
19.422	2.987391304347826	0.14796153846153848	-0.0038718411229863308	0.14721237133702825	0.00852426096783247	0.004592713006452245	32.057050704956055
19.422	2.987391304347826	0.15615384615384617	-0.007627431755813941	0.15314616946550352	0.008291398432201186	0.0042880331166382495	32.798635482788086
19.422	2.987391304347826	0.16434615384615386	-0.01178170548372268	0.1609617961249341	0.00840992557380459	0.004492847361354795	33.91413879394531
19.422	2.987391304347826	0.17253846153846156	-0.017637459132067525	0.16831671037988796	0.008313994650594823	0.0042761769912922284	32.85576248168945
19.422	2.987391304347826	0.18073076923076925	-0.023403463735423652	0.17488088567087484	0.008137319509414195	0.004109906918782272	31.565181732177734
19.422	2.987391304347826	0.18892307692307694	-0.03060989179412972	0.1814522486162366	0.007962686649439117	0.003981055405110127	30.419185638427734
19.422	2.987391304347826	0.19711538461538464	-0.038433541056695456	0.18818310128579901	0.007842092332288084	0.0038524289968141934	29.292713165283203
19.422	2.987391304347826	0.20530769230769233	-0.045962438467405275	0.1952330762341309	0.007681053411908636	0.003829605961355441	28.43494987487793
19.422	2.987391304347826	0.21350000000000002	-0.053647674308605044	0.20065959138401485	0.0077971452155562145	0.003427088938324771	27.725065231323242
19.422	2.987391304347826	0.22169230769230772	-0.06218655413526998	0.20689271600522735	0.007671561695280674	0.0033467657845090747	26.911123275756836
19.422	2.987391304347826	0.2298846153846154	-0.07029134362926234	0.21229354366452213	0.007691609240475429	0.003438659780009034	26.202489852905273
19.422	2.987391304347826	0.2380769230769231	-0.07833411840862017	0.2164073462201784	0.007353733137934602	0.003284088926494908	25.690872192382812
19.422	2.987391304347826	0.2462692307692308	-0.08637703460723048	0.22022215861910147	0.007421205671809967	0.003010214345418234	25.223358154296875
19.422	2.987391304347826	0.25446153846153846	-0.09419489927525404	0.22338295919518986	0.007017586050162446	0.002845968551705909	24.780162811279297
19.422	2.987391304347826	0.2626538461538462	-0.10255749135723391	0.227810547821522	0.007142148937120751	0.0030358525334899865	24.372743606567383
19.422	2.987391304347826	0.2708461538461539	-0.11071108484757097	0.2303331625807868	0.0071991917148782345	0.0025616169305276056	23.957189559936523
19.422	2.987391304347826	0.27903846153846157	-0.11788899427920077	0.232875580695686	0.007018227494959101	0.0024985255762241805	23.65548324584961
19.422	2.987391304347826	0.28723076923076923	-0.12683836189474965	0.23729814263989146	0.00683517415098755	0.002271216513194502	23.353330612182617
19.422	2.987391304347826	0.29542307692307695	-0.13510296801018742	0.23871338054131203	0.006905662782963137	0.0024546534290934264	22.95707893371582
19.422	2.987391304347826	0.3036153846153847	-0.1430802602621359	0.2412994454698	0.0066930729273557915	0.002015439571020766	22.353200912475586
19.422	2.987391304347826	0.31180769230769234	-0.1505856540386223	0.24314187032351298	0.006753653535269397	0.002322355893302603	21.818506240844727
19.422	2.987391304347826	0.32	-0.1575659989129411	0.24459400859260017	0.006511068538488002	0.0016678595892323435	21.303794860839844
19.422	2.996086956521739	0.0005	0.06733632651328726	0.23170351825020288	0.009663000449121998	0.005289837079876663	15.027519226074219
19.422	2.996086956521739	0.008692307692307694	0.021147113714214995	0.101917789795613	0.01000753012416283	0.005591973355110096	34.855499267578125
19.422	2.996086956521739	0.016884615384615387	0.019963929390615445	0.13289253883768348	0.009632180728749735	0.005100329661224876	41.22216033935547
19.422	2.996086956521739	0.02507692307692308	0.01897198274553439	0.1266626340780082	0.009541958273513482	0.005293788812200044	42.87690734863281
19.422	2.996086956521739	0.03326923076923077	0.017852804211980315	0.13337264782522346	0.00968476749611134	0.005353350237423407	41.04808044433594
19.422	2.996086956521739	0.041461538461538466	0.016760264682198527	0.13950873922213453	0.009582365115717757	0.005218584892330606	39.65154266357422
19.422	2.996086956521739	0.04965384615384616	0.014134300286496655	0.14365540781646513	0.009445035206751329	0.005172475740827092	36.86587905883789
19.422	2.996086956521739	0.05784615384615385	0.014624339594120754	0.15036004964850386	0.009463699026106751	0.005300736814232245	35.92304039001465
19.422	2.996086956521739	0.06603846153846155	0.013294931691990055	0.1522114651616281	0.009393031543392466	0.005107908029461821	34.40139389038086
19.422	2.996086956521739	0.07423076923076924	0.01170461136373953	0.15344977477691973	0.009279101215203592	0.004939452547754325	34.05384826660156
19.422	2.996086956521739	0.08242307692307693	0.011015118086009548	0.15435821103317293	0.009289876151730603	0.005019945873121894	32.86991882324219
19.422	2.996086956521739	0.09061538461538463	0.009511824695885674	0.1561180076908161	0.009183908665190947	0.004911883848003274	31.84041976928711
19.422	2.996086956521739	0.09880769230769232	0.008942773121901348	0.15755970657307922	0.009022494506484284	0.004938367590705436	31.3101806640625
19.422	2.996086956521739	0.10700000000000001	0.0075177444364209955	0.159661016030873	0.00930254347400096	0.004865237558292385	30.77533721923828
19.422	2.996086956521739	0.1151923076923077	0.006959984873622683	0.16078660882819812	0.009302112359794576	0.004880609506362385	30.42595672607422
19.422	2.996086956521739	0.1233846153846154	0.004886320389882792	0.16324684136358913	0.009075957830525849	0.004815191927503799	30.246341705322266
19.422	2.996086956521739	0.1315769230769231	0.0032315062264150246	0.1652390213567072	0.009029611335219926	0.004859141006382751	30.17559242248535
19.422	2.996086956521739	0.13976923076923078	0.0008629508847424108	0.1702390837432416	0.008955787525870259	0.0047429282338844825	30.435945510864258
19.422	2.996086956521739	0.14796153846153848	-0.0015624700048885002	0.17491884186822637	0.008914495255657646	0.004800854201543998	30.969573974609375
19.422	2.996086956521739	0.15615384615384617	-0.005703003743804978	0.18146202301183628	0.008740691496681212	0.004609851137163617	31.5881290435791
19.422	2.996086956521739	0.16434615384615386	-0.010775114704812216	0.18774152213462397	0.008816173767005508	0.004669008694096705	31.786800384521484
19.422	2.996086956521739	0.17253846153846156	-0.01707251324966018	0.19490735877060106	0.008673320706035428	0.00469545771097416	30.282493591308594
19.422	2.996086956521739	0.18073076923076925	-0.024539983521173044	0.2017642334032502	0.008548409891687831	0.004435316776462708	29.113609313964844
19.422	2.996086956521739	0.18892307692307694	-0.03164031696302479	0.20673773427220363	0.008629902390778052	0.004363543449874294	28.137104034423828
19.422	2.996086956521739	0.19711538461538464	-0.039574165289526675	0.21175883966093595	0.008669591530043473	0.004271600481202507	27.219024658203125
19.422	2.996086956521739	0.20530769230769233	-0.04700476640952179	0.21570903020506438	0.008433549201255228	0.004040542102639589	26.499740600585938
19.422	2.996086956521739	0.21350000000000002	-0.05548581136741992	0.2215641631981296	0.008288647812879506	0.0038497367654333333	25.74390411376953
19.422	2.996086956521739	0.22169230769230772	-0.06356101145382406	0.22570125581221284	0.008265613292006715	0.003658791543177867	25.127792358398438
19.422	2.996086956521739	0.2298846153846154	-0.07125692449588922	0.23011156009021255	0.008287223945500265	0.0035557167129196023	24.607139587402344
19.422	2.996086956521739	0.2380769230769231	-0.07877782330915986	0.2326552256839715	0.007951752077916574	0.0035146484025358913	24.16805648803711
19.422	2.996086956521739	0.2462692307692308	-0.08632660176672696	0.23507877314839443	0.0080319463290916	0.003536131714662878	23.729385375976562
19.422	2.996086956521739	0.25446153846153846	-0.09488092432748495	0.23905075216191674	0.007698526811639846	0.0030624905088687086	23.358306884765625
19.422	2.996086956521739	0.2626538461538462	-0.10174543930125257	0.2410816519029834	0.008044637732740105	0.003392422742426595	23.028127670288086
19.422	2.996086956521739	0.2708461538461539	-0.1094865670136568	0.2426105360754217	0.00794777987065872	0.003423288769072122	22.723697662353516
19.422	2.996086956521739	0.27903846153846157	-0.11637461156728196	0.2452237068419617	0.007661081666520474	0.0030781592081539563	22.47907257080078
19.422	2.996086956521739	0.28723076923076923	-0.12400391030649267	0.24697293632241338	0.0077292684428759625	0.0029631628310739424	22.26581382751465
19.422	2.996086956521739	0.29542307692307695	-0.13128913970838846	0.24704070742343467	0.007522705121987864	0.002670334141845831	22.052194595336914
19.422	2.996086956521739	0.3036153846153847	-0.13896005207541828	0.24916531783098908	0.007335901575739779	0.0026490495776864517	21.914276123046875
19.422	2.996086956521739	0.31180769230769234	-0.14665758007075141	0.24987909162453004	0.0073180367861333875	0.0024196085688994186	21.61302375793457
19.422	2.996086956521739	0.32	-0.1530809061142798	0.2513264180049697	0.007239855448957466	0.0025531267625604932	21.158578872680664
19.422	3.004782608695652	0.0005	0.06637428510026736	0.13580480494443292	0.010097017796519552	0.005030273584662953	16.162551879882812
19.422	3.004782608695652	0.008692307692307694	0.022875983594224873	0.042951628350652415	0.010212486282432183	0.005154388585932231	39.12871170043945
19.422	3.004782608695652	0.016884615384615387	0.01824787105457586	0.06611885760817643	0.010208322979485342	0.005151513110020807	43.41926574707031
19.422	3.004782608695652	0.02507692307692308	0.019671165738566965	0.07365386736060428	0.010324421851361943	0.005144301999924558	42.91194152832031
19.422	3.004782608695652	0.03326923076923077	0.01910735348270759	0.07826774370337772	0.01036610283955582	0.005274544108309239	45.466121673583984
19.422	3.004782608695652	0.041461538461538466	0.017494155349982745	0.08401086940279982	0.010242680183012845	0.005009909705862269	42.07521438598633
19.422	3.004782608695652	0.04965384615384616	0.015684597159111715	0.08933978139389126	0.010137838929923586	0.005111523891565623	38.94273376464844
19.422	3.004782608695652	0.05784615384615385	0.015267596917534102	0.09636799351278516	0.010157011591146488	0.0050058349997527595	37.76539421081543
19.422	3.004782608695652	0.06603846153846155	0.01386240271522252	0.10132087372290877	0.009979533650695134	0.0050188379567373265	36.04187202453613
19.422	3.004782608695652	0.07423076923076924	0.01230595900660842	0.10442376241459164	0.010035059934963253	0.004938820691455689	35.30501937866211
19.422	3.004782608695652	0.08242307692307693	0.011681945996406966	0.10946979981496222	0.010042925792296188	0.004919629159991235	33.897216796875
19.422	3.004782608695652	0.09061538461538463	0.01009224740595644	0.11291925665794493	0.009866018417078064	0.0047954144773249795	33.115997314453125
19.422	3.004782608695652	0.09880769230769232	0.009193059608916225	0.1162091516977243	0.00993938468565576	0.0047520619969432885	32.449819564819336
19.422	3.004782608695652	0.10700000000000001	0.007310727045515958	0.12068099911269473	0.00983472599557423	0.004803282829437859	31.445449829101562
19.422	3.004782608695652	0.1151923076923077	0.0065162144532598856	0.12373036072534249	0.009754843660016159	0.004795965124561674	30.958520889282227
19.422	3.004782608695652	0.1233846153846154	0.005159266856609316	0.1305482215044621	0.009764904415464808	0.004895228554654506	30.794179916381836
19.422	3.004782608695652	0.1315769230769231	0.0027927038434802593	0.13497735173753694	0.009625836434679118	0.004783858967857809	30.705516815185547
19.422	3.004782608695652	0.13976923076923078	0.0006213666827818874	0.14086958007228784	0.00961837276868142	0.0047970813200864885	30.852066040039062
19.422	3.004782608695652	0.14796153846153848	-0.0027922009684591713	0.14878350412578822	0.009674099218408859	0.004508095047455878	31.164159774780273
19.422	3.004782608695652	0.15615384615384617	-0.007177542975138574	0.15577315005150802	0.009563788777176566	0.004542611036410689	31.974239349365234
19.422	3.004782608695652	0.16434615384615386	-0.013173076700666055	0.16325137706638104	0.009520059454097679	0.004582016954916195	31.728208541870117
19.422	3.004782608695652	0.17253846153846156	-0.019678099744276045	0.17032233379889494	0.00934069036711593	0.004347715847504459	30.378597259521484
19.422	3.004782608695652	0.18073076923076925	-0.026706263407111182	0.17801962921551437	0.009364249385003751	0.004572556410433809	29.27293586730957
19.422	3.004782608695652	0.18892307692307694	-0.03483891129901005	0.18571234559726202	0.009365484184223422	0.004257367275280252	28.214637756347656
19.422	3.004782608695652	0.19711538461538464	-0.0436089119351904	0.19148811968597912	0.009415516568675016	0.004212109136689075	27.196250915527344
19.422	3.004782608695652	0.20530769230769233	-0.051330665812580376	0.19764528111937507	0.009064178992390011	0.003999090168919039	26.56634521484375
19.422	3.004782608695652	0.21350000000000002	-0.05925560210336637	0.20366113553187015	0.008861603406399585	0.003894396800752631	25.919519424438477
19.422	3.004782608695652	0.22169230769230772	-0.06694609476064153	0.20746693510059686	0.009002091124853681	0.0037552777575921687	25.372888565063477
19.422	3.004782608695652	0.2298846153846154	-0.07501343871372765	0.21251621890147196	0.008920362850928827	0.003922804893736401	24.864294052124023
19.422	3.004782608695652	0.2380769230769231	-0.08269592160032141	0.21638884905874706	0.00898382833285947	0.0037356696809271663	24.44268035888672
19.422	3.004782608695652	0.2462692307692308	-0.09028575032733067	0.21890433141579307	0.009058299747423428	0.0036150238193701414	24.071575164794922
19.422	3.004782608695652	0.25446153846153846	-0.09808032457298536	0.222971044926108	0.008885669236506105	0.0035426735975678924	23.712730407714844
19.422	3.004782608695652	0.2626538461538462	-0.10569457144078256	0.22489187087537232	0.008908621642552425	0.003580104413426959	23.399761199951172
19.422	3.004782608695652	0.2708461538461539	-0.11375125229891775	0.22786078344704097	0.008706649124744472	0.003387507324175169	23.079261779785156
19.422	3.004782608695652	0.27903846153846157	-0.12020314999457835	0.22921247988612833	0.008487693146344165	0.003057182523916872	22.861310958862305
19.422	3.004782608695652	0.28723076923076923	-0.12882200005764521	0.23229347309586104	0.008702188935603835	0.0034315433255689477	22.662797927856445
19.422	3.004782608695652	0.29542307692307695	-0.13618952884201452	0.232909643956749	0.008545264763961377	0.0032572561501912614	22.504491806030273
19.422	3.004782608695652	0.3036153846153847	-0.14478356568936743	0.2362559817073031	0.008255881696300156	0.003052277353906613	22.244361877441406
19.422	3.004782608695652	0.31180769230769234	-0.15054488653179737	0.2361087089444606	0.00851227964978995	0.002896648354560676	21.703210830688477
19.422	3.004782608695652	0.32	-0.15845285129005765	0.23726870003901127	0.008131612870988706	0.002854815181324444	21.195655822753906
19.422	3.013478260869565	0.0005	0.05560964870994227	0.08414370003901128	0.011020268115990519	0.004474480179536491	12.507377624511719
19.422	3.013478260869565	0.008692307692307694	0.012444823270489142	0.09636751595698004	0.011043417608434027	0.0046112217386569156	37.61760330200195
19.422	3.013478260869565	0.016884615384615387	0.021184660415856475	0.10762798093409287	0.011001749920765795	0.004686200418374135	44.46807098388672
19.422	3.013478260869565	0.02507692307692308	0.016308714687529702	0.1106111794270771	0.01089311438771046	0.004434504075679073	44.55910110473633
19.422	3.013478260869565	0.03326923076923077	0.017144444424248055	0.11794575638895247	0.010814695096506843	0.004629310663738114	42.46581268310547
19.422	3.013478260869565	0.041461538461538466	0.017171995156986794	0.12269703411055952	0.0108124359000261	0.004464293467178771	38.93174743652344
19.422	3.013478260869565	0.04965384615384616	0.016584367865307433	0.12585660927487763	0.010606735431698336	0.004410413342494091	37.28390693664551
19.422	3.013478260869565	0.05784615384615385	0.015779050786154738	0.13103659739956697	0.010562079966526661	0.004369836713677312	35.149566650390625
19.422	3.013478260869565	0.06603846153846155	0.016444266280855276	0.13362923275683553	0.010618844643899825	0.004222141161584472	33.6131591796875
19.422	3.013478260869565	0.07423076923076924	0.01519230605249758	0.13429646503948056	0.010570571908410785	0.004445000675049056	33.1622428894043
19.422	3.013478260869565	0.08242307692307693	0.014631127576879219	0.13625349004589404	0.010602073594938016	0.004643752513366492	32.06449508666992
19.422	3.013478260869565	0.09061538461538463	0.014130832447929419	0.1379072233611823	0.010539065117492329	0.004268427274801507	31.059980392456055
19.422	3.013478260869565	0.09880769230769232	0.01293570258917752	0.14017087274707773	0.01054179454909252	0.004395175742055931	30.479089736938477
19.422	3.013478260869565	0.10700000000000001	0.013292810632057391	0.1425444823486715	0.01059243314016646	0.0045835694837110235	29.784456253051758
19.422	3.013478260869565	0.1151923076923077	0.01181534840413546	0.14523488753191044	0.010232769956602775	0.004429242221570932	29.4478759765625
19.422	3.013478260869565	0.1233846153846154	0.011100794514701657	0.14625041438180397	0.010416598661981216	0.004339069682919954	29.238008499145508
19.422	3.013478260869565	0.1315769230769231	0.008890289727450183	0.1494408361057554	0.010366408718913837	0.004354201741717417	29.014663696289062
19.422	3.013478260869565	0.13976923076923078	0.00741776508078055	0.15292554105657974	0.010368676773896034	0.004386689271546811	29.31499481201172
19.422	3.013478260869565	0.14796153846153848	0.004225679957071629	0.15815177092633112	0.01039636269918243	0.004347155465243885	29.605234146118164
19.422	3.013478260869565	0.15615384615384617	5.958544570726219e-05	0.16480822559681524	0.01020007027635279	0.004293970835269965	30.14034080505371
19.422	3.013478260869565	0.16434615384615386	-0.004344216564639874	0.17175220411302566	0.010308527603940324	0.004094115183679924	31.20914077758789
19.422	3.013478260869565	0.17253846153846156	-0.010926684195145434	0.180126263499577	0.010233033341462262	0.004131364018278736	30.43456268310547
19.422	3.013478260869565	0.18073076923076925	-0.016943261831328205	0.18590385607315382	0.010209593830538839	0.003911950122405799	29.316307067871094
19.422	3.013478260869565	0.18892307692307694	-0.02500183939773582	0.19216364449460216	0.01025895272100348	0.004124589718653554	28.28150749206543
19.422	3.013478260869565	0.19711538461538464	-0.031591474754007955	0.19799670120900464	0.01015945495218835	0.0039444334290600815	27.49041748046875
19.422	3.013478260869565	0.20530769230769233	-0.038748810391028836	0.20266367635394178	0.010131156316155111	0.003955108360707343	26.734325408935547
19.422	3.013478260869565	0.21350000000000002	-0.046203512323175974	0.20867403580977315	0.009992668958450928	0.0037954139905742876	26.077367782592773
19.422	3.013478260869565	0.22169230769230772	-0.052942922068381165	0.21232411946456614	0.009930162124864125	0.003481676877179201	25.51750946044922
19.422	3.013478260869565	0.2298846153846154	-0.06112447679063464	0.2187373609021812	0.01003000360158847	0.0035298547036748695	24.93079376220703
19.422	3.013478260869565	0.2380769230769231	-0.06659196008006638	0.2202567865069239	0.010187798905096863	0.0038019597087636634	24.570274353027344
19.422	3.013478260869565	0.2462692307692308	-0.07418193440428528	0.22316579136980974	0.009954676770713381	0.003526140607787554	24.198230743408203
19.422	3.013478260869565	0.25446153846153846	-0.08190811980059895	0.2270569973437329	0.009891291114719022	0.0034515018654342794	23.77743911743164
19.422	3.013478260869565	0.2626538461538462	-0.08777750479532934	0.22885563080648233	0.00966398915609467	0.0031689120086475357	23.484832763671875
19.422	3.013478260869565	0.2708461538461539	-0.0948530579481906	0.23212358920095838	0.0100431965894127	0.003442335539470539	23.23427391052246
19.422	3.013478260869565	0.27903846153846157	-0.1011122375200977	0.23349638464164238	0.009881979704742172	0.003270377370485753	22.94318199157715
19.422	3.013478260869565	0.28723076923076923	-0.10885803315204262	0.2365034682479684	0.009676087357011476	0.0033797636865206945	22.7249698638916
19.422	3.013478260869565	0.29542307692307695	-0.11582785405640023	0.23727710561222642	0.00975927385136344	0.0030316019322843843	22.53734016418457
19.422	3.013478260869565	0.3036153846153847	-0.12157378656495377	0.23915968164529908	0.00967626906624388	0.003022306772740986	22.38699722290039
19.422	3.013478260869565	0.31180769230769234	-0.12817478010402755	0.2398649629658872	0.009370171143488941	0.0029000336452628833	22.074413299560547
19.422	3.013478260869565	0.32	-0.13600940236793596	0.24098480758134658	0.00922029831055372	0.0024812217512209444	21.582353591918945
19.422	3.022173913043478	0.0005	-0.1364002108822526	0.19231311230876375	0.01129411327620667	0.0036632848665002324	12.474624633789062
19.422	3.022173913043478	0.008692307692307694	0.026643258637024374	0.05292815893042769	0.011518261959380218	0.0038738559693436946	38.02302551269531
19.422	3.022173913043478	0.016884615384615387	0.02716386944635054	0.075257918528206	0.011492249483494128	0.00394746196342368	41.58927917480469
19.422	3.022173913043478	0.02507692307692308	0.02234645662943114	0.08293082008165706	0.011230832021469284	0.0034865517774849792	42.58586120605469
19.422	3.022173913043478	0.03326923076923077	0.019775438193980675	0.08617090869099842	0.011280713406089953	0.003918628836061375	43.50935745239258
19.422	3.022173913043478	0.041461538461538466	0.018843246905567414	0.09073182683524136	0.011091340760531148	0.003736246086176972	42.07931900024414
19.422	3.022173913043478	0.04965384615384616	0.01855581989741541	0.09715821858581548	0.011243471470997884	0.0038900650907036406	38.796926498413086
19.422	3.022173913043478	0.05784615384615385	0.01645806869721628	0.10150288831528669	0.011327079668017083	0.0038207443289449204	37.37879180908203
19.422	3.022173913043478	0.06603846153846155	0.014690413414692897	0.10516869519366301	0.011249709494211172	0.003859205904748829	36.10226058959961
19.422	3.022173913043478	0.07423076923076924	0.014155137553884615	0.10694142981318268	0.011118368136568387	0.003951762969576782	35.50004577636719
19.422	3.022173913043478	0.08242307692307693	0.01269618685238003	0.11211880614371328	0.011085937077491049	0.0038684032810066644	34.09636116027832
19.422	3.022173913043478	0.09061538461538463	0.011409502290932367	0.11587282327605508	0.010981721251932402	0.003919938855318519	33.172407150268555
19.422	3.022173913043478	0.09880769230769232	0.010121350581373048	0.11842220050962723	0.010943001487401956	0.003789048852855362	32.53232192993164
19.422	3.022173913043478	0.10700000000000001	0.008587769210051596	0.12155978939786909	0.010934312845270492	0.0038843132794987426	31.693443298339844
19.422	3.022173913043478	0.1151923076923077	0.007766709002961255	0.1254002101990034	0.010870982349362946	0.003937957323088262	31.09430503845215
19.422	3.022173913043478	0.1233846153846154	0.005442108607524293	0.13008006461049976	0.011041245198338198	0.003946052991948171	30.988941192626953
19.422	3.022173913043478	0.1315769230769231	0.004954754715191263	0.1333502265664495	0.01110343837224161	0.00391796257273911	30.53373146057129
19.422	3.022173913043478	0.13976923076923078	0.0024234776192595398	0.13795650248559946	0.010965237240506541	0.0037717428261833576	30.735828399658203
19.422	3.022173913043478	0.14796153846153848	-0.0009140082174984547	0.14455606193990483	0.010983784695001993	0.003716624019355559	30.898170471191406
19.422	3.022173913043478	0.15615384615384617	-0.004736565771747356	0.15192536651444266	0.010961194123830417	0.003636054837539757	31.51927375793457
19.422	3.022173913043478	0.16434615384615386	-0.010087276977867102	0.16030742113103796	0.01084786003823267	0.003620168835479185	32.43155288696289
19.422	3.022173913043478	0.17253846153846156	-0.01656537341492551	0.1686400112946651	0.01108363598661837	0.0035591922899781505	31.68094825744629
19.422	3.022173913043478	0.18073076923076925	-0.023813496383342687	0.17705332003776925	0.010999523825124391	0.0035034415964416126	30.37096405029297
19.422	3.022173913043478	0.18892307692307694	-0.03175135105146819	0.1844614483207557	0.010891032279839386	0.003310360400211986	29.289094924926758
19.422	3.022173913043478	0.19711538461538464	-0.040031229858764575	0.19299990626586233	0.010783229660549603	0.0032426444379143873	28.159809112548828
19.422	3.022173913043478	0.20530769230769233	-0.048509954247388534	0.20027056610451266	0.011028320615892236	0.0031245145329852064	27.364334106445312
19.422	3.022173913043478	0.21350000000000002	-0.05647444681971043	0.20691144959665525	0.011139909224598602	0.0031483350257734246	26.612957000732422
19.422	3.022173913043478	0.22169230769230772	-0.06445875327652992	0.2125597562888381	0.010830526190514122	0.002854578110967473	26.003387451171875
19.422	3.022173913043478	0.2298846153846154	-0.0720136593072292	0.21844486544354663	0.010973129006670305	0.0028290140328071354	25.41188621520996
19.422	3.022173913043478	0.2380769230769231	-0.08002103421367597	0.22289652918329317	0.010952452266265119	0.0028671118942501564	24.93659782409668
19.422	3.022173913043478	0.2462692307692308	-0.08894627649478738	0.22861523600290035	0.010827125974067351	0.002781804341072231	24.491374969482422
19.422	3.022173913043478	0.25446153846153846	-0.09630875047603728	0.2318000852385767	0.011155899170155494	0.0021812834675135244	24.089994430541992
19.422	3.022173913043478	0.2626538461538462	-0.10356496954986401	0.23611420581190873	0.010816452627370918	0.002701678279851579	23.727367401123047
19.422	3.022173913043478	0.2708461538461539	-0.1122257703496351	0.2396493857699981	0.010953104783326301	0.00232886908683676	23.492048263549805
19.422	3.022173913043478	0.27903846153846157	-0.11943759360905715	0.2430090214819658	0.0108799358428916	0.0024828859675336316	23.239906311035156
19.422	3.022173913043478	0.28723076923076923	-0.12805561983581604	0.24572489631781463	0.010769586697564712	0.0024183744012100912	22.95338249206543
19.422	3.022173913043478	0.29542307692307695	-0.13576160504193707	0.24828272538897114	0.01079938728014588	0.0019500615094239638	22.757047653198242
19.422	3.022173913043478	0.3036153846153847	-0.14371148348800208	0.25043810538134625	0.01092028242208164	0.002115153894501477	22.5684871673584
19.422	3.022173913043478	0.31180769230769234	-0.15149985089974938	0.2531325802098545	0.011090446601953428	0.001915816761120426	22.133079528808594
19.422	3.022173913043478	0.32	-0.15911081056174645	0.2552284234659292	0.010808204631620464	0.001866785222172438	21.57312774658203
19.422	3.030869565217391	0.0005	0.05648163645464179	0.2192794505496987	0.012154493501180771	0.0025682187990055307	14.529838562011719
19.422	3.030869565217391	0.008692307692307694	0.014445571423580494	0.0642375745462469	0.012398995780564366	0.0028826593575827213	37.21354675292969
19.422	3.030869565217391	0.016884615384615387	0.014839027644207326	0.08441229542961634	0.012370420399384855	0.002868869563523729	44.61210632324219
19.422	3.030869565217391	0.02507692307692308	0.011344904469849966	0.09056076740917643	0.01244944180434784	0.0030542758006658925	40.184478759765625
19.422	3.030869565217391	0.03326923076923077	0.013223580847086809	0.09315730527114953	0.012205828953416	0.002900525144841617	42.71888732910156
19.422	3.030869565217391	0.041461538461538466	0.012595330667507332	0.09812538508804874	0.012103751894428496	0.002805586010924681	41.2786979675293
19.422	3.030869565217391	0.04965384615384616	0.012901691277336758	0.09807321751969295	0.011995052202373622	0.002766224465915339	37.69454765319824
19.422	3.030869565217391	0.05784615384615385	0.01081691109480984	0.10312266729439037	0.012083079956473656	0.0030855337628166784	36.1553897857666
19.422	3.030869565217391	0.06603846153846155	0.01070803317612684	0.10567840944409734	0.012193711485883139	0.002948732486699044	34.581661224365234
19.422	3.030869565217391	0.07423076923076924	0.009264445222656245	0.10667972208246684	0.011734045668081292	0.0028577874410652938	33.715972900390625
19.422	3.030869565217391	0.08242307692307693	0.009247108716958205	0.10908696246404762	0.011911046241704654	0.0030108150565465452	32.52479553222656
19.422	3.030869565217391	0.09061538461538463	0.008241163059578276	0.10966121318122934	0.01183756540415914	0.002881115065980321	31.675220489501953
19.422	3.030869565217391	0.09880769230769232	0.007438925405787323	0.11233215565810513	0.011813234089868849	0.0029418590576907318	31.252708435058594
19.422	3.030869565217391	0.10700000000000001	0.005763419584337343	0.11580487664944648	0.011763972562631007	0.002948910527819957	30.635791778564453
19.422	3.030869565217391	0.1151923076923077	0.005717618504069901	0.11740924717003386	0.011677273178645461	0.0030972006175486975	30.192882537841797
19.422	3.030869565217391	0.1233846153846154	0.004243176543615915	0.11998521258199495	0.011755556000081678	0.0030338758898907792	29.69161605834961
19.422	3.030869565217391	0.1315769230769231	0.0038028782632319714	0.12326159905548079	0.011891687325505088	0.0030079267587612684	29.713342666625977
19.422	3.030869565217391	0.13976923076923078	0.001984394952014694	0.12720634077465026	0.011759844082070522	0.003156542162065845	29.72383689880371
19.422	3.030869565217391	0.14796153846153848	0.0002517288849172107	0.13228233548606397	0.011779323545824193	0.002967472102779169	29.90192413330078
19.422	3.030869565217391	0.15615384615384617	-0.003106853511087202	0.13784755430130113	0.011832858884517438	0.0029221772028416556	30.47793960571289
19.422	3.030869565217391	0.16434615384615386	-0.007067769957609076	0.1451241259597411	0.01170846079129681	0.0026780095368801955	31.29081153869629
19.422	3.030869565217391	0.17253846153846156	-0.012456903100825974	0.15196273803127425	0.01169868666856039	0.0026679208322955643	32.71170616149902
19.422	3.030869565217391	0.18073076923076925	-0.018184034897148718	0.1597639114125926	0.011856236657300899	0.0025352096788208143	31.747194290161133
19.422	3.030869565217391	0.18892307692307694	-0.02489501260342839	0.1670086726120829	0.011705608197066947	0.0025002791317440655	30.702667236328125
19.422	3.030869565217391	0.19711538461538464	-0.031234257895902905	0.1725712225885403	0.011715330075517307	0.0023363191696610403	29.64328956604004
19.422	3.030869565217391	0.20530769230769233	-0.03795189796428494	0.17909919308696803	0.011813282660787228	0.002232657458126398	28.75662612915039
19.422	3.030869565217391	0.21350000000000002	-0.045592724115311595	0.18538960008381056	0.011839457174292111	0.0018958785170760002	27.930328369140625
19.422	3.030869565217391	0.22169230769230772	-0.05262269496401477	0.19116176666043982	0.011926164591923366	0.001986408944890881	27.316925048828125
19.422	3.030869565217391	0.2298846153846154	-0.05929356784503745	0.19582382000990586	0.011686830255703313	0.001728923792712323	26.682971954345703
19.422	3.030869565217391	0.2380769230769231	-0.06692829247508039	0.20035776789773627	0.011903365842892564	0.0018660985436349032	26.154911041259766
19.422	3.030869565217391	0.2462692307692308	-0.07364528179722934	0.20443370885657808	0.01204429206839635	0.0017311610349701697	25.67803382873535
19.422	3.030869565217391	0.25446153846153846	-0.08096974688583952	0.20856695861178037	0.011855592757576264	0.0012380608593070383	25.201740264892578
19.422	3.030869565217391	0.2626538461538462	-0.08742430200996765	0.21240062429940587	0.012042494254007611	0.0014088735088670882	24.862350463867188
19.422	3.030869565217391	0.2708461538461539	-0.09485829901610499	0.21538081736582926	0.012065214464843876	0.0009295028025598501	24.551513671875
19.422	3.030869565217391	0.27903846153846157	-0.10185308827117645	0.21947613022640577	0.011829355870674612	0.0008867107150444439	24.192790985107422
19.422	3.030869565217391	0.28723076923076923	-0.10889570873619399	0.22193506953359493	0.012075917971465407	0.001101948296056249	23.94696044921875
19.422	3.030869565217391	0.29542307692307695	-0.11643372386643008	0.22377517552183457	0.011758495192857822	0.00065987822628976	23.213733673095703
19.422	3.030869565217391	0.3036153846153847	-0.12449040472456534	0.22674408809350313	0.011773109482415167	0.00045852977261510633	22.5637149810791
19.422	3.030869565217391	0.31180769230769234	-0.1316399498569808	0.2289787701413592	0.011945372609577853	0.00045953508176648476	21.97739028930664
19.422	3.030869565217391	0.32	-0.1388726329611159	0.23070696930113754	0.01183717548701682	-0.000254875406229613	21.484800338745117
19.422	3.0395652173913046	0.0005	-0.041204042826589626	-0.043922638868515156	0.013093934371136508	0.0015820594313195747	10.918136596679688
19.422	3.0395652173913046	0.008692307692307694	0.013390591922811314	0.05338346151455563	0.013052750908753241	0.0018293921474477313	38.184593200683594
19.422	3.0395652173913046	0.016884615384615387	0.021160913298021503	0.07996465130544173	0.013214658115183544	0.0018498567774621836	43.294551849365234
19.422	3.0395652173913046	0.02507692307692308	0.02154180262435551	0.07740589803851114	0.01307198184338118	0.0018875995410759091	46.16130447387695
19.422	3.0395652173913046	0.03326923076923077	0.02070973491493936	0.08550209672956632	0.013083776917387196	0.0019352836083714828	41.39607238769531
19.422	3.0395652173913046	0.041461538461538466	0.017164102905539443	0.09171397400347037	0.012951514335777077	0.0018338584254240578	40.502567291259766
19.422	3.0395652173913046	0.04965384615384616	0.014349375628975798	0.09668614094404024	0.01297851957707004	0.0019668587917453717	38.111515045166016
19.422	3.0395652173913046	0.05784615384615385	0.013557801097508166	0.10373775901822357	0.012702446422833375	0.001773111372783655	36.82402420043945
19.422	3.0395652173913046	0.06603846153846155	0.012420167930108101	0.10565037269262702	0.012709896614081295	0.0019076971093471603	35.3507080078125
19.422	3.0395652173913046	0.07423076923076924	0.010684219062827129	0.1094137796331883	0.012588581545940444	0.0019482844177697621	34.69595909118652
19.422	3.0395652173913046	0.08242307692307693	0.009683837647466505	0.11529704258137957	0.0122157841129708	0.0018911040492727233	33.86833381652832
19.422	3.0395652173913046	0.09061538461538463	0.007417439600803306	0.11817530326179526	0.012273210121191114	0.002051006573558094	32.876190185546875
19.422	3.0395652173913046	0.09880769230769232	0.006762537368203456	0.1206041130268195	0.012360278792391651	0.002015212267062574	32.26365661621094
19.422	3.0395652173913046	0.10700000000000001	0.005413682015941416	0.12358296575857729	0.012360860696287746	0.0021518793542983396	31.64785385131836
19.422	3.0395652173913046	0.1151923076923077	0.0037400533222916163	0.12830346767523987	0.012225234944060241	0.002174554559153087	31.33024024963379
19.422	3.0395652173913046	0.1233846153846154	0.0019485652057136503	0.13173349579638705	0.012365125783676326	0.0021687387853366515	31.03744888305664
19.422	3.0395652173913046	0.1315769230769231	-5.338969060686122e-05	0.13537767733430617	0.012386119029315629	0.0020622578169457056	30.786666870117188
19.422	3.0395652173913046	0.13976923076923078	-0.0016570516750851899	0.14107471473841335	0.01233240416454474	0.0020374531271988875	31.01812171936035
19.422	3.0395652173913046	0.14796153846153848	-0.0049730160746156455	0.14698706640693232	0.01241884775015515	0.0019725337540925096	31.453935623168945
19.422	3.0395652173913046	0.15615384615384617	-0.00905198431642645	0.1528426045441895	0.012182724320488341	0.0017008358935114846	32.330196380615234
19.422	3.0395652173913046	0.16434615384615386	-0.014265611568181215	0.16060583155244149	0.01223206096798676	0.0014815209013746963	33.61423110961914
19.422	3.0395652173913046	0.17253846153846156	-0.020479694661390636	0.16851774816579373	0.012402852691199227	0.0016683182168477843	32.56017303466797
19.422	3.0395652173913046	0.18073076923076925	-0.028180742151230467	0.17590851415052566	0.012356357162404307	0.0013784165334960977	31.145530700683594
19.422	3.0395652173913046	0.18892307692307694	-0.03670805451392384	0.1825900606142572	0.01238708104012112	0.0011149110287966726	29.904712677001953
19.422	3.0395652173913046	0.19711538461538464	-0.044068505692074045	0.18893690888117382	0.012342966944030923	0.0007992976127731182	28.781917572021484
19.422	3.0395652173913046	0.20530769230769233	-0.053049574304848884	0.19619420072750043	0.012465275550265706	0.0008092865228717435	27.87535858154297
19.422	3.0395652173913046	0.21350000000000002	-0.06143409905630349	0.20207402202986968	0.012465307836600024	0.000525068172009825	27.157264709472656
19.422	3.0395652173913046	0.22169230769230772	-0.06942827105035855	0.20775132799354604	0.012606475896381211	0.0007646871094947465	26.372760772705078
19.422	3.0395652173913046	0.2298846153846154	-0.07825215073485478	0.2141015255369071	0.012388211458436682	0.00031050581630997164	25.71588134765625
19.422	3.0395652173913046	0.2380769230769231	-0.08689046827362575	0.21831916852148386	0.012614802623614602	0.0001293578743716378	25.261768341064453
19.422	3.0395652173913046	0.2462692307692308	-0.09511475149777768	0.22230025896461014	0.012505745114652597	-2.3540656351539953e-05	24.81326675415039
19.422	3.0395652173913046	0.25446153846153846	-0.1028509074504749	0.22595142483662542	0.012291916670357377	-0.0004904216554304188	24.286191940307617
19.422	3.0395652173913046	0.2626538461538462	-0.11134390712025016	0.23002967759913512	0.012657670756299547	-0.0004496371525046025	23.934301376342773
19.422	3.0395652173913046	0.2708461538461539	-0.11956083575185036	0.23292080848717744	0.012619538794307657	-0.0006958171907707788	23.711023330688477
19.422	3.0395652173913046	0.27903846153846157	-0.12800819343517644	0.23594885200240096	0.012594316183150652	-0.0009859058653400102	23.3784122467041
19.422	3.0395652173913046	0.28723076923076923	-0.13554376655881778	0.2384385020409704	0.012658678584158763	-0.0010790555173879523	23.15740203857422
19.422	3.0395652173913046	0.29542307692307695	-0.1443655831637224	0.24058693734617778	0.012595252580978558	-0.0012814932291657013	22.585773468017578
19.422	3.0395652173913046	0.3036153846153847	-0.1530223141003303	0.24337631378991031	0.012672069199435641	-0.0016281213976834822	22.008525848388672
19.422	3.0395652173913046	0.31180769230769234	-0.15990065699732042	0.24475933773113284	0.01261755882912733	-0.001999320390386554	21.47651481628418
19.422	3.0395652173913046	0.32	-0.16888693145299444	0.24643360613748302	0.012748594571141143	-0.0018633709093485436	20.982728958129883
19.422	3.0482608695652176	0.0005	-0.031549896512274835	0.12023455439969767	0.013842210140273257	0.00040203288902081793	8.634841918945312
19.422	3.0482608695652176	0.008692307692307694	0.011125884737725161	0.049726741899697655	0.01387293118736824	0.00045532479471071944	38.23535919189453
19.422	3.0482608695652176	0.016884615384615387	0.008987955878932868	0.06654150907009682	0.013865907444688321	0.00035463252583590034	44.89918518066406
19.422	3.0482608695652176	0.02507692307692308	0.006152779878197491	0.07075008293007486	0.013845021405795476	0.00039870170439141315	42.063690185546875
19.422	3.0482608695652176	0.03326923076923077	0.008762032807884991	0.0737728490433561	0.013554137490864152	0.0003308213368586343	41.642845153808594
19.422	3.0482608695652176	0.041461538461538466	0.011565140293550734	0.07869169092276058	0.01369804421516824	0.0005437527815717848	39.05210876464844
19.422	3.0482608695652176	0.04965384615384616	0.010002628884849193	0.08298073668968788	0.013408588058125358	0.00039329836360932216	37.68601417541504
19.422	3.0482608695652176	0.05784615384615385	0.00815988307806017	0.08583854355795698	0.013290826513154795	0.0005439849326410008	36.2695426940918
19.422	3.0482608695652176	0.06603846153846155	0.008575797470275365	0.08968486642382265	0.013191264935731847	0.0007929804458984583	34.37315368652344
19.422	3.0482608695652176	0.07423076923076924	0.007320186778920543	0.09067819729091812	0.013162007949277712	0.0006929412441098526	33.3445930480957
19.422	3.0482608695652176	0.08242307692307693	0.006751622396040746	0.09485503483983367	0.012838486300744075	0.00045299623895002816	32.44683837890625
19.422	3.0482608695652176	0.09061538461538463	0.005554343280163864	0.09849283805587648	0.012951219203561955	0.0008595561263448049	31.522098541259766
19.422	3.0482608695652176	0.09880769230769232	0.003956450455305615	0.10074511327516261	0.01285399486577462	0.0008852532529928907	31.02950096130371
19.422	3.0482608695652176	0.10700000000000001	0.004203782280390595	0.10425609012568343	0.012799360020191851	0.0011493360525421073	30.267431259155273
19.422	3.0482608695652176	0.1151923076923077	0.0025214253258383605	0.10776704730201482	0.012686600980570987	0.00044947998284643924	30.035526275634766
19.422	3.0482608695652176	0.1233846153846154	0.0011316270461506786	0.11198696833959118	0.012793126918543923	0.0009856291124346113	29.7622127532959
19.422	3.0482608695652176	0.1315769230769231	-0.0004913434535879096	0.11604481979590062	0.01278472693551548	0.0009342995190995641	29.763681411743164
19.422	3.0482608695652176	0.13976923076923078	-0.002788468993258385	0.1208147236218547	0.013129339012394025	0.000989789767004817	29.999082565307617
19.422	3.0482608695652176	0.14796153846153848	-0.0062014727379360295	0.1280359754488048	0.0129129762429241	0.0007765634451065994	30.44131851196289
19.422	3.0482608695652176	0.15615384615384617	-0.009412113436607373	0.13467072529347512	0.013080213276997259	0.0007290570541232341	31.267383575439453
19.422	3.0482608695652176	0.16434615384615386	-0.015056080272458108	0.14222976643086743	0.012832850684613411	0.0002462340550058492	32.613346099853516
19.422	3.0482608695652176	0.17253846153846156	-0.02124376207543236	0.14927900242845626	0.01280804422913982	9.68947604741697e-05	32.020660400390625
19.422	3.0482608695652176	0.18073076923076925	-0.02749391056917802	0.1555748736454819	0.01303310001764751	-3.529577424554145e-05	30.868284225463867
19.422	3.0482608695652176	0.18892307692307694	-0.03382855287258707	0.1607715078161976	0.013049964293323712	-0.0003009200276158741	29.87201690673828
19.422	3.0482608695652176	0.19711538461538464	-0.04103614890395393	0.16676070855300107	0.013023893009240992	-0.00048254958728132565	28.993249893188477
19.422	3.0482608695652176	0.20530769230769233	-0.04773204322177181	0.17214074467173243	0.013089875136393177	-0.0006736817317238538	28.280532836914062
19.422	3.0482608695652176	0.21350000000000002	-0.05534862498956928	0.17638519105365896	0.013160593727692673	-0.0009097528612608821	27.49076271057129
19.422	3.0482608695652176	0.22169230769230772	-0.061850648446216454	0.18100379262292357	0.013015472609010486	-0.0014033232560258853	26.979063034057617
19.422	3.0482608695652176	0.2298846153846154	-0.06931674329398502	0.18559489044533645	0.013040287649079853	-0.0015799978328495299	26.45778465270996
19.422	3.0482608695652176	0.2380769230769231	-0.07622829811598475	0.18894085939506144	0.012947525295482647	-0.001985537687395609	25.917102813720703
19.422	3.0482608695652176	0.2462692307692308	-0.08179470148986698	0.19070756511050413	0.012881520282559965	-0.0024926905002566322	25.598848342895508
19.422	3.0482608695652176	0.25446153846153846	-0.09026354393224724	0.19463214403062737	0.012925372661727186	-0.0024337546989763193	25.16240119934082
19.422	3.0482608695652176	0.2626538461538462	-0.0970354549377368	0.19684918292609654	0.012960652113276475	-0.0024141373904776097	24.836105346679688
19.422	3.0482608695652176	0.2708461538461539	-0.1041856199788305	0.19932956789693707	0.013105307576209079	-0.002853233104226651	24.523807525634766
19.422	3.0482608695652176	0.27903846153846157	-0.11089167025418249	0.2014318237431762	0.01290313949786406	-0.0030535394408913764	23.905601501464844
19.422	3.0482608695652176	0.28723076923076923	-0.11824978883885306	0.20391761342848258	0.01308898919516406	-0.0033438889752985135	23.136903762817383
19.422	3.0482608695652176	0.29542307692307695	-0.12523207275587595	0.2053468942272484	0.013122449813651942	-0.003832864970611526	22.453819274902344
19.422	3.0482608695652176	0.3036153846153847	-0.13222736549088762	0.20667462691127486	0.012933729663034063	-0.003967577757141672	21.834753036499023
19.422	3.0482608695652176	0.31180769230769234	-0.13913988892911028	0.20809271921099326	0.013011897929454345	-0.004023719239351505	21.325284957885742
19.422	3.0482608695652176	0.32	-0.1461613782547082	0.2096474185332347	0.012916408969312674	-0.00453902742044464	20.845125198364258
19.422	3.0569565217391306	0.0005	0.05583301700133428	0.18109258559790142	0.014483655202884175	-0.0011907350219853333	12.328804016113281
19.422	3.0569565217391306	0.008692307692307694	0.01936810232180699	0.06601876762953292	0.014355398098979132	-0.0012927183092248042	32.17436218261719
19.422	3.0569565217391306	0.016884615384615387	0.017004551658812605	0.08053541329947003	0.014395611936280148	-0.001244763044734813	43.431339263916016
19.422	3.0569565217391306	0.02507692307692308	0.016757644996214148	0.08412074645795806	0.014359097734135047	-0.0012842482763681209	47.14384460449219
19.422	3.0569565217391306	0.03326923076923077	0.014761170020555943	0.09111485874734322	0.014314905715275451	-0.0010423973679449948	43.07951736450195
19.422	3.0569565217391306	0.041461538461538466	0.013899716010546178	0.09591055309853952	0.014075710673441915	-0.0013309068425146594	40.304107666015625
19.422	3.0569565217391306	0.04965384615384616	0.012570210566973182	0.10486261642060678	0.013698911912306488	-0.0012263005417767199	37.82390213012695
19.422	3.0569565217391306	0.05784615384615385	0.010548191538309543	0.11020917838893335	0.01351615391741701	-0.0012694077236178709	36.44782829284668
19.422	3.0569565217391306	0.06603846153846155	0.0100327325180985	0.1118484591009013	0.013747116327986196	-0.0007767881868007986	35.64392852783203
19.422	3.0569565217391306	0.07423076923076924	0.010029065714857722	0.11518670347201744	0.013371878456209862	-0.000920077084907928	34.27672576904297
19.422	3.0569565217391306	0.08242307692307693	0.00823793436012755	0.12022388032489228	0.013321852899037128	-0.0008725338228644996	33.351463317871094
19.422	3.0569565217391306	0.09061538461538463	0.007467643308623958	0.1237752883074057	0.013229088729724697	-0.0006730624795339848	32.461341857910156
19.422	3.0569565217391306	0.09880769230769232	0.005763109213799616	0.12688768214458768	0.013088998490135468	-0.0007752424749636153	32.119171142578125
19.422	3.0569565217391306	0.10700000000000001	0.004556785994031127	0.12973690967149631	0.012977302741899356	-0.0006537972066759332	31.323522567749023
19.422	3.0569565217391306	0.1151923076923077	0.0041096931571637	0.1330416945009458	0.012929441976928236	-0.0007603262859880988	31.005756378173828
19.422	3.0569565217391306	0.1233846153846154	0.0026783810789701773	0.1385001038077346	0.01293972143775433	-0.0005647622112788138	30.692411422729492
19.422	3.0569565217391306	0.1315769230769231	0.0004467957281512472	0.1419868215911149	0.012974652706355543	-0.0007041934919739471	30.990943908691406
19.422	3.0569565217391306	0.13976923076923078	-0.0028563393425948195	0.14744840881429555	0.012784757802904341	-0.0008850514465207559	31.226505279541016
19.422	3.0569565217391306	0.14796153846153848	-0.007703016984732639	0.15432237392089382	0.01278789038787479	-0.0009818742268449016	31.87279510498047
19.422	3.0569565217391306	0.15615384615384617	-0.013227878983588709	0.16269909493423124	0.012798839799431251	-0.0010810394742971404	32.240535736083984
19.422	3.0569565217391306	0.16434615384615386	-0.019638085705691602	0.16990821502378695	0.012933616043072329	-0.0014488139547829577	30.976957321166992
19.422	3.0569565217391306	0.17253846153846156	-0.027134081322964965	0.17599115220245368	0.01284698494759891	-0.0016821424532899912	29.634613037109375
19.422	3.0569565217391306	0.18073076923076925	-0.035468167719483676	0.18268274400204984	0.012851934619378187	-0.0018136565294803334	28.501279830932617
19.422	3.0569565217391306	0.18892307692307694	-0.04345509172380914	0.18869014839471038	0.012737102115949849	-0.002234046504380534	27.635799407958984
19.422	3.0569565217391306	0.19711538461538464	-0.0517329105288816	0.19432587527150005	0.012773893759419615	-0.0025517132584888915	26.85799789428711
19.422	3.0569565217391306	0.20530769230769233	-0.060059186215114115	0.19946652650848237	0.012875538191344411	-0.0027763777141978814	26.016742706298828
19.422	3.0569565217391306	0.21350000000000002	-0.06788440467431031	0.20468851304989572	0.01270875877008556	-0.0029829299959901745	25.545000076293945
19.422	3.0569565217391306	0.22169230769230772	-0.07548771821281236	0.20829228861796806	0.012610689139827897	-0.0034436460537408614	25.01936149597168
19.422	3.0569565217391306	0.2298846153846154	-0.08302282536149928	0.21213938873891663	0.012591241311301286	-0.00363552971069386	24.525110244750977
19.422	3.0569565217391306	0.2380769230769231	-0.09083045467499205	0.21588086996217215	0.012731296591945732	-0.004027332955986839	24.198108673095703
19.422	3.0569565217391306	0.2462692307692308	-0.09951428865562975	0.21814342371078566	0.01251232963819796	-0.004215242912811281	23.79600715637207
19.422	3.0569565217391306	0.25446153846153846	-0.10631532931795773	0.2211222887267747	0.012502042760430775	-0.004624430091139429	23.461868286132812
19.422	3.0569565217391306	0.2626538461538462	-0.11382916764917281	0.2226938264556618	0.012593325932217701	-0.004921825532296706	23.225656509399414
19.422	3.0569565217391306	0.2708461538461539	-0.12153475058282927	0.2250128608711633	0.01224106602274556	-0.005247740849779432	22.943870544433594
19.422	3.0569565217391306	0.27903846153846157	-0.12829572634789366	0.22653235102096675	0.01235834556874623	-0.005545067533349483	22.7735652923584
19.422	3.0569565217391306	0.28723076923076923	-0.1363227424167911	0.22803979680358585	0.01246980053157174	-0.005791002488259386	22.58930015563965
19.422	3.0569565217391306	0.29542307692307695	-0.1430359652454848	0.22804825573877585	0.012245581630350732	-0.006404626524305947	22.28377914428711
19.422	3.0569565217391306	0.3036153846153847	-0.1507747099805436	0.23019298312364087	0.012387705513766209	-0.006468358261769915	21.70315170288086
19.422	3.0569565217391306	0.31180769230769234	-0.15873180668161177	0.23119355041462208	0.012108153608324587	-0.006978533718699491	21.188194274902344
19.422	3.0569565217391306	0.32	-0.1655799297853258	0.23147217135895637	0.012188310260581436	-0.007331909983383393	20.743383407592773
19.422	3.0656521739130436	0.0005	0.0027428241209242338	0.1278649936245814	0.014636731023560435	-0.0032420930618420364	12.794181823730469
19.422	3.0656521739130436	0.008692307692307694	0.010798611463542947	0.05340458016028728	0.014668041040781107	-0.002997119636554281	33.95454025268555
19.422	3.0656521739130436	0.016884615384615387	0.010886573942358537	0.07092168193268547	0.014662443789197286	-0.0034098373004119013	43.68791198730469
19.422	3.0656521739130436	0.02507692307692308	0.013690535316224137	0.06808916555675634	0.014507048188455007	-0.0031580652263403066	46.30000686645508
19.422	3.0656521739130436	0.03326923076923077	0.009723894635195768	0.07496787907513747	0.014253301990564161	-0.003093596430225765	42.34401321411133
19.422	3.0656521739130436	0.041461538461538466	0.010802671936924215	0.07542857043944474	0.014041951644442077	-0.003191127822492346	42.039405822753906
19.422	3.0656521739130436	0.04965384615384616	0.00961183619883528	0.0782908676649554	0.013745009659562482	-0.002913300736395146	39.33854293823242
19.422	3.0656521739130436	0.05784615384615385	0.008870200563340083	0.08444370035930707	0.013530628372788412	-0.0028417385891479196	37.10371398925781
19.422	3.0656521739130436	0.06603846153846155	0.007737785915740137	0.08544507271684826	0.01327575249640617	-0.002797758997019825	35.399497985839844
19.422	3.0656521739130436	0.07423076923076924	0.008127235214121939	0.08551356515921768	0.013216225384748431	-0.0025704352033573963	34.2806282043457
19.422	3.0656521739130436	0.08242307692307693	0.007306282002345066	0.09080743824889637	0.013112713383624467	-0.002461108798034307	33.2384033203125
19.422	3.0656521739130436	0.09061538461538463	0.006351365702382056	0.09505735843470657	0.012849169871556834	-0.0023219063666000354	32.40216064453125
19.422	3.0656521739130436	0.09880769230769232	0.005465681572720085	0.09678300652374752	0.012832303300679804	-0.002173950161235427	31.737262725830078
19.422	3.0656521739130436	0.10700000000000001	0.00422295012570667	0.10005012616053421	0.012631977171607361	-0.0021234094026364014	31.064966201782227
19.422	3.0656521739130436	0.1151923076923077	0.0024766842532086266	0.10529535325509927	0.012462697578492481	-0.0021480455627989736	30.768054962158203
19.422	3.0656521739130436	0.1233846153846154	0.0011043942230868232	0.10917990213525912	0.012498172066765605	-0.0020500141765648974	30.581907272338867
19.422	3.0656521739130436	0.1315769230769231	-0.0010637656622451681	0.11410818578475586	0.012577177324923455	-0.0019692328629741917	30.475799560546875
19.422	3.0656521739130436	0.13976923076923078	-0.004298989555927532	0.12135449949352677	0.01264459168457471	-0.0019893649031499164	30.788007736206055
19.422	3.0656521739130436	0.14796153846153848	-0.008180278574245588	0.12775389990935707	0.012580161869050801	-0.002308878508492538	31.38201332092285
19.422	3.0656521739130436	0.15615384615384617	-0.013598766207387506	0.1348732007067787	0.01230375795923975	-0.002425396751286512	32.504520416259766
19.422	3.0656521739130436	0.16434615384615386	-0.020296495437314578	0.14345955526047816	0.012512762952906636	-0.0024318555504666234	31.23468017578125
19.422	3.0656521739130436	0.17253846153846156	-0.02663190299829686	0.15048398849218697	0.012334016334103226	-0.002970801994442495	30.121261596679688
19.422	3.0656521739130436	0.18073076923076925	-0.03348770766935892	0.15576748540129637	0.01220259065340825	-0.0034150132048384007	29.081748962402344
19.422	3.0656521739130436	0.18892307692307694	-0.040564314839524454	0.1616597676381877	0.01232299748486256	-0.003569195541102213	28.312397003173828
19.422	3.0656521739130436	0.19711538461538464	-0.04705057032881421	0.1669235088594666	0.012184982762538118	-0.003935643023622231	27.63785171508789
19.422	3.0656521739130436	0.20530769230769233	-0.05353615023670835	0.17174689180333524	0.011951761135024563	-0.004418659063774739	26.942211151123047
19.422	3.0656521739130436	0.21350000000000002	-0.059732482533603345	0.1749782050228111	0.012097818936886853	-0.004472723674448974	26.51694679260254
19.422	3.0656521739130436	0.22169230769230772	-0.06600321086190089	0.17943484374729668	0.011886118316310715	-0.004885462960333251	26.14226722717285
19.422	3.0656521739130436	0.2298846153846154	-0.07238069499451229	0.1828589606820521	0.011815384489959165	-0.005054240919428683	25.696096420288086
19.422	3.0656521739130436	0.2380769230769231	-0.0793289204435263	0.1860098496735651	0.011826025356399953	-0.005830261799197817	25.3778133392334
19.422	3.0656521739130436	0.2462692307692308	-0.08549389982369793	0.1879688897408802	0.011661060979473009	-0.005881510715968236	25.066787719726562
19.422	3.0656521739130436	0.25446153846153846	-0.09051231438067811	0.18896142405050587	0.011776017469799897	-0.0059377932656672645	24.817684173583984
19.422	3.0656521739130436	0.2626538461538462	-0.09802093040226276	0.1927475287155507	0.011532584762851291	-0.006409779563243718	24.49660301208496
19.422	3.0656521739130436	0.2708461538461539	-0.10314793046592051	0.19452516385775792	0.011538598540555067	-0.006683071328049888	24.314228057861328
19.422	3.0656521739130436	0.27903846153846157	-0.110143500148954	0.19571383989602312	0.01152551110897927	-0.007098620076632384	23.7451229095459
19.422	3.0656521739130436	0.28723076923076923	-0.11687219762327226	0.1979411168420191	0.011462385650236289	-0.007348607128632569	23.008081436157227
19.422	3.0656521739130436	0.29542307692307695	-0.12326439310485042	0.1985982088528377	0.011291668553780507	-0.00777680561801586	22.386981964111328
19.422	3.0656521739130436	0.3036153846153847	-0.12932784493774568	0.20051096483234868	0.01113173857700009	-0.008173822927357974	21.85468101501465
19.422	3.0656521739130436	0.31180769230769234	-0.13490749906510507	0.20090656421248423	0.010998968357733258	-0.008459456477700338	21.2791748046875
19.422	3.0656521739130436	0.32	-0.14133238871639084	0.20157308577614047	0.011223568330402365	-0.008863170574485	20.83860206604004
19.422	3.0743478260869566	0.0005	0.000867318314859194	0.15087118147926543	0.014801364368484612	-0.005451016007727596	9.589630126953125
19.422	3.0743478260869566	0.008692307692307694	0.01583144209684704	0.1038748466327028	0.014908101541465268	-0.005321445011373977	35.14206314086914
19.422	3.0743478260869566	0.016884615384615387	0.014486390412954082	0.11728491432705176	0.014553338001957286	-0.005364932257522267	43.93022918701172
19.422	3.0743478260869566	0.02507692307692308	0.01032129427726048	0.11935068638240898	0.014158730014702426	-0.005689975989822669	39.996829986572266
19.422	3.0743478260869566	0.03326923076923077	0.011029248029577297	0.120091358488576	0.014012051046035024	-0.00535110257221848	43.412925720214844
19.422	3.0743478260869566	0.041461538461538466	0.010903439477703067	0.12141055753681473	0.013639250473258462	-0.005298708366651992	41.52090835571289
19.422	3.0743478260869566	0.04965384615384616	0.00970024611350381	0.1259251851552971	0.013471572936652106	-0.005050027443281346	39.587669372558594
19.422	3.0743478260869566	0.05784615384615385	0.009297809641860926	0.12680950738761224	0.013217975173285105	-0.004842377049568081	37.17961883544922
19.422	3.0743478260869566	0.06603846153846155	0.008952890573185771	0.12723057861862902	0.012518741126561705	-0.0046146614245090685	36.023080825805664
19.422	3.0743478260869566	0.07423076923076924	0.008119408264814313	0.12889036059118647	0.012572315201168076	-0.0043745250362880825	34.710886001586914
19.422	3.0743478260869566	0.08242307692307693	0.008788372306925807	0.13159434139998838	0.012273859191690698	-0.004041128551212725	33.981998443603516
19.422	3.0743478260869566	0.09061538461538463	0.00707039694379047	0.13311668928982892	0.011667285538846559	-0.003947076990354396	32.78255653381348
19.422	3.0743478260869566	0.09880769230769232	0.00627921857948378	0.1342072673262117	0.011622440162995698	-0.003789334723953068	32.27811050415039
19.422	3.0743478260869566	0.10700000000000001	0.005666244050303187	0.1358224101617121	0.011550981651728303	-0.0034696966227158958	31.834434509277344
19.422	3.0743478260869566	0.1151923076923077	0.004569076959833331	0.13908791887961097	0.011596503628154547	-0.00324210068714023	31.37761878967285
19.422	3.0743478260869566	0.1233846153846154	0.0028146466101272045	0.14263166374435954	0.01139303466546724	-0.003143225280082702	31.271503448486328
19.422	3.0743478260869566	0.1315769230769231	1.0052588836660697e-05	0.14651731582267516	0.011338949416618813	-0.00326534100911013	31.22974967956543
19.422	3.0743478260869566	0.13976923076923078	-0.0036715064364078306	0.1521464812680823	0.01145691229319143	-0.0032460897007369136	31.591381072998047
19.422	3.0743478260869566	0.14796153846153848	-0.00853585802750316	0.15862648998105203	0.011349639490810326	-0.00344300569439862	32.4683952331543
19.422	3.0743478260869566	0.15615384615384617	-0.014223261329502603	0.16550224688859075	0.011212915179632348	-0.003620143576571905	31.892475128173828
19.422	3.0743478260869566	0.16434615384615386	-0.02155134525445177	0.1738698310686776	0.011129224916359618	-0.003959224479930898	30.458913803100586
19.422	3.0743478260869566	0.17253846153846156	-0.029469688202411665	0.18255314151780097	0.011033036899308875	-0.00386434285670421	29.284015655517578
19.422	3.0743478260869566	0.18073076923076925	-0.0372590900141576	0.18863101136066987	0.010892827734884397	-0.004341873481361727	28.246082305908203
19.422	3.0743478260869566	0.18892307692307694	-0.044655552573857615	0.19380405824759078	0.01081162463218082	-0.0046834073978263184	27.35449981689453
19.422	3.0743478260869566	0.19711538461538464	-0.05267390228254927	0.20004459214715942	0.010753709802367874	-0.004948643468671595	26.66631317138672
19.422	3.0743478260869566	0.20530769230769233	-0.059725236998928885	0.20505054570122344	0.010924317786891359	-0.0051480212174826005	26.123870849609375
19.422	3.0743478260869566	0.21350000000000002	-0.0673744583167715	0.2094912069648755	0.010660107416585355	-0.0055348235745595175	25.546220779418945
19.422	3.0743478260869566	0.22169230769230772	-0.07416015572167635	0.21454252604237867	0.010503244910629667	-0.006040658288315033	25.112279891967773
19.422	3.0743478260869566	0.2298846153846154	-0.08174302454359532	0.218459261710114	0.01051951535094677	-0.006245149130372909	24.651891708374023
19.422	3.0743478260869566	0.2380769230769231	-0.08947787416436499	0.22128237748384427	0.01045342043368766	-0.006327686167140417	24.33303451538086
19.422	3.0743478260869566	0.2462692307692308	-0.09686758838310934	0.22420275499492137	0.010251141905275082	-0.007133638854722375	23.97461700439453
19.422	3.0743478260869566	0.25446153846153846	-0.10332612119332052	0.22767952372699227	0.010332446784110988	-0.007044801417313845	23.731918334960938
19.422	3.0743478260869566	0.2626538461538462	-0.11046172329174447	0.22898749869812463	0.010143610068286544	-0.007523626519204678	23.473508834838867
19.422	3.0743478260869566	0.2708461538461539	-0.11743660024317075	0.23091215461056863	0.009870762791894543	-0.008340452298588765	23.255929946899414
19.422	3.0743478260869566	0.27903846153846157	-0.12366834054650831	0.23241411314841542	0.010036720583508888	-0.008163945976420485	23.06511688232422
19.422	3.0743478260869566	0.28723076923076923	-0.13123939505844467	0.23375609477837284	0.009962871997328638	-0.008713107350931216	22.95531463623047
19.422	3.0743478260869566	0.29542307692307695	-0.13787918920538508	0.2351036576168823	0.009473876946654428	-0.008918631400789408	22.518798828125
19.422	3.0743478260869566	0.3036153846153847	-0.1450768336693577	0.2363486081079706	0.009739007015829856	-0.00894441541821769	21.939350128173828
19.422	3.0743478260869566	0.31180769230769234	-0.1508966974843779	0.23641973470412755	0.009595280130233565	-0.009471096445361045	21.392297744750977
19.422	3.0743478260869566	0.32	-0.15866020833800204	0.2378009202032378	0.009537592909049994	-0.010014408227111762	21.001317977905273
19.422	3.0830434782608696	0.0005	-0.04553764974425206	0.41947206278136273	0.012363547253148126	-0.007158496112292613	12.813346862792969
19.422	3.0830434782608696	0.008692307692307694	0.004500816783615278	0.11352921784584534	0.01239704480121363	-0.006925041574736517	38.75593566894531
19.422	3.0830434782608696	0.016884615384615387	0.007554629373111644	0.109023952853951	0.012055889910477065	-0.006959315909863354	42.089988708496094
19.422	3.0830434782608696	0.02507692307692308	0.006626448340090854	0.11308763420869607	0.011671729475336404	-0.006839691706856348	41.73729705810547
19.422	3.0830434782608696	0.03326923076923077	0.005406466721211121	0.11423221092710462	0.011702727999352866	-0.006516031813309047	43.5001335144043
19.422	3.0830434782608696	0.041461538461538466	0.00358667440264581	0.11141445892072821	0.011320661590417076	-0.006313933464589801	41.35564422607422
19.422	3.0830434782608696	0.04965384615384616	0.005576992700985651	0.11105749862409736	0.011101037905370382	-0.0059218978354978165	38.215248107910156
19.422	3.0830434782608696	0.05784615384615385	0.004713679838601455	0.11190843020104888	0.010775528776627533	-0.005553087959407437	36.98797607421875
19.422	3.0830434782608696	0.06603846153846155	0.0030782582751286945	0.11053678565181925	0.010466595285370552	-0.005212563711972548	35.59160232543945
19.422	3.0830434782608696	0.07423076923076924	0.003504840894676541	0.11146587770886854	0.010194798505925955	-0.004626965945126157	34.1257209777832
19.422	3.0830434782608696	0.08242307692307693	0.00216178956980796	0.1122164800192852	0.01010733553551951	-0.004568222900506254	33.04887008666992
19.422	3.0830434782608696	0.09061538461538463	0.0012250853566179646	0.11250267941873157	0.009847209257701928	-0.0042188571525859	32.31525421142578
19.422	3.0830434782608696	0.09880769230769232	-0.0001946165464509632	0.11396783664245146	0.009757376554897567	-0.003871758234329882	31.674339294433594
19.422	3.0830434782608696	0.10700000000000001	-0.0011780352104146389	0.11683015000894653	0.009621205910132043	-0.0036640470887151872	30.97336196899414
19.422	3.0830434782608696	0.1151923076923077	-0.0029725920747118283	0.11801873637337028	0.009587257328269717	-0.003588318354981623	30.672290802001953
19.422	3.0830434782608696	0.1233846153846154	-0.005108557180556491	0.12456434912196615	0.009849345994474085	-0.0033835331926314587	30.346038818359375
19.422	3.0830434782608696	0.1315769230769231	-0.007104256473712962	0.12776540651731683	0.009777167714958724	-0.0033071351312758844	30.472549438476562
19.422	3.0830434782608696	0.13976923076923078	-0.011354892611734908	0.13416583383270092	0.009874497748521612	-0.0032428021415238026	30.91573715209961
19.422	3.0830434782608696	0.14796153846153848	-0.017222325842294887	0.14036809988466967	0.009803985227332584	-0.0035423112200268472	31.653602600097656
19.422	3.0830434782608696	0.15615384615384617	-0.02276031244539222	0.149651734473483	0.00978402234565284	-0.003779481433478099	32.75547409057617
19.422	3.0830434782608696	0.16434615384615386	-0.03068159556234825	0.15768891420901177	0.00971459308267686	-0.0038644311376607914	31.709196090698242
19.422	3.0830434782608696	0.17253846153846156	-0.03766204452360619	0.16587861922324065	0.009795955099175899	-0.004302259756693891	30.443227767944336
19.422	3.0830434782608696	0.18073076923076925	-0.045067797795232935	0.17103149236060292	0.009789670485431171	-0.004231871604641132	29.484806060791016
19.422	3.0830434782608696	0.18892307692307694	-0.053503847614545005	0.17817447943957004	0.009561206799232502	-0.004826917901125859	28.4904842376709
19.422	3.0830434782608696	0.19711538461538464	-0.06067387101115622	0.1830890777927772	0.0095303844756632	-0.004989832909715577	27.884620666503906
19.422	3.0830434782608696	0.20530769230769233	-0.06803701661082656	0.189316385028817	0.009414047955003802	-0.005473972366500341	27.24494171142578
19.422	3.0830434782608696	0.21350000000000002	-0.07465762329920167	0.19449346792216832	0.00922520714936359	-0.005555211440052183	26.79251480102539
19.422	3.0830434782608696	0.22169230769230772	-0.08147761586041512	0.19846570486779688	0.00922041720101167	-0.005868912080433897	26.26858139038086
19.422	3.0830434782608696	0.2298846153846154	-0.08849087121815744	0.20315771395917415	0.009411936363831181	-0.006112986146506399	25.856216430664062
19.422	3.0830434782608696	0.2380769230769231	-0.09577536015301197	0.20581563200171143	0.009226736346654572	-0.006737349088909824	25.47292137145996
19.422	3.0830434782608696	0.2462692307692308	-0.10284584951407015	0.20984199392544092	0.009170709122474672	-0.006780633994967831	25.181461334228516
19.422	3.0830434782608696	0.25446153846153846	-0.11016258548881594	0.21325084230622732	0.00907407883488516	-0.007248859303545366	24.85702133178711
19.422	3.0830434782608696	0.2626538461538462	-0.11657532453065937	0.21471478382729686	0.008796417395853795	-0.007701170500841151	24.623559951782227
19.422	3.0830434782608696	0.2708461538461539	-0.12314502854826127	0.21674466707183732	0.008890527056484937	-0.007914913884938295	24.42681121826172
19.422	3.0830434782608696	0.27903846153846157	-0.13107643838008767	0.22000556406419308	0.008708208558517989	-0.008276254412032093	23.912927627563477
19.422	3.0830434782608696	0.28723076923076923	-0.1378497998753307	0.2216453367668446	0.008745602669596318	-0.008678309386600757	23.213544845581055
19.422	3.0830434782608696	0.29542307692307695	-0.14417444914362987	0.2213885490685453	0.00855219078840887	-0.00901692256678969	22.560245513916016
19.422	3.0830434782608696	0.3036153846153847	-0.1511774745176995	0.22344215828227157	0.008461231417108446	-0.00925300673638147	21.965572357177734
19.422	3.0830434782608696	0.31180769230769234	-0.15766885583171303	0.2245856129938746	0.008343028446328673	-0.009667135003594143	21.46571922302246
19.422	3.0830434782608696	0.32	-0.16559022203901463	0.22591386850942027	0.008162207655918165	-0.010097374972731037	21.033161163330078
19.422	3.0917391304347825	0.0005	0.022137169680803464	0.19225151952374836	0.010929720212338272	-0.0058129294815736565	12.418983459472656
19.422	3.0917391304347825	0.008692307692307694	0.00964061999811177	0.1297575900239881	0.011272294735485482	-0.005588620930988041	35.8159294128418
19.422	3.0917391304347825	0.016884615384615387	0.004834245108662554	0.15409230207693875	0.011031397472683672	-0.00571934713823674	43.97980499267578
19.422	3.0917391304347825	0.02507692307692308	0.004001120001424829	0.15447065005916194	0.010554085654308754	-0.0057146297982930035	38.442962646484375
19.422	3.0917391304347825	0.03326923076923077	0.0011170241918448504	0.1501981718158602	0.010243735015654253	-0.0052632983176526425	41.6971435546875
19.422	3.0917391304347825	0.041461538461538466	0.001959585252407583	0.15029910387660106	0.009934297754050941	-0.005195923009080559	41.682289123535156
19.422	3.0917391304347825	0.04965384615384616	0.0026140238477485823	0.1494573001695162	0.00962036735337063	-0.004844485415447261	38.16414260864258
19.422	3.0917391304347825	0.05784615384615385	0.0016536982117789389	0.14589774347295217	0.00945343095709871	-0.004454068890550397	37.095237731933594
19.422	3.0917391304347825	0.06603846153846155	0.0012884319613324963	0.14359030883678398	0.009135336283857336	-0.0039898054476627835	35.507484436035156
19.422	3.0917391304347825	0.07423076923076924	0.0014455933384700265	0.1414358048033963	0.009081561136322427	-0.0037473239156217983	34.564231872558594
19.422	3.0917391304347825	0.08242307692307693	0.001398151907490792	0.13857981281916265	0.00879522666639004	-0.0035124631148695734	33.501487731933594
19.422	3.0917391304347825	0.09061538461538463	0.0008172560291162138	0.1385554949622846	0.008528639431914722	-0.003260951841872034	32.29456329345703
19.422	3.0917391304347825	0.09880769230769232	-0.0004986914998123079	0.1388238083906716	0.008644158460537378	-0.0027695617730895423	31.79652214050293
19.422	3.0917391304347825	0.10700000000000001	-0.001949517867175638	0.13853707128299975	0.008695341590304578	-0.002653203992093371	31.20612144470215
19.422	3.0917391304347825	0.1151923076923077	-0.0024887609520290992	0.13853085956914135	0.008516092110466573	-0.0025790957290329473	30.873830795288086
19.422	3.0917391304347825	0.1233846153846154	-0.005393624253984732	0.142643561642467	0.008471386311766258	-0.0027145226364783817	30.652158737182617
19.422	3.0917391304347825	0.1315769230769231	-0.007731022744620417	0.1469008576653097	0.008592719410916508	-0.002491322418790697	30.771013259887695
19.422	3.0917391304347825	0.13976923076923078	-0.011584594636870744	0.15079496208388732	0.008628972915962494	-0.0026200312960536695	31.01194190979004
19.422	3.0917391304347825	0.14796153846153848	-0.016451713655270275	0.15711193439740342	0.008581271037300015	-0.0028736536377155647	32.08484649658203
19.422	3.0917391304347825	0.15615384615384617	-0.02256461351208679	0.16495374382241165	0.008723723267947911	-0.003071338077706116	33.30526542663574
19.422	3.0917391304347825	0.16434615384615386	-0.030215580049671988	0.17242396063795712	0.00849261199460181	-0.0032602582512123624	31.8946533203125
19.422	3.0917391304347825	0.17253846153846156	-0.03747042879095796	0.18011820006415766	0.008796510827672317	-0.003341202018843776	30.44045066833496
19.422	3.0917391304347825	0.18073076923076925	-0.045628212032725865	0.18647944097594993	0.008312671841197869	-0.003928490036439485	29.412166595458984
19.422	3.0917391304347825	0.18892307692307694	-0.05362542285169494	0.1929048029341902	0.008478988200006993	-0.004471372989671523	28.54693031311035
19.422	3.0917391304347825	0.19711538461538464	-0.061150474714101316	0.19774979776598842	0.00837776047976119	-0.00452278418589982	27.670747756958008
19.422	3.0917391304347825	0.20530769230769233	-0.06944915894840328	0.2031603831575875	0.008274780525852902	-0.005021059542962812	27.000986099243164
19.422	3.0917391304347825	0.21350000000000002	-0.07658825014207926	0.20889837851390886	0.008289133540147117	-0.005116234362523677	26.46145248413086
19.422	3.0917391304347825	0.22169230769230772	-0.08500057699849231	0.21468547589197562	0.008134064163259423	-0.005484354735492082	25.928539276123047
19.422	3.0917391304347825	0.2298846153846154	-0.09180111200540657	0.21793123989068713	0.00804375259116724	-0.0056869086236078	25.5533447265625
19.422	3.0917391304347825	0.2380769230769231	-0.09931499873047094	0.22146882053516614	0.008027867354858095	-0.006182305395289628	25.119592666625977
19.422	3.0917391304347825	0.2462692307692308	-0.10665145131962295	0.2238562803726849	0.007926179567781293	-0.006339755074985869	24.77176284790039
19.422	3.0917391304347825	0.25446153846153846	-0.11446949543261237	0.2268048868540995	0.007908258322423959	-0.006733542110529127	24.47980308532715
19.422	3.0917391304347825	0.2626538461538462	-0.12167662383818338	0.22940584728758262	0.007927507526038845	-0.007006301055886182	24.22321319580078
19.422	3.0917391304347825	0.2708461538461539	-0.13002664449852896	0.2326596320977464	0.007393601380294022	-0.007724735309673065	23.927255630493164
19.422	3.0917391304347825	0.27903846153846157	-0.13547101431434277	0.23337957538311316	0.0076114180694039114	-0.007789491202199654	23.670103073120117
19.422	3.0917391304347825	0.28723076923076923	-0.1437089530296411	0.23440676026564222	0.00760962023381387	-0.008189944267868399	22.9715576171875
19.422	3.0917391304347825	0.29542307692307695	-0.15019721663666624	0.23478593521338084	0.007343694632107027	-0.008585504274886902	22.41718864440918
19.422	3.0917391304347825	0.3036153846153847	-0.1578878738353572	0.23691412637360806	0.007383776633022055	-0.00891147312900818	21.877779006958008
19.422	3.0917391304347825	0.31180769230769234	-0.16513775940584793	0.23806639562769735	0.007189556238252835	-0.00899480739349917	21.397621154785156
19.422	3.0917391304347825	0.32	-0.17206204771481937	0.23840036441437712	0.006990099504135713	-0.009290448393183284	20.908493041992188
19.422	3.1004347826086955	0.0005	0.009616126721272952	0.08778530594758502	0.009414176538879628	-0.00375989804280799	12.870437622070312
19.422	3.1004347826086955	0.008692307692307694	0.00010939486838389069	0.1003183231955003	0.009478657376410788	-0.003741632458051759	34.89988708496094
19.422	3.1004347826086955	0.016884615384615387	-1.371665111299766e-05	0.1172221407269202	0.009451946635600311	-0.003699291421054722	44.03797912597656
19.422	3.1004347826086955	0.02507692307692308	-0.000848792398567545	0.11770923038752085	0.009015620638164634	-0.0037295473906288584	45.57094955444336
19.422	3.1004347826086955	0.03326923076923077	-0.0006624278363168742	0.11843216808087462	0.00882477860190356	-0.0036137041408385966	43.11247253417969
19.422	3.1004347826086955	0.041461538461538466	-0.00010112149492934495	0.11903444112112385	0.008564785360921331	-0.0034512174814258375	41.75437927246094
19.422	3.1004347826086955	0.04965384615384616	0.0006127212490217339	0.11779636761808959	0.008226480283039092	-0.003323469711886935	37.70388603210449
19.422	3.1004347826086955	0.05784615384615385	-0.00038693412085421267	0.11845398495206137	0.008007469623745671	-0.0030850130545614215	36.675106048583984
19.422	3.1004347826086955	0.06603846153846155	-0.0020727488360193953	0.11475599685872549	0.007893913075414712	-0.0026921311543274323	35.1273193359375
19.422	3.1004347826086955	0.07423076923076924	-0.002599899205876832	0.11640565574993421	0.007721995391423088	-0.0023808221167045058	34.19198417663574
19.422	3.1004347826086955	0.08242307692307693	-0.004383448991490845	0.11540197909702588	0.007414072256305818	-0.0023593593961542952	32.97670555114746
19.422	3.1004347826086955	0.09061538461538463	-0.004821346435262205	0.11509849310745525	0.007274467873058597	-0.0021840654053411	31.983844757080078
19.422	3.1004347826086955	0.09880769230769232	-0.006638142946673871	0.11625370674659541	0.007398696055186544	-0.0018348339211586222	31.275074005126953
19.422	3.1004347826086955	0.10700000000000001	-0.00825519897491998	0.11953980737737091	0.0073933534655078945	-0.0015969877993476105	30.79860496520996
19.422	3.1004347826086955	0.1151923076923077	-0.010400326368225287	0.12124263543075592	0.007274295447498771	-0.0015468756618325914	30.471439361572266
19.422	3.1004347826086955	0.1233846153846154	-0.012539069067273922	0.12469987091043092	0.007742553384380622	-0.001301862274075239	30.427608489990234
19.422	3.1004347826086955	0.1315769230769231	-0.015711952466116976	0.1299871294301681	0.007524461668299205	-0.0016274276663936662	30.459367752075195
19.422	3.1004347826086955	0.13976923076923078	-0.018939681700030107	0.13575351325643503	0.007595762140086186	-0.0017462225117358923	30.80160903930664
19.422	3.1004347826086955	0.14796153846153848	-0.02467633571901335	0.14331546753027735	0.007707833958939297	-0.001794772999051316	31.436023712158203
19.422	3.1004347826086955	0.15615384615384617	-0.031180520820962038	0.15185723793774167	0.007812835881868957	-0.002344813173909028	32.64631271362305
19.422	3.1004347826086955	0.16434615384615386	-0.03812229654245987	0.15965191737131468	0.007679974121752301	-0.002475183063905562	32.100669860839844
19.422	3.1004347826086955	0.17253846153846156	-0.04554145124648492	0.16600640879377573	0.007706440258275896	-0.002865205352794319	30.88997459411621
19.422	3.1004347826086955	0.18073076923076925	-0.054072675840870436	0.17380163226142206	0.007583067263344009	-0.0031067064459345426	29.937332153320312
19.422	3.1004347826086955	0.18892307692307694	-0.06164103847549945	0.17852333112485386	0.0076264973450530715	-0.0033667780519887093	29.046489715576172
19.422	3.1004347826086955	0.19711538461538464	-0.0697558344210842	0.1848576157247243	0.007570617049976722	-0.0035452492407808804	28.21721649169922
19.422	3.1004347826086955	0.20530769230769233	-0.07702954573178378	0.18906327785323987	0.007511055548719595	-0.0039539504785376395	27.593738555908203
19.422	3.1004347826086955	0.21350000000000002	-0.08572151301050271	0.19531805404793154	0.007575442318549685	-0.004562835165811907	26.957807540893555
19.422	3.1004347826086955	0.22169230769230772	-0.09326749361789499	0.1989685205432415	0.007187214056532873	-0.004940929497923708	26.5073299407959
19.422	3.1004347826086955	0.2298846153846154	-0.10035551345917723	0.2031374261758394	0.007359907005250541	-0.0050737160635103895	26.105331420898438
19.422	3.1004347826086955	0.2380769230769231	-0.1083427806106522	0.2069053079045482	0.00719157850637476	-0.005459331476380203	25.686784744262695
19.422	3.1004347826086955	0.2462692307692308	-0.11516595598786467	0.2090201909115642	0.006936274941250181	-0.006159363047994764	25.36192512512207
19.422	3.1004347826086955	0.25446153846153846	-0.12245736419161744	0.21120471595699475	0.0071682317947814825	-0.005802093028400184	25.01404571533203
19.422	3.1004347826086955	0.2626538461538462	-0.13012107018610894	0.2139261596201714	0.006879635585033491	-0.006491653757338163	24.832719802856445
19.422	3.1004347826086955	0.2708461538461539	-0.13734175917789687	0.21570384624483774	0.006746883939018391	-0.007048207443303062	24.51817512512207
19.422	3.1004347826086955	0.27903846153846157	-0.14469226226111348	0.2176541179877	0.006677368063929736	-0.00715340522169897	23.8430233001709
19.422	3.1004347826086955	0.28723076923076923	-0.15121331280907613	0.2175696109816323	0.006670736069648702	-0.007420212989292815	23.119630813598633
19.422	3.1004347826086955	0.29542307692307695	-0.15885194840045863	0.2190562534162177	0.006451016145732425	-0.007763325259931628	22.53630828857422
19.422	3.1004347826086955	0.3036153846153847	-0.16711319540993125	0.22028398757851314	0.006387813977133659	-0.008635571825211135	21.96786117553711
19.422	3.1004347826086955	0.31180769230769234	-0.17381611420605042	0.22187054763993802	0.006320043516123868	-0.008734886289279948	21.48674774169922
19.422	3.1004347826086955	0.32	-0.1794334122056112	0.22088554540163458	0.006249411792276222	-0.008671098482277814	21.00262451171875
19.422	3.1091304347826085	0.0005	0.07056658757750836	0.17088554532650463	0.008770713970778301	-0.0008582902145056174	8.968765258789062
19.422	3.1091304347826085	0.008692307692307694	-0.0014522634829119165	0.11377619079697482	0.008370524251921013	-0.0008787119417823166	37.032470703125
19.422	3.1091304347826085	0.016884615384615387	-0.0014385737374651656	0.11466295447570207	0.008297748327611917	-0.0009947175472509871	42.8412971496582
19.422	3.1091304347826085	0.02507692307692308	-0.004608310887318928	0.11520276252980624	0.008161042639783915	-0.0011285214406418908	45.34900665283203
19.422	3.1091304347826085	0.03326923076923077	-0.005725838372212734	0.11699597422833832	0.007880091527703737	-0.0011173442631010485	45.273773193359375
19.422	3.1091304347826085	0.041461538461538466	-0.004015604307976021	0.11620364375794179	0.007809625617800884	-0.0009138058638731379	40.357666015625
19.422	3.1091304347826085	0.04965384615384616	-0.003318078589260979	0.11983386423471255	0.0075401316692791254	-0.0010693950339396808	38.64906692504883
19.422	3.1091304347826085	0.05784615384615385	-0.003675314405397358	0.12153048517215845	0.0074005441596143645	-0.0008435745080300502	37.536376953125
19.422	3.1091304347826085	0.06603846153846155	-0.002894875147892011	0.121725384626231	0.007215763515382815	-0.0005940062136658155	36.232961654663086
19.422	3.1091304347826085	0.07423076923076924	-0.0031844181209335436	0.12159801471575238	0.007081004460924512	-0.0007814378648474836	34.626800537109375
19.422	3.1091304347826085	0.08242307692307693	-0.0044786064736838695	0.12161826289752756	0.0069228101641058155	-0.0005713256064921159	33.5445556640625
19.422	3.1091304347826085	0.09061538461538463	-0.005324890472371665	0.12077251699884613	0.0068484510001746235	-0.0003257986067645995	32.6162109375
19.422	3.1091304347826085	0.09880769230769232	-0.005246132703198639	0.12146048784367522	0.0067036544424660584	-0.00036545732163599125	31.843191146850586
19.422	3.1091304347826085	0.10700000000000001	-0.006818423096892963	0.1221210857948028	0.006683553636033745	-0.00010088005310048687	31.153005599975586
19.422	3.1091304347826085	0.1151923076923077	-0.0075240418225169005	0.12456481824994275	0.006818023147464982	-0.00027590104900322823	30.787321090698242
19.422	3.1091304347826085	0.1233846153846154	-0.009005615704636746	0.1284436312222316	0.006883802125724326	-0.00021664642233015948	30.565053939819336
19.422	3.1091304347826085	0.1315769230769231	-0.011689321230154141	0.13122385941276155	0.006904757418544058	-0.0003534889920183123	30.57201385498047
19.422	3.1091304347826085	0.13976923076923078	-0.01467077155717865	0.13589369434910115	0.006823630428436252	-0.0006388758813408936	30.929548263549805
19.422	3.1091304347826085	0.14796153846153848	-0.018752289760198746	0.14159274961846172	0.007042773261183723	-0.0008644306823654012	31.709644317626953
19.422	3.1091304347826085	0.15615384615384617	-0.02393311856082013	0.14850998745366673	0.007077744757477402	-0.0010231610198217487	32.6066780090332
19.422	3.1091304347826085	0.16434615384615386	-0.030535700412230728	0.15518831397611965	0.007021223405388957	-0.0013465632417318661	32.048479080200195
19.422	3.1091304347826085	0.17253846153846156	-0.03776594477545322	0.16333584914887872	0.0070376737214753494	-0.0016974764882190818	30.767303466796875
19.422	3.1091304347826085	0.18073076923076925	-0.0449786653539896	0.16819331419161135	0.006867017270169706	-0.0021046601108431827	29.579744338989258
19.422	3.1091304347826085	0.18892307692307694	-0.05162450315735658	0.17316203675068542	0.006793141545693084	-0.0024349147823024176	28.829736709594727
19.422	3.1091304347826085	0.19711538461538464	-0.05884273025264737	0.17827975230207233	0.006685455351667445	-0.0027824229867059224	28.018476486206055
19.422	3.1091304347826085	0.20530769230769233	-0.06559225984499095	0.18264819803476132	0.006457004895615356	-0.003116989866315989	27.43180274963379
19.422	3.1091304347826085	0.21350000000000002	-0.07224979891732106	0.1875071005200458	0.006599501871219799	-0.0034770472819895	26.83331871032715
19.422	3.1091304347826085	0.22169230769230772	-0.07876401271030077	0.19181924501931785	0.00637354340818605	-0.00403989426842999	26.40908432006836
19.422	3.1091304347826085	0.2298846153846154	-0.08565391638355538	0.19487758319287746	0.0062953740049191634	-0.0041321565449610066	26.043699264526367
19.422	3.1091304347826085	0.2380769230769231	-0.0924846752214511	0.19808953642518967	0.006299625799699591	-0.004645527076241093	25.60626792907715
19.422	3.1091304347826085	0.2462692307692308	-0.09926905264316918	0.19993746096757015	0.006173456759831768	-0.0050658386934404245	25.366230010986328
19.422	3.1091304347826085	0.25446153846153846	-0.10594688670659926	0.20177781745351547	0.005932739320685304	-0.005491082544449751	25.04371452331543
19.422	3.1091304347826085	0.2626538461538462	-0.11269901621401153	0.20431790932251614	0.005955341867827317	-0.005776864253857935	24.745393753051758
19.422	3.1091304347826085	0.2708461538461539	-0.11922610749372473	0.20595427116803774	0.005946565876496874	-0.006093333845680989	24.537071228027344
19.422	3.1091304347826085	0.27903846153846157	-0.1253408934321358	0.2063002455684618	0.0059087652621011635	-0.006345216036670845	23.730531692504883
19.422	3.1091304347826085	0.28723076923076923	-0.13298972373419543	0.20861730134890244	0.005667262940077427	-0.006293187971705576	23.053817749023438
19.422	3.1091304347826085	0.29542307692307695	-0.13904474058969127	0.20886279322786766	0.005520677862945014	-0.00692780518772048	22.4423885345459
19.422	3.1091304347826085	0.3036153846153847	-0.14542384568931704	0.20920826488502298	0.005493136555436286	-0.007377821736045519	21.852731704711914
19.422	3.1091304347826085	0.31180769230769234	-0.15248638768853823	0.21025183018175464	0.005280483020122196	-0.007689115648466608	21.393436431884766
19.422	3.1091304347826085	0.32	-0.15951680713506622	0.21149880191189752	0.005446910843023836	-0.00793037584812822	20.94192123413086
19.422	3.117826086956522	0.0005	-0.05162872248502657	0.08755043646199218	0.007174943987343679	0.0007743455577384165	5.455802917480469
19.422	3.117826086956522	0.008692307692307694	0.0013084602990539366	0.047549622262544555	0.007900382686393918	0.0013663645776041122	37.42224884033203
19.422	3.117826086956522	0.016884615384615387	0.0027250302472503476	0.0536188026319217	0.007622593359310757	0.0010722313920786858	44.87840270996094
19.422	3.117826086956522	0.02507692307692308	0.0017534454801471516	0.06454096151394359	0.007668902948849304	0.0009230309716401629	46.951114654541016
19.422	3.117826086956522	0.03326923076923077	4.652991153983175e-05	0.07257172471162304	0.007438046152442857	0.000868038993317658	44.73720932006836
19.422	3.117826086956522	0.041461538461538466	-0.0004938520601945693	0.07971838347829789	0.007313618583599163	0.0008251607381225151	43.33675765991211
19.422	3.117826086956522	0.04965384615384616	-0.0008939045592206314	0.08536710853904393	0.007230584717593247	0.0008207975971953297	40.249881744384766
19.422	3.117826086956522	0.05784615384615385	-0.0026678030489939043	0.08859506187245156	0.007253642294984474	0.0008981115618024605	37.59931945800781
19.422	3.117826086956522	0.06603846153846155	-0.004533967467327333	0.08987636474904726	0.0070216210073861295	0.0008391781045016407	36.434221267700195
19.422	3.117826086956522	0.07423076923076924	-0.005431860253051582	0.09266199964460105	0.006797217412765606	0.0007398337508444244	35.6914119720459
19.422	3.117826086956522	0.08242307692307693	-0.0049305098173904344	0.09588443193189453	0.006757776730826013	0.0008130071567162081	34.029579162597656
19.422	3.117826086956522	0.09061538461538463	-0.006502706217504428	0.09845226514204444	0.006677637218502114	0.000768210197393223	32.67850112915039
19.422	3.117826086956522	0.09880769230769232	-0.008102957249759502	0.1028312416154914	0.006605469915281829	0.0007986391893721598	32.311798095703125
19.422	3.117826086956522	0.10700000000000001	-0.009448051030888025	0.10520090717952925	0.006627979903329938	0.0007663183248153374	31.575016021728516
19.422	3.117826086956522	0.1151923076923077	-0.010991055343295024	0.11018672374054958	0.006769843976493524	0.0008802894303252858	30.824310302734375
19.422	3.117826086956522	0.1233846153846154	-0.013016879646772127	0.11458626656457734	0.006744350423090455	0.0009059424126926061	30.80004119873047
19.422	3.117826086956522	0.1315769230769231	-0.015384540597435594	0.11786365691202862	0.00673701686464159	0.0006106001180521308	30.691051483154297
19.422	3.117826086956522	0.13976923076923078	-0.018011298014309767	0.12450492960031316	0.006839080325548766	0.000649931882413016	30.8866024017334
19.422	3.117826086956522	0.14796153846153848	-0.022564721833023257	0.1313985809456488	0.00655308175347871	0.0002495429987670645	31.404136657714844
19.422	3.117826086956522	0.15615384615384617	-0.02658746698361032	0.13885377889658387	0.006677047945286479	6.364640481943511e-05	32.18886947631836
19.422	3.117826086956522	0.16434615384615386	-0.032951729636511454	0.1457626471896712	0.006375086027904392	-0.0005097294895711979	32.02629470825195
19.422	3.117826086956522	0.17253846153846156	-0.03941998635662036	0.15275347715837978	0.0065686549731665995	-0.0006542967448194672	30.878925323486328
19.422	3.117826086956522	0.18073076923076925	-0.04704350536001163	0.15814619323833007	0.006516378196697755	-0.0011215529133580672	29.890233993530273
19.422	3.117826086956522	0.18892307692307694	-0.05355037248909616	0.16412012603574003	0.006516834910527536	-0.0013052971968027208	28.91561508178711
19.422	3.117826086956522	0.19711538461538464	-0.060651865316592404	0.16906050313405907	0.006371639762225724	-0.0018492460074912495	28.201988220214844
19.422	3.117826086956522	0.20530769230769233	-0.06737942278295778	0.1737115805633574	0.006307009671376493	-0.0022174392949016607	27.683795928955078
19.422	3.117826086956522	0.21350000000000002	-0.07403178230769952	0.17810566889962404	0.006077549930591106	-0.0026053419233738077	27.131065368652344
19.422	3.117826086956522	0.22169230769230772	-0.08168601310131038	0.18348381738614955	0.00583395758232565	-0.0030731706671264696	26.51024627685547
19.422	3.117826086956522	0.2298846153846154	-0.08733473011411974	0.18628294201444046	0.005959792842367285	-0.003232561357841116	26.17898178100586
19.422	3.117826086956522	0.2380769230769231	-0.09448289775641883	0.18956288001027102	0.005653982107684165	-0.0037927960640455668	25.772815704345703
19.422	3.117826086956522	0.2462692307692308	-0.10124451623541147	0.1923641361310669	0.00576148229432528	-0.0040473432822192516	25.47479248046875
19.422	3.117826086956522	0.25446153846153846	-0.107757271591436	0.19395055732954175	0.005644270687938222	-0.004435247123480729	25.186906814575195
19.422	3.117826086956522	0.2626538461538462	-0.11401570894477003	0.19602538519815238	0.005448027856397969	-0.00449317333558136	24.976991653442383
19.422	3.117826086956522	0.2708461538461539	-0.12101578533565657	0.19829389857221763	0.005409004707878123	-0.004765021047396458	24.7346134185791
19.422	3.117826086956522	0.27903846153846157	-0.12731148682450905	0.19998989863414685	0.005226027695058378	-0.005056832607707446	24.108293533325195
19.422	3.117826086956522	0.28723076923076923	-0.13428927872615815	0.20140678550005114	0.005403047405333828	-0.005243728881169703	23.368995666503906
19.422	3.117826086956522	0.29542307692307695	-0.14099021700104947	0.20203216603158597	0.0049759165794871375	-0.006119249192625761	22.750133514404297
19.422	3.117826086956522	0.3036153846153847	-0.14675393139125154	0.20238952836858087	0.004926757588500083	-0.006259892108074315	22.142290115356445
19.422	3.117826086956522	0.31180769230769234	-0.15405397202273202	0.2042721503276246	0.004891348494807199	-0.006423276772165785	21.67450523376465
19.422	3.117826086956522	0.32	-0.16055821740453433	0.20436810481845016	0.004597784365177307	-0.007095477557680419	21.158344268798828
19.422	3.126521739130435	0.0005	0.018568422259638923	0.06141045692859773	0.007222144620317651	0.0024376268541406944	7.639381408691406
19.422	3.126521739130435	0.008692307692307694	-0.0019040573519962848	0.0412823103695977	0.007424882426572974	0.002943604592823601	36.43067932128906
19.422	3.126521739130435	0.016884615384615387	-0.0010012716852746033	0.05193416888173981	0.00715636589589432	0.0025197163868711054	37.89006042480469
19.422	3.126521739130435	0.02507692307692308	-0.00300168969531026	0.05720338790452355	0.007175516259596603	0.0026234518825093726	41.102210998535156
19.422	3.126521739130435	0.03326923076923077	-0.0026343024973985206	0.06394911610296247	0.007215620660044617	0.002541127678411222	42.81132125854492
19.422	3.126521739130435	0.041461538461538466	-0.003257534204175529	0.06890776119635549	0.007028463983569771	0.0024630970200419777	42.28835678100586
19.422	3.126521739130435	0.04965384615384616	-0.0032920415682101845	0.07121955379353012	0.007048414397290379	0.002519270784497179	38.5614013671875
19.422	3.126521739130435	0.05784615384615385	-0.003725546429524487	0.07434555912603713	0.00699587159008232	0.002467251620259176	37.52948188781738
19.422	3.126521739130435	0.06603846153846155	-0.0028581014273018207	0.0788781930192144	0.0067389645904596335	0.0022298163646538418	36.99397850036621
19.422	3.126521739130435	0.07423076923076924	-0.004273919053122455	0.07929348661217397	0.006629330403062026	0.002217518056647481	35.45235824584961
19.422	3.126521739130435	0.08242307692307693	-0.0046497233014465835	0.08183833498641056	0.006669666844829885	0.00208962160504139	34.13350296020508
19.422	3.126521739130435	0.09061538461538463	-0.005516693721330313	0.083481359371386	0.006682682066168602	0.00221259197678133	33.346168518066406
19.422	3.126521739130435	0.09880769230769232	-0.005575191107965593	0.08418076493124846	0.006612253463464545	0.002084118261252597	32.409746170043945
19.422	3.126521739130435	0.10700000000000001	-0.006256679517247479	0.08845438716569864	0.00661623353125437	0.002235238741913984	31.752544403076172
19.422	3.126521739130435	0.1151923076923077	-0.006607766256212501	0.09101911027656645	0.006660039991868651	0.0020975567562625886	31.154579162597656
19.422	3.126521739130435	0.1233846153846154	-0.007960736092656163	0.09522393963971883	0.0067322778427896844	0.0018053642983077692	31.193944931030273
19.422	3.126521739130435	0.1315769230769231	-0.00900187592633407	0.09864740408670192	0.006693953917572321	0.0017239767861757346	30.973051071166992
19.422	3.126521739130435	0.13976923076923078	-0.011038159663622694	0.10432306886845844	0.0065232033614053475	0.0014976551685332725	31.428966522216797
19.422	3.126521739130435	0.14796153846153848	-0.013539702797607946	0.11023992744353245	0.006585649507943643	0.00140106100238633	31.714130401611328
19.422	3.126521739130435	0.15615384615384617	-0.01744147399305796	0.11755464926649745	0.006433168188560165	0.001261472261458565	32.46686935424805
19.422	3.126521739130435	0.16434615384615386	-0.021991511689748937	0.12338824470271148	0.006648127371554954	0.0010611389165120064	33.04385757446289
19.422	3.126521739130435	0.17253846153846156	-0.027323755889988047	0.13067193452393117	0.006464407524244776	0.0005570369560186704	31.731369018554688
19.422	3.126521739130435	0.18073076923076925	-0.03205455270395289	0.1361543220666558	0.0064617626884030666	0.0003754122824194369	30.73101234436035
19.422	3.126521739130435	0.18892307692307694	-0.03847803745334644	0.14191584195891344	0.006190079263027169	-0.00016074950933038133	30.034011840820312
19.422	3.126521739130435	0.19711538461538464	-0.04457199380590723	0.14754329265365096	0.006117393282742056	-0.0005955595520003554	29.242055892944336
19.422	3.126521739130435	0.20530769230769233	-0.0496196995579838	0.15335616546312536	0.0058721046573798445	-0.0009634947378647082	28.55664825439453
19.422	3.126521739130435	0.21350000000000002	-0.055425701309518294	0.15733436854643204	0.005899559048618127	-0.001030403089301432	28.07891845703125
19.422	3.126521739130435	0.22169230769230772	-0.06026443346609264	0.16084935185306143	0.005711313840339922	-0.0013643011695837575	27.667339324951172
19.422	3.126521739130435	0.2298846153846154	-0.06554228679424519	0.16575547433119406	0.00555285383517843	-0.0017643917685877448	27.20224952697754
19.422	3.126521739130435	0.2380769230769231	-0.07187736354153636	0.1680798610025923	0.005479443250005024	-0.0019425847770566974	26.801288604736328
19.422	3.126521739130435	0.2462692307692308	-0.07759334280961623	0.1706307567261049	0.005290038403507415	-0.0023011458576196312	26.532934188842773
19.422	3.126521739130435	0.25446153846153846	-0.08317233434271898	0.1739766475385192	0.00520752722360998	-0.0025939690672334885	26.187267303466797
19.422	3.126521739130435	0.2626538461538462	-0.08958807616738626	0.1765884321932639	0.005252536827330707	-0.0030946287678423456	25.488826751708984
19.422	3.126521739130435	0.2708461538461539	-0.09475222929624863	0.17794985480652703	0.005053764334863236	-0.0030941950915964983	24.603832244873047
19.422	3.126521739130435	0.27903846153846157	-0.10077890007072816	0.18058317330673485	0.004843328300248023	-0.0034414742364893064	23.71187400817871
19.422	3.126521739130435	0.28723076923076923	-0.1071485577920986	0.18238193023957458	0.005187750496589186	-0.003385979605028157	23.031593322753906
19.422	3.126521739130435	0.29542307692307695	-0.11243277015926972	0.18482603042489312	0.0045746523078367615	-0.003977054395161163	22.392967224121094
19.422	3.126521739130435	0.3036153846153847	-0.11925724710634633	0.18579324115403395	0.004311714666715772	-0.00445695215896824	21.857736587524414
19.422	3.126521739130435	0.31180769230769234	-0.12371458798332562	0.18634127553291432	0.004480786030839965	-0.004556541132010036	21.355112075805664
19.422	3.126521739130435	0.32	-0.1303146623387726	0.18718855633710585	0.0041806525239639954	-0.005019776793695995	20.875513076782227
19.422	3.135217391304348	0.0005	-0.0801193498387726	0.17553084149335585	0.0076414927200307734	0.0036543889521145744	10.274749755859375
19.422	3.135217391304348	0.008692307692307694	0.007561338661631777	0.019199989282834215	0.007942089782197116	0.003776381621023347	31.560012817382812
19.422	3.135217391304348	0.016884615384615387	0.010195655854155512	0.030710629174396882	0.00805701487072764	0.0037331620895461157	44.702518463134766
19.422	3.135217391304348	0.02507692307692308	0.0063441836918595295	0.038495602134768186	0.007894129314517336	0.0037960736912768926	45.75596618652344
19.422	3.135217391304348	0.03326923076923077	0.005362868461312634	0.04888954347376624	0.007559924405067424	0.003576236078018615	43.2054443359375
19.422	3.135217391304348	0.041461538461538466	0.004969906083995977	0.05352828065494902	0.007670751202730747	0.0034078595556852696	42.212154388427734
19.422	3.135217391304348	0.04965384615384616	0.0028044711422798947	0.06257836454268463	0.007592545481303933	0.0031529094820670254	39.46473693847656
19.422	3.135217391304348	0.05784615384615385	0.0015032288526517555	0.06738817440772171	0.007715826798562449	0.0034222677953320716	38.4645881652832
19.422	3.135217391304348	0.06603846153846155	-6.276655268283086e-06	0.07225241834536254	0.007467468274740057	0.003038648633019828	36.01552772521973
19.422	3.135217391304348	0.07423076923076924	-0.0007044421576674906	0.07609162480808854	0.007207654902708851	0.0028975952545178645	35.149566650390625
19.422	3.135217391304348	0.08242307692307693	-0.002274727874692891	0.08023687008541137	0.007218076937128616	0.0029703299038744304	34.04155731201172
19.422	3.135217391304348	0.09061538461538463	-0.0030823870717095114	0.08340239488612688	0.007060596049760433	0.00290635560628052	32.830970764160156
19.422	3.135217391304348	0.09880769230769232	-0.004697719138722299	0.08676687070261511	0.007296830137502993	0.0029407915776413543	32.09774398803711
19.422	3.135217391304348	0.10700000000000001	-0.0063844541069436374	0.09162872355135776	0.007093979443826254	0.0027342244577834196	31.40457534790039
19.422	3.135217391304348	0.1151923076923077	-0.007412335357718594	0.09633195732439206	0.0072268409340071095	0.0025286865737495193	30.912839889526367
19.422	3.135217391304348	0.1233846153846154	-0.008776951997516186	0.10126244448143837	0.007261981497438313	0.002788195244360717	30.59475326538086
19.422	3.135217391304348	0.1315769230769231	-0.010920214686332481	0.10613724658867998	0.0070401480860960795	0.0026485450406511135	30.634777069091797
19.422	3.135217391304348	0.13976923076923078	-0.012935310765163162	0.11208804999326294	0.006939982205883636	0.002482423848309153	30.82309341430664
19.422	3.135217391304348	0.14796153846153848	-0.01686053449721711	0.11988497502918039	0.006965998681418964	0.0021930291683847844	31.218435287475586
19.422	3.135217391304348	0.15615384615384617	-0.021223933740665037	0.1276163322984023	0.00683909246336801	0.0019323341371797775	32.1425895690918
19.422	3.135217391304348	0.16434615384615386	-0.02613189139138611	0.13379913486007283	0.006709326495645957	0.001560613022391106	32.89401626586914
19.422	3.135217391304348	0.17253846153846156	-0.03252787861298859	0.14112185347054956	0.0065466196335170436	0.001346824634323989	31.54693603515625
19.422	3.135217391304348	0.18073076923076925	-0.03889898750373248	0.14739935198319476	0.0065215680349468355	0.0010202250833780508	30.58354377746582
19.422	3.135217391304348	0.18892307692307694	-0.04553845268580903	0.1528132449669784	0.006438360242242495	0.000805718277409056	29.815879821777344
19.422	3.135217391304348	0.19711538461538464	-0.052656124007420875	0.15971129429615316	0.006244839459799389	0.0005745204766791714	28.99875259399414
19.422	3.135217391304348	0.20530769230769233	-0.058841335448934336	0.16405740223996107	0.006155445938605972	0.0002871584806636373	28.404441833496094
19.422	3.135217391304348	0.21350000000000002	-0.0659074756680379	0.17019896306152227	0.006151641707332818	-2.8840898915819773e-05	27.705692291259766
19.422	3.135217391304348	0.22169230769230772	-0.07220123278818522	0.1744298732519034	0.00592937869826004	-0.00014578258166098344	27.267148971557617
19.422	3.135217391304348	0.2298846153846154	-0.07887319469006926	0.17896614544657644	0.005801427237067046	-0.0006076076754374969	26.73175621032715
19.422	3.135217391304348	0.2380769230769231	-0.08539822831077927	0.18208511422850424	0.005697232391016486	-0.0009710476082942722	26.372600555419922
19.422	3.135217391304348	0.2462692307692308	-0.09132108521928001	0.1852236735108241	0.005440338719917861	-0.001189017032862581	25.9674015045166
19.422	3.135217391304348	0.25446153846153846	-0.09865094371536667	0.18771733122097112	0.005582658173798057	-0.0013835556736522688	25.765024185180664
19.422	3.135217391304348	0.2626538461538462	-0.10497053137994167	0.1910120816461235	0.005424106979116635	-0.0016022630205781065	25.3293514251709
19.422	3.135217391304348	0.2708461538461539	-0.11133984056932271	0.19330604776785004	0.005224811830489388	-0.0020664571519715767	24.443437576293945
19.422	3.135217391304348	0.27903846153846157	-0.11790697024834688	0.1955929786157631	0.005173758802353349	-0.0021242700956206587	23.70014762878418
19.422	3.135217391304348	0.28723076923076923	-0.1249711491272103	0.19778502504375323	0.004994422248493849	-0.0023305680745469926	22.99947166442871
19.422	3.135217391304348	0.29542307692307695	-0.13122894439029215	0.19930265061591312	0.004799779087117841	-0.0026861578063180247	22.33349609375
19.422	3.135217391304348	0.3036153846153847	-0.13795138448273164	0.2014391287423351	0.004489142479139145	-0.0030684055547494336	21.829870223999023
19.422	3.135217391304348	0.31180769230769234	-0.14388367476055694	0.20170883764031128	0.004697463323606526	-0.003272683739468877	21.295278549194336
19.422	3.135217391304348	0.32	-0.15144440186540953	0.20380591118641395	0.004377637544995525	-0.0036665094132592377	20.837833404541016
19.422	3.143913043478261	0.0005	0.07273108708341244	0.03156370485134619	0.007644619288253219	0.00416365725960708	9.460578918457031
19.422	3.143913043478261	0.008692307692307694	0.0013232682891619514	0.012475937250333012	0.008188830145956292	0.004236051288852791	37.38697814941406
19.422	3.143913043478261	0.016884615384615387	0.002457800234152111	0.027132897096948806	0.007964872468306664	0.004117828000898116	41.8380012512207
19.422	3.143913043478261	0.02507692307692308	0.003471358697837778	0.03510104902490465	0.007823112483543903	0.00411349252169119	43.04935836791992
19.422	3.143913043478261	0.03326923076923077	0.00208286607308218	0.041939885481240786	0.007814913235512087	0.004084902807648252	43.0892448425293
19.422	3.143913043478261	0.041461538461538466	0.0020618008069484346	0.04546257155489794	0.00747710124676346	0.003735445161121069	41.0467472076416
19.422	3.143913043478261	0.04965384615384616	0.0010012439116711467	0.04970531194607615	0.00769584553199806	0.003850039914832187	38.27320861816406
19.422	3.143913043478261	0.05784615384615385	-6.44392428298476e-06	0.05449643279329762	0.007384736570513188	0.00369649123371956	36.55419921875
19.422	3.143913043478261	0.06603846153846155	-0.00033052499500413573	0.05668730405063258	0.007476424211328694	0.0036350270178870316	34.6016845703125
19.422	3.143913043478261	0.07423076923076924	-0.002215346745569059	0.05802457851775418	0.0073029308578118745	0.0035953035919300824	33.97260856628418
19.422	3.143913043478261	0.08242307692307693	-0.002558438671847185	0.062450993343630606	0.007307525607787572	0.0034512485002318907	33.02207946777344
19.422	3.143913043478261	0.09061538461538463	-0.0031941039236648445	0.06538044210569907	0.0073502852148199585	0.0033726831052002257	32.12820243835449
19.422	3.143913043478261	0.09880769230769232	-0.004447383829241065	0.06799824922931008	0.007329103892165727	0.0033305347028966155	31.648757934570312
19.422	3.143913043478261	0.10700000000000001	-0.006475622788214882	0.0725363267795609	0.007497627770179081	0.003519815800546963	31.004581451416016
19.422	3.143913043478261	0.1151923076923077	-0.0057663724510591315	0.07704234706305807	0.007505742012431722	0.003342796587642514	30.621606826782227
19.422	3.143913043478261	0.1233846153846154	-0.00790255448732622	0.08109912120402546	0.007203953739001302	0.0033451365561698414	30.483423233032227
19.422	3.143913043478261	0.1315769230769231	-0.00970868881849122	0.08659370266556288	0.007175165701112133	0.0031586989440323177	30.496234893798828
19.422	3.143913043478261	0.13976923076923078	-0.011852160989646957	0.09403114732719042	0.007131735453974513	0.003161029744405646	30.66417121887207
19.422	3.143913043478261	0.14796153846153848	-0.015367916893690733	0.1016770430701615	0.007189817773421349	0.0028667956864590486	31.377910614013672
19.422	3.143913043478261	0.15615384615384617	-0.020001392361253402	0.10937012795832174	0.007065880901591138	0.002717771817550378	32.36565017700195
19.422	3.143913043478261	0.16434615384615386	-0.025523342556671227	0.1174315867709991	0.006843946944978007	0.002587415087795431	33.65147018432617
19.422	3.143913043478261	0.17253846153846156	-0.03046279756956499	0.12499080547101618	0.006784708453310804	0.002282584870512564	32.511606216430664
19.422	3.143913043478261	0.18073076923076925	-0.03724153651921659	0.13235083271071768	0.006720807114332133	0.001963897509729474	31.30275535583496
19.422	3.143913043478261	0.18892307692307694	-0.04340557579620684	0.1373065061313965	0.006491950439019864	0.0017521243843547263	30.63437271118164
19.422	3.143913043478261	0.19711538461538464	-0.05010005833232021	0.14393561737448832	0.006362582132940451	0.001489988478995556	29.777042388916016
19.422	3.143913043478261	0.20530769230769233	-0.05669284691925166	0.15012665627379382	0.0063060767212080576	0.001258730540604776	29.090065002441406
19.422	3.143913043478261	0.21350000000000002	-0.062468115374728635	0.15567059237129083	0.006151493238158596	0.000921720143123114	28.55092430114746
19.422	3.143913043478261	0.22169230769230772	-0.06878514183784575	0.16106007678315104	0.005958148237785543	0.0006167065271479439	27.95370101928711
19.422	3.143913043478261	0.2298846153846154	-0.07441330351042946	0.1646140468730402	0.005813968276432467	0.00043352273344182506	27.522403717041016
19.422	3.143913043478261	0.2380769230769231	-0.08145379316315168	0.1689244338444112	0.006031936255506741	0.0006016197274557489	27.007280349731445
19.422	3.143913043478261	0.2462692307692308	-0.08827021032243146	0.17217191187538247	0.005570012255096379	0.0002795933842544599	26.71697235107422
19.422	3.143913043478261	0.25446153846153846	-0.09414418883293046	0.1753474098617587	0.0053649265543602165	8.2091405256724e-06	25.564884185791016
19.422	3.143913043478261	0.2626538461538462	-0.1011084730145253	0.17945236088581418	0.005330547473174795	-0.00046173604957758983	24.579530715942383
19.422	3.143913043478261	0.2708461538461539	-0.10802768327025337	0.18174251881446957	0.005369521791237484	-0.00048164327689998143	23.754802703857422
19.422	3.143913043478261	0.27903846153846157	-0.11441218809457651	0.1838693646214843	0.005448381088592418	-0.0008120908763809553	23.060091018676758
19.422	3.143913043478261	0.28723076923076923	-0.12207517713075658	0.18650997999021188	0.0052467194402763435	-0.0010032581560077798	22.368759155273438
19.422	3.143913043478261	0.29542307692307695	-0.12865727642318392	0.1888333171223231	0.004944261232469417	-0.0011502243996725742	21.81118392944336
19.422	3.143913043478261	0.3036153846153847	-0.13544992641470305	0.1904705221743097	0.004942089430425963	-0.0015713285614689645	21.2921085357666
19.422	3.143913043478261	0.31180769230769234	-0.14227499065710497	0.19187998264605322	0.004658774351139268	-0.0018148916500573813	20.788503646850586
19.422	3.143913043478261	0.32	-0.14818284658504915	0.19234443619424618	0.00462574515614423	-0.0019710777252238123	20.338701248168945
19.422	3.152608695652174	0.0005	0.13575270362670494	0.2874616278801046	0.00805021062811849	0.004525263711282914	13.570602416992188
19.422	3.152608695652174	0.008692307692307694	0.016905047376704955	0.03013740913010476	0.008437500996948894	0.004872114190137949	36.02823257446289
19.422	3.152608695652174	0.016884615384615387	0.015048386533809441	0.03588646785355447	0.008246080731138947	0.004598834280872437	41.9500732421875
19.422	3.152608695652174	0.02507692307692308	0.01209150739486291	0.039362592855461814	0.008243619956203159	0.0045734574551729665	44.14324951171875
19.422	3.152608695652174	0.03326923076923077	0.011127587040019768	0.05123861269093392	0.008220819604935354	0.0044214780093186235	41.62232971191406
19.422	3.152608695652174	0.041461538461538466	0.010741648455215231	0.058683783421286294	0.007883001901587092	0.00428106006388744	40.95958137512207
19.422	3.152608695652174	0.04965384615384616	0.008368574460101861	0.06607770011759631	0.007920705684023527	0.004014318758938047	38.38188552856445
19.422	3.152608695652174	0.05784615384615385	0.006085005490189763	0.0710601197522285	0.008132903467483497	0.004299745288963705	36.18302536010742
19.422	3.152608695652174	0.06603846153846155	0.004028200554916192	0.0750521435543734	0.007707983438129076	0.0038586857537917536	35.35752868652344
19.422	3.152608695652174	0.07423076923076924	0.003665836995188028	0.07976592230135413	0.007789189512541628	0.003962129921618212	33.86903381347656
19.422	3.152608695652174	0.08242307692307693	0.001428048996004388	0.08389126945386655	0.007806468039043826	0.003913582237490517	32.702884674072266
19.422	3.152608695652174	0.09061538461538463	-0.00015108139055822412	0.08598700838839779	0.007742722209166931	0.003861437179087376	31.967601776123047
19.422	3.152608695652174	0.09880769230769232	-0.002435570403812869	0.08885298383167156	0.007701758593264925	0.0038527838772398574	31.473175048828125
19.422	3.152608695652174	0.10700000000000001	-0.002741249238951547	0.09391288655089354	0.007693536231471183	0.0038645988071340284	30.63699722290039
19.422	3.152608695652174	0.1151923076923077	-0.004933703948026355	0.0976169072569208	0.0076758610957936135	0.0039337361174449385	30.21502685546875
19.422	3.152608695652174	0.1233846153846154	-0.006785993935307672	0.10377585053622039	0.00777534779325584	0.0039579901424178845	30.170854568481445
19.422	3.152608695652174	0.1315769230769231	-0.009275370946387012	0.10865300798151892	0.007611483716243362	0.0037223111977584735	30.17037582397461
19.422	3.152608695652174	0.13976923076923078	-0.012861984936331021	0.11693348324982922	0.007533543872322787	0.0036656710095344432	30.436710357666016
19.422	3.152608695652174	0.14796153846153848	-0.01788465701154174	0.12372862822243164	0.00736259911271148	0.0034227023176158665	31.136430740356445
19.422	3.152608695652174	0.15615384615384617	-0.023241732471171755	0.13097617507045545	0.0073608685625175755	0.0032756133458690293	32.17892837524414
19.422	3.152608695652174	0.16434615384615386	-0.03055709233532286	0.1388331573270906	0.00728923173230396	0.0030275419589074195	32.666290283203125
19.422	3.152608695652174	0.17253846153846156	-0.03767035462158126	0.14595596541909	0.007185907207414855	0.002935871312341474	31.418071746826172
19.422	3.152608695652174	0.18073076923076925	-0.04553792147023522	0.15253368252684713	0.006915014134700852	0.0026169645189800276	30.376428604125977
19.422	3.152608695652174	0.18892307692307694	-0.053532021898421586	0.15872324373136623	0.006985355850646536	0.002369389090741394	29.385900497436523
19.422	3.152608695652174	0.19711538461538464	-0.061517930332712495	0.16510788397866683	0.006612152787045291	0.0017883102787765997	28.558612823486328
19.422	3.152608695652174	0.20530769230769233	-0.0701505650059801	0.17114981706257357	0.006570837156108033	0.0019789643158009645	27.86764144897461
19.422	3.152608695652174	0.21350000000000002	-0.07724577790246062	0.17576566035547891	0.006556385254647865	0.0017652654868882932	27.265512466430664
19.422	3.152608695652174	0.22169230769230772	-0.08410820920404985	0.18044599686458998	0.006341225034994154	0.0014968685188901762	26.667577743530273
19.422	3.152608695652174	0.2298846153846154	-0.09162886576238559	0.18456057392381653	0.006213875970216547	0.0010910158702881988	26.330570220947266
19.422	3.152608695652174	0.2380769230769231	-0.09877082546888158	0.18798544147416418	0.006276809206120531	0.001197247231034476	25.834192276000977
19.422	3.152608695652174	0.2462692307692308	-0.10595553362853169	0.1903956179421693	0.005941626128918409	0.0006946909079556546	25.589405059814453
19.422	3.152608695652174	0.25446153846153846	-0.1143130093256164	0.19386475432339645	0.00587276328433125	0.0005678469452580334	25.237682342529297
19.422	3.152608695652174	0.2626538461538462	-0.1218744874562904	0.1981710477882525	0.005771490527750464	0.0006142152418779382	24.513351440429688
19.422	3.152608695652174	0.2708461538461539	-0.12932936041902987	0.19949924306770256	0.005979567039689234	0.00043358951651740845	23.687761306762695
19.422	3.152608695652174	0.27903846153846157	-0.13684614259105413	0.20099961388682408	0.005660135385646236	-0.00012943559500612131	22.97370719909668
19.422	3.152608695652174	0.28723076923076923	-0.14464746602967044	0.20330570833489167	0.005507794163993591	-0.0005405600015038292	22.37430191040039
19.422	3.152608695652174	0.29542307692307695	-0.15323963608422167	0.2056501935685846	0.005352238349139723	-0.00042162611713508335	21.775671005249023
19.422	3.152608695652174	0.3036153846153847	-0.1592739152753203	0.20565165166263988	0.005251414000947761	-0.0006808401583512644	21.264957427978516
19.422	3.152608695652174	0.31180769230769234	-0.1672088982073766	0.2072939107492967	0.004970067590791355	-0.0009663129415130882	20.784311294555664
19.422	3.152608695652174	0.32	-0.1745384828655226	0.20763984791193446	0.004969420228469738	-0.0012135968267685427	20.350589752197266
19.422	3.161304347826087	0.0005	-0.07453848286552262	0.23263984791193446	0.008401724317543761	0.004688160514284328	12.841773986816406
19.422	3.161304347826087	0.008692307692307694	0.013855178063072033	0.012537610411003174	0.008701781131007977	0.00491613368661993	37.929969787597656
19.422	3.161304347826087	0.016884615384615387	0.009562383607884296	0.026525734118455088	0.008401599897029027	0.00484378272698442	38.62554931640625
19.422	3.161304347826087	0.02507692307692308	0.007143272969300048	0.028988184735986515	0.00852296227008756	0.004823610317160096	43.985382080078125
19.422	3.161304347826087	0.03326923076923077	0.004615067455345885	0.027678040371152682	0.008496865818213076	0.00470553657381927	41.317901611328125
19.422	3.161304347826087	0.041461538461538466	0.007878585664682415	0.0355401861052663	0.008530947165948145	0.0047050267664663125	40.833641052246094
19.422	3.161304347826087	0.04965384615384616	0.00492356901785374	0.04024296515619742	0.008534691722982362	0.004626172970462927	37.57461929321289
19.422	3.161304347826087	0.05784615384615385	0.0032817679588134354	0.0409169266797742	0.008496746893890936	0.004811290258955548	35.6796760559082
19.422	3.161304347826087	0.06603846153846155	0.0017024708283650337	0.04129304234289938	0.008303406510918477	0.004560411636652328	34.03450393676758
19.422	3.161304347826087	0.07423076923076924	0.0001647168840798186	0.04485827536906488	0.0082216138775101	0.00440950457160636	33.2202205657959
19.422	3.161304347826087	0.08242307692307693	-0.0012886661066424015	0.04902385090623915	0.008031674112045948	0.004228538026710129	32.65546417236328
19.422	3.161304347826087	0.09061538461538463	-0.0037949331526753224	0.052668276625017316	0.008229663465956032	0.004226660829645672	31.775789260864258
19.422	3.161304347826087	0.09880769230769232	-0.004221968509841581	0.055679339258961257	0.008192487150292431	0.004308176967275151	31.039997100830078
19.422	3.161304347826087	0.10700000000000001	-0.005221826433284992	0.05844576209900662	0.00812552840641672	0.004218860299500129	30.504899978637695
19.422	3.161304347826087	0.1151923076923077	-0.006817395090206379	0.062163458765724156	0.008160899655085246	0.004298747231280625	30.264799118041992
19.422	3.161304347826087	0.1233846153846154	-0.009086067104385556	0.06826712707305671	0.008137935266021832	0.004182781517068118	30.208677291870117
19.422	3.161304347826087	0.1315769230769231	-0.011099525437771207	0.07372276970535276	0.007969289052415438	0.004040167929487774	30.32889175415039
19.422	3.161304347826087	0.13976923076923078	-0.014411970731725827	0.08162169744734915	0.00800992818984738	0.004065814784517168	30.666166305541992
19.422	3.161304347826087	0.14796153846153848	-0.018950553189188167	0.08879245590485432	0.007802368758374167	0.003896581158900187	31.449920654296875
19.422	3.161304347826087	0.15615384615384617	-0.023761950138123163	0.09820759373303653	0.007851734131448046	0.00392643929149966	32.432804107666016
19.422	3.161304347826087	0.16434615384615386	-0.02972948709421974	0.10584251308935118	0.0075694886472688315	0.0035940343042578787	33.35520935058594
19.422	3.161304347826087	0.17253846153846156	-0.03652545736764398	0.11451543314660752	0.007476554126451408	0.0034892757634901106	32.005746841430664
19.422	3.161304347826087	0.18073076923076925	-0.04301464743394535	0.12078321895734673	0.0073650745615678834	0.0032021502564603542	31.03069305419922
19.422	3.161304347826087	0.18892307692307694	-0.049674425447945404	0.12673203604046407	0.007208345641157494	0.0031211389920500193	30.171005249023438
19.422	3.161304347826087	0.19711538461538464	-0.05676069611348603	0.13246901494276384	0.007021946673267947	0.0027923990288073234	29.56468963623047
19.422	3.161304347826087	0.20530769230769233	-0.06406448239125702	0.13967386943113663	0.00706993857456622	0.0026688234117274723	28.784671783447266
19.422	3.161304347826087	0.21350000000000002	-0.06922818311107934	0.1441550856386143	0.006610320173783871	0.0021545936055874073	28.298242568969727
19.422	3.161304347826087	0.22169230769230772	-0.07632956932510274	0.15002982775410478	0.0066051967725220505	0.0022396974942821032	27.819625854492188
19.422	3.161304347826087	0.2298846153846154	-0.08298451471335322	0.1538984927816287	0.006498208703066219	0.002132463237343421	27.31854248046875
19.422	3.161304347826087	0.2380769230769231	-0.08959410953528314	0.1569960806054965	0.006429915503994685	0.002077049976820947	26.96970558166504
19.422	3.161304347826087	0.2462692307692308	-0.09644576680627136	0.1595796426618748	0.006348197043607201	0.0016546872423409734	26.359237670898438
19.422	3.161304347826087	0.25446153846153846	-0.1028917004984286	0.16323295169047058	0.00600379879955046	0.0015637619922468891	25.30926513671875
19.422	3.161304347826087	0.2626538461538462	-0.1099012373233669	0.16679735056953168	0.006212575029470204	0.0015552675709383235	24.299711227416992
19.422	3.161304347826087	0.2708461538461539	-0.11676361506691453	0.16887517616536085	0.006108629851344914	0.0011400969420261578	23.50914192199707
19.422	3.161304347826087	0.27903846153846157	-0.12339013553743064	0.17102458589556657	0.005865505085360666	0.0011987678769852402	22.736600875854492
19.422	3.161304347826087	0.28723076923076923	-0.1304305712212764	0.17303681435375776	0.005727022022741318	0.0009226601546739599	22.14563751220703
19.422	3.161304347826087	0.29542307692307695	-0.13821010857214708	0.17531545611643534	0.005773796398346596	0.0005293605423543421	21.537782669067383
19.422	3.161304347826087	0.3036153846153847	-0.14504738919336624	0.17746074801298864	0.005552345679660821	0.0005358921207872758	21.08342742919922
19.422	3.161304347826087	0.31180769230769234	-0.15151669343891366	0.1783054306743977	0.00540512473916991	0.0003733202120827992	20.576093673706055
19.422	3.161304347826087	0.32	-0.15875762134224453	0.17937674061150366	0.0053535556105058155	-0.0002063025393819259	20.190771102905273
19.422	3.17	0.0005	-0.04541441678434888	0.14871743232698262	0.009200709111569783	0.004844166490133168	12.006118774414062
19.422	3.17	0.008692307692307694	0.006642235430029241	0.02213394799956202	0.009342395809684285	0.004927274964302307	37.899784088134766
19.422	3.17	0.016884615384615387	0.008807924947307474	0.037206181293466006	0.009373565645349701	0.004844724943745826	44.09046173095703
19.422	3.17	0.02507692307692308	0.012379748385483242	0.04886645569209748	0.00925980899196761	0.004906838765439599	47.377906799316406
19.422	3.17	0.03326923076923077	0.010381617967123006	0.053387512049868635	0.009276930560056962	0.004663630944399186	44.20834732055664
19.422	3.17	0.041461538461538466	0.009199814882213081	0.05496352377091342	0.009100389524113005	0.004682438173333931	40.19036865234375
19.422	3.17	0.04965384615384616	0.007189471728252078	0.059288404769960744	0.00912885972134012	0.004594973239388726	37.988975524902344
19.422	3.17	0.05784615384615385	0.006794719069673834	0.0651810915528609	0.00886989147616025	0.004625731939111081	36.018577575683594
19.422	3.17	0.06603846153846155	0.005753916313349424	0.06832838483087707	0.009158736830533525	0.004810767858472183	34.80289077758789
19.422	3.17	0.07423076923076924	0.005324298808289617	0.07040637129066547	0.008816395806263172	0.0045705142145800095	33.92435836791992
19.422	3.17	0.08242307692307693	0.0028727111536394085	0.07299918460739813	0.008732094954575055	0.004468497873315266	32.79962921142578
19.422	3.17	0.09061538461538463	0.001371278600858415	0.07457252238514546	0.008635718981673791	0.0043685815075060076	32.01315689086914
19.422	3.17	0.09880769230769232	0.0002490542699563144	0.07720003221752765	0.008705779900578662	0.004403781565397112	31.245264053344727
19.422	3.17	0.10700000000000001	-0.0010954879302842251	0.0798676301072678	0.008515884997127457	0.004222923610850304	30.440914154052734
19.422	3.17	0.1151923076923077	-0.0021560549814564813	0.08309832739637707	0.0086078660194129	0.004425974226659945	30.03545379638672
19.422	3.17	0.1233846153846154	-0.004173997092313921	0.08707102090733487	0.008525946255833687	0.004354262719015879	29.995697021484375
19.422	3.17	0.1315769230769231	-0.006034834096399089	0.09138403617999818	0.008564251722402688	0.00439219009604085	29.724069595336914
19.422	3.17	0.13976923076923078	-0.008608827852518246	0.0963171384560558	0.008463455450494067	0.004253221656562803	30.15986442565918
19.422	3.17	0.14796153846153848	-0.012476309711211619	0.10169775959336405	0.008333247378682145	0.004099437182474736	30.523954391479492
19.422	3.17	0.15615384615384617	-0.018025097506070568	0.10849771387546193	0.008347291769673472	0.004312073283534352	31.600801467895508
19.422	3.17	0.16434615384615386	-0.023749544172714063	0.11604151878904052	0.007965106959813863	0.003933328344526902	32.75977325439453
19.422	3.17	0.17253846153846156	-0.030019337297816372	0.12219266305668247	0.00803881654171577	0.0036379687533268958	31.732707977294922
19.422	3.17	0.18073076923076925	-0.03713079417562209	0.1291668104217704	0.007837892877591499	0.0036953418059680896	30.50588607788086
19.422	3.17	0.18892307692307694	-0.04451132584219192	0.1336693894966457	0.007566162332214372	0.0031225938019054738	29.645734786987305
19.422	3.17	0.19711538461538464	-0.05113770790189061	0.13924247325766692	0.0075882736589032666	0.003303157327551466	28.78251075744629
19.422	3.17	0.20530769230769233	-0.05788786181649851	0.14440850556378884	0.007233778242798932	0.0028588460041795187	28.25202751159668
19.422	3.17	0.21350000000000002	-0.06366522063902305	0.14894328905751625	0.007365376150491565	0.002971051521918046	27.720909118652344
19.422	3.17	0.22169230769230772	-0.07078078202787802	0.1534076460474725	0.007248917423211881	0.002969732457741402	27.177305221557617
19.422	3.17	0.2298846153846154	-0.07731477462639387	0.1577464350032884	0.006992003313288937	0.002741397832024151	26.75714683532715
19.422	3.17	0.2380769230769231	-0.08346734508639544	0.16020540365808172	0.007072121989412603	0.0027176091097048543	26.352333068847656
19.422	3.17	0.2462692307692308	-0.08992970861262052	0.1626954992660181	0.006902156387886399	0.002723392378421039	26.03085708618164
19.422	3.17	0.25446153846153846	-0.09716912684496834	0.16633505307346108	0.006987291574974916	0.0022068406836500986	25.6873779296875
19.422	3.17	0.2626538461538462	-0.10376963047663937	0.16814196617443353	0.006780292901881873	0.0018910964117116406	24.800254821777344
19.422	3.17	0.2708461538461539	-0.11039201554105149	0.17101043768692464	0.006680202392969743	0.001978607070248866	23.97344207763672
19.422	3.17	0.27903846153846157	-0.11634171538441307	0.17155707074350132	0.006500618027864485	0.001829651858623434	23.19745445251465
19.422	3.17	0.28723076923076923	-0.1224363183378672	0.173111698329748	0.006471697067478129	0.001702917318167746	22.574323654174805
19.422	3.17	0.29542307692307695	-0.1315003545963636	0.17619917148986963	0.006399988593539709	0.0014023592125563663	21.95631217956543
19.422	3.17	0.3036153846153847	-0.13644182286971634	0.1764854243788276	0.00615664472809902	0.0014393784721728666	21.405879974365234
19.422	3.17	0.31180769230769234	-0.14373440126247508	0.17851220055933342	0.006175159295415183	0.001290175574454481	20.95279312133789
19.422	3.17	0.32	-0.15096031379245026	0.18038468722704087	0.005902726177279717	0.00085385516068693	20.46204948425293
