base_if_frequency_mhz	lo_frequency_ghz	if_amplitude	g	phi	I_offset	Q_offset	sfdr_db
21.58	2.57	0.01	0.003117370605468752	0.2658622741699218	0.007813284151479392	0.0025379898849518406	38.7883415222168
21.58	2.57	0.02526315789473684	-0.00467118373926496	0.27610754103807256	0.007790319762415969	0.002422024170739332	49.050045013427734
21.58	2.57	0.04052631578947368	-0.0033288745404092815	0.28547178660807593	0.007898942814512807	0.0021832306522082245	47.57291030883789
21.58	2.57	0.05578947368421053	-0.0020893840313760802	0.2943275586265085	0.007552292791594028	0.0020774021275675094	42.7757625579834
21.58	2.57	0.07105263157894737	-0.0009639098126285722	0.2996337065510313	0.007519707227881098	0.0019555488324177355	39.85542678833008
21.58	2.57	0.0863157894736842	-0.0006955845037745202	0.3053167937443113	0.00738166259502783	0.0018996950403803777	37.76181411743164
21.58	2.57	0.10157894736842105	-0.00010540645309982735	0.30832506473163385	0.007108524275022103	0.001955810592080865	37.05978584289551
21.58	2.57	0.11684210526315789	-0.0013181453731030007	0.30951605461525045	0.007094551106924662	0.002204670729152326	35.747419357299805
21.58	2.57	0.13210526315789473	-0.0038516738912200334	0.3106254742737401	0.0068379597837764945	0.0022156258100674226	34.293617248535156
21.58	2.57	0.1473684210526316	-0.006473319584362262	0.31072411969804203	0.0067797607558435745	0.0020967167730427706	32.866180419921875
21.58	2.57	0.16263157894736843	-0.010657637356522542	0.3136761217960692	0.006921627210876447	0.0021638816537811116	31.36179542541504
21.58	2.57	0.17789473684210527	-0.015861451481104183	0.3153376753496242	0.006738635284150417	0.0018638775100921262	29.68280029296875
21.58	2.57	0.1931578947368421	-0.023998122504552084	0.31863574970663233	0.006662810552975323	0.0017913266262407652	27.96543312072754
21.58	2.57	0.20842105263157895	-0.034758621960052485	0.3216875294808828	0.006864713193352266	0.0012635342316589867	26.286319732666016
21.58	2.57	0.2236842105263158	-0.04818503581277393	0.3246149155431026	0.006635241694523456	0.001095289267817062	24.848230361938477
21.58	2.57	0.23894736842105263	-0.06179563600830799	0.3251688817279188	0.0067053150733878755	0.0007012501141776141	23.608430862426758
21.58	2.57	0.25421052631578944	-0.0775427629921618	0.3249870691590304	0.006445893857152585	0.0002640517357386974	22.626937866210938
21.58	2.57	0.2694736842105263	-0.09160171171700687	0.32309963383324813	0.0059633164609957596	-9.472778731248075e-06	21.68160629272461
21.58	2.57	0.2847368421052632	-0.10739812348673212	0.3226298881410073	0.006083835560783466	-0.0004977082162686644	20.901391983032227
21.58	2.57	0.3	-0.12208076401189663	0.3199467553916293	0.005822630262193913	-0.0006559560730603991	20.240270614624023
21.58	2.5801694915254236	0.01	-0.0006926517677658403	0.28192365965742294	0.006955099358876962	0.005137018092327538	38.293190002441406
21.58	2.5801694915254236	0.02526315789473684	0.0015860932134654443	0.2853343048677744	0.006959468136731286	0.005027005320775802	45.40576934814453
21.58	2.5801694915254236	0.04052631578947368	-0.004196331389637764	0.2897366734544905	0.006946697315909567	0.0046763489800134474	44.20106506347656
21.58	2.5801694915254236	0.05578947368421053	-0.00521481486910206	0.29232255950657604	0.006744082421830985	0.004311814914274897	42.67805480957031
21.58	2.5801694915254236	0.07105263157894737	-0.0028893741586915813	0.2946309172231141	0.00675220898417193	0.004070813433149908	39.12920379638672
21.58	2.5801694915254236	0.0863157894736842	-0.0031110833968273225	0.2956692405259831	0.006752855457597559	0.0037941054118491805	37.03659439086914
21.58	2.5801694915254236	0.10157894736842105	-0.003950122736380307	0.2973943473802296	0.006700532643185751	0.0037168434352637613	35.619537353515625
21.58	2.5801694915254236	0.11684210526315789	-0.003006029674536415	0.29650007685433355	0.00672458990634036	0.0035496656291027014	34.65151023864746
21.58	2.5801694915254236	0.13210526315789473	-0.004394264215982267	0.2981373063288786	0.0067566569355416006	0.003506007308740419	33.33166694641113
21.58	2.5801694915254236	0.1473684210526316	-0.004759032581380316	0.2991676806705229	0.006420875710870324	0.003557927181003547	32.14335060119629
21.58	2.5801694915254236	0.16263157894736843	-0.005947952856688506	0.30033067472979125	0.006624851235125254	0.0035231415802115295	30.92023468017578
21.58	2.5801694915254236	0.17789473684210527	-0.009856892661785691	0.303157064585518	0.006653036120957414	0.003286178133470175	29.43965721130371
21.58	2.5801694915254236	0.1931578947368421	-0.014227546591767615	0.30591444281446173	0.006755470202057087	0.0031090161584558006	27.83824920654297
21.58	2.5801694915254236	0.20842105263157895	-0.02285752602092389	0.3098291700388284	0.006549229586190078	0.0027240145303915175	26.331958770751953
21.58	2.5801694915254236	0.2236842105263158	-0.03322720424081198	0.311505671111568	0.00664263923693177	0.0023542715802957995	24.990882873535156
21.58	2.5801694915254236	0.23894736842105263	-0.046145545825113425	0.3131296066655116	0.006435946904114649	0.0017807713728627693	23.76409149169922
21.58	2.5801694915254236	0.25421052631578944	-0.060877275894001714	0.31402954385526327	0.006366252668952259	0.0017649879094717518	22.723752975463867
21.58	2.5801694915254236	0.2694736842105263	-0.07516164909541882	0.3142135054409485	0.006078767446651547	0.001391891180800988	21.796926498413086
21.58	2.5801694915254236	0.2847368421052632	-0.09139494601480008	0.31273686845504955	0.005870075306611029	0.0008129394289331275	21.05572509765625
21.58	2.5801694915254236	0.3	-0.10744031080979081	0.3105606082675698	0.005765122973950332	0.0006214098492045632	20.38047981262207
21.58	2.5903389830508474	0.01	-0.01603135796074614	0.23231759979769512	0.007552341524221395	0.005783746441115864	34.418636322021484
21.58	2.5903389830508474	0.02526315789473684	-0.008914268607167162	0.2441667576942163	0.007520088929247269	0.0057634780857506035	46.93125915527344
21.58	2.5903389830508474	0.04052631578947368	-0.007229126090077316	0.2499438306007104	0.007272291315142131	0.00528733309627053	43.519691467285156
21.58	2.5903389830508474	0.05578947368421053	-0.0073484188261307825	0.260205384126635	0.007349111512460871	0.005087249801703667	39.773807525634766
21.58	2.5903389830508474	0.07105263157894737	-0.006571481222180285	0.2657248025450425	0.007435112025926347	0.00489162537505702	37.502864837646484
21.58	2.5903389830508474	0.0863157894736842	-0.006354418767126585	0.268874574073948	0.007324183794410769	0.0046032028771145015	36.114990234375
21.58	2.5903389830508474	0.10157894736842105	-0.0049958214244849985	0.272729132435393	0.007158308037705069	0.0045305224305111445	34.85996437072754
21.58	2.5903389830508474	0.11684210526315789	-0.004884624412182998	0.27420535718517847	0.007154730035707983	0.004413916069140206	34.00913619995117
21.58	2.5903389830508474	0.13210526315789473	-0.005987912906233499	0.2750529112988943	0.0071561406026466835	0.004361817563252005	32.93470764160156
21.58	2.5903389830508474	0.1473684210526316	-0.00745423731942875	0.2754524216983327	0.0070320913982941415	0.0042409586444481714	31.730716705322266
21.58	2.5903389830508474	0.16263157894736843	-0.009683265832677396	0.2778688177937636	0.007012552864971322	0.004321457559224855	30.276294708251953
21.58	2.5903389830508474	0.17789473684210527	-0.012226672425708646	0.2803132813996978	0.006896636124364626	0.004229048389486619	29.014814376831055
21.58	2.5903389830508474	0.1931578947368421	-0.01646160218831469	0.28282765490568057	0.006821451908107441	0.003907110286188894	27.495227813720703
21.58	2.5903389830508474	0.20842105263157895	-0.02270287594026272	0.28583646557509723	0.007016662835739148	0.0036652854471575713	25.894933700561523
21.58	2.5903389830508474	0.2236842105263158	-0.03165971987555154	0.2896511097782208	0.00684945826847426	0.0035336231169643788	24.474353790283203
21.58	2.5903389830508474	0.23894736842105263	-0.04308952722431046	0.2908256715987375	0.006690623039344996	0.002949494734117841	23.313508987426758
21.58	2.5903389830508474	0.25421052631578944	-0.05464846636832578	0.29187087164116415	0.006518837482286645	0.002702113670517236	22.21031951904297
21.58	2.5903389830508474	0.2694736842105263	-0.06840835476605198	0.2916775850645319	0.0063887434121566965	0.0021814826134522536	21.281143188476562
21.58	2.5903389830508474	0.2847368421052632	-0.0820492565463609	0.2904808785916214	0.0059779149755920585	0.0019811185580194796	20.511960983276367
21.58	2.5903389830508474	0.3	-0.09539008932087353	0.28878033554954874	0.00593373372094652	0.0016787919929597541	19.809741973876953
21.58	2.600508474576271	0.01	0.008239298919950965	0.2626995043648402	0.007742934937329891	0.006660884203371548	39.02250671386719
21.58	2.600508474576271	0.02526315789473684	0.004979649689226775	0.26625910073230097	0.007530295454859919	0.006297800093695056	47.95932388305664
21.58	2.600508474576271	0.04052631578947368	0.004226941376426403	0.2726518965323376	0.007380037447803485	0.006049484551694144	44.4769287109375
21.58	2.600508474576271	0.05578947368421053	0.0024079024882797716	0.28036482128150336	0.007147339940690311	0.005649613450675556	39.24223327636719
21.58	2.600508474576271	0.07105263157894737	0.0004131779709349805	0.28512657185800483	0.007322242745119021	0.0053981139890833816	36.666500091552734
21.58	2.600508474576271	0.0863157894736842	-0.00022092743512630233	0.28855245459215934	0.0075089726805930585	0.005351120648452108	35.050167083740234
21.58	2.600508474576271	0.10157894736842105	0.00020837686696167717	0.2931367120030567	0.007255205477581525	0.005027211032100949	34.68992614746094
21.58	2.600508474576271	0.11684210526315789	-0.0005736953391078485	0.2953542880049813	0.007294100737140079	0.005004928230940807	33.395084381103516
21.58	2.600508474576271	0.13210526315789473	-0.0009116106711644352	0.2962473335593845	0.007287703124909524	0.004878794360045079	32.231998443603516
21.58	2.600508474576271	0.1473684210526316	-0.002503493851827427	0.29900560860167247	0.007035600547310436	0.00499489886765676	30.792312622070312
21.58	2.600508474576271	0.16263157894736843	-0.004320300269385038	0.30119623867276796	0.0071942633855587804	0.004888492721582937	29.281570434570312
21.58	2.600508474576271	0.17789473684210527	-0.007331058212069041	0.3053220653039749	0.007005030070210488	0.00466142038311745	27.6429443359375
21.58	2.600508474576271	0.1931578947368421	-0.012511710023020576	0.30804812723718333	0.007039351728523759	0.004683797177485481	26.02325439453125
21.58	2.600508474576271	0.20842105263157895	-0.020183941672687666	0.3108939052377572	0.006980613562988727	0.004346828523184467	24.55122184753418
21.58	2.600508474576271	0.2236842105263158	-0.029845864797491822	0.3136767271244061	0.006991886894608759	0.00395606742166792	23.205097198486328
21.58	2.600508474576271	0.23894736842105263	-0.04295751715009494	0.31444828337780784	0.006773197396175376	0.003875231849078498	22.06856346130371
21.58	2.600508474576271	0.25421052631578944	-0.057227619498500026	0.3133055227622799	0.00658896061468573	0.0033766196256690686	21.10231590270996
21.58	2.600508474576271	0.2694736842105263	-0.07136641600859897	0.312121162489162	0.006548569921134002	0.0031934618787294706	20.26657485961914
21.58	2.600508474576271	0.2847368421052632	-0.08690262050286385	0.30983655628239926	0.006338661541456233	0.003063700818982728	19.530506134033203
21.58	2.600508474576271	0.3	-0.10320075868020351	0.30745810312781635	0.006093520217631453	0.0026605964355737705	18.907445907592773
21.58	2.610677966101695	0.01	0.0006293553267926355	0.2587326992825061	0.008190078219808052	0.0068972570642315476	38.33387756347656
21.58	2.610677966101695	0.02526315789473684	0.005052827205701089	0.2740165706782012	0.007952643848419663	0.006692033994729793	43.913883209228516
21.58	2.610677966101695	0.04052631578947368	0.0010977127911348883	0.28383828082149776	0.0080555607597932	0.0065351080855204444	45.04579162597656
21.58	2.610677966101695	0.05578947368421053	-0.0009900253517014287	0.2928438164823878	0.007899895878334697	0.00644075447708263	40.42864418029785
21.58	2.610677966101695	0.07105263157894737	-0.0015827611411293697	0.2939345019278098	0.007735191192886031	0.005995723566595808	37.700252532958984
21.58	2.610677966101695	0.0863157894736842	-0.003270933126181037	0.2936678299701259	0.007862135329604543	0.0060929620802223135	35.858154296875
21.58	2.610677966101695	0.10157894736842105	-0.003170726325255373	0.29181087076185463	0.007776719571355737	0.005606144480201717	35.15977478027344
21.58	2.610677966101695	0.11684210526315789	-0.00429524022891996	0.28958242843071835	0.00768998707300828	0.005518982520402166	34.136545181274414
21.58	2.610677966101695	0.13210526315789473	-0.0062652312280046096	0.2891101888718614	0.007775182311997676	0.0056950327221099275	32.7905330657959
21.58	2.610677966101695	0.1473684210526316	-0.008201030691540268	0.29003276012693013	0.007619609854030375	0.005483878118979596	31.223955154418945
21.58	2.610677966101695	0.16263157894736843	-0.011400945966425121	0.292460682414725	0.007458546880500748	0.005722462794460114	29.593608856201172
21.58	2.610677966101695	0.17789473684210527	-0.016382593016456087	0.29656212358365974	0.007566227664031127	0.00539379803714175	27.754207611083984
21.58	2.610677966101695	0.1931578947368421	-0.024281388993690936	0.3018993229661437	0.007521754673737335	0.005338012574236671	26.009305953979492
21.58	2.610677966101695	0.20842105263157895	-0.0332732954380416	0.30547129027670106	0.00735203075873828	0.004950600620664345	24.411466598510742
21.58	2.610677966101695	0.2236842105263158	-0.04517662631319614	0.30998586507537423	0.007221876382891013	0.004637189291880104	23.104534149169922
21.58	2.610677966101695	0.23894736842105263	-0.05898103456916067	0.31060869324044343	0.007101967247353558	0.004400297246884774	21.987140655517578
21.58	2.610677966101695	0.25421052631578944	-0.0723017322318112	0.30984138064551847	0.006805840070077389	0.004287589953023229	20.97793960571289
21.58	2.610677966101695	0.2694736842105263	-0.08791595417826396	0.30973772277385914	0.0069716889929931445	0.003923143767028336	20.11856460571289
21.58	2.610677966101695	0.2847368421052632	-0.10229456927447539	0.3071436826258991	0.006588329059282057	0.0035516746917290763	19.42664909362793
21.58	2.610677966101695	0.3	-0.11670342429244851	0.30488134043727527	0.006300173870671704	0.0036915839528963287	18.76803970336914
21.58	2.620847457627119	0.01	0.027089782573217907	0.2533857935314856	0.009068431653513193	0.006732157047878666	39.150089263916016
21.58	2.620847457627119	0.02526315789473684	0.018908058665307852	0.2665570537413414	0.008653388480854809	0.006440141123607239	42.88153839111328
21.58	2.620847457627119	0.04052631578947368	0.018894562497350068	0.2747457690390701	0.008849139098276972	0.006405819407086304	44.970014572143555
21.58	2.620847457627119	0.05578947368421053	0.014821800961705538	0.287524718776619	0.008784467342309435	0.006167476792426943	41.38863754272461
21.58	2.620847457627119	0.07105263157894737	0.012532547581259094	0.29324289707710427	0.008645884249613139	0.006065270899970034	39.27500915527344
21.58	2.620847457627119	0.0863157894736842	0.009267633966419775	0.298910709594017	0.00855302988805308	0.005909053297992573	37.87144470214844
21.58	2.620847457627119	0.10157894736842105	0.009794780401762501	0.30252271070621367	0.008720909952001504	0.005808208953464705	36.93593215942383
21.58	2.620847457627119	0.11684210526315789	0.008260953770861479	0.3072667824646915	0.008539225424295267	0.005825700151660489	35.83840560913086
21.58	2.620847457627119	0.13210526315789473	0.006555230168976922	0.3082934287179655	0.008527161826362394	0.005845025124824241	34.3081111907959
21.58	2.620847457627119	0.1473684210526316	0.004509777911824278	0.3123496503313931	0.00829384133031734	0.005862416211845918	32.71871376037598
21.58	2.620847457627119	0.16263157894736843	0.00031491638595812916	0.3154034904122767	0.008207525587170566	0.006032849269388059	30.61093521118164
21.58	2.620847457627119	0.17789473684210527	-0.005321023443559026	0.32084633239777244	0.007930243437956536	0.005651189748156512	28.74567222595215
21.58	2.620847457627119	0.1931578947368421	-0.014392226907022484	0.3258427931327189	0.008072413425854734	0.005621256095808573	26.72189712524414
21.58	2.620847457627119	0.20842105263157895	-0.027054188908606946	0.3303890396590161	0.007965981361205535	0.0053595177866311555	25.12101936340332
21.58	2.620847457627119	0.2236842105263158	-0.04092491347861309	0.33146711739067025	0.007656503887536813	0.005271495217628172	23.748130798339844
21.58	2.620847457627119	0.23894736842105263	-0.05633639686196771	0.3317757047840332	0.007686552072242682	0.005001962171419804	22.594682693481445
21.58	2.620847457627119	0.25421052631578944	-0.07319585394792455	0.3321802032220349	0.007483005032360355	0.004718996183916501	21.64147186279297
21.58	2.620847457627119	0.2694736842105263	-0.0904026756429965	0.3299731107343379	0.00730861494934078	0.004752913814115918	20.831518173217773
21.58	2.620847457627119	0.2847368421052632	-0.10748078475183942	0.32734510288885044	0.007336617066810494	0.004575136095107965	20.076126098632812
21.58	2.620847457627119	0.3	-0.12385855208811675	0.32466114682773817	0.00721809463180788	0.004573584397118398	19.419771194458008
21.58	2.6310169491525426	0.01	0.017157072911883238	0.24731739682773812	0.009596859292160195	0.006209298369273315	39.75602722167969
21.58	2.6310169491525426	0.02526315789473684	0.009284352881027972	0.2725146133769269	0.009624250866451866	0.0062272798537779	48.03727340698242
21.58	2.6310169491525426	0.04052631578947368	0.00973602867369533	0.27560976285749883	0.00949666112439882	0.006100838397420893	46.68891525268555
21.58	2.6310169491525426	0.05578947368421053	0.005492416730938281	0.2843939560509575	0.009474054819409432	0.006066892706770662	41.19669151306152
21.58	2.6310169491525426	0.07105263157894737	0.006773465705073683	0.28269982632072926	0.00937633294502382	0.00594925209229356	40.50490951538086
21.58	2.6310169491525426	0.0863157894736842	0.007194505698017091	0.28174849053202483	0.009387948527321785	0.005997768574295577	38.46151161193848
21.58	2.6310169491525426	0.10157894736842105	0.006385452324052361	0.2800182454278789	0.009326059404078692	0.006119165608961713	37.69688606262207
21.58	2.6310169491525426	0.11684210526315789	0.004722446997522105	0.278321720423483	0.00926463554168214	0.0060156721287549335	36.73740005493164
21.58	2.6310169491525426	0.13210526315789473	0.0047023780204939695	0.27404079213396504	0.008854633183552361	0.0056608781482688645	35.674428939819336
21.58	2.6310169491525426	0.1473684210526316	0.0031696280727970456	0.2735423171077431	0.009214420524307113	0.006102980147081308	34.139034271240234
21.58	2.6310169491525426	0.16263157894736843	0.0009203792927346691	0.27633015298976515	0.008914152820327967	0.005758905764050613	32.41563415527344
21.58	2.6310169491525426	0.17789473684210527	-0.0038769979777008327	0.28145918929106073	0.008938213548643551	0.005866929270745967	30.35672378540039
21.58	2.6310169491525426	0.1931578947368421	-0.011391187442037431	0.2878759394644499	0.008784465327486089	0.00545149206364459	28.412282943725586
21.58	2.6310169491525426	0.20842105263157895	-0.021304804814550254	0.2944134275673628	0.00879894155820335	0.005666226494127668	26.566415786743164
21.58	2.6310169491525426	0.2236842105263158	-0.03395675818928441	0.2987034774950212	0.008633186304783574	0.005578814697178868	25.01604652404785
21.58	2.6310169491525426	0.23894736842105263	-0.04834428762578329	0.3011048494006014	0.008403901912551599	0.0053209341183547395	23.7911376953125
21.58	2.6310169491525426	0.25421052631578944	-0.06364006120841953	0.30190511062059733	0.008456374972174165	0.005194068475394557	22.712589263916016
21.58	2.6310169491525426	0.2694736842105263	-0.07931672541584123	0.30230557701174476	0.008325033271929162	0.0052753856460996725	21.798683166503906
21.58	2.6310169491525426	0.2847368421052632	-0.0950807741770476	0.3016189661139179	0.00810484861384455	0.005300599112254417	21.0018310546875
21.58	2.6310169491525426	0.3	-0.10995767069217247	0.29999520287877035	0.00803192696570139	0.004985631966181135	20.30943489074707
21.58	2.641186440677966	0.01	0.03847376276570877	0.21945702096475378	0.010007690229154733	0.0057387093233063815	36.841339111328125
21.58	2.641186440677966	0.02526315789473684	0.03111177851277908	0.23722969552530065	0.009925100889567216	0.005563212977686586	46.19783020019531
21.58	2.641186440677966	0.04052631578947368	0.027257962718787988	0.2506314780379655	0.009750332403300786	0.005566491562838215	47.73038864135742
21.58	2.641186440677966	0.05578947368421053	0.024607010161372726	0.26215446152280864	0.009731553318346199	0.0057214278819839	42.712528228759766
21.58	2.641186440677966	0.07105263157894737	0.023718558850800923	0.2680469415331418	0.009865664998682184	0.0056717787893359045	40.712215423583984
21.58	2.641186440677966	0.0863157894736842	0.02052943822387276	0.2754749173023698	0.009793269679533981	0.005739872019192364	39.20362663269043
21.58	2.641186440677966	0.10157894736842105	0.019017993699942212	0.2784333061152098	0.009676871301069105	0.005629367157552339	38.324344635009766
21.58	2.641186440677966	0.11684210526315789	0.017977996304814198	0.2805216600378003	0.009596789306395837	0.005549361561676052	37.1976318359375
21.58	2.641186440677966	0.13210526315789473	0.016000950650465865	0.2823110301809607	0.009571375096383998	0.005669592009683474	36.04732894897461
21.58	2.641186440677966	0.1473684210526316	0.013066448862066107	0.28391545770061843	0.009386139488529833	0.0055427013196575736	34.54436111450195
21.58	2.641186440677966	0.16263157894736843	0.010683192190465127	0.2850349277279519	0.009348495667987688	0.0054989588725701515	32.74748611450195
21.58	2.641186440677966	0.17789473684210527	0.00610701885062295	0.28895579676651556	0.009391483796701659	0.005638418818605964	30.82105255126953
21.58	2.641186440677966	0.1931578947368421	-0.0001798338645569954	0.29375995684801065	0.009277628731564038	0.005567013199950704	28.844812393188477
21.58	2.641186440677966	0.20842105263157895	-0.008981147235998204	0.2969489064281913	0.00930924299264596	0.005329624534343977	26.88873863220215
21.58	2.641186440677966	0.2236842105263158	-0.020638916779267612	0.29970959231536515	0.009409586303255175	0.005280646441956846	25.32970428466797
21.58	2.641186440677966	0.23894736842105263	-0.034755493111339034	0.3012645697611319	0.009051190303026353	0.00538445811717385	23.986894607543945
21.58	2.641186440677966	0.25421052631578944	-0.04900589377376121	0.30135604649958486	0.00910523834699311	0.005018790372837897	22.835330963134766
21.58	2.641186440677966	0.2694736842105263	-0.06535472419686165	0.3005125284041972	0.009033354913187457	0.005118740341769781	21.848329544067383
21.58	2.641186440677966	0.2847368421052632	-0.08131284894259988	0.2990232844992105	0.008883486489296485	0.005238173141475181	21.01346778869629
21.58	2.641186440677966	0.3	-0.09810401443131195	0.29668334127520923	0.009007098815866336	0.00488146550101728	20.327957153320312
21.58	2.6513559322033897	0.01	-0.0015764439452432295	0.26410002411460287	0.011031447694424495	0.005080290818233056	37.403656005859375
21.58	2.6513559322033897	0.02526315789473684	0.0042319970231510465	0.28321869150852574	0.010890715957423521	0.0052937726571027025	46.249366760253906
21.58	2.6513559322033897	0.04052631578947368	0.0027546409514507	0.28539853555005523	0.010799147122167323	0.004968674711543617	44.52973937988281
21.58	2.6513559322033897	0.05578947368421053	0.0016652762886842408	0.29075599268865326	0.010666127880660103	0.0050826912937585265	40.44336700439453
21.58	2.6513559322033897	0.07105263157894737	0.001088897217193996	0.2843506175075342	0.010465734996734241	0.005014535582350475	38.41632270812988
21.58	2.6513559322033897	0.0863157894736842	0.0009738498219646567	0.28156788898451823	0.010490568939104845	0.00534068585083409	36.27239799499512
21.58	2.6513559322033897	0.10157894736842105	0.0007141020996921494	0.2778595871915709	0.01037968671257966	0.005264587074371916	35.58576202392578
21.58	2.6513559322033897	0.11684210526315789	0.0014526151838420236	0.2739958357983507	0.010418188979758955	0.005361980780469559	35.02413368225098
21.58	2.6513559322033897	0.13210526315789473	0.0012005866291640585	0.26916489461299553	0.010497271257208013	0.005365195091028081	33.953046798706055
21.58	2.6513559322033897	0.1473684210526316	0.0004764833666906955	0.2666119129681556	0.010384569630591802	0.005378125558455618	32.56995391845703
21.58	2.6513559322033897	0.16263157894736843	-0.0009449051700049457	0.26777363713902186	0.010312768617488864	0.005460445553559104	30.977445602416992
21.58	2.6513559322033897	0.17789473684210527	-0.004034218305938425	0.27055586776007284	0.010236064022252696	0.005230722628009514	29.116573333740234
21.58	2.6513559322033897	0.1931578947368421	-0.00892164958383191	0.2754953631945917	0.010273768735818431	0.00520708806979996	27.226179122924805
21.58	2.6513559322033897	0.20842105263157895	-0.015759932806000593	0.2798318640609303	0.010264746962378824	0.005219952144396981	25.54696273803711
21.58	2.6513559322033897	0.2236842105263158	-0.02550659808285108	0.283234426339635	0.010242212821061806	0.005260243044903063	24.106420516967773
21.58	2.6513559322033897	0.23894736842105263	-0.0369367304543238	0.28413619265327417	0.010032938733378505	0.00483886831279847	22.85208511352539
21.58	2.6513559322033897	0.25421052631578944	-0.050617878604686584	0.2854037067611913	0.010209769987808495	0.005055825471389422	21.7811222076416
21.58	2.6513559322033897	0.2694736842105263	-0.06435117635108288	0.28478910429685317	0.010159672729927571	0.004934180125446833	20.85910415649414
21.58	2.6513559322033897	0.2847368421052632	-0.07926189321085253	0.28387415627032075	0.00994637220272043	0.004488290758270099	20.09832191467285
21.58	2.6513559322033897	0.3	-0.09388171617744948	0.28219571894243844	0.010135152465150815	0.005028350413156227	19.40645980834961
21.58	2.6615254237288135	0.01	0.022967738314881112	0.21799919044808036	0.011447368503209794	0.0039776876348674006	37.81156921386719
21.58	2.6615254237288135	0.02526315789473684	0.017280385579331897	0.25029270316683233	0.01141835694626562	0.0041418656986002365	48.98747634887695
21.58	2.6615254237288135	0.04052631578947368	0.014394668170760391	0.2608058472873556	0.011331802989347599	0.003928935928393737	43.44552993774414
21.58	2.6615254237288135	0.05578947368421053	0.010883771868000743	0.2725188917258668	0.011297249267956139	0.004388647671115235	40.10272026062012
21.58	2.6615254237288135	0.07105263157894737	0.010080850610714271	0.27849774718402553	0.011243659783487304	0.004184275938544728	37.87144660949707
21.58	2.6615254237288135	0.0863157894736842	0.008608357050887524	0.2840135533690207	0.011007377742812807	0.004084228235018499	36.911624908447266
21.58	2.6615254237288135	0.10157894736842105	0.0078027442370651335	0.2865484546373564	0.011061639161687358	0.004421647696427428	35.997337341308594
21.58	2.6615254237288135	0.11684210526315789	0.004983850386284103	0.29116338594741775	0.011130282743158762	0.004303643691083307	35.161752700805664
21.58	2.6615254237288135	0.13210526315789473	0.003526162555311657	0.2896824821992472	0.011274206515383967	0.004232559083232827	33.71871757507324
21.58	2.6615254237288135	0.1473684210526316	0.000824391657379702	0.29263292318569445	0.011083709130818516	0.004422731549871044	32.12906265258789
21.58	2.6615254237288135	0.16263157894736843	-0.00297007719906969	0.295858967775168	0.011253142619619756	0.004428975073390525	30.136579513549805
21.58	2.6615254237288135	0.17789473684210527	-0.007634638766223363	0.29940273309176374	0.011135517214012083	0.0040008020767269906	28.168025970458984
21.58	2.6615254237288135	0.1931578947368421	-0.0158994229047259	0.30411577820440383	0.01117474150644483	0.004025649821785658	26.234588623046875
21.58	2.6615254237288135	0.20842105263157895	-0.02553110061653141	0.3060277392849667	0.011368746112420634	0.0041325557877157386	24.52688217163086
21.58	2.6615254237288135	0.2236842105263158	-0.0381227144456673	0.3076946047827942	0.011467457155604273	0.0039422133864383604	23.11275863647461
21.58	2.6615254237288135	0.23894736842105263	-0.05263322744370807	0.3063083528611048	0.011526401765255366	0.0037532206983455596	21.930644989013672
21.58	2.6615254237288135	0.25421052631578944	-0.06756957074272658	0.3046415824428652	0.011339800204692514	0.003859293077621714	20.982866287231445
21.58	2.6615254237288135	0.2694736842105263	-0.08316928145584795	0.30170307607191543	0.011399875936528543	0.0035717554392548072	20.12377166748047
21.58	2.6615254237288135	0.2847368421052632	-0.10006938927396616	0.2991993910149797	0.011218757908319719	0.0034534880152372956	19.342336654663086
21.58	2.6615254237288135	0.3	-0.116065657662665	0.2950165976679895	0.011378811336443483	0.003141539754940331	18.691268920898438
21.58	2.6716949152542373	0.01	0.008854996634210043	0.2670930136836145	0.01219657135542455	0.003283172720764433	33.9988899230957
21.58	2.6716949152542373	0.02526315789473684	0.0067703863132131245	0.29374889465318654	0.012354293370562104	0.003507927385069216	47.45620346069336
21.58	2.6716949152542373	0.04052631578947368	0.0028436799991262115	0.29845015140520076	0.01221034106641944	0.003592018831752701	46.12117004394531
21.58	2.6716949152542373	0.05578947368421053	0.002078868960155265	0.2990059587572669	0.012100860275126635	0.003629076164300164	40.565189361572266
21.58	2.6716949152542373	0.07105263157894737	0.0015757230771790225	0.29704842588173586	0.0118760085111666	0.003524620083801672	38.98805046081543
21.58	2.6716949152542373	0.0863157894736842	0.0012132166818567493	0.2943383208962823	0.011697892907813569	0.0032362570581156063	36.506202697753906
21.58	2.6716949152542373	0.10157894736842105	0.0015368395388966252	0.28897258928741043	0.01160043268281033	0.0036648191326715362	36.370357513427734
21.58	2.6716949152542373	0.11684210526315789	0.00013296836026961068	0.2897508247825009	0.011580754534907721	0.003370673222143513	35.324941635131836
21.58	2.6716949152542373	0.13210526315789473	-0.000382605856573044	0.28736606380666313	0.011480017301307183	0.0034253149114272007	33.706703186035156
21.58	2.6716949152542373	0.1473684210526316	-0.0030949259731253348	0.2928427978295494	0.01166790838961428	0.003565597372540563	31.833879470825195
21.58	2.6716949152542373	0.16263157894736843	-0.007247042081866998	0.29690482099807913	0.011815719386612427	0.0030132123181249035	29.810171127319336
21.58	2.6716949152542373	0.17789473684210527	-0.014197486055177217	0.30378938001963585	0.011956829948612739	0.002895249111502067	27.88606071472168
21.58	2.6716949152542373	0.1931578947368421	-0.02355107571520872	0.3092732675206904	0.012248482274421792	0.0027719715654218316	25.957923889160156
21.58	2.6716949152542373	0.20842105263157895	-0.036020584070137085	0.31252182652951754	0.01219619370069493	0.002570281508976219	24.442655563354492
21.58	2.6716949152542373	0.2236842105263158	-0.04872633645074595	0.31438213141403326	0.012233734029107352	0.0021901463340118356	23.21247100830078
21.58	2.6716949152542373	0.23894736842105263	-0.06382455666698268	0.3139045650635304	0.012165159245182088	0.0018531407155821691	21.991310119628906
21.58	2.6716949152542373	0.25421052631578944	-0.07965643790635604	0.31315001811393695	0.012338700020449699	0.001709206906832815	21.133129119873047
21.58	2.6716949152542373	0.2694736842105263	-0.09547791751150494	0.31150823321130483	0.012221507650439814	0.0015298818394685284	20.244163513183594
21.58	2.6716949152542373	0.2847368421052632	-0.11150673838595247	0.309286788577967	0.012056341829349473	0.001057400313965428	19.562767028808594
21.58	2.6716949152542373	0.3	-0.12554733779905403	0.3051101733527476	0.012154021239192701	0.0010538291620105665	18.93513298034668
21.58	2.681864406779661	0.01	0.02711809818940197	0.21111224629612213	0.013530084512630167	0.0016797218234115051	39.79127502441406
21.58	2.681864406779661	0.02526315789473684	0.023150582548277045	0.23766981047565158	0.013445464842755352	0.0017684646666901373	48.358821868896484
21.58	2.681864406779661	0.04052631578947368	0.020280641719745057	0.2497643621264588	0.01345377216154058	0.0018137164533407648	47.23035430908203
21.58	2.681864406779661	0.05578947368421053	0.017726184132339718	0.25918390802710806	0.013301628936400007	0.0018478260448843366	42.720075607299805
21.58	2.681864406779661	0.07105263157894737	0.01504265450203633	0.26511374409913574	0.012878323240632674	0.0016954920892727988	41.22188949584961
21.58	2.681864406779661	0.0863157894736842	0.012398203655908165	0.2715516461469003	0.01295267217695575	0.0018683038300493227	40.329172134399414
21.58	2.681864406779661	0.10157894736842105	0.011070602415321458	0.2749993905111947	0.012861191216248655	0.001926079662472136	38.62436485290527
21.58	2.681864406779661	0.11684210526315789	0.008651591493008712	0.27835394718346973	0.012919424008186842	0.0017221995782233303	37.95928955078125
21.58	2.681864406779661	0.13210526315789473	0.006192890521571283	0.2819210534248047	0.012908131928970619	0.0018681283936598232	36.6674919128418
21.58	2.681864406779661	0.1473684210526316	0.0013510392062964379	0.28615738496705845	0.012944214166538112	0.0018498884046510558	34.14137268066406
21.58	2.681864406779661	0.16263157894736843	-0.004783063165287612	0.29250788320647775	0.012938621964430498	0.0015226526398417258	32.0078010559082
21.58	2.681864406779661	0.17789473684210527	-0.013779913829510148	0.3000503162681923	0.013151420906969443	0.000965850051688724	29.6110782623291
21.58	2.681864406779661	0.1931578947368421	-0.024987468319779597	0.3054549613772266	0.01299581615586774	0.0005339816801446207	27.62256622314453
21.58	2.681864406779661	0.20842105263157895	-0.038608520854524715	0.30927138497448103	0.013279814789294303	0.0002121025638424521	25.92611312866211
21.58	2.681864406779661	0.2236842105263158	-0.05397184764214637	0.312092561785532	0.013476944983759294	-0.00011419001136721169	24.45229148864746
21.58	2.681864406779661	0.23894736842105263	-0.06982382465566357	0.3120245808080584	0.013083415531073827	-0.000615640339787318	23.246047973632812
21.58	2.681864406779661	0.25421052631578944	-0.08705853568949437	0.3117892793550099	0.013294105227615342	-0.0008078632098878393	22.236923217773438
21.58	2.681864406779661	0.2694736842105263	-0.1039727931069146	0.30995997456307856	0.013060334302104452	-0.0012117831857740326	21.360740661621094
21.58	2.681864406779661	0.2847368421052632	-0.12020857538428313	0.30818227231645656	0.012802553166425777	-0.001697288316838231	20.616596221923828
21.58	2.681864406779661	0.3	-0.1351391334941508	0.3041529474971625	0.013114878292713536	-0.00172020357463406	19.954391479492188
21.58	2.692033898305085	0.01	0.01191451963860666	0.24196058723200886	0.013790001050105721	-7.257081909303891e-06	40.585140228271484
21.58	2.692033898305085	0.02526315789473684	0.009154779479025384	0.2677771867493475	0.013741493179654288	-5.101765831841432e-05	48.967002868652344
21.58	2.692033898305085	0.04052631578947368	0.00993457598722557	0.2711133685249131	0.01356918455457014	7.178406391898996e-06	49.12583923339844
21.58	2.692033898305085	0.05578947368421053	0.0074669888941754385	0.27577579558154813	0.013368152759228594	0.00021453007302003912	44.376596450805664
21.58	2.692033898305085	0.07105263157894737	0.0064306049676629475	0.2724710122018824	0.013132967858662283	8.079771934550769e-05	41.52568435668945
21.58	2.692033898305085	0.0863157894736842	0.005524562329428148	0.2704567774350526	0.012833131549988738	9.659440468739734e-05	39.76197052001953
21.58	2.692033898305085	0.10157894736842105	0.00636285080980043	0.2709470830643714	0.012822600175597158	-4.016966283243567e-05	39.19651794433594
21.58	2.692033898305085	0.11684210526315789	0.006080221026767963	0.26885285077047805	0.012640780668827262	-8.103660678084513e-06	37.67431831359863
21.58	2.692033898305085	0.13210526315789473	0.005752439636948565	0.2700592098433424	0.012694936746212674	7.953197678661596e-05	36.604061126708984
21.58	2.692033898305085	0.1473684210526316	0.003887727840041857	0.2732382635406145	0.012512348677086702	1.9454149341957953e-05	34.605567932128906
21.58	2.692033898305085	0.16263157894736843	-1.223185043508425e-05	0.278883886735376	0.012801181467950284	-0.00023413279776266557	32.56893348693848
21.58	2.692033898305085	0.17789473684210527	-0.006121055971364144	0.2859942451907146	0.01272001278346759	-0.0008051021859353362	30.303298950195312
21.58	2.692033898305085	0.1931578947368421	-0.01589511335221924	0.2921635199194599	0.012715315448394503	-0.0012269573720569487	28.31343650817871
21.58	2.692033898305085	0.20842105263157895	-0.028182855251709604	0.29637292212301974	0.012827934645155945	-0.0016336801329426619	26.666322708129883
21.58	2.692033898305085	0.2236842105263158	-0.04215870523219803	0.30049157460181153	0.012518154121040074	-0.002316705883320941	25.166217803955078
21.58	2.692033898305085	0.23894736842105263	-0.05710183930340637	0.3021872273432088	0.012773945410798706	-0.0027750575866726085	23.92183494567871
21.58	2.692033898305085	0.25421052631578944	-0.0731509716842465	0.30359843450275814	0.012515361850482066	-0.0030991203026871903	22.814659118652344
21.58	2.692033898305085	0.2694736842105263	-0.08957928971316682	0.3033441085280839	0.012190144603798265	-0.003625952355351231	21.906147003173828
21.58	2.692033898305085	0.2847368421052632	-0.10588037789802181	0.3029307866800067	0.012142288193851568	-0.0039920915428142065	21.150787353515625
21.58	2.692033898305085	0.3	-0.12243409886813611	0.30120639980923314	0.011951032005153617	-0.004227891585348129	20.445476531982422
21.58	2.7022033898305082	0.01	0.013465259750815148	0.18946016719038297	0.014058200946215137	-0.0013730881678837667	39.71961975097656
21.58	2.7022033898305082	0.02526315789473684	0.004662661564141596	0.2186687635892029	0.013963913416205388	-0.0015254783429098481	46.240943908691406
21.58	2.7022033898305082	0.04052631578947368	0.005495564949303946	0.22710562820368954	0.013855073600930561	-0.0013698176448889879	49.90505599975586
21.58	2.7022033898305082	0.05578947368421053	0.004824471272731141	0.2330521335605015	0.013759489847794116	-0.001224675961282791	42.44392013549805
21.58	2.7022033898305082	0.07105263157894737	0.004112214904888934	0.23743516001175227	0.01326187328492455	-0.0013482017555540861	41.07545280456543
21.58	2.7022033898305082	0.0863157894736842	0.004470778242684131	0.2444347955106212	0.013352139695738454	-0.0012115516034450439	39.10152816772461
21.58	2.7022033898305082	0.10157894736842105	0.0038487650035080962	0.24668274457743383	0.012914196081046082	-0.000977739192796426	38.01665496826172
21.58	2.7022033898305082	0.11684210526315789	0.003222021592304814	0.25043455510750434	0.012587426625686949	-0.001075962536938436	36.888484954833984
21.58	2.7022033898305082	0.13210526315789473	0.0014567091531803122	0.2524354399413804	0.012680842434310769	-0.0008770815263371123	35.779836654663086
21.58	2.7022033898305082	0.1473684210526316	3.761681092280837e-05	0.2552527903811076	0.012577974350751907	-0.0008509334810834648	34.06193733215332
21.58	2.7022033898305082	0.16263157894736843	-0.0030633793858128467	0.25959084723717546	0.012584616121166618	-0.0012153763662492354	32.17343711853027
21.58	2.7022033898305082	0.17789473684210527	-0.008887188902189147	0.26565953263233355	0.012620913125167917	-0.0016043728768306044	30.154455184936523
21.58	2.7022033898305082	0.1931578947368421	-0.017880940174667945	0.269060836141764	0.012301851704108031	-0.0018964331559610493	28.183032989501953
21.58	2.7022033898305082	0.20842105263157895	-0.02926197761227234	0.27388060868506947	0.012143099313691692	-0.002259783952357895	26.32041358947754
21.58	2.7022033898305082	0.2236842105263158	-0.041808376102939686	0.2769841864032082	0.011891172901817092	-0.0030645408950286876	24.820545196533203
21.58	2.7022033898305082	0.23894736842105263	-0.05572752128520227	0.2779087667327098	0.01180969453984541	-0.003380585012818403	23.481082916259766
21.58	2.7022033898305082	0.25421052631578944	-0.06952460403735615	0.27904176359849797	0.011665097643531668	-0.0037797843814519746	22.430431365966797
21.58	2.7022033898305082	0.2694736842105263	-0.08553720820613128	0.27922194209758167	0.011269343476794105	-0.004345853405785138	21.503074645996094
21.58	2.7022033898305082	0.2847368421052632	-0.09920881079284577	0.2772419180864295	0.01122791608764048	-0.0045607911580429214	20.735637664794922
21.58	2.7022033898305082	0.3	-0.11529367692317566	0.2761949951280525	0.010974749461869514	-0.0050957235385123215	20.039411544799805
21.58	2.712372881355932	0.01	0.005421655108074323	0.28765129395617756	0.013324203071523455	-0.0041934357460564654	37.02763366699219
21.58	2.712372881355932	0.02526315789473684	-7.307651001713976e-05	0.29097094014144154	0.013140429393378086	-0.0040203805182687635	44.16911315917969
21.58	2.712372881355932	0.04052631578947368	-0.003828226686601863	0.28920286903014975	0.012780258138460274	-0.004018101245231116	44.57273864746094
21.58	2.712372881355932	0.05578947368421053	-0.002802545488958584	0.2905138620161134	0.012510380351566219	-0.0036993525712217183	44.76021385192871
21.58	2.712372881355932	0.07105263157894737	-0.002180832908635369	0.28509777476868214	0.012013716592574284	-0.0034849334899853305	40.6376838684082
21.58	2.712372881355932	0.0863157894736842	-0.0011629892822320803	0.2858422963435733	0.011699252653434888	-0.003217062821445208	38.694698333740234
21.58	2.712372881355932	0.10157894736842105	0.00044263382843106225	0.2838082935275017	0.011479267619622811	-0.0029626012420700043	36.76913833618164
21.58	2.712372881355932	0.11684210526315789	0.0005978080746962969	0.2837303092947897	0.011398158055814381	-0.002549640357267917	35.844024658203125
21.58	2.712372881355932	0.13210526315789473	0.000762803137792581	0.28309634642328285	0.011155490304590676	-0.002256453947109652	33.883113861083984
21.58	2.712372881355932	0.1473684210526316	-0.00018800684946930837	0.2847749088902693	0.011122285132542617	-0.0022797944893687655	32.273298263549805
21.58	2.712372881355932	0.16263157894736843	-0.0031800014763398708	0.28781292383111645	0.010935165833190088	-0.002459864192195936	30.118057250976562
21.58	2.712372881355932	0.17789473684210527	-0.009896460373311614	0.29106901173842825	0.0110599463481902	-0.00270631050068505	28.14333152770996
21.58	2.712372881355932	0.1931578947368421	-0.018125075800235695	0.29352233737488037	0.01098445338103723	-0.0030551483227786807	26.163536071777344
21.58	2.712372881355932	0.20842105263157895	-0.03000943887735095	0.29613406428731737	0.010788891599365831	-0.0033361144360061113	24.608848571777344
21.58	2.712372881355932	0.2236842105263158	-0.042162663700456515	0.29650244957163374	0.01059792511943445	-0.004087009728191416	23.22616195678711
21.58	2.712372881355932	0.23894736842105263	-0.056458253572455666	0.29606201997595616	0.01041228470699446	-0.00435416413051632	22.115447998046875
21.58	2.712372881355932	0.25421052631578944	-0.07138709179899286	0.29585628620708077	0.010003172878553263	-0.004698931611873333	21.157180786132812
21.58	2.712372881355932	0.2694736842105263	-0.08683849013806288	0.29446789397195544	0.009671634328721576	-0.005460360214206875	20.28118324279785
21.58	2.712372881355932	0.2847368421052632	-0.1023019122599621	0.29144095572544026	0.00950596456271912	-0.005678404754930257	19.557857513427734
21.58	2.712372881355932	0.3	-0.11684341100032965	0.2900144506650984	0.009355806371876284	-0.005840189120745521	18.937467575073242
21.58	2.722542372881356	0.01	-0.004990402329233462	0.28005960486274933	0.01221415407602423	-0.004263136283329316	38.68345260620117
21.58	2.722542372881356	0.02526315789473684	-0.0032255326392920613	0.29286239645820833	0.012064938533499346	-0.0039760508239300345	45.50006866455078
21.58	2.722542372881356	0.04052631578947368	-0.005711570256492111	0.2905686375155208	0.011467337048439049	-0.003952712902118419	42.464332580566406
21.58	2.722542372881356	0.05578947368421053	-0.004712566217796849	0.28912288566650324	0.01093074645044476	-0.003503422183816309	43.14127731323242
21.58	2.722542372881356	0.07105263157894737	-0.0028161063524130463	0.2831649412663605	0.01049290200979447	-0.003166242726631484	41.19428062438965
21.58	2.722542372881356	0.0863157894736842	-0.0032573774190786968	0.282609440878215	0.010099736372912437	-0.0027568434633923333	39.41942596435547
21.58	2.722542372881356	0.10157894736842105	-0.0023930917809884683	0.2803986415122122	0.009738772837762937	-0.0022152202313992604	37.55182647705078
21.58	2.722542372881356	0.11684210526315789	-0.0033092937529836464	0.27962289811627816	0.00940410425274255	-0.00204915020063254	36.16658401489258
21.58	2.722542372881356	0.13210526315789473	-0.005196678356963879	0.2775923233208699	0.009363294161113329	-0.0018302669016655808	34.09206008911133
21.58	2.722542372881356	0.1473684210526316	-0.008191706661180277	0.27957805665607416	0.0093972400198538	-0.0016935808918013733	32.136993408203125
21.58	2.722542372881356	0.16263157894736843	-0.01506402679337613	0.2832346823109828	0.009422166392517785	-0.0018412347365449298	29.85350799560547
21.58	2.722542372881356	0.17789473684210527	-0.024104882316574976	0.2873729420403533	0.009445212122749912	-0.0024119098974460977	27.71052360534668
21.58	2.722542372881356	0.1931578947368421	-0.035508312412886225	0.28966129967301807	0.009327288185999677	-0.0028020475968014644	25.792831420898438
21.58	2.722542372881356	0.20842105263157895	-0.049207751088610675	0.2916102378964696	0.009105252337871529	-0.0031843293165957276	24.1671142578125
21.58	2.722542372881356	0.2236842105263158	-0.0644219138043214	0.29224561235031976	0.008964890764149781	-0.003625868517578972	22.90644073486328
21.58	2.722542372881356	0.23894736842105263	-0.07884850054302062	0.2912640177109709	0.008640766075523148	-0.0038930235267753783	21.70166015625
21.58	2.722542372881356	0.25421052631578944	-0.09395958801827958	0.28926976998503606	0.008442138785158109	-0.0043420541552405285	20.780784606933594
21.58	2.722542372881356	0.2694736842105263	-0.10950644607286537	0.2880324529151368	0.008314239038991292	-0.0049415031663284596	19.985219955444336
21.58	2.722542372881356	0.2847368421052632	-0.12419383235210009	0.28539053922661595	0.008072809192034399	-0.005249860268991559	19.3028507232666
21.58	2.722542372881356	0.3	-0.13851988441274185	0.2817402303263651	0.007773450431471837	-0.005609528490861947	18.70112419128418
21.58	2.7327118644067796	0.01	-0.001785589521384385	0.306273406748484	0.010950918725342169	-0.003842192371342636	39.413841247558594
21.58	2.7327118644067796	0.02526315789473684	0.004144802450585201	0.3283894050178803	0.010705604845927287	-0.0035521492706074155	42.142845153808594
21.58	2.7327118644067796	0.04052631578947368	0.0035564494723556725	0.32219369814374804	0.010260772066314663	-0.003573890326359917	42.78177261352539
21.58	2.7327118644067796	0.05578947368421053	0.00422626518234472	0.32053014956800474	0.009838863700310362	-0.003027303754951997	42.86069297790527
21.58	2.7327118644067796	0.07105263157894737	0.004683244866876409	0.31752721643461124	0.009332181937674653	-0.0027726191614234888	42.81661796569824
21.58	2.7327118644067796	0.0863157894736842	0.00548384687417295	0.31611382316151604	0.008930156582473758	-0.002187883861249587	40.6805534362793
21.58	2.7327118644067796	0.10157894736842105	0.005088236538298341	0.31394571549863654	0.008510110575562323	-0.0017162536446152204	39.38602828979492
21.58	2.7327118644067796	0.11684210526315789	0.0033042945574686404	0.3134370807150908	0.00842660614557145	-0.0014457093556575424	37.728410720825195
21.58	2.7327118644067796	0.13210526315789473	0.0007777200883221848	0.31326038614630547	0.0082909558540855	-0.0014998020168877839	35.97700119018555
21.58	2.7327118644067796	0.1473684210526316	-0.0036112157738305345	0.3165255922442725	0.008328055938677158	-0.0012374775805528903	33.21147537231445
21.58	2.7327118644067796	0.16263157894736843	-0.010979239992115909	0.3199028325234897	0.00833338722113559	-0.001577731089760614	30.748197555541992
21.58	2.7327118644067796	0.17789473684210527	-0.02281870973303601	0.3245762310110639	0.008476151276517166	-0.001888171815688617	28.504165649414062
21.58	2.7327118644067796	0.1931578947368421	-0.035740490965616566	0.3263974173579971	0.008286130284722283	-0.0023514929918642844	26.523006439208984
21.58	2.7327118644067796	0.20842105263157895	-0.052667728658269394	0.32773390706695293	0.008078892093155477	-0.0027537663177412504	24.7829647064209
21.58	2.7327118644067796	0.2236842105263158	-0.06962238390058881	0.32856628993940873	0.007815355164167271	-0.0032517971188093216	23.409767150878906
21.58	2.7327118644067796	0.23894736842105263	-0.0859681449983164	0.32817251584147067	0.007642682755068677	-0.003679795284642156	22.275020599365234
21.58	2.7327118644067796	0.25421052631578944	-0.10360827617913135	0.32594881525237773	0.007586861850706896	-0.0039948068161743105	21.376861572265625
21.58	2.7327118644067796	0.2694736842105263	-0.12047701889458223	0.32340816955493246	0.007165332695431766	-0.004502975020319293	20.583349227905273
21.58	2.7327118644067796	0.2847368421052632	-0.13687522517237266	0.3197831962942932	0.007150907160676772	-0.004553693311050606	19.880626678466797
21.58	2.7327118644067796	0.3	-0.1517896018779374	0.3157380277106771	0.006580859168425443	-0.005240496964019989	19.30312156677246
21.58	2.7428813559322034	0.01	-0.015017413552670333	0.2416312126320467	0.008999197438768139	-0.0009545229420005412	40.19413757324219
21.58	2.7428813559322034	0.02526315789473684	-0.009290122445492606	0.2552907375496492	0.008528387316303057	-0.001070881434494413	45.53113555908203
21.58	2.7428813559322034	0.04052631578947368	-0.007321898403864603	0.2595700688851895	0.008276690751201892	-0.0009208614879717514	45.462310791015625
21.58	2.7428813559322034	0.05578947368421053	-0.0045142313060863816	0.2593265171048233	0.007849930088809761	-0.0011616445924638088	42.81759071350098
21.58	2.7428813559322034	0.07105263157894737	-0.0014968637772228158	0.25763898920794326	0.007737848337933445	-0.000770120336421378	44.168155670166016
21.58	2.7428813559322034	0.0863157894736842	-0.0002762829534305576	0.2599896182447893	0.007285522798387499	-0.0003489192366397549	41.68792533874512
21.58	2.7428813559322034	0.10157894736842105	-5.479162533255016e-05	0.259068029477603	0.006994505301421844	-0.00022355911472926338	41.615840911865234
21.58	2.7428813559322034	0.11684210526315789	0.00015942931804229456	0.2592780066628293	0.00699610568170596	1.2188796137469883e-05	40.0008602142334
21.58	2.7428813559322034	0.13210526315789473	-0.0020956047399758697	0.26176541468025194	0.006942097622417385	0.0001504496159012079	37.88982391357422
21.58	2.7428813559322034	0.1473684210526316	-0.004840006675954988	0.26483170059790917	0.0068992879755130085	0.00011639170455957479	35.30450630187988
21.58	2.7428813559322034	0.16263157894736843	-0.011510053832467726	0.27111538346206865	0.007032638857406087	1.5705427382145576e-05	32.71748924255371
21.58	2.7428813559322034	0.17789473684210527	-0.019882282087497503	0.27638672631864536	0.007072885747099746	-0.0003845468141427208	30.37558364868164
21.58	2.7428813559322034	0.1931578947368421	-0.03224689702285649	0.2834005191135417	0.0070577028127077595	-0.0009159966199010386	28.05393409729004
21.58	2.7428813559322034	0.20842105263157895	-0.0475603332796945	0.2883482500502337	0.006994386146252113	-0.0013351399894279015	26.314495086669922
21.58	2.7428813559322034	0.2236842105263158	-0.06299997362723475	0.2915065325182637	0.006871388672297656	-0.0018464037903729166	24.846193313598633
21.58	2.7428813559322034	0.23894736842105263	-0.07870830883728187	0.29262008856750843	0.0068068678848790636	-0.0022347164783102034	23.56525421142578
21.58	2.7428813559322034	0.25421052631578944	-0.09524041553484121	0.2934175160131586	0.00663795016463387	-0.0026709627721116314	22.528141021728516
21.58	2.7428813559322034	0.2694736842105263	-0.11108468081326997	0.29338634143352327	0.006477572385203849	-0.003086605930281803	21.64969253540039
21.58	2.7428813559322034	0.2847368421052632	-0.1266659064170889	0.2926133984583599	0.006155193401075259	-0.0033238524319196576	20.953948974609375
21.58	2.7428813559322034	0.3	-0.1407708002206854	0.28908297511517844	0.005961610685787882	-0.0037800312932897828	20.272350311279297
21.58	2.753050847457627	0.01	-0.012268531618406922	0.23421551243356475	0.008281860524083234	0.002053802729809066	37.35258865356445
21.58	2.753050847457627	0.02526315789473684	-0.003911231433972644	0.2534609479551534	0.008212821021496182	0.0018447220826447487	44.74673843383789
21.58	2.753050847457627	0.04052631578947368	-0.0040287390109150865	0.25937936880638407	0.007826265837118825	0.0017249780480443036	44.216278076171875
21.58	2.753050847457627	0.05578947368421053	-0.0025294942004593516	0.267536028485304	0.007607771226892705	0.0016476894842144796	44.55202865600586
21.58	2.753050847457627	0.07105263157894737	-0.0015227855933490106	0.2708852410290576	0.00734214084128885	0.001564260913105935	43.812408447265625
21.58	2.753050847457627	0.0863157894736842	-0.0006166683867454273	0.27380685577668123	0.0070135866682595905	0.0016925173833765093	42.134443283081055
21.58	2.753050847457627	0.10157894736842105	-0.00047366942743137466	0.2738942734870716	0.006931662316825307	0.0017144336490086806	40.395931243896484
21.58	2.753050847457627	0.11684210526315789	-0.0009944529388874808	0.2757695809853384	0.006903876387335638	0.0019470225634092933	38.857730865478516
21.58	2.753050847457627	0.13210526315789473	-0.001634928477092488	0.2766170824580522	0.006795760238955645	0.0018307412560076013	37.22123336791992
21.58	2.753050847457627	0.1473684210526316	-0.0038773016632560955	0.2791406277153338	0.006675945226158265	0.0018137292323291022	35.055850982666016
21.58	2.753050847457627	0.16263157894736843	-0.007588120286210646	0.2825616993636384	0.006784139035332221	0.0015531144670196631	32.96757507324219
21.58	2.753050847457627	0.17789473684210527	-0.013970208754155049	0.28741340651037417	0.007023663390279419	0.001284033463757845	30.87746238708496
21.58	2.753050847457627	0.1931578947368421	-0.023237209049376848	0.2909864971865925	0.006738966966074096	0.0008070058333535063	28.746265411376953
21.58	2.753050847457627	0.20842105263157895	-0.03557892900370943	0.2950981889230075	0.006803691254023596	0.0004580005798336418	26.738826751708984
21.58	2.753050847457627	0.2236842105263158	-0.05039229924567862	0.2969416902113413	0.006788653497775899	-0.00012114335670026973	25.184507369995117
21.58	2.753050847457627	0.23894736842105263	-0.06633376563676521	0.2979300499606584	0.006780182755161886	-0.0007318959918118364	23.830942153930664
21.58	2.753050847457627	0.25421052631578944	-0.08369233949444282	0.29850874344724937	0.006345730320160154	-0.00133849621026435	22.791109085083008
21.58	2.753050847457627	0.2694736842105263	-0.09953220376147916	0.2973324292749144	0.0062244280664703645	-0.001705031035361852	21.858665466308594
21.58	2.753050847457627	0.2847368421052632	-0.11707944053589546	0.2954843696711824	0.006176384396566799	-0.0019790309565444744	21.038043975830078
21.58	2.753050847457627	0.3	-0.13275696797311487	0.29342988712699214	0.005933203318380473	-0.002383217095387207	20.345108032226562
21.58	2.763220338983051	0.01	-0.006876326855422891	0.18720655834288402	0.007243485771190552	0.003539273294059384	35.397525787353516
21.58	2.763220338983051	0.02526315789473684	-0.01062601603582684	0.20646509567261742	0.0071153292621638775	0.003383421383769347	46.714508056640625
21.58	2.763220338983051	0.04052631578947368	-0.012551828010624242	0.20969524576896864	0.007109045069959402	0.0034538101851652415	49.010093688964844
21.58	2.763220338983051	0.05578947368421053	-0.009747986282605644	0.21878757122715528	0.006940633801204334	0.003091986512856297	42.60463333129883
21.58	2.763220338983051	0.07105263157894737	-0.008734229226479661	0.224718453409458	0.006700831548392443	0.002851054185654285	40.258872985839844
21.58	2.763220338983051	0.0863157894736842	-0.007239684481988086	0.22945715677955225	0.00670370628311861	0.0029964433085971727	38.843482971191406
21.58	2.763220338983051	0.10157894736842105	-0.005879208464989795	0.23264137399413662	0.0071465842064633665	0.0031104469478694117	37.321678161621094
21.58	2.763220338983051	0.11684210526315789	-0.006551240185740756	0.23729696994590843	0.006658488490212375	0.002861207855938801	36.031005859375
21.58	2.763220338983051	0.13210526315789473	-0.00618524084472971	0.23909138416814887	0.006837507973251528	0.0029683713116253345	34.654972076416016
21.58	2.763220338983051	0.1473684210526316	-0.007334115627908653	0.24331424197376955	0.006626456010054576	0.0026635782019081957	32.61944580078125
21.58	2.763220338983051	0.16263157894736843	-0.009166754681372588	0.24878882149429307	0.006614550636914977	0.00251570316776338	30.867509841918945
21.58	2.763220338983051	0.17789473684210527	-0.01336583052999048	0.25329885103477395	0.006864901507107026	0.0023220982477039384	29.019010543823242
21.58	2.763220338983051	0.1931578947368421	-0.019964719538053177	0.25793509323511754	0.0067885794334167655	0.0017880721818482488	27.196874618530273
21.58	2.763220338983051	0.20842105263157895	-0.02913419389382684	0.2625082036363482	0.006797160385355766	0.0015054694855871228	25.50306510925293
21.58	2.763220338983051	0.2236842105263158	-0.04122477234745957	0.2650803804686704	0.006444575514808459	0.0008562809959431355	24.072633743286133
21.58	2.763220338983051	0.23894736842105263	-0.05526395955507753	0.26597508029521044	0.006447744206718565	0.0003766406160894739	22.795207977294922
21.58	2.763220338983051	0.25421052631578944	-0.06925637174258586	0.2663402443431907	0.0064910564471687415	-6.266451957063102e-05	21.788774490356445
21.58	2.763220338983051	0.2694736842105263	-0.08380677294030678	0.2653835489999339	0.0061520319352097435	-0.0007344857591459981	20.901844024658203
21.58	2.763220338983051	0.2847368421052632	-0.0986911913954376	0.2638517884262358	0.0058977203101789185	-0.0008760613700514166	20.144378662109375
21.58	2.763220338983051	0.3	-0.11281020435194511	0.26119836362353394	0.005917806388393294	-0.0011425915166680342	19.480539321899414
21.58	2.7733898305084743	0.01	0.004255511437849791	0.22497418912402223	0.007152894425134	0.005397562312377148	38.47911071777344
21.58	2.7733898305084743	0.02526315789473684	-0.0019270141764995024	0.23799316296530323	0.006998652566916422	0.0050460415328454356	48.35154724121094
21.58	2.7733898305084743	0.04052631578947368	-0.0028557241535648497	0.2500283977213838	0.007005456170817485	0.0048872881259778185	45.3090705871582
21.58	2.7733898305084743	0.05578947368421053	-0.0029943942203002113	0.2568095148485225	0.006787470202188119	0.004430837447948021	41.06306457519531
21.58	2.7733898305084743	0.07105263157894737	-0.003735378023125424	0.26179993464053386	0.006801241898678736	0.004447381790067926	38.37363815307617
21.58	2.7733898305084743	0.0863157894736842	-0.0038704466185348137	0.26460250853002776	0.006681819378026906	0.004081798138874027	37.099687576293945
21.58	2.7733898305084743	0.10157894736842105	-0.00594103333861982	0.26711621854058853	0.006719313186467464	0.0038602442448349666	36.36772155761719
21.58	2.7733898305084743	0.11684210526315789	-0.006097085296748772	0.2691232754386712	0.00671105866421347	0.0037870273503826197	34.65116882324219
21.58	2.7733898305084743	0.13210526315789473	-0.00871126231515278	0.2723162742800762	0.006716320947494061	0.00391540950325414	32.918792724609375
21.58	2.7733898305084743	0.1473684210526316	-0.011798243100510091	0.2765772428586113	0.006627398253944893	0.0037843931226370863	31.091596603393555
21.58	2.7733898305084743	0.16263157894736843	-0.015113372824246468	0.2807061932651196	0.006579622033886928	0.003440911386693095	29.181427001953125
21.58	2.7733898305084743	0.17789473684210527	-0.021189295456836392	0.28561860750390783	0.006682204906047826	0.003095636730130982	27.3328857421875
21.58	2.7733898305084743	0.1931578947368421	-0.03168417356998898	0.2886340396678878	0.006680908902221965	0.002845393629541417	25.542173385620117
21.58	2.7733898305084743	0.20842105263157895	-0.044139398719813386	0.29037498111265614	0.0065963748874176345	0.0022786833298717836	23.99412727355957
21.58	2.7733898305084743	0.2236842105263158	-0.05974853686602526	0.29079449845418015	0.006552360838109318	0.001686169094603759	22.739547729492188
21.58	2.7733898305084743	0.23894736842105263	-0.0751352911171105	0.2896146635099841	0.006461793610232769	0.0015048407687227104	21.620351791381836
21.58	2.7733898305084743	0.25421052631578944	-0.09107632705090307	0.28732358660023327	0.006335092546193384	0.0009839166725360842	20.69680404663086
21.58	2.7733898305084743	0.2694736842105263	-0.10849233139559361	0.28455934981923703	0.005972450113110144	0.0004125690167403204	19.911483764648438
21.58	2.7733898305084743	0.2847368421052632	-0.12516491751556014	0.2810044769097927	0.005790935942718644	-5.019486476840082e-05	19.18816375732422
21.58	2.7733898305084743	0.3	-0.14068594418460115	0.27693818342954624	0.005559215974973617	-0.0003011125067900524	18.60679054260254
21.58	2.7835593220338986	0.01	0.0020448918703421144	0.19237175697239653	0.007495198307334777	0.005808668036038904	37.639076232910156
21.58	2.7835593220338986	0.02526315789473684	-0.0008418325502263894	0.2169018995494742	0.007268325519000046	0.0056638704644824955	49.56840896606445
21.58	2.7835593220338986	0.04052631578947368	0.0011201083949929566	0.2282968129995703	0.007185028655337505	0.0056362410707145785	45.986480712890625
21.58	2.7835593220338986	0.05578947368421053	-0.001803394226986466	0.2338367239568293	0.007292142785033629	0.005213667634642963	44.066423416137695
21.58	2.7835593220338986	0.07105263157894737	-0.0018834226243905675	0.23945966320954404	0.007238701084904588	0.004974898180079737	40.04351997375488
21.58	2.7835593220338986	0.0863157894736842	-0.0010518364455274485	0.24375699540431603	0.0071119829825346354	0.004833018163998759	38.250314712524414
21.58	2.7835593220338986	0.10157894736842105	-0.001410960088083819	0.24599752970569755	0.007179806764285661	0.004617365345513235	36.885711669921875
21.58	2.7835593220338986	0.11684210526315789	-0.00234895484388836	0.25098483669170163	0.00707629107938997	0.004435799202366752	35.28384780883789
21.58	2.7835593220338986	0.13210526315789473	-0.0036624416323102317	0.25445331539557303	0.007219244327425808	0.004661151833099553	33.26995849609375
21.58	2.7835593220338986	0.1473684210526316	-0.006483364631504645	0.26191346620369044	0.0071049684186384136	0.004310935899731357	31.106534957885742
21.58	2.7835593220338986	0.16263157894736843	-0.01221063321140205	0.2690979049036716	0.006906886149166572	0.004074589744077773	28.941730499267578
21.58	2.7835593220338986	0.17789473684210527	-0.019574225426953817	0.2760762302031683	0.00699867890992054	0.003646141711766822	27.003883361816406
21.58	2.7835593220338986	0.1931578947368421	-0.031502931180188494	0.28000310037982423	0.006929974503671738	0.0033648853667561656	25.348278045654297
21.58	2.7835593220338986	0.20842105263157895	-0.04533648506262068	0.2835846893934534	0.006721555490892827	0.0028097163802901512	23.889028549194336
21.58	2.7835593220338986	0.2236842105263158	-0.059633651284861464	0.28476452714907946	0.006629055418514584	0.0024948970688971834	22.713016510009766
21.58	2.7835593220338986	0.23894736842105263	-0.07549034699554283	0.28400872855358766	0.006458319488072706	0.0024434635675395044	21.649160385131836
21.58	2.7835593220338986	0.25421052631578944	-0.09136833509186944	0.2824661016269122	0.0063975229832324496	0.0019271634545991315	20.804044723510742
21.58	2.7835593220338986	0.2694736842105263	-0.10706154106662272	0.28011266103909294	0.006033337013134255	0.001546046975384605	20.011898040771484
21.58	2.7835593220338986	0.2847368421052632	-0.12164520644834687	0.27681897559010404	0.0058052610776098265	0.001615712942417111	19.345314025878906
21.58	2.7835593220338986	0.3	-0.13611305504153376	0.2735968515642031	0.005629311472428015	0.0010054093663127647	18.75504493713379
21.58	2.793728813559322	0.01	0.022349348149254086	0.21810084213661463	0.007904274409800046	0.00630310036552672	36.938228607177734
21.58	2.793728813559322	0.02526315789473684	0.01740664490218377	0.23172465195106773	0.0077724919378919614	0.006208155745330974	49.061771392822266
21.58	2.793728813559322	0.04052631578947368	0.01420178510899758	0.24009546642350466	0.0077506791222429474	0.0057199082644841335	47.60983657836914
21.58	2.793728813559322	0.05578947368421053	0.013889933404897322	0.24721431034153785	0.0077848099852065355	0.0057786133565109615	43.710906982421875
21.58	2.793728813559322	0.07105263157894737	0.010980383582271484	0.2507906233866525	0.0076692051294731285	0.0055335491750348655	42.17477035522461
21.58	2.793728813559322	0.0863157894736842	0.008701804601649366	0.2524885089769815	0.007700214924820483	0.005230265972657152	38.83407974243164
21.58	2.793728813559322	0.10157894736842105	0.005823613643859844	0.2556639662032533	0.007553726013311097	0.004980008323212595	38.102155685424805
21.58	2.793728813559322	0.11684210526315789	0.0033093324675963764	0.2565674564733922	0.007562000675267079	0.004869973725289484	36.75617790222168
21.58	2.793728813559322	0.13210526315789473	0.0005845289184605155	0.26074077131682927	0.007623112219584712	0.004710320514184969	35.03060531616211
21.58	2.793728813559322	0.1473684210526316	-0.004503291848033163	0.2681931658274486	0.00749804038557011	0.004755840644166072	32.919944763183594
21.58	2.793728813559322	0.16263157894736843	-0.011805243720829217	0.27700101179446995	0.007348263004537271	0.004671304375534775	30.776025772094727
21.58	2.793728813559322	0.17789473684210527	-0.0234264174011285	0.2846782721264325	0.007159708420054256	0.004306680063682982	28.688318252563477
21.58	2.793728813559322	0.1931578947368421	-0.03802770897752889	0.29002204585466895	0.007158033379437649	0.004060424803861222	26.724864959716797
21.58	2.793728813559322	0.20842105263157895	-0.054962177438036795	0.29326285024027554	0.007374860819436827	0.003887123193276691	25.11222267150879
21.58	2.793728813559322	0.2236842105263158	-0.07277380262617801	0.2959169169482838	0.0066982172066003855	0.0033404058401002813	23.799543380737305
21.58	2.793728813559322	0.23894736842105263	-0.09132139411754754	0.2959418079352535	0.006763858801984902	0.0030298157858605016	22.65019989013672
21.58	2.793728813559322	0.25421052631578944	-0.11061438487315985	0.29572070539311834	0.0066686435397218125	0.0026843433982984624	21.70384407043457
21.58	2.793728813559322	0.2694736842105263	-0.1279407446615814	0.2932754545562189	0.005984849275971495	0.0022305909793184603	20.9205265045166
21.58	2.793728813559322	0.2847368421052632	-0.1449777652852653	0.29045129335450337	0.00615967836039766	0.0021593097380654402	20.195859909057617
21.58	2.793728813559322	0.3	-0.16067397066156344	0.2876714143307749	0.006153394168193183	0.0022296985394613337	19.575056076049805
21.58	2.8038983050847457	0.01	0.01040528491164073	0.18809789199499788	0.00855608346011416	0.006114555040560752	34.354312896728516
21.58	2.8038983050847457	0.02526315789473684	0.014362868119743452	0.21751390743070653	0.008684180605466671	0.006528229104308499	49.205257415771484
21.58	2.8038983050847457	0.04052631578947368	0.012509627000209675	0.22734200727195855	0.008499167650966158	0.006084143084243943	52.31184768676758
21.58	2.8038983050847457	0.05578947368421053	0.01370575410571395	0.23533928497695744	0.008285246902464606	0.00598187203702687	46.53462028503418
21.58	2.8038983050847457	0.07105263157894737	0.01194217522886096	0.2362804607581478	0.008510211973919216	0.005794322236644906	44.34670829772949
21.58	2.8038983050847457	0.0863157894736842	0.010940316913612275	0.23856001151394082	0.008331734888208542	0.0056244496710406875	42.203224182128906
21.58	2.8038983050847457	0.10157894736842105	0.01031850072875525	0.23977238768525722	0.00822870191236775	0.005348865718450387	41.31086730957031
21.58	2.8038983050847457	0.11684210526315789	0.010476433107106938	0.24206597208790787	0.008173272169086386	0.005388183553536584	40.57275581359863
21.58	2.8038983050847457	0.13210526315789473	0.008599847712031563	0.24409868825273895	0.00803664003456761	0.005194509170026328	38.06810760498047
21.58	2.8038983050847457	0.1473684210526316	0.005496328379575271	0.24648559940441134	0.008098438045222164	0.005322762471365296	35.747840881347656
21.58	2.8038983050847457	0.16263157894736843	0.0021865778048147373	0.2531672675766969	0.008019867210577066	0.005192021176059511	33.337215423583984
21.58	2.8038983050847457	0.17789473684210527	-0.005681443293150802	0.25999166963379705	0.007880426628138558	0.005102907566264692	30.570453643798828
21.58	2.8038983050847457	0.1931578947368421	-0.01721368454470329	0.26791877659784974	0.007670521262186676	0.004854475326303546	28.196353912353516
21.58	2.8038983050847457	0.20842105263157895	-0.03042685530108713	0.27274093641629815	0.007747056513178257	0.004720058889527026	26.449237823486328
21.58	2.8038983050847457	0.2236842105263158	-0.0464718251578262	0.2757195727407039	0.00730152751308632	0.004223113968149566	24.866615295410156
21.58	2.8038983050847457	0.23894736842105263	-0.06220311136183573	0.27763862863474353	0.007595101350741317	0.004176557965931756	23.573942184448242
21.58	2.8038983050847457	0.25421052631578944	-0.07964161062834257	0.2786043096869453	0.007084804726165834	0.003745624036459603	22.52840232849121
21.58	2.8038983050847457	0.2694736842105263	-0.09555141755033336	0.2777707844085873	0.00702788507254963	0.003699296098297608	21.672935485839844
21.58	2.8038983050847457	0.2847368421052632	-0.112672424190597	0.27698326682421076	0.00684426501606294	0.003387495876326839	20.904050827026367
21.58	2.8038983050847457	0.3	-0.12822979444396987	0.27543982017650914	0.006539994644898776	0.003326065934968192	20.19426155090332
21.58	2.8140677966101695	0.01	0.021536203366785044	0.19435624563466472	0.0095978571004334	0.006209251295556152	38.246429443359375
21.58	2.8140677966101695	0.02526315789473684	0.017312570554285044	0.19925126516591474	0.009479422625783784	0.006134843436842747	50.02284240722656
21.58	2.8140677966101695	0.04052631578947368	0.017464838547619817	0.2096722777133911	0.00920847098937172	0.005943944079985045	49.33483123779297
21.58	2.8140677966101695	0.05578947368421053	0.01585548504184635	0.21448548956409663	0.00916435689328152	0.0056283306639614925	45.3260383605957
21.58	2.8140677966101695	0.07105263157894737	0.013385129560937003	0.21512660196617814	0.00931658811919275	0.005708737900653317	40.95138168334961
21.58	2.8140677966101695	0.0863157894736842	0.011992832389065117	0.2168252983167503	0.009114461594665193	0.0055481194322909416	39.37630271911621
21.58	2.8140677966101695	0.10157894736842105	0.009403122314571187	0.21913325404653297	0.008938235286454094	0.005375598928746127	38.8753662109375
21.58	2.8140677966101695	0.11684210526315789	0.006908898389976678	0.2194700852735214	0.008918025308406742	0.005386655891093795	37.995670318603516
21.58	2.8140677966101695	0.13210526315789473	0.00673175176971403	0.22228254548429233	0.009121263121954916	0.005428909599036816	36.27148246765137
21.58	2.8140677966101695	0.1473684210526316	0.004413822501830728	0.22435632220624668	0.00884066673369839	0.005326062271056547	34.461875915527344
21.58	2.8140677966101695	0.16263157894736843	-4.593075849219615e-05	0.22981215694804907	0.00886068020635801	0.005369731446859238	32.58644485473633
21.58	2.8140677966101695	0.17789473684210527	-0.006243647933469612	0.23651941021778367	0.008769904471178303	0.0051259628383660836	30.221263885498047
21.58	2.8140677966101695	0.1931578947368421	-0.015631622304671907	0.24260824392656544	0.008627374317207132	0.005271037534413315	28.010604858398438
21.58	2.8140677966101695	0.20842105263157895	-0.028452427268521298	0.24784882657618706	0.008644246626163121	0.005005367539057991	26.145488739013672
21.58	2.8140677966101695	0.2236842105263158	-0.04338879990627002	0.25029334120841207	0.008437256385408187	0.004805368171312687	24.609041213989258
21.58	2.8140677966101695	0.23894736842105263	-0.05938793705699035	0.252102138848163	0.008289517607837396	0.0046054802306882674	23.345394134521484
21.58	2.8140677966101695	0.25421052631578944	-0.07674593837515097	0.2523297171959046	0.008179128899674745	0.004564600826810644	22.205656051635742
21.58	2.8140677966101695	0.2694736842105263	-0.09422438924017007	0.2522437954997502	0.007818072198079406	0.004321712596634883	21.30493927001953
21.58	2.8140677966101695	0.2847368421052632	-0.11136091942686	0.25196674582250744	0.00782594157115507	0.003996354321776439	20.512718200683594
21.58	2.8140677966101695	0.3	-0.12901245077960882	0.2504789073365162	0.0076491008392900565	0.004206268375383904	19.832319259643555
21.58	2.8242372881355933	0.01	0.016624290012933855	0.2149364322303215	0.010167259009917648	0.0054974935902637806	37.088375091552734
21.58	2.8242372881355933	0.02526315789473684	0.016189468168832905	0.2415313184140602	0.010111814187270968	0.005447455269785731	47.97876739501953
21.58	2.8242372881355933	0.04052631578947368	0.012990660662254606	0.24644788407142787	0.009943687413046744	0.005443771497192811	46.24666213989258
21.58	2.8242372881355933	0.05578947368421053	0.009145230195978196	0.2517707552466292	0.009812023051475813	0.005208084406612131	44.37730026245117
21.58	2.8242372881355933	0.07105263157894737	0.008439786526984072	0.2494920861103439	0.009843636179269928	0.005443410488359321	40.95853805541992
21.58	2.8242372881355933	0.0863157894736842	0.006668936097381636	0.24947919927254966	0.009729843327571692	0.00534337997788398	38.50042152404785
21.58	2.8242372881355933	0.10157894736842105	0.005526287583021439	0.247590916070125	0.00968484032719549	0.005417630901699787	37.53940200805664
21.58	2.8242372881355933	0.11684210526315789	0.006367917390858745	0.24671132568220316	0.009393185741742274	0.005249201869644359	35.9223518371582
21.58	2.8242372881355933	0.13210526315789473	0.005518826048470324	0.24529207820306892	0.009585091084709677	0.0053015894590816934	34.7181396484375
21.58	2.8242372881355933	0.1473684210526316	0.0034275551448936193	0.2468604856786877	0.009633381365290046	0.005248814081654546	32.74789237976074
21.58	2.8242372881355933	0.16263157894736843	-0.0008650149171521786	0.2505735327270523	0.009754271738860438	0.0054688797140375976	30.431228637695312
21.58	2.8242372881355933	0.17789473684210527	-0.006468408149179719	0.25461552436697105	0.009418389912295676	0.0049758722725994735	28.356698989868164
21.58	2.8242372881355933	0.1931578947368421	-0.014420823869382031	0.259316080406531	0.009563634429653339	0.004951904403179828	26.233022689819336
21.58	2.8242372881355933	0.20842105263157895	-0.026434545067691245	0.26125880130519097	0.009292412963989359	0.004780710110691323	24.521408081054688
21.58	2.8242372881355933	0.2236842105263158	-0.03960227578151478	0.262540814483207	0.009337306132968251	0.004845271803498147	23.215591430664062
21.58	2.8242372881355933	0.23894736842105263	-0.05451818140935833	0.26148307314756636	0.009203098507929228	0.004574015934158615	21.999361038208008
21.58	2.8242372881355933	0.25421052631578944	-0.07019920999388043	0.2596769893175249	0.009070378860228824	0.004535014560262568	21.06609344482422
21.58	2.8242372881355933	0.2694736842105263	-0.08569231506640855	0.2569785380834972	0.008899829353857077	0.0044603920958458075	20.20616340637207
21.58	2.8242372881355933	0.2847368421052632	-0.10102925615588962	0.25363006737141663	0.00872008186648325	0.0042784104221039385	19.516450881958008
21.58	2.8242372881355933	0.3	-0.11618318872730074	0.2503672852745538	0.008622871400721484	0.004524851972889886	18.86486053466797
21.58	2.834406779661017	0.01	0.017671777916838764	0.16882645278354427	0.010904680619955235	0.0050052392694228	38.2496223449707
21.58	2.834406779661017	0.02526315789473684	0.017804025690706167	0.20543362653155267	0.01072507407009956	0.004883067893324748	47.65718078613281
21.58	2.834406779661017	0.04052631578947368	0.014383783023507986	0.20881159460444393	0.010490695228411902	0.004937117162814511	47.67536926269531
21.58	2.834406779661017	0.05578947368421053	0.012029317162368398	0.21130137053805712	0.01046602395933231	0.004742431034600949	40.60812759399414
21.58	2.834406779661017	0.07105263157894737	0.008237290651440566	0.21489701845821302	0.010467822804900013	0.00492095556026693	38.41640853881836
21.58	2.834406779661017	0.0863157894736842	0.008507704070843884	0.21529094569325524	0.0103332417946934	0.004928607188669457	36.973548889160156
21.58	2.834406779661017	0.10157894736842105	0.006008997698317614	0.2182800216056213	0.010317990965513647	0.00486027005077439	35.8843936920166
21.58	2.834406779661017	0.11684210526315789	0.004057950466794348	0.2209308990692781	0.010317966079506701	0.004930199242174579	34.52891540527344
21.58	2.834406779661017	0.13210526315789473	0.0028682719319289706	0.22603064770308007	0.010404293839579592	0.004925007767108922	33.064430236816406
21.58	2.834406779661017	0.1473684210526316	-0.0006842390474235504	0.23301568691756722	0.010317089002106483	0.0050036628508890995	30.9945125579834
21.58	2.834406779661017	0.16263157894736843	-0.006855286908250487	0.23954671239762204	0.010369918883355225	0.004644279271417031	29.024658203125
21.58	2.834406779661017	0.17789473684210527	-0.01643889393696331	0.24570015911069631	0.01010667485331446	0.004445118723110683	26.95844268798828
21.58	2.834406779661017	0.1931578947368421	-0.02908497905997255	0.24927507007168298	0.010357442281537243	0.004554132125027907	25.263399124145508
21.58	2.834406779661017	0.20842105263157895	-0.044754786479153416	0.25123460964904787	0.010240258502196274	0.0045476442078581265	23.818702697753906
21.58	2.834406779661017	0.2236842105263158	-0.060542075258546255	0.25223714827233606	0.009983344392273325	0.004319309582140872	22.56846046447754
21.58	2.834406779661017	0.23894736842105263	-0.07815886792374047	0.2510317671229518	0.01012681783331222	0.004106737622775412	21.570322036743164
21.58	2.834406779661017	0.25421052631578944	-0.09546057639232575	0.24900594836657772	0.010141032120058083	0.004096079457448132	20.650047302246094
21.58	2.834406779661017	0.2694736842105263	-0.1112605176098089	0.24654741835278615	0.010131897184819851	0.004005513190683901	19.830575942993164
21.58	2.834406779661017	0.2847368421052632	-0.12785414039859572	0.2435565219117437	0.009945295624257005	0.004111585569960059	19.154273986816406
21.58	2.834406779661017	0.3	-0.14334961261371176	0.23983665181753386	0.00987593275034701	0.0036807006097361386	18.533456802368164
21.58	2.8445762711864404	0.01	0.018761002162899536	0.2281394548570846	0.01169057033001454	0.003940545362190935	33.91415786743164
21.58	2.8445762711864404	0.02526315789473684	0.01914535675426918	0.25715178920385584	0.011705400892406832	0.003851603417981548	49.43168640136719
21.58	2.8445762711864404	0.04052631578947368	0.017896888412032	0.26361699409048234	0.01163967494956603	0.003960280365984089	47.67778015136719
21.58	2.8445762711864404	0.05578947368421053	0.01346846909695045	0.26749773009600414	0.011392579402715283	0.0038593013674714863	42.50360107421875
21.58	2.8445762711864404	0.07105263157894737	0.011893008215106408	0.2663287564139486	0.011292972052973083	0.0038477573269081076	39.17832565307617
21.58	2.8445762711864404	0.0863157894736842	0.009734543027337283	0.2654987312410281	0.011387318200427949	0.004110768245017896	37.85947227478027
21.58	2.8445762711864404	0.10157894736842105	0.008530127945952478	0.2639949342274059	0.011165720230709952	0.003950600807827822	36.412309646606445
21.58	2.8445762711864404	0.11684210526315789	0.007016559634022776	0.26512856427961484	0.011204120419196729	0.0040690342987845275	35.08964729309082
21.58	2.8445762711864404	0.13210526315789473	0.004623880188076309	0.265760687550198	0.01115107875622522	0.004016277608722999	33.53951072692871
21.58	2.8445762711864404	0.1473684210526316	2.3629467098525874e-05	0.2704930877291074	0.011319991481965927	0.003860059912348518	31.41585922241211
21.58	2.8445762711864404	0.16263157894736843	-0.008376448566865084	0.27671677406170514	0.011433368111383898	0.003841534655699144	29.304035186767578
21.58	2.8445762711864404	0.17789473684210527	-0.02088549220095842	0.28241557036812787	0.011554413665354075	0.0034381217085220975	27.364973068237305
21.58	2.8445762711864404	0.1931578947368421	-0.03631986330338725	0.28494712982634907	0.011540946013329376	0.0036730527668888805	25.60934066772461
21.58	2.8445762711864404	0.20842105263157895	-0.05238011132069837	0.2857815963433207	0.011572944998718212	0.0036705822781429743	24.150827407836914
21.58	2.8445762711864404	0.2236842105263158	-0.06920911005773556	0.286180469694835	0.011468727406193266	0.003258365976695786	22.908832550048828
21.58	2.8445762711864404	0.23894736842105263	-0.08680008394108805	0.28349692059220477	0.011295203604597716	0.0029928612542113532	21.8470401763916
21.58	2.8445762711864404	0.25421052631578944	-0.10370720406168327	0.2803185347767962	0.011481679057535589	0.0030153849286995355	20.958415985107422
21.58	2.8445762711864404	0.2694736842105263	-0.12026076882226255	0.2768236089029583	0.011234351050649516	0.002708939599095359	20.169954299926758
21.58	2.8445762711864404	0.2847368421052632	-0.13636445407767323	0.27280460691964836	0.011334690086439931	0.002833597437284112	19.490718841552734
21.58	2.8445762711864404	0.3	-0.15060706750967084	0.26834446521662764	0.011365869973180698	0.0027173536809308287	18.89954948425293
21.58	2.8547457627118646	0.01	0.023766359755128953	0.1341019604127855	0.012731760327860477	0.002817640666734964	39.50478744506836
21.58	2.8547457627118646	0.02526315789473684	0.021739281706570055	0.16978820257701457	0.012633910142341564	0.002734923517164966	48.49397659301758
21.58	2.8547457627118646	0.04052631578947368	0.021089445178287737	0.1769072452357382	0.01232486450151708	0.0025849126748661664	45.35487174987793
21.58	2.8547457627118646	0.05578947368421053	0.017160106574075934	0.18172114917844237	0.012275332856546617	0.0030741028774698732	45.43901824951172
21.58	2.8547457627118646	0.07105263157894737	0.016960127266703425	0.1840128576774029	0.012211310328888232	0.0030360272805026248	42.22473907470703
21.58	2.8547457627118646	0.0863157894736842	0.013955928477572535	0.18968465501511192	0.01219426367990642	0.0029903981869184824	40.134246826171875
21.58	2.8547457627118646	0.10157894736842105	0.011850716686973755	0.1949402810080022	0.011974132166709442	0.0029408761625719683	39.27126884460449
21.58	2.8547457627118646	0.11684210526315789	0.009777002890257565	0.20161495313004862	0.01200333349336111	0.002783057868052433	37.735870361328125
21.58	2.8547457627118646	0.13210526315789473	0.006838212550281017	0.20604108531915857	0.012123238475520708	0.0028312480711094714	35.99452781677246
21.58	2.8547457627118646	0.1473684210526316	0.0018868858768089506	0.21427000315488998	0.012192654475562816	0.0026195272913384876	33.778703689575195
21.58	2.8547457627118646	0.16263157894736843	-0.005698135976638011	0.22451049090923497	0.01243621804114972	0.0025589596156212306	31.419729232788086
21.58	2.8547457627118646	0.17789473684210527	-0.017834280912722773	0.23318463639916617	0.012372242126969567	0.002056728973067995	29.18128776550293
21.58	2.8547457627118646	0.1931578947368421	-0.03286211851304956	0.24041316386789202	0.012385165171702376	0.0017726040214229672	27.18094253540039
21.58	2.8547457627118646	0.20842105263157895	-0.04954624668830633	0.24496422250009717	0.012350472749032951	0.001294646283726401	25.519290924072266
21.58	2.8547457627118646	0.2236842105263158	-0.06585379900152566	0.24724169994145914	0.012467267502759814	0.0012910363195595153	24.182891845703125
21.58	2.8547457627118646	0.23894736842105263	-0.08387825249935849	0.2482237660641446	0.012408863630613082	0.0009281030177664908	22.916269302368164
21.58	2.8547457627118646	0.25421052631578944	-0.10197022936133723	0.24859005211699384	0.012615096758900256	0.000664940261069491	21.969562530517578
21.58	2.8547457627118646	0.2694736842105263	-0.11876116935343906	0.24790607735644005	0.01254320960341125	0.0005304417518938065	21.049875259399414
21.58	2.8547457627118646	0.2847368421052632	-0.13485504035086793	0.24704297080765386	0.012358607988228194	0.0004374760032670658	20.328874588012695
21.58	2.8547457627118646	0.3	-0.14797912482352416	0.24477017417679442	0.012703893553800534	6.918098482866348e-05	19.674184799194336
21.58	2.864915254237288	0.01	0.020039883812950413	0.1976108838630737	0.013644286892333421	0.0013307708679713977	35.54152297973633
21.58	2.864915254237288	0.02526315789473684	0.01895342003373937	0.22854930020998146	0.013407876586706845	0.0012968337027326584	48.17304992675781
21.58	2.864915254237288	0.04052631578947368	0.014214564473688771	0.23720952098776385	0.013441959710389497	0.0012949818280015876	47.52965545654297
21.58	2.864915254237288	0.05578947368421053	0.012911617928505112	0.24054923133046163	0.013154300052470728	0.0013804651872931914	44.44300651550293
21.58	2.864915254237288	0.07105263157894737	0.011948711379641874	0.2390838069448967	0.012988142902208259	0.0013872516233533957	40.30238723754883
21.58	2.864915254237288	0.0863157894736842	0.009238495923323754	0.23862042914994744	0.012766740118420265	0.001411137604141347	38.51144027709961
21.58	2.864915254237288	0.10157894736842105	0.008760067321105115	0.23547252010472797	0.01252627205921947	0.001167772427420803	37.31988716125488
21.58	2.864915254237288	0.11684210526315789	0.006154373053266546	0.23587077185878944	0.012688591919792599	0.0014406725916620896	36.31290817260742
21.58	2.864915254237288	0.13210526315789473	0.004804223565077204	0.23587782530465942	0.012858520140358971	0.0011926754588336339	35.1185417175293
21.58	2.864915254237288	0.1473684210526316	0.0011368844563494416	0.23735260240883174	0.01259700000584105	0.0010533301515812648	33.419158935546875
21.58	2.864915254237288	0.16263157894736843	-0.0062495620084573565	0.24476353367008818	0.012824004940514293	0.0010301204815162182	31.26317024230957
21.58	2.864915254237288	0.17789473684210527	-0.015853800965856868	0.2505326129476129	0.012811611983570247	0.0004900361036502953	29.139690399169922
21.58	2.864915254237288	0.1931578947368421	-0.028943339791299892	0.2556921040619311	0.012980872425275746	0.00029806475316634213	27.133752822875977
21.58	2.864915254237288	0.20842105263157895	-0.0451517219380603	0.2594200544142989	0.012945427783749918	-0.00022654010728130993	25.497512817382812
21.58	2.864915254237288	0.2236842105263158	-0.06151571017272183	0.26135943847148535	0.012818202748980715	-0.0007151976538144913	24.061872482299805
21.58	2.864915254237288	0.23894736842105263	-0.07969481125056158	0.2617900069188219	0.012643711395454497	-0.0009870669105508127	22.857078552246094
21.58	2.864915254237288	0.25421052631578944	-0.09754015326739689	0.2613593217910231	0.012689796497252144	-0.0013551541153246248	21.807628631591797
21.58	2.864915254237288	0.2694736842105263	-0.11559359740427326	0.2603136911577431	0.012881756573906288	-0.0017267939399088594	20.9069766998291
21.58	2.864915254237288	0.2847368421052632	-0.1319018464061043	0.25859949969724255	0.012754146696524814	-0.002272637578155736	20.153390884399414
21.58	2.864915254237288	0.3	-0.14843623309774168	0.2562756860655776	0.012730257280139379	-0.0024127132636429603	19.511882781982422
21.58	2.875084745762712	0.01	0.012167576258947741	0.1140563333434097	0.014173458441604612	-0.00021882539776095844	38.74477005004883
21.58	2.875084745762712	0.02526315789473684	0.00877259944773158	0.14801297975631866	0.013949767863073639	-0.00023719514387631114	43.655250549316406
21.58	2.875084745762712	0.04052631578947368	0.009056016367141807	0.14898588206546814	0.013790411778487447	-0.0005009511443136636	45.39503860473633
21.58	2.875084745762712	0.05578947368421053	0.007881163947060647	0.15687250161012894	0.013398536838119337	-0.0003564703863491467	43.88816261291504
21.58	2.875084745762712	0.07105263157894737	0.0075426989717035904	0.16215587222418074	0.013268319295277234	-0.0003472388888193625	40.14491271972656
21.58	2.875084745762712	0.0863157894736842	0.00748613025225693	0.17053768813079478	0.0130324064344695	-0.00014544026732701978	38.73734474182129
21.58	2.875084745762712	0.10157894736842105	0.0066967964579707885	0.1777115004887769	0.012908390867612612	-0.00013652374080899655	37.48920822143555
21.58	2.875084745762712	0.11684210526315789	0.004772082703118955	0.18379740118846757	0.012728014554308598	-0.00018435035260986772	36.030351638793945
21.58	2.875084745762712	0.13210526315789473	0.003368308761505045	0.18931256150051606	0.012715781321607623	-9.231671563534478e-05	34.25536346435547
21.58	2.875084745762712	0.1473684210526316	0.00013135769356750827	0.19527521037452905	0.01286100499821323	-0.0003609467847761849	32.36604881286621
21.58	2.875084745762712	0.16263157894736843	-0.005750532309070596	0.20458810443014885	0.01293087841332264	-0.000551764191136675	30.13248634338379
21.58	2.875084745762712	0.17789473684210527	-0.014254249963346136	0.21027489136076766	0.013008220366571937	-0.0007954685153221763	28.022424697875977
21.58	2.875084745762712	0.1931578947368421	-0.02668029578555861	0.21483026633259145	0.012955033230460045	-0.0010857170579071222	26.174869537353516
21.58	2.875084745762712	0.20842105263157895	-0.03998008581031599	0.21831170508858053	0.012975180517164784	-0.0017892520875135507	24.606826782226562
21.58	2.875084745762712	0.2236842105263158	-0.05500431699867905	0.22076620663710783	0.012729419429843621	-0.002193849122727338	23.306528091430664
21.58	2.875084745762712	0.23894736842105263	-0.07039075583991206	0.22111606617245266	0.012755705200870451	-0.0028905273611008345	22.18208885192871
21.58	2.875084745762712	0.25421052631578944	-0.08579018933297788	0.22055827161979946	0.012599315476872888	-0.003076311342679258	21.19550895690918
21.58	2.875084745762712	0.2694736842105263	-0.10258981844591629	0.21975686045638831	0.012441596895967166	-0.0037874482079764383	20.354280471801758
21.58	2.875084745762712	0.2847368421052632	-0.11691762096080652	0.21807211944701227	0.012497976577849556	-0.004320516063462008	19.634063720703125
21.58	2.875084745762712	0.3	-0.13292235740913516	0.21612553292320097	0.012380809816038604	-0.004581905587173849	18.990835189819336
21.58	2.8852542372881356	0.01	0.012962971361601846	0.21498482121573426	0.014345111701202482	-0.002749756977636451	35.90312957763672
21.58	2.8852542372881356	0.02526315789473684	0.010378132494414348	0.23419105900870302	0.014249757683369519	-0.0027646129064698623	45.265933990478516
21.58	2.8852542372881356	0.04052631578947368	0.004770372541869178	0.23840646638022384	0.013948226756692519	-0.002633019449397653	43.672157287597656
21.58	2.8852542372881356	0.05578947368421053	0.0016465104965468639	0.2377543235634622	0.013601837433353036	-0.0024792707756148813	41.02350044250488
21.58	2.8852542372881356	0.07105263157894737	0.0016008563188811505	0.23671643533456896	0.01334427324281072	-0.0023146080462481994	37.8330192565918
21.58	2.8852542372881356	0.0863157894736842	0.0019195180235406083	0.2370448098023591	0.0129649003886839	-0.0019817274837408026	35.62198257446289
21.58	2.8852542372881356	0.10157894736842105	0.001040758549978367	0.23738513183492996	0.012687031263854384	-0.00195513073766168	34.24233627319336
21.58	2.8852542372881356	0.11684210526315789	0.0007463707437714222	0.23646705681171099	0.01258757165902856	-0.0016772675334152936	33.25956916809082
21.58	2.8852542372881356	0.13210526315789473	-0.0018213138193382277	0.2383246110403381	0.012503487483277727	-0.0017572737636385553	31.60860824584961
21.58	2.8852542372881356	0.1473684210526316	-0.0072238788858080645	0.2432136824209412	0.012394848662746753	-0.0020685098814346597	30.04584503173828
21.58	2.8852542372881356	0.16263157894736843	-0.016715903362447996	0.24807136446183378	0.012564155969149681	-0.0024389402683997422	28.148189544677734
21.58	2.8852542372881356	0.17789473684210527	-0.0295027007732565	0.25210292478736307	0.012454604591956756	-0.0027497893050170957	26.464134216308594
21.58	2.8852542372881356	0.1931578947368421	-0.04376749427738006	0.25491449648306014	0.012263967929498774	-0.0035329523653344734	24.816110610961914
21.58	2.8852542372881356	0.20842105263157895	-0.05963610402522944	0.2544212981496356	0.011944927394875635	-0.003892578518742976	23.436542510986328
21.58	2.8852542372881356	0.2236842105263158	-0.0758205871011114	0.2534608701098813	0.011919903722815284	-0.004440700967633328	22.28055191040039
21.58	2.8852542372881356	0.23894736842105263	-0.09209940237058163	0.2505501964915646	0.011424054187233043	-0.004644369355436519	21.24179458618164
21.58	2.8852542372881356	0.25421052631578944	-0.10908777859519884	0.24827482946096718	0.011381376035285813	-0.005356446846269877	20.389068603515625
21.58	2.8852542372881356	0.2694736842105263	-0.12552486459251214	0.24576397518507004	0.010943100761221885	-0.005733535172328461	19.568584442138672
21.58	2.8852542372881356	0.2847368421052632	-0.1406863554054098	0.24207125975630048	0.010830515926223635	-0.006282352508968886	18.93576431274414
21.58	2.8852542372881356	0.3	-0.15476264833308448	0.23795967929769204	0.010880633928987702	-0.006743070125229695	18.339122772216797
21.58	2.8954237288135594	0.01	-0.0008327868538202251	0.1632000997728576	0.013000856354080456	-0.004719596330666546	38.87904739379883
21.58	2.8954237288135594	0.02526315789473684	0.00600660728402151	0.18483120796364372	0.0127067774804333	-0.004512838944069666	43.976226806640625
21.58	2.8954237288135594	0.04052631578947368	0.0072164583324536525	0.18957968851015256	0.012516405856876339	-0.004350982637310514	46.005191802978516
21.58	2.8954237288135594	0.05578947368421053	0.005004862260733526	0.19692064796969577	0.011958762423872164	-0.0042470474938454406	43.73177909851074
21.58	2.8954237288135594	0.07105263157894737	0.005159015118891858	0.20091004371012322	0.011596068822685211	-0.003825160135454538	41.771087646484375
21.58	2.8954237288135594	0.0863157894736842	0.005275422426078816	0.20672026364438414	0.011344823380189282	-0.003149761709403249	38.878387451171875
21.58	2.8954237288135594	0.10157894736842105	0.006541610786829485	0.21075783077933075	0.011133048224515402	-0.0029615629722399973	37.09707832336426
21.58	2.8954237288135594	0.11684210526315789	0.003930396203353001	0.21709683762120582	0.011074172341303102	-0.002524949284997982	35.12832450866699
21.58	2.8954237288135594	0.13210526315789473	0.00026785279128786505	0.2218642811955887	0.01096959812124823	-0.0025616185486041325	33.19821548461914
21.58	2.8954237288135594	0.1473684210526316	-0.007274341768649471	0.22928557762017043	0.011274799275036163	-0.0027504655237196316	30.901859283447266
21.58	2.8954237288135594	0.16263157894736843	-0.018235289887112892	0.2345013101029181	0.011107796544222472	-0.003159936434282588	28.795169830322266
21.58	2.8954237288135594	0.17789473684210527	-0.0324814874502151	0.23899953557285164	0.010859478786635264	-0.003784035406342314	26.7331600189209
21.58	2.8954237288135594	0.1931578947368421	-0.04774117798885683	0.24061766062014983	0.010609118927330179	-0.004215619458575685	25.088871002197266
21.58	2.8954237288135594	0.20842105263157895	-0.06290355051978781	0.24077848873827565	0.010320217414888073	-0.004758865330082849	23.650487899780273
21.58	2.8954237288135594	0.2236842105263158	-0.07871188235527597	0.24058116756609896	0.01044618807322495	-0.005171685093269998	22.512073516845703
21.58	2.8954237288135594	0.23894736842105263	-0.09392915705894891	0.2386959184843609	0.009835419157743257	-0.005750659281834984	21.50440788269043
21.58	2.8954237288135594	0.25421052631578944	-0.10892805460540703	0.23697651885457252	0.00967585867432676	-0.006225750511503564	20.66872215270996
21.58	2.8954237288135594	0.2694736842105263	-0.12326180171154566	0.23332793526940893	0.009418088939425653	-0.0066155389430598965	19.92804718017578
21.58	2.8954237288135594	0.2847368421052632	-0.13566613688532392	0.23075164919144386	0.009143813522120462	-0.006951449480229098	19.25418472290039
21.58	2.8954237288135594	0.3	-0.14817721254591026	0.22688132868504995	0.009055787726037488	-0.007703235476800562	18.68181610107422
21.58	2.905593220338983	0.01	0.014830548992118414	0.2595084530243923	0.012465397816526452	-0.005798713179434636	40.03782272338867
21.58	2.905593220338983	0.02526315789473684	0.008193291654548223	0.27355196298456685	0.012113746958856966	-0.005726190769395383	42.64898681640625
21.58	2.905593220338983	0.04052631578947368	0.009938552533945618	0.2667476276809623	0.011490089570137748	-0.005386557562526604	43.008949279785156
21.58	2.905593220338983	0.05578947368421053	0.007494166889897163	0.26300566731377445	0.01087573592686892	-0.004730975697890413	42.18177032470703
21.58	2.905593220338983	0.07105263157894737	0.006733601425524056	0.25363853321942165	0.01059746407490968	-0.0039435284707721886	39.7848014831543
21.58	2.905593220338983	0.0863157894736842	0.0052680354710653255	0.25125765950133727	0.00996763076981588	-0.0032776783848872757	37.43572425842285
21.58	2.905593220338983	0.10157894736842105	0.0041150363074600495	0.2486170641793281	0.009714715332657217	-0.0029523064596047484	36.44708824157715
21.58	2.905593220338983	0.11684210526315789	0.0010758318821907373	0.24830080412544514	0.009506729186810009	-0.0026668543369702184	35.552528381347656
21.58	2.905593220338983	0.13210526315789473	-0.0056730711017727534	0.24958038266964466	0.009414766060322183	-0.002776530507102153	33.690067291259766
21.58	2.905593220338983	0.1473684210526316	-0.015548773587214905	0.25487654127396864	0.00913006979027621	-0.0029544506931266454	31.72491455078125
21.58	2.905593220338983	0.16263157894736843	-0.02910082314128807	0.26054403489120725	0.009468095181378046	-0.0034728211128673215	29.709089279174805
21.58	2.905593220338983	0.17789473684210527	-0.046887219852805306	0.2650133643682313	0.009139686119628426	-0.003939312073469575	27.568359375
21.58	2.905593220338983	0.1931578947368421	-0.06651851201736386	0.26989201952865927	0.009057284589666318	-0.00420765754649604	25.828096389770508
21.58	2.905593220338983	0.20842105263157895	-0.08425538393043933	0.27086941351345384	0.008700378799052933	-0.004850836330180602	24.32320213317871
21.58	2.905593220338983	0.2236842105263158	-0.10355468662296441	0.2716983243070974	0.008567936346311837	-0.005377623861087916	23.04895782470703
21.58	2.905593220338983	0.23894736842105263	-0.12143706637755386	0.2710061928705437	0.008330765783559388	-0.005636735118596862	22.056659698486328
21.58	2.905593220338983	0.25421052631578944	-0.13857474443541412	0.26904332214712096	0.008030112578218888	-0.006259050512372208	21.159564971923828
21.58	2.905593220338983	0.2694736842105263	-0.15565934312801383	0.26635724796309995	0.007836924331879328	-0.006726838800741985	20.379791259765625
21.58	2.905593220338983	0.2847368421052632	-0.17088151546692043	0.26363531936609896	0.0076222212346312695	-0.007261997692040681	19.710575103759766
21.58	2.905593220338983	0.3	-0.18579142425168216	0.26036650379362775	0.007421722993883934	-0.007572707477980367	19.14272689819336
21.58	2.9157627118644065	0.01	-0.013927388588752816	0.18932014611271172	0.010116974709810548	-0.004268971405636658	35.79802322387695
21.58	2.9157627118644065	0.02526315789473684	-0.006409533221848045	0.20368844137326764	0.009913093865052559	-0.004078463709945748	44.665164947509766
21.58	2.9157627118644065	0.04052631578947368	-0.002394075591690579	0.21232588753835252	0.009521017946699623	-0.003598826078221275	45.26030349731445
21.58	2.9157627118644065	0.05578947368421053	0.0002881185220408039	0.21299397066966583	0.008746753309410639	-0.0032628467884572203	42.15090751647949
21.58	2.9157627118644065	0.07105263157894737	0.0004442149376350201	0.21153608587835865	0.008240330641488254	-0.0029563994973480414	41.71455001831055
21.58	2.9157627118644065	0.0863157894736842	0.001883831766791899	0.21225628917370876	0.008090425006831768	-0.0021555518603362505	40.25059509277344
21.58	2.9157627118644065	0.10157894736842105	0.0007923549633792337	0.21244108407616102	0.00785338441697718	-0.0019830317799586702	40.34175491333008
21.58	2.9157627118644065	0.11684210526315789	-0.00039561827619628506	0.21286114609454468	0.008019995502330627	-0.0015066738713086524	39.78886795043945
21.58	2.9157627118644065	0.13210526315789473	-0.0035285114815261673	0.2158060583503852	0.007893854628164887	-0.001617166552601253	37.531023025512695
21.58	2.9157627118644065	0.1473684210526316	-0.008972074689226374	0.22097829951422174	0.007933010044872532	-0.001866668603403566	34.60612487792969
21.58	2.9157627118644065	0.16263157894736843	-0.017867874122699808	0.22722521360851392	0.007930921211125727	-0.0019244085060315542	31.70490074157715
21.58	2.9157627118644065	0.17789473684210527	-0.031210160908764314	0.23373876145928665	0.007835196145431884	-0.002407087465665184	29.35359764099121
21.58	2.9157627118644065	0.1931578947368421	-0.04707893947752051	0.23866852669945862	0.00780849018991837	-0.0031647523845745678	27.125436782836914
21.58	2.9157627118644065	0.20842105263157895	-0.06265603971960118	0.24111397969301965	0.00777678917036393	-0.0036135757567274515	25.386096954345703
21.58	2.9157627118644065	0.2236842105263158	-0.078852244700614	0.24338319028230626	0.0075420595021649765	-0.004432065002765211	23.979782104492188
21.58	2.9157627118644065	0.23894736842105263	-0.0954189019966303	0.24503574457493382	0.00734246027596679	-0.004571639888262707	22.768678665161133
21.58	2.9157627118644065	0.25421052631578944	-0.11159314902469607	0.24445664743326587	0.007187852280356732	-0.005138452123036249	21.800395965576172
21.58	2.9157627118644065	0.2694736842105263	-0.1283796443444455	0.2436996840181051	0.006879892495109528	-0.005719084525824635	20.999502182006836
21.58	2.9157627118644065	0.2847368421052632	-0.14273412127646692	0.2420149545188393	0.006680953611040492	-0.006324994965797701	20.277219772338867
21.58	2.9157627118644065	0.3	-0.15653549899713773	0.23939590895593865	0.006303388852149524	-0.006658235845710878	19.6453857421875
21.58	2.9259322033898307	0.01	0.0007810903583310739	0.20426712477625117	0.009115300166497047	-0.0014557962229756211	38.69343566894531
21.58	2.9259322033898307	0.02526315789473684	-0.003926057847157849	0.21616364306815677	0.008845346689219125	-0.001474719007239516	44.25940704345703
21.58	2.9259322033898307	0.04052631578947368	-0.002558320494309798	0.21738494596489483	0.008334360581728022	-0.0014094333621425363	42.00703048706055
21.58	2.9259322033898307	0.05578947368421053	-0.002142502349941465	0.2203095737357999	0.0080619298879301	-0.0012558963439911728	41.858652114868164
21.58	2.9259322033898307	0.07105263157894737	-0.0033928882001628535	0.2151214656457101	0.007475178575320991	-0.0008946020305703453	41.42502975463867
21.58	2.9259322033898307	0.0863157894736842	-0.0024628559325361008	0.2143587760200989	0.007360682659616453	-0.000639128362144327	39.5811767578125
21.58	2.9259322033898307	0.10157894736842105	-0.0049810651746551304	0.2128117542935059	0.007296450795654401	-0.0005173787978211437	38.25491142272949
21.58	2.9259322033898307	0.11684210526315789	-0.007578535909265981	0.21275754064790825	0.007200776277434585	-0.0003310892630426736	36.422922134399414
21.58	2.9259322033898307	0.13210526315789473	-0.011060722825107732	0.2148330243540169	0.007369982688081019	7.028142729537134e-06	34.86312294006348
21.58	2.9259322033898307	0.1473684210526316	-0.016471612714861625	0.2192456759508115	0.00728039923401675	-0.0002980304618606216	32.73360061645508
21.58	2.9259322033898307	0.16263157894736843	-0.0243218273259253	0.22526552682184509	0.007476865543299176	-0.0006667869215787009	30.65244483947754
21.58	2.9259322033898307	0.17789473684210527	-0.03570972535382218	0.2305026844646864	0.0072726638762935	-0.0011560871625935292	28.607545852661133
21.58	2.9259322033898307	0.1931578947368421	-0.052233184075452486	0.23546303433317153	0.007101501544176407	-0.0020789878344604825	26.61127281188965
21.58	2.9259322033898307	0.20842105263157895	-0.0697038385205126	0.23873102479405278	0.0071573184256441685	-0.0021366585081470002	24.928062438964844
21.58	2.9259322033898307	0.2236842105263158	-0.08755263936802682	0.24151387529799792	0.007111554738227147	-0.0027382895949263414	23.510112762451172
21.58	2.9259322033898307	0.23894736842105263	-0.10588686158046064	0.24128630066642615	0.007082204267359205	-0.003115123528040882	22.368440628051758
21.58	2.9259322033898307	0.25421052631578944	-0.12450114180430708	0.24144712591895912	0.006694965917582752	-0.004053368230861037	21.411975860595703
21.58	2.9259322033898307	0.2694736842105263	-0.14297696333126103	0.24031507954877418	0.006462334277337431	-0.00445440763275575	20.591596603393555
21.58	2.9259322033898307	0.2847368421052632	-0.16000433889896543	0.23741927919854028	0.006240303557918124	-0.005006479547734319	19.894590377807617
21.58	2.9259322033898307	0.3	-0.17600049291543135	0.23561476874255427	0.005943518255840371	-0.005655612673570311	19.274932861328125
21.58	2.936101694915254	0.01	-0.02147350770261425	0.13642539688201896	0.007893189929808475	0.0015055994960821786	39.35527801513672
21.58	2.936101694915254	0.02526315789473684	-0.015865015730525435	0.16400087167324767	0.0075698323089046175	0.0011148227717993073	44.87023162841797
21.58	2.936101694915254	0.04052631578947368	-0.01430456701275589	0.17908084921427084	0.007378383002712933	0.0011287692601941648	46.22268295288086
21.58	2.936101694915254	0.05578947368421053	-0.011097046305759339	0.18903241655453154	0.0069955116475871725	0.0010252818573393673	44.22718620300293
21.58	2.936101694915254	0.07105263157894737	-0.01045935624343234	0.1923311679482828	0.00675560093548636	0.0010715151878848011	41.21708297729492
21.58	2.936101694915254	0.0863157894736842	-0.00794684314233142	0.19847315166596274	0.006633744506537358	0.0011970788575902552	38.90954399108887
21.58	2.936101694915254	0.10157894736842105	-0.008199929174940002	0.20044765830063177	0.006709059534053257	0.0011998870839627638	37.496891021728516
21.58	2.936101694915254	0.11684210526315789	-0.009239036279801622	0.20154358750038673	0.006533588637806268	0.0012382428823881804	35.49610137939453
21.58	2.936101694915254	0.13210526315789473	-0.010871081261011169	0.20663077732906582	0.006599092786241305	0.0011649296638995509	33.38018035888672
21.58	2.936101694915254	0.1473684210526316	-0.014073153046937983	0.21140829375372172	0.006866602267519728	0.0010234389736242574	31.35201072692871
21.58	2.936101694915254	0.16263157894736843	-0.02126222597360497	0.2170798463695986	0.007003142411381123	0.0007098096819066607	29.349788665771484
21.58	2.936101694915254	0.17789473684210527	-0.03162223534625092	0.22148574034079774	0.007003452887107409	4.02608575018939e-06	27.27552032470703
21.58	2.936101694915254	0.1931578947368421	-0.04429487163167514	0.22376350092097977	0.006756006823667114	-0.0007172099823067067	25.533288955688477
21.58	2.936101694915254	0.20842105263157895	-0.05899418139425469	0.22519723646534684	0.006825845890267367	-0.0012509488336975131	24.055830001831055
21.58	2.936101694915254	0.2236842105263158	-0.07413035090404231	0.225578874727826	0.006449442195538729	-0.0019294826617319073	22.763086318969727
21.58	2.936101694915254	0.23894736842105263	-0.09011275730418641	0.22418287797469968	0.006264888949677841	-0.0026107061735283826	21.695703506469727
21.58	2.936101694915254	0.25421052631578944	-0.1049882572349151	0.22176313178497986	0.006182120217462351	-0.0028824056566629105	20.765613555908203
21.58	2.936101694915254	0.2694736842105263	-0.12077788524341207	0.21954606037034574	0.005956571415876123	-0.0031988057045334107	20.003326416015625
21.58	2.936101694915254	0.2847368421052632	-0.13482131255415142	0.21606624307738873	0.005662906624487687	-0.004057049378689667	19.324419021606445
21.58	2.936101694915254	0.3	-0.14875371998856457	0.21280226794596238	0.0056421199439806845	-0.004277571778577482	18.72097396850586
21.58	2.9462711864406783	0.01	0.0035741522128096477	0.1256070287003771	0.007794438223469655	0.003728505571915896	40.79909133911133
21.58	2.9462711864406783	0.02526315789473684	-1.5455384424941817e-05	0.1464857592250515	0.007728108026900906	0.0035402779366896864	45.78569793701172
21.58	2.9462711864406783	0.04052631578947368	-0.0034975393788836	0.15987395373444058	0.00738045951683179	0.00288884657434131	46.2814826965332
21.58	2.9462711864406783	0.05578947368421053	-0.00382623366284585	0.172361140970988	0.007259642159157549	0.0029347967496042983	42.138938903808594
21.58	2.9462711864406783	0.07105263157894737	-0.005606326969006634	0.17773423196300853	0.0069648488035799466	0.002524608061446668	38.67130470275879
21.58	2.9462711864406783	0.0863157894736842	-0.007067002039854721	0.183121204699241	0.006950359556476846	0.002658701501983121	37.19098663330078
21.58	2.9462711864406783	0.10157894736842105	-0.008771087255137876	0.18873526147078978	0.006850637892189601	0.0024952045841732415	35.21426582336426
21.58	2.9462711864406783	0.11684210526315789	-0.010583492763077608	0.19546094910969217	0.006888479522372411	0.0023198530516114783	33.743717193603516
21.58	2.9462711864406783	0.13210526315789473	-0.013494683079158652	0.2029221793802567	0.006988730803716711	0.0024701067259545254	31.8701229095459
21.58	2.9462711864406783	0.1473684210526316	-0.020068631343280657	0.21037691889126975	0.007015224185200014	0.0019122542450847563	30.148527145385742
21.58	2.9462711864406783	0.16263157894736843	-0.029009616375162264	0.21701134685649964	0.006964367046278155	0.0014632893791119426	28.416784286499023
21.58	2.9462711864406783	0.17789473684210527	-0.04167933801382967	0.22162693809882705	0.006712860358577999	0.0008451702284479334	26.693115234375
21.58	2.9462711864406783	0.1931578947368421	-0.05785836526516684	0.22343853309503373	0.006707923950847237	-1.8883819296367578e-05	25.111295700073242
21.58	2.9462711864406783	0.20842105263157895	-0.07520237510121983	0.2247768708213562	0.006630904124750631	-0.0003400608590590523	23.70060157775879
21.58	2.9462711864406783	0.2236842105263158	-0.09209761390608362	0.224623942212188	0.006208024030924968	-0.0009621211447954782	22.555227279663086
21.58	2.9462711864406783	0.23894736842105263	-0.108957597369099	0.22306679654575812	0.006047164487645055	-0.001618073785488634	21.50728988647461
21.58	2.9462711864406783	0.25421052631578944	-0.12679475370119694	0.22050963168440313	0.005725358384042771	-0.0018439385084496134	20.631591796875
21.58	2.9462711864406783	0.2694736842105263	-0.14160224813991595	0.21673267740116386	0.005560170001663057	-0.00246260828329858	19.865915298461914
21.58	2.9462711864406783	0.2847368421052632	-0.15631639268272923	0.21370317912951975	0.005240368180638897	-0.003106118327327095	19.188194274902344
21.58	2.9462711864406783	0.3	-0.17069315095455756	0.21005433870305237	0.004957694942289221	-0.0031427515600538514	18.582332611083984
21.58	2.9564406779661017	0.01	-0.0016634400470685387	0.15524081501935533	0.0073675258005216696	0.004804942388463701	41.437255859375
21.58	2.9564406779661017	0.02526315789473684	0.002079539512978846	0.17828914861020556	0.007347119005648924	0.004565801006814401	49.53881072998047
21.58	2.9564406779661017	0.04052631578947368	0.002484192559440887	0.18979701032322216	0.007021048200990695	0.004214580560168364	47.416194915771484
21.58	2.9564406779661017	0.05578947368421053	0.0017738304333214468	0.20025405403385257	0.006835289757608649	0.003946060316004642	41.89913749694824
21.58	2.9564406779661017	0.07105263157894737	0.0019762204387838486	0.20462011584608078	0.006848507571620671	0.0036342183452257267	38.536346435546875
21.58	2.9564406779661017	0.0863157894736842	-7.620653455610651e-07	0.20691895709900376	0.00692900337891808	0.0037140174265933735	36.44014930725098
21.58	2.9564406779661017	0.10157894736842105	-0.001394458739840568	0.20815492902332874	0.0068267428908435415	0.003493345027847779	35.05938148498535
21.58	2.9564406779661017	0.11684210526315789	-0.0030229594752277725	0.21076523711821019	0.0068826020618595225	0.0033447679465344747	33.698068618774414
21.58	2.9564406779661017	0.13210526315789473	-0.0064242649085904935	0.21668065328998443	0.006759932198810577	0.003229319809022044	31.80438995361328
21.58	2.9564406779661017	0.1473684210526316	-0.012432408666526106	0.22266360463839904	0.006811468615988247	0.002945554899576086	29.9656982421875
21.58	2.9564406779661017	0.16263157894736843	-0.022387982412063655	0.22931647166991548	0.006697285627806533	0.002558547924797012	28.42190170288086
21.58	2.9564406779661017	0.17789473684210527	-0.035492903277503964	0.23481845873106294	0.0065765387363265915	0.0017453017498487216	26.76462173461914
21.58	2.9564406779661017	0.1931578947368421	-0.050282583691302556	0.23744557579680522	0.006581947670188456	0.0013309898127308482	25.207523345947266
21.58	2.9564406779661017	0.20842105263157895	-0.06602271700449107	0.2375763165546577	0.00646085347687891	0.0008989438221296655	23.863502502441406
21.58	2.9564406779661017	0.2236842105263158	-0.0823325699689344	0.23715444515619322	0.006105617332559183	0.00041837367092423635	22.668703079223633
21.58	2.9564406779661017	0.23894736842105263	-0.09904991780189647	0.23637099421702534	0.005686335323207007	-1.896850641375785e-05	21.660097122192383
21.58	2.9564406779661017	0.25421052631578944	-0.11351202468635366	0.23356559056209608	0.005617906130153405	-0.0004934125154724417	20.767133712768555
21.58	2.9564406779661017	0.2694736842105263	-0.12808933994803484	0.2299439899504527	0.005275734263939504	-0.0011846693185836147	20.031627655029297
21.58	2.9564406779661017	0.2847368421052632	-0.14199206098169512	0.2278874638916577	0.005030496559200909	-0.0011152316301030374	19.356937408447266
21.58	2.9564406779661017	0.3	-0.15475039505586452	0.223764116126823	0.004764736171208423	-0.0014271140893123396	18.83070182800293
21.58	2.9666101694915255	0.01	0.01183502956223247	0.1182540181926571	0.007844850313076288	0.005295853733989985	38.87666320800781
21.58	2.9666101694915255	0.02526315789473684	0.015022620864855113	0.13626994059194014	0.007742802632134645	0.005000422733154559	46.81759262084961
21.58	2.9666101694915255	0.04052631578947368	0.013359209951417862	0.14631300438613132	0.007627808700102141	0.004754474342802618	46.62942314147949
21.58	2.9666101694915255	0.05578947368421053	0.010478705717432407	0.1555663587336356	0.007229061462236555	0.0044299693499975385	43.11925506591797
21.58	2.9666101694915255	0.07105263157894737	0.006905185119430628	0.15903822061809925	0.007341580884022872	0.004188110166195985	39.965118408203125
21.58	2.9666101694915255	0.0863157894736842	0.004139735354292296	0.16371600123093671	0.007387797238278523	0.004239079953794691	37.89186477661133
21.58	2.9666101694915255	0.10157894736842105	0.0010867120382061063	0.16924334525213977	0.007545905505629573	0.004047188598878539	36.68255615234375
21.58	2.9666101694915255	0.11684210526315789	-0.0019851136686367932	0.17493181560109708	0.007263438535245449	0.00403587852440015	35.3241024017334
21.58	2.9666101694915255	0.13210526315789473	-0.006415383863644122	0.18247698876927942	0.0073433737277252015	0.0038922671645827077	33.742454528808594
21.58	2.9666101694915255	0.1473684210526316	-0.012459981454888509	0.19083067349072125	0.007179039408527975	0.0035855502083626638	31.79205894470215
21.58	2.9666101694915255	0.16263157894736843	-0.021952822938622597	0.20156303954079097	0.007186497113742592	0.00322432564177635	29.850574493408203
21.58	2.9666101694915255	0.17789473684210527	-0.03624550258307817	0.20902140685744103	0.00685843557906868	0.0027617894553890526	28.005569458007812
21.58	2.9666101694915255	0.1931578947368421	-0.05290830885558488	0.21331827589697652	0.00697815173802031	0.0024884009781721145	26.193859100341797
21.58	2.9666101694915255	0.20842105263157895	-0.07020389881134131	0.21751062196658905	0.006564110395075348	0.0020699720976730136	24.679107666015625
21.58	2.9666101694915255	0.2236842105263158	-0.08915400232368124	0.22002559574331126	0.006330009248317153	0.0015550123246280696	23.297697067260742
21.58	2.9666101694915255	0.23894736842105263	-0.10692559765598711	0.22101012735521391	0.0060737751916840445	0.0011061903070321293	22.252269744873047
21.58	2.9666101694915255	0.25421052631578944	-0.1251182815613502	0.22153263769006326	0.005770204949862385	0.000914552006271741	21.3244686126709
21.58	2.9666101694915255	0.2694736842105263	-0.14230910244524925	0.21989819065221183	0.005561341303677474	0.00047997879892286373	20.50847625732422
21.58	2.9666101694915255	0.2847368421052632	-0.15873437435310428	0.21882500625948698	0.00532277024251409	-0.00015662080513571054	19.80312728881836
21.58	2.9666101694915255	0.3	-0.17313152666940662	0.21680139261016168	0.005257948032866096	-0.0002304941930122985	19.194971084594727
21.58	2.9767796610169492	0.01	0.01724351529226329	0.15937114315757078	0.00855406887880289	0.00573719146726471	39.90284729003906
21.58	2.9767796610169492	0.02526315789473684	0.008246933261013294	0.18401103573569577	0.008175200398638626	0.005380934166178862	46.50043869018555
21.58	2.9767796610169492	0.04052631578947368	0.009723459521389265	0.18778012352713863	0.008104829196608765	0.005199878587648706	46.8725471496582
21.58	2.9767796610169492	0.05578947368421053	0.007529625633812211	0.19430019589790623	0.008015360474471208	0.004847992924646357	41.512027740478516
21.58	2.9767796610169492	0.07105263157894737	0.006923103496571235	0.19491448623093913	0.007808613688777992	0.004774062962507694	38.691572189331055
21.58	2.9767796610169492	0.0863157894736842	0.004965488975316566	0.19469438608255404	0.008034879556746312	0.005015861396725036	36.95783805847168
21.58	2.9767796610169492	0.10157894736842105	0.0039856786968394745	0.1944476943773934	0.00788340145078657	0.004795046810119594	35.68040084838867
21.58	2.9767796610169492	0.11684210526315789	0.0013578860567159564	0.19555750180932413	0.007615724700584791	0.004413845362104922	34.50458335876465
21.58	2.9767796610169492	0.13210526315789473	-0.0011728612643443336	0.1957978579795962	0.007745032044348559	0.004356653700308789	33.19501304626465
21.58	2.9767796610169492	0.1473684210526316	-0.006565868508780258	0.20030484722778386	0.007552791617134938	0.004299479274693883	31.56060028076172
21.58	2.9767796610169492	0.16263157894736843	-0.013594866808665711	0.20656865309988845	0.007561630000663809	0.004156106405086512	29.581085205078125
21.58	2.9767796610169492	0.17789473684210527	-0.02623591076971384	0.21383770328080046	0.007343377137540028	0.003697258440540219	27.7833251953125
21.58	2.9767796610169492	0.1931578947368421	-0.04149666214053714	0.21842367359235865	0.007170316737478694	0.003456198273401633	26.00787925720215
21.58	2.9767796610169492	0.20842105263157895	-0.05802818426719814	0.22000534714738745	0.007125974669909288	0.0029604167311821587	24.45929527282715
21.58	2.9767796610169492	0.2236842105263158	-0.07584865270072004	0.2227765596712965	0.0065425429416245675	0.0025766340412280006	23.130252838134766
21.58	2.9767796610169492	0.23894736842105263	-0.09351322976761839	0.22253976606382314	0.006656372892133932	0.0024923563649944733	22.002819061279297
21.58	2.9767796610169492	0.25421052631578944	-0.11071530929884316	0.22308079473023004	0.006228836530020477	0.0017983729429257773	21.08283805847168
21.58	2.9767796610169492	0.2694736842105263	-0.1285012795601636	0.22140019257367288	0.006191427352361233	0.0014372230763950262	20.27658462524414
21.58	2.9767796610169492	0.2847368421052632	-0.1446031122480184	0.21936501656473315	0.0059820217036804305	0.001553042365507385	19.587337493896484
21.58	2.9767796610169492	0.3	-0.1595343661506325	0.21751787039265666	0.005983422868489496	0.0013187148684702284	18.99749755859375
21.58	2.9869491525423726	0.01	0.03017011385360016	0.10699917667530334	0.00891914360715842	0.0057357459502596474	39.595863342285156
21.58	2.9869491525423726	0.02526315789473684	0.02034175361637533	0.1250229965642162	0.008858786455834572	0.00573795260254845	46.535579681396484
21.58	2.9869491525423726	0.04052631578947368	0.01683751457036048	0.13520240209559653	0.008785899840745195	0.005254221013573968	45.48709487915039
21.58	2.9869491525423726	0.05578947368421053	0.012262855768639534	0.13901351986001342	0.008635405733525336	0.005194048639650258	41.22164726257324
21.58	2.9869491525423726	0.07105263157894737	0.010132387951452219	0.14283239820520488	0.00871543613994155	0.004912256641292583	40.140785217285156
21.58	2.9869491525423726	0.0863157894736842	0.007485597171907242	0.1472290514023868	0.00857880220535654	0.004881029353312968	37.85823631286621
21.58	2.9869491525423726	0.10157894736842105	0.003724550826458794	0.15088148823531777	0.008388907301905333	0.00470017139876616	36.69157791137695
21.58	2.9869491525423726	0.11684210526315789	0.0009927546470263724	0.15437508841685452	0.008714578466224246	0.004805630199447097	35.35617256164551
21.58	2.9869491525423726	0.13210526315789473	-0.002333911592313086	0.15965189207328861	0.008401760832401243	0.004672188894187559	33.48735427856445
21.58	2.9869491525423726	0.1473684210526316	-0.00867366697889287	0.16756883569161785	0.008241071050195503	0.0045020145887293556	31.70281219482422
21.58	2.9869491525423726	0.16263157894736843	-0.016196112896022387	0.17465038307111158	0.008239067538479682	0.004524844403792031	29.583881378173828
21.58	2.9869491525423726	0.17789473684210527	-0.027412142071579576	0.18070786391019272	0.00787614023198056	0.004044090259288969	27.70439910888672
21.58	2.9869491525423726	0.1931578947368421	-0.043167056838455606	0.18496987903474285	0.00782519300712106	0.003856378971901197	25.860580444335938
21.58	2.9869491525423726	0.20842105263157895	-0.058292581836166785	0.18754204595445112	0.007855478036886824	0.0036712897699351064	24.291519165039062
21.58	2.9869491525423726	0.2236842105263158	-0.07659079450381745	0.18935620248141272	0.007168487770080221	0.0030332577081646295	22.977733612060547
21.58	2.9869491525423726	0.23894736842105263	-0.09421902021199405	0.1883911571140015	0.0072083471075265245	0.002843706770686639	21.90315818786621
21.58	2.9869491525423726	0.25421052631578944	-0.1116032048854651	0.18862432278619895	0.007122215435159351	0.0029154704093107744	20.956235885620117
21.58	2.9869491525423726	0.2694736842105263	-0.12891085155118726	0.18675006613993833	0.006714212390291698	0.0025556092898787507	20.15138053894043
21.58	2.9869491525423726	0.2847368421052632	-0.14508405285726997	0.1849800654454149	0.006582094400308429	0.002500609967352427	19.425344467163086
21.58	2.9869491525423726	0.3	-0.16012561424306118	0.18327395862401064	0.006528420702632879	0.0021566143051919046	18.799020767211914
21.58	2.997118644067797	0.01	0.028349425461810844	0.17859752171942755	0.009891202327387574	0.005598638960423631	41.09918212890625
21.58	2.997118644067797	0.02526315789473684	0.021173055448189208	0.19602015183635313	0.009691882774169686	0.005263718783119127	49.19938659667969
21.58	2.997118644067797	0.04052631578947368	0.013731743336137773	0.2006900872860547	0.009611555690372597	0.005409121923001321	43.88146209716797
21.58	2.997118644067797	0.05578947368421053	0.010342116552709816	0.20543659900749617	0.009581095599116733	0.0051912797022567484	38.803213119506836
21.58	2.997118644067797	0.07105263157894737	0.008316889366885644	0.20116213104458833	0.009320149088909883	0.0048831027106360355	36.23003005981445
21.58	2.997118644067797	0.0863157894736842	0.006043507237073829	0.19967801838839366	0.009315175289709321	0.004830689051812866	34.67944145202637
21.58	2.997118644067797	0.10157894736842105	0.004084720277809099	0.1956109241672346	0.00920789042812163	0.004979635251073403	33.4793586730957
21.58	2.997118644067797	0.11684210526315789	0.0007346185764456651	0.19528686916140098	0.009137958826438137	0.004934342500599513	32.37667465209961
21.58	2.997118644067797	0.13210526315789473	-0.0015547118691917926	0.19618219838496836	0.009155547019015157	0.004872366310531536	30.91456413269043
21.58	2.997118644067797	0.1473684210526316	-0.008118419391774058	0.1996520848469397	0.00890731866716765	0.004777111477609168	29.570093154907227
21.58	2.997118644067797	0.16263157894736843	-0.017022506935261607	0.2048962087826392	0.008863667466558867	0.004792341411515794	28.0133056640625
21.58	2.997118644067797	0.17789473684210527	-0.03223968185936478	0.2084057980137583	0.00858692154335705	0.004196964691331291	26.3604679107666
21.58	2.997118644067797	0.1931578947368421	-0.04693767428850201	0.20954750524039234	0.008416349309455937	0.0040369150584038515	24.902191162109375
21.58	2.997118644067797	0.20842105263157895	-0.06374648790328716	0.2090445456298739	0.008039857938922005	0.0036033838919433967	23.543201446533203
21.58	2.997118644067797	0.2236842105263158	-0.08049072660027953	0.2080005776340813	0.008048781083887194	0.0035385065967382815	22.345020294189453
21.58	2.997118644067797	0.23894736842105263	-0.09757796074950084	0.20603698857885044	0.008059914156939064	0.003462321338879718	21.356494903564453
21.58	2.997118644067797	0.25421052631578944	-0.11409153175295283	0.20275294888124054	0.007810135887467268	0.0033622466496310327	20.494873046875
21.58	2.997118644067797	0.2694736842105263	-0.12892244278977735	0.20034526434278346	0.007807907973420604	0.0030298614880123007	19.69681167602539
21.58	2.997118644067797	0.2847368421052632	-0.14379752117788155	0.19682487760387346	0.007577317124409956	0.0029336706477113292	19.05329132080078
21.58	2.997118644067797	0.3	-0.1566496631113136	0.1934230623736522	0.007318122148749304	0.002893331646577059	18.465110778808594
21.58	3.00728813559322	0.01	0.025644610265151302	0.10928934197570297	0.010524820640578072	0.004966621981639046	42.01288604736328
21.58	3.00728813559322	0.02526315789473684	0.017291484216109553	0.12904119472648115	0.010487836602336181	0.005248953481068531	46.26397705078125
21.58	3.00728813559322	0.04052631578947368	0.01736915200570377	0.1324987818694051	0.010249880271006404	0.004792106594950532	45.553144454956055
21.58	3.00728813559322	0.05578947368421053	0.01620661258319172	0.1382635903751786	0.010231610248304929	0.0048306239720570035	41.20158004760742
21.58	3.00728813559322	0.07105263157894737	0.009971073470960734	0.13837579074205833	0.009897297372053531	0.0047780068462371025	38.81020545959473
21.58	3.00728813559322	0.0863157894736842	0.009007558555229656	0.14234666652860833	0.009879246446241791	0.004823538287304426	36.59344482421875
21.58	3.00728813559322	0.10157894736842105	0.004687046868774081	0.14310771298747343	0.009806739981902488	0.004649486312734151	35.26425552368164
21.58	3.00728813559322	0.11684210526315789	0.0022809466617656573	0.14815783000936567	0.009783440808566937	0.0045024085615628425	33.747474670410156
21.58	3.00728813559322	0.13210526315789473	-0.001705934615758279	0.15319736411016271	0.00975265937280433	0.004815548797399172	32.2318000793457
21.58	3.00728813559322	0.1473684210526316	-0.008338615919349614	0.16152328035058716	0.009600829709313025	0.004597592727794218	30.36577796936035
21.58	3.00728813559322	0.16263157894736843	-0.01735427240317492	0.1679797201937556	0.009595290547583252	0.004576757864750101	28.657400131225586
21.58	3.00728813559322	0.17789473684210527	-0.03083139449223908	0.17288269646545612	0.009161766019094028	0.004184928200091228	26.975048065185547
21.58	3.00728813559322	0.1931578947368421	-0.04579258642931179	0.17544954581784428	0.00928643324253418	0.0038610070896270285	25.369384765625
21.58	3.00728813559322	0.20842105263157895	-0.06057331503552453	0.1769040458493632	0.009298470902587647	0.00406423989658878	23.994239807128906
21.58	3.00728813559322	0.2236842105263158	-0.07575193131521418	0.17729877624011134	0.009134740445734861	0.003787196696801239	22.7750244140625
21.58	3.00728813559322	0.23894736842105263	-0.09117992520511224	0.17634191246984993	0.009094662417029723	0.0038432066524578135	21.75716209411621
21.58	3.00728813559322	0.25421052631578944	-0.10641243750504331	0.1752962025853797	0.009070521840044952	0.003612630258810418	20.871280670166016
21.58	3.00728813559322	0.2694736842105263	-0.12038835816540609	0.1734410863321152	0.008755375500527934	0.003462722098895459	20.061256408691406
21.58	3.00728813559322	0.2847368421052632	-0.1338834252533395	0.170824895119096	0.008702778939825177	0.003131103703307387	19.383811950683594
21.58	3.00728813559322	0.3	-0.14525114941400322	0.1680154033538762	0.008603187672158008	0.003135356414551521	18.758047103881836
21.58	3.017457627118644	0.01	0.02512451511818144	0.16658375138164194	0.011049672331782449	0.004125726366939211	41.020477294921875
21.58	3.017457627118644	0.02526315789473684	0.023465508679032063	0.19622060075149567	0.01115127645581155	0.004328616210815832	48.292781829833984
21.58	3.017457627118644	0.04052631578947368	0.018361160615563133	0.19755138918504744	0.010996414356404364	0.004265331959933698	42.811767578125
21.58	3.017457627118644	0.05578947368421053	0.01565539733517144	0.19812108814463653	0.010861881496458984	0.004268339892573102	38.986595153808594
21.58	3.017457627118644	0.07105263157894737	0.01167929839160651	0.19212104124196033	0.010633788157503326	0.0040067968831720355	36.92852783203125
21.58	3.017457627118644	0.0863157894736842	0.009745912752094351	0.18854419455098173	0.010580766522667349	0.004157725411544929	34.91130447387695
21.58	3.017457627118644	0.10157894736842105	0.007434069381104691	0.1855792506696751	0.010647410242857725	0.004218685018363508	33.64771270751953
21.58	3.017457627118644	0.11684210526315789	0.004621713819175775	0.18533145281635344	0.010629869601923322	0.004053956525605825	32.72612953186035
21.58	3.017457627118644	0.13210526315789473	0.0015199410040474173	0.18616064400317328	0.010666182266985636	0.004328056528961035	31.417537689208984
21.58	3.017457627118644	0.1473684210526316	-0.0047806690841333275	0.1924203295419386	0.010674490521027	0.003975893899634678	30.01606559753418
21.58	3.017457627118644	0.16263157894736843	-0.016514995067292145	0.19872528612724627	0.010515215847093603	0.003929009971991031	28.547317504882812
21.58	3.017457627118644	0.17789473684210527	-0.03170280073714003	0.2021628925704316	0.010404220285334323	0.003738498741758629	26.974536895751953
21.58	3.017457627118644	0.1931578947368421	-0.04817032777581361	0.20571864352762687	0.010437847337078003	0.0037008886256349395	25.43391227722168
21.58	3.017457627118644	0.20842105263157895	-0.0657485166338013	0.20714687010843744	0.010392625793308997	0.0034051750855629117	23.969364166259766
21.58	3.017457627118644	0.2236842105263158	-0.08352308022735419	0.20871726434312848	0.010272119964013667	0.0031799241121025787	22.743244171142578
21.58	3.017457627118644	0.23894736842105263	-0.10068800198791328	0.20696976344667464	0.010230917492611314	0.003103844610906942	21.701826095581055
21.58	3.017457627118644	0.25421052631578944	-0.11754844003302753	0.20679008836492985	0.010234050077581757	0.0030070218305827973	20.776823043823242
21.58	3.017457627118644	0.2694736842105263	-0.1329060316057108	0.20521765252093874	0.010064155744126155	0.002853593034423888	19.98580551147461
21.58	3.017457627118644	0.2847368421052632	-0.14746134816381856	0.20299584391511127	0.010173784883604937	0.002927536933466095	19.341575622558594
21.58	3.017457627118644	0.3	-0.16090260458590228	0.20017204599322824	0.009941465232796352	0.0024382229549676023	18.711231231689453
21.58	3.0276271186440677	0.01	0.021861668550951858	0.10462820621075189	0.011810376451565099	0.0032418974033977463	40.40906524658203
21.58	3.0276271186440677	0.02526315789473684	0.021975360685570614	0.12481229433657678	0.011715490963431982	0.0031824505161375844	48.93863296508789
21.58	3.0276271186440677	0.04052631578947368	0.017506426644064467	0.12816538263693178	0.011740031715620495	0.003194182127866545	44.95536994934082
21.58	3.0276271186440677	0.05578947368421053	0.015250688527767401	0.13061244762304136	0.01142108270796115	0.00322475298561013	43.041744232177734
21.58	3.0276271186440677	0.07105263157894737	0.01244036606280615	0.13091272329416387	0.011351394418486661	0.003020103513031218	39.35723304748535
21.58	3.0276271186440677	0.0863157894736842	0.008479560012026049	0.1303593742843357	0.011320085317399997	0.003444100813990163	37.317691802978516
21.58	3.0276271186440677	0.10157894736842105	0.005618516928777393	0.13265661301341503	0.011425577330872027	0.0035588603113774066	35.52035903930664
21.58	3.0276271186440677	0.11684210526315789	0.002214877042875477	0.13552398675061228	0.01150550959422745	0.003448309883838737	34.38789176940918
21.58	3.0276271186440677	0.13210526315789473	-0.0010217123079785677	0.14028583118893836	0.011313997623020808	0.003398043821885583	33.070560455322266
21.58	3.0276271186440677	0.1473684210526316	-0.005736981340300073	0.1472783454536847	0.011485434764419006	0.003305547526411464	31.350475311279297
21.58	3.0276271186440677	0.16263157894736843	-0.015932968034025066	0.15634221027897813	0.011385901449079396	0.0031541218887579277	29.574939727783203
21.58	3.0276271186440677	0.17789473684210527	-0.028269633375015354	0.16249100670423733	0.011411417600505472	0.002892461735656964	27.757930755615234
21.58	3.0276271186440677	0.1931578947368421	-0.04320139040136735	0.1680907290286422	0.011570337480555705	0.0026963424032619364	25.947452545166016
21.58	3.0276271186440677	0.20842105263157895	-0.058472582270764094	0.17147916938732755	0.01133746509192671	0.0024631804985178643	24.437667846679688
21.58	3.0276271186440677	0.2236842105263158	-0.07413791914263201	0.17480522124813347	0.01132982827136965	0.002015976119045387	23.07514190673828
21.58	3.0276271186440677	0.23894736842105263	-0.09170674006312836	0.17536704419478977	0.011489062289434682	0.0022106102786066343	21.9339656829834
21.58	3.0276271186440677	0.25421052631578944	-0.1071414343532895	0.17574806092605194	0.011095845593332508	0.001690057706045206	21.00956153869629
21.58	3.0276271186440677	0.2694736842105263	-0.12362360005940065	0.17594398881781578	0.01164178433707655	0.0016576150317715783	20.20467758178711
21.58	3.0276271186440677	0.2847368421052632	-0.13811057639981378	0.17482941343921898	0.011505653281996483	0.001710437748763441	19.467512130737305
21.58	3.0276271186440677	0.3	-0.1523043919351411	0.1734470565074651	0.011332402113946902	0.0009584904258170529	18.87042999267578
21.58	3.037796610169491	0.01	0.02444158475878721	0.14807843102305823	0.01305353420222485	0.0019768803856075653	40.78250503540039
21.58	3.037796610169491	0.02526315789473684	0.02401581010577855	0.16620530099566366	0.012857237907626717	0.0021349688743592414	44.809627532958984
21.58	3.037796610169491	0.04052631578947368	0.01701995334384617	0.168459250637845	0.012750162301079344	0.002061885726309649	43.07295799255371
21.58	3.037796610169491	0.05578947368421053	0.012430876299123204	0.17046352620802313	0.012471653688725364	0.0018952564720896067	38.80586051940918
21.58	3.037796610169491	0.07105263157894737	0.00959134315265242	0.16739005055844275	0.012331880290134434	0.002180822373832871	36.18387222290039
21.58	3.037796610169491	0.0863157894736842	0.007209609787774198	0.16520984475732337	0.012254295476436246	0.0022579078254632836	34.79875564575195
21.58	3.037796610169491	0.10157894736842105	0.0032417410615099966	0.1657045796152885	0.012068519843564437	0.002036183710691425	33.734601974487305
21.58	3.037796610169491	0.11684210526315789	0.0008877468857182553	0.16538293376683544	0.012210545433158127	0.0020756783871486786	32.3696403503418
21.58	3.037796610169491	0.13210526315789473	-0.0028180268978935225	0.1672363569292356	0.012090050406819895	0.002248691049798299	31.358917236328125
21.58	3.037796610169491	0.1473684210526316	-0.008385052846752132	0.17188280281863821	0.012026188777357614	0.0020502978164907313	30.050003051757812
21.58	3.037796610169491	0.16263157894736843	-0.018306928176917932	0.1776891355913901	0.012286924015781716	0.0018762578626647037	28.547622680664062
21.58	3.037796610169491	0.17789473684210527	-0.03312512871965696	0.18411803270685548	0.012171580141904167	0.001533842700464421	26.825334548950195
21.58	3.037796610169491	0.1931578947368421	-0.049319500512513506	0.18607263575624683	0.012198939314867936	0.001096668042682698	25.211212158203125
21.58	3.037796610169491	0.20842105263157895	-0.06651547628827117	0.18804438122672001	0.01222930291623494	0.0008829309321651826	23.757816314697266
21.58	3.037796610169491	0.2236842105263158	-0.08585763109410291	0.18940027158396858	0.012266811735966547	0.0005293030947674702	22.52640724182129
21.58	3.037796610169491	0.23894736842105263	-0.10410639947362164	0.1887076232362555	0.012134811888857067	-5.9357837165549456e-05	21.41975975036621
21.58	3.037796610169491	0.25421052631578944	-0.12195821763940592	0.18767086747702932	0.012431976896128858	-3.7129473311355634e-05	20.50394058227539
21.58	3.037796610169491	0.2694736842105263	-0.14016201520331636	0.18555885493424507	0.012193496219093741	-0.0004684209988581935	19.711639404296875
21.58	3.037796610169491	0.2847368421052632	-0.1558314597777669	0.18332464985087651	0.012213014747736686	-0.0006613561275471793	19.04041290283203
21.58	3.037796610169491	0.3	-0.17140629856337478	0.18133186665207518	0.012360309369550265	-0.0011481007173962967	18.406389236450195
21.58	3.0479661016949153	0.01	0.010034197881327407	0.09305292931229248	0.013725197903321855	0.0004635884193838196	37.934539794921875
21.58	3.0479661016949153	0.02526315789473684	0.013258114862696666	0.111834909206558	0.01345404670955	0.00027872125884510464	48.967262268066406
21.58	3.0479661016949153	0.04052631578947368	0.01354092079957051	0.11188803599822367	0.013305542652771375	0.0004899349347475072	44.810455322265625
21.58	3.0479661016949153	0.05578947368421053	0.005872635328998209	0.11913435925841129	0.013047005915761165	0.00038957864288346165	39.19453239440918
21.58	3.0479661016949153	0.07105263157894737	0.004617536448787785	0.1190586344304998	0.013061261626755055	0.0008201691552890783	36.475955963134766
21.58	3.0479661016949153	0.0863157894736842	0.003216496041929225	0.12241424526460291	0.012697469868036621	0.000501069406694624	34.34247970581055
21.58	3.0479661016949153	0.10157894736842105	0.0005562845383372433	0.12503005521616434	0.012689658262861017	0.0008128714876867306	33.11754608154297
21.58	3.0479661016949153	0.11684210526315789	-0.0023910154982751943	0.1291351391916105	0.012565341728367898	0.0005539581832628181	31.850200653076172
21.58	3.0479661016949153	0.13210526315789473	-0.005535095541971525	0.13399706272733503	0.01272025858465258	0.0008851393040291155	30.593734741210938
21.58	3.0479661016949153	0.1473684210526316	-0.011336983061163488	0.14062919352412329	0.012628225976557172	0.0005899545986031619	29.235498428344727
21.58	3.0479661016949153	0.16263157894736843	-0.021758846992860348	0.1485430433936334	0.012809430778731935	0.00033204119019874536	27.67386245727539
21.58	3.0479661016949153	0.17789473684210527	-0.033313374275575194	0.15413367297127012	0.012937400557498901	-1.0377685228442144e-07	26.23780632019043
21.58	3.0479661016949153	0.1931578947368421	-0.04779019560269153	0.1578353319722145	0.012849581323881275	-0.000369556956801667	24.750118255615234
21.58	3.0479661016949153	0.20842105263157895	-0.06329016517452038	0.1589980926769703	0.012981537598187074	-0.0010309141967711172	23.437667846679688
21.58	3.0479661016949153	0.2236842105263158	-0.07785654505637359	0.15897575409370326	0.012860264682274941	-0.0015199700087373258	22.24812889099121
21.58	3.0479661016949153	0.23894736842105263	-0.09376460434791514	0.1585533083158996	0.012780305259236296	-0.001967997665882971	21.249345779418945
21.58	3.0479661016949153	0.25421052631578944	-0.10739809075148686	0.15665762300749753	0.012731730269047895	-0.0023027531695299598	20.349136352539062
21.58	3.0479661016949153	0.2694736842105263	-0.12332027778739016	0.15594618883596242	0.01263706623930801	-0.0027702735622784132	19.603076934814453
21.58	3.0479661016949153	0.2847368421052632	-0.13564246416917908	0.1530888052654451	0.012420951763812964	-0.0032191996070667387	18.92764663696289
21.58	3.0479661016949153	0.3	-0.1469468065338084	0.15042723060261387	0.012612382965341711	-0.003610052332898527	18.358644485473633
21.58	3.0581355932203387	0.01	0.009663535767619968	0.12598526111479774	0.014619789312889377	-0.0015485980869032667	40.55783462524414
21.58	3.0581355932203387	0.02526315789473684	0.015218043067877655	0.14765325287964123	0.014144586422578112	-0.001723238991941626	45.085365295410156
21.58	3.0581355932203387	0.04052631578947368	0.012469269787209294	0.15128127576211592	0.01379823280951	-0.0014649104239426829	44.39443588256836
21.58	3.0581355932203387	0.05578947368421053	0.008361735140454206	0.15555980765387542	0.01365526823667217	-0.0014611477683843788	38.07371711730957
21.58	3.0581355932203387	0.07105263157894737	0.006138935604591424	0.15437949359964942	0.013221379288617312	-0.0013085873452714659	34.912784576416016
21.58	3.0581355932203387	0.0863157894736842	0.004554629245300345	0.15592314810108754	0.01288416773803436	-0.0012214904484711107	33.207231521606445
21.58	3.0581355932203387	0.10157894736842105	0.0015035019199566846	0.1572715032795672	0.012891938535390345	-0.0008261026793082321	32.228708267211914
21.58	3.0581355932203387	0.11684210526315789	-0.0006518158186955454	0.15963658745831294	0.012962756522242836	-0.0008350812910396664	31.129554748535156
21.58	3.0581355932203387	0.13210526315789473	-0.006173055022212869	0.16388033721822962	0.012776434941361652	-0.0007942972229451745	29.875057220458984
21.58	3.0581355932203387	0.1473684210526316	-0.014629849929791891	0.170615035454371	0.012975033539595098	-0.0010670679302479638	28.644996643066406
21.58	3.0581355932203387	0.16263157894736843	-0.02702271839390196	0.17474956918585044	0.012638123530603841	-0.0015040275058113427	27.239599227905273
21.58	3.0581355932203387	0.17789473684210527	-0.04314142695640073	0.17742916492396865	0.012459497749284438	-0.0022384846783383015	25.795120239257812
21.58	3.0581355932203387	0.1931578947368421	-0.05928148710173589	0.17798357436357864	0.012484347603996443	-0.0027890177123398065	24.438011169433594
21.58	3.0581355932203387	0.20842105263157895	-0.07567882415799158	0.1773424703657413	0.01206107888082071	-0.0031164866355793204	23.14373779296875
21.58	3.0581355932203387	0.2236842105263158	-0.09273957406596947	0.1771356845420571	0.01218970090211398	-0.00407156050571572	22.07550621032715
21.58	3.0581355932203387	0.23894736842105263	-0.1089841440048322	0.17500196579499355	0.012210056004538186	-0.004137824468787556	21.092906951904297
21.58	3.0581355932203387	0.25421052631578944	-0.12463634232514045	0.17219123421667595	0.011969305217517927	-0.004775294526385066	20.273178100585938
21.58	3.0581355932203387	0.2694736842105263	-0.13924343610520912	0.16903186417324456	0.011725105357689329	-0.005341904145116983	19.530977249145508
21.58	3.0581355932203387	0.2847368421052632	-0.15188187887218974	0.16710782444002772	0.011816155797376346	-0.005641349554658462	18.86150360107422
21.58	3.0581355932203387	0.3	-0.16391311459968955	0.16314505092687875	0.011770258680942863	-0.0060998691292260794	18.331703186035156
21.58	3.068305084745763	0.01	-0.0004939352898315783	0.10378751671179168	0.014695392207229891	-0.004070428903170015	37.115928649902344
21.58	3.068305084745763	0.02526315789473684	0.003415622253725157	0.12385981358685133	0.014240251398552912	-0.004180940494977494	44.69890213012695
21.58	3.068305084745763	0.04052631578947368	0.002047070692116247	0.12632004486959963	0.013704910448365012	-0.0038710222125034085	43.75472450256348
21.58	3.068305084745763	0.05578947368421053	0.0027352574394729086	0.13218810108729562	0.013335559549938005	-0.0034898329740387195	40.13559532165527
21.58	3.068305084745763	0.07105263157894737	0.0023753992395188685	0.12855442331411793	0.01268572229369612	-0.0032245243177855395	36.92194747924805
21.58	3.068305084745763	0.0863157894736842	0.0014914934869568824	0.1337158769462901	0.012330340076238016	-0.0028565702025404567	34.41468811035156
21.58	3.068305084745763	0.10157894736842105	0.0010641055175926906	0.1349277544190881	0.011782251601340344	-0.0026087999835469238	33.12164115905762
21.58	3.068305084745763	0.11684210526315789	-0.001166591296946481	0.13733644964012176	0.011898984570126326	-0.0025457762101397585	31.85690689086914
21.58	3.068305084745763	0.13210526315789473	-0.005819287382341772	0.14075260589960353	0.011948074917846125	-0.0024716002235932004	30.37273597717285
21.58	3.068305084745763	0.1473684210526316	-0.014249929681540718	0.14942325387211366	0.011789589486164535	-0.0028652861830750424	29.096302032470703
21.58	3.068305084745763	0.16263157894736843	-0.025467249556582812	0.1542162939518088	0.011701947041313178	-0.0032580457335836554	27.43941879272461
21.58	3.068305084745763	0.17789473684210527	-0.03896697090579983	0.1575962646709153	0.011728213827466609	-0.0037833241381133266	25.95750617980957
21.58	3.068305084745763	0.1931578947368421	-0.052686068920785145	0.16024089724371424	0.011511968232549592	-0.0042291871314251005	24.47922134399414
21.58	3.068305084745763	0.20842105263157895	-0.06679021793043921	0.16200374915017435	0.01119229611349122	-0.004702140475124091	23.22406768798828
21.58	3.068305084745763	0.2236842105263158	-0.08071740688402404	0.16342594091845322	0.011160649946096871	-0.005386619549847375	22.19232749938965
21.58	3.068305084745763	0.23894736842105263	-0.09305568635110009	0.16246827155416477	0.011015768686261395	-0.005617416472669326	21.166913986206055
21.58	3.068305084745763	0.25421052631578944	-0.10583944618348233	0.1610474488145636	0.010757018771665372	-0.006207049374693873	20.348308563232422
21.58	3.068305084745763	0.2694736842105263	-0.11686625758663918	0.1592111461932341	0.01046857923834148	-0.0068566410967083585	19.64856719970703
21.58	3.068305084745763	0.2847368421052632	-0.1293837007922889	0.15742150937776306	0.010347621356732704	-0.007644133507772156	18.98073387145996
21.58	3.068305084745763	0.3	-0.1383997769868642	0.1557726128778305	0.010389196876775655	-0.007919041374389747	18.45745849609375
21.58	3.0784745762711863	0.01	0.010066667028638765	0.15031276632164386	0.013587805539708762	-0.006215229704667546	37.38449478149414
21.58	3.0784745762711863	0.02526315789473684	0.010633461472514314	0.15913414529588787	0.012896514647053596	-0.0059637224444993656	44.19161605834961
21.58	3.0784745762711863	0.04052631578947368	0.008572528901584149	0.16057375952961966	0.012349335896607241	-0.005645014188243491	41.566200256347656
21.58	3.0784745762711863	0.05578947368421053	0.006718495719657429	0.16010267601174644	0.011797108014371786	-0.005060259181013151	40.47469139099121
21.58	3.0784745762711863	0.07105263157894737	0.005721957212055579	0.15631785194874284	0.011221031701990077	-0.00441453961794579	38.40138053894043
21.58	3.0784745762711863	0.0863157894736842	0.003613596222104984	0.15734807070130966	0.010987726807053337	-0.0038026384547349286	35.8752384185791
21.58	3.0784745762711863	0.10157894736842105	0.00076233735989431	0.1564873822359097	0.010761355991888216	-0.003289565587281773	34.39592361450195
21.58	3.0784745762711863	0.11684210526315789	-0.003150197230565818	0.15871272580315188	0.01041732610512374	-0.003191114760509752	32.91537666320801
21.58	3.0784745762711863	0.13210526315789473	-0.00917956062621203	0.16239682617214335	0.010342043740200115	-0.0030182609004878944	31.66975975036621
21.58	3.0784745762711863	0.1473684210526316	-0.019916347572866346	0.16776276225772513	0.010415328010109718	-0.0034395622591197024	29.89659881591797
21.58	3.0784745762711863	0.16263157894736843	-0.03433954955107299	0.17288298452821388	0.010212357806318111	-0.0037434993704180274	28.066078186035156
21.58	3.0784745762711863	0.17789473684210527	-0.051681286994628546	0.17518379962101277	0.009906449273563125	-0.0044133277282042	26.365549087524414
21.58	3.0784745762711863	0.1931578947368421	-0.06945778924802895	0.1774330634133406	0.009846887772306002	-0.004822028965960958	24.780542373657227
21.58	3.0784745762711863	0.20842105263157895	-0.08645902880109375	0.17916105225147871	0.009662736095261956	-0.005640159632422013	23.444576263427734
21.58	3.0784745762711863	0.2236842105263158	-0.10299550286906435	0.17983435067349948	0.009448644314644646	-0.006182476934973979	22.26321029663086
21.58	3.0784745762711863	0.23894736842105263	-0.11947762125125574	0.18012625467168564	0.009146622659278725	-0.006472570492405351	21.27334213256836
21.58	3.0784745762711863	0.25421052631578944	-0.13513202806131863	0.17789653855948878	0.009258432499297115	-0.007153416320579266	20.466779708862305
21.58	3.0784745762711863	0.2694736842105263	-0.1496936235205545	0.17614584552871693	0.009049072672387203	-0.007466522409475264	19.70458221435547
21.58	3.0784745762711863	0.2847368421052632	-0.16342529742265477	0.17412874022141125	0.009072877642963438	-0.008239159084651691	19.03814125061035
21.58	3.0784745762711863	0.3	-0.1762733722034319	0.1714632209960001	0.008791926684877594	-0.008352969481185822	18.486698150634766
21.58	3.08864406779661	0.01	-0.008111342966876739	0.16635044409070185	0.011088271318091765	-0.006459441104945536	38.0090446472168
21.58	3.08864406779661	0.02526315789473684	-0.011593924221101923	0.16796065463345464	0.010821243858278654	-0.006024338848621366	43.66844177246094
21.58	3.08864406779661	0.04052631578947368	-0.005866982379476667	0.16629344400601082	0.01014292699032701	-0.005566948977905735	41.22127914428711
21.58	3.08864406779661	0.05578947368421053	-0.005611606930862306	0.16235206959420428	0.009673355018660524	-0.004865678847755205	39.84046173095703
21.58	3.08864406779661	0.07105263157894737	-0.005891452321331146	0.1543595663143842	0.009276752267439927	-0.0038602029065196593	37.017967224121094
21.58	3.08864406779661	0.0863157894736842	-0.005221179323954403	0.15226152311727303	0.009070635801514373	-0.003268564829716551	35.39122009277344
21.58	3.08864406779661	0.10157894736842105	-0.007491569917866857	0.14862271967642837	0.008730856356077158	-0.003044071569519731	33.93328094482422
21.58	3.08864406779661	0.11684210526315789	-0.009090013636515779	0.14848284142192456	0.008800184058200954	-0.0028536342465055736	32.75689506530762
21.58	3.08864406779661	0.13210526315789473	-0.01566073704836208	0.1495978124521125	0.008862336367309355	-0.0026123644412880047	31.478483200073242
21.58	3.08864406779661	0.1473684210526316	-0.024963267109624418	0.15412729844959844	0.008977004102800525	-0.0030371780081547024	29.819746017456055
21.58	3.08864406779661	0.16263157894736843	-0.03859500134995889	0.15952482847772928	0.008951961182172712	-0.0034922319686476588	27.985065460205078
21.58	3.08864406779661	0.17789473684210527	-0.054468767020472486	0.16133707938156788	0.008740117502960837	-0.0041265319677828375	26.257688522338867
21.58	3.08864406779661	0.1931578947368421	-0.06960008701865392	0.1655293067730358	0.008691877039901996	-0.004636148771451515	24.565242767333984
21.58	3.08864406779661	0.20842105263157895	-0.08693277319983414	0.1679725045034988	0.00826674965971641	-0.005243594460817219	23.2166690826416
21.58	3.08864406779661	0.2236842105263158	-0.1025913209290879	0.16869715952075548	0.008200356547918087	-0.005900641299643543	22.0870361328125
21.58	3.08864406779661	0.23894736842105263	-0.11652930254206825	0.1687605711328191	0.00809838551462689	-0.006353080039746935	21.11453628540039
21.58	3.08864406779661	0.25421052631578944	-0.13104823705364782	0.16785930239589408	0.007850579099199412	-0.006777675793176391	20.242380142211914
21.58	3.08864406779661	0.2694736842105263	-0.14498865637145306	0.16567706060036774	0.007728097316016816	-0.007236940638807359	19.53940200805664
21.58	3.08864406779661	0.2847368421052632	-0.1586339619833156	0.16404197438810414	0.007558877693791169	-0.007830896576149986	18.883014678955078
21.58	3.08864406779661	0.3	-0.1694102247697006	0.16167833820095728	0.007397049248420233	-0.008205235591261417	18.35373306274414
21.58	3.098813559322034	0.01	0.0008509491863319559	0.1671978829028632	0.009812299453796879	-0.004348806147421249	38.95274353027344
21.58	3.098813559322034	0.02526315789473684	-0.0033612395343711717	0.1693058846118476	0.009174691009293166	-0.0042287555109245785	41.7103385925293
21.58	3.098813559322034	0.04052631578947368	-0.002260294375429563	0.16661681792241162	0.00867081454549404	-0.0037831198350435228	40.64649963378906
21.58	3.098813559322034	0.05578947368421053	-0.005082168932114198	0.16302978109554545	0.008383101869178637	-0.0032299392293470776	40.10395812988281
21.58	3.098813559322034	0.07105263157894737	-0.006439970039338272	0.15660031738327973	0.007794306065340043	-0.0024240037567882055	38.48421859741211
21.58	3.098813559322034	0.0863157894736842	-0.010352395943465577	0.15213515035314057	0.007609352673079574	-0.0021744740511933833	36.66830635070801
21.58	3.098813559322034	0.10157894736842105	-0.01353291635458072	0.1479543645549056	0.0075253965517789855	-0.0018694112286954255	34.96225357055664
21.58	3.098813559322034	0.11684210526315789	-0.017127004952605433	0.14985805113100276	0.007654614852730771	-0.0015533457968509871	33.28688049316406
21.58	3.098813559322034	0.13210526315789473	-0.023846873957769438	0.15213783727502664	0.00767054128081446	-0.0017135906510810245	31.65047264099121
21.58	3.098813559322034	0.1473684210526316	-0.03437384015803778	0.1575399921324649	0.00782575955345299	-0.0021446006029330134	29.9796085357666
21.58	3.098813559322034	0.16263157894736843	-0.049005680075266504	0.16178940693456267	0.007764551380751692	-0.002696767007601254	28.0690860748291
21.58	3.098813559322034	0.17789473684210527	-0.06678889823181289	0.1644804127568338	0.007509633819791519	-0.003475094571204199	26.25051498413086
21.58	3.098813559322034	0.1931578947368421	-0.08332426731692633	0.16497140616644138	0.007745817228147345	-0.004121117501106506	24.725961685180664
21.58	3.098813559322034	0.20842105263157895	-0.10135176763622096	0.1666418034024533	0.007525273949659492	-0.004546877325072378	23.29924201965332
21.58	3.098813559322034	0.2236842105263158	-0.11845519789246847	0.1671610766462978	0.007297880788837964	-0.005390785832412906	22.168764114379883
21.58	3.098813559322034	0.23894736842105263	-0.13437155285025465	0.16502569632814906	0.007133076486552127	-0.005972964047238243	21.178077697753906
21.58	3.098813559322034	0.25421052631578944	-0.1502761947467409	0.16255186701403634	0.006818878098765381	-0.006328175436489301	20.3585205078125
21.58	3.098813559322034	0.2694736842105263	-0.16430696582048626	0.1593281497929997	0.006644941216868571	-0.00697064618380106	19.584075927734375
21.58	3.098813559322034	0.2847368421052632	-0.1782826509678611	0.15607902784161243	0.006452900504732496	-0.0071574710707879305	18.948165893554688
21.58	3.098813559322034	0.3	-0.1905867928874554	0.15318660029354472	0.006357771060934282	-0.0077692421027692644	18.40458106994629
21.58	3.1089830508474576	0.01	-0.008662124965823583	0.12022977597674309	0.008595316521525788	-0.0009012350763106384	40.145599365234375
21.58	3.1089830508474576	0.02526315789473684	-0.014675231837553274	0.12964063315025504	0.008185437725046728	-0.0010496122679013562	45.601844787597656
21.58	3.1089830508474576	0.04052631578947368	-0.012534722447574555	0.13790707734979052	0.007923163726894033	-0.001002334909296321	44.15431213378906
21.58	3.1089830508474576	0.05578947368421053	-0.013358650152125003	0.13909867454867605	0.007442581819367789	-0.0007610686463951226	39.41957473754883
21.58	3.1089830508474576	0.07105263157894737	-0.011958036367334968	0.13892093349795584	0.00702757103360376	-0.0005784890344759125	37.22949028015137
21.58	3.1089830508474576	0.0863157894736842	-0.013271503603930004	0.138369799724627	0.006750322083161461	-0.00033172120961096437	35.24869918823242
21.58	3.1089830508474576	0.10157894736842105	-0.014089578843588364	0.13557913633327529	0.007000564026811056	-0.0002237258116539825	33.61484146118164
21.58	3.1089830508474576	0.11684210526315789	-0.016452902607299744	0.1380209433983179	0.0068612941789145	-0.00041877323132202544	32.19992446899414
21.58	3.1089830508474576	0.13210526315789473	-0.019901628330062187	0.14147834642338464	0.006976407355349033	-0.00037786882097852654	30.799955368041992
21.58	3.1089830508474576	0.1473684210526316	-0.02980116118322224	0.1471365958057799	0.007050660826984216	-0.0008074080722316983	29.313249588012695
21.58	3.1089830508474576	0.16263157894736843	-0.04224310421030136	0.15096500083585163	0.006922197677067981	-0.0016166139724727471	27.804847717285156
21.58	3.1089830508474576	0.17789473684210527	-0.056181667590662655	0.15373363400233975	0.006762737649544605	-0.002413319424031329	26.222034454345703
21.58	3.1089830508474576	0.1931578947368421	-0.07101893853412518	0.1553690953838962	0.006724898305548671	-0.0030438362262159733	24.63994598388672
21.58	3.1089830508474576	0.20842105263157895	-0.08529144245677997	0.15711978571682816	0.0064108800937555145	-0.003547367772780744	23.283912658691406
21.58	3.1089830508474576	0.2236842105263158	-0.0994905523998092	0.15700557118166983	0.006218041860511875	-0.004257692729516826	22.116962432861328
21.58	3.1089830508474576	0.23894736842105263	-0.11366060282266302	0.15656797564143593	0.006139927651593753	-0.004629793804907502	21.164499282836914
21.58	3.1089830508474576	0.25421052631578944	-0.12711620782424474	0.15495701216105626	0.005727558665802693	-0.005357372633150769	20.31769561767578
21.58	3.1089830508474576	0.2694736842105263	-0.13904660646726155	0.15224017210249113	0.00551564411390092	-0.005750044431614107	19.60926055908203
21.58	3.1089830508474576	0.2847368421052632	-0.15004438574568787	0.14998961435105027	0.005401054196092754	-0.006266307659394325	18.968162536621094
21.58	3.1089830508474576	0.3	-0.16079757797188787	0.1465479913922056	0.005036081553556494	-0.006676863791325958	18.401391983032227
21.58	3.1191525423728814	0.01	-0.00448651301331552	0.07089257275779094	0.007807099709671224	0.001515916775503373	39.99970245361328
21.58	3.1191525423728814	0.02526315789473684	-0.004406876737547243	0.09245755633432715	0.007486767992527587	0.00115772729931727	42.63121795654297
21.58	3.1191525423728814	0.04052631578947368	-0.005692185337019287	0.10452421268541665	0.0071417760875163525	0.001110534920032148	44.14843559265137
21.58	3.1191525423728814	0.05578947368421053	-0.008099869374481167	0.11129230671190021	0.006997739991972028	0.0011281292802935914	41.433189392089844
21.58	3.1191525423728814	0.07105263157894737	-0.010882655311169177	0.11399904228860325	0.006685340912556495	0.0009652552872093473	37.91331481933594
21.58	3.1191525423728814	0.0863157894736842	-0.013762314103595377	0.1169006765589049	0.006585981078912918	0.0011417550861746693	36.19699287414551
21.58	3.1191525423728814	0.10157894736842105	-0.015217615149966841	0.11809680766909625	0.0064215528580257135	0.0010078422453456731	34.24675941467285
21.58	3.1191525423728814	0.11684210526315789	-0.018468445182596736	0.12413798388751933	0.006557863509109154	0.0009500852543188247	32.489580154418945
21.58	3.1191525423728814	0.13210526315789473	-0.023107422065739926	0.12933771162952074	0.0067270123026295925	0.0008788878087689859	31.01975440979004
21.58	3.1191525423728814	0.1473684210526316	-0.03117069386122946	0.1374458960051101	0.006551332174907147	0.0004521917966959035	29.56046485900879
21.58	3.1191525423728814	0.16263157894736843	-0.04301836336441536	0.14144627184988107	0.006522594261089977	-0.00023183003572551942	28.056888580322266
21.58	3.1191525423728814	0.17789473684210527	-0.05622092193494179	0.14497807167201984	0.0061704908874359	-0.0011628320690764901	26.377464294433594
21.58	3.1191525423728814	0.1931578947368421	-0.07107052334154583	0.14738760599132378	0.006167291416286724	-0.0018582277956941664	24.90773582458496
21.58	3.1191525423728814	0.20842105263157895	-0.08434708111713206	0.1485192274390286	0.005903573041123645	-0.002327859033309599	23.526371002197266
21.58	3.1191525423728814	0.2236842105263158	-0.0991419106423754	0.14901299649272198	0.00577909434840021	-0.0029672388023991646	22.312273025512695
21.58	3.1191525423728814	0.23894736842105263	-0.11247852495018255	0.14799491629979222	0.005403971249676801	-0.0034442747493282156	21.367984771728516
21.58	3.1191525423728814	0.25421052631578944	-0.12629095743488383	0.14652178426782253	0.00523064171013974	-0.004096600538518671	20.475263595581055
21.58	3.1191525423728814	0.2694736842105263	-0.13792141445478728	0.1443878308338999	0.004969384584251612	-0.004367088672293193	19.74703025817871
21.58	3.1191525423728814	0.2847368421052632	-0.14967052925817514	0.14199497948068443	0.004755803412331673	-0.0049622940930159724	19.119247436523438
21.58	3.1191525423728814	0.3	-0.1586999114647157	0.1400438428593948	0.004474057145921915	-0.0055668847967492415	18.547971725463867
21.58	3.1293220338983048	0.01	0.004080874095892266	0.0676497817708328	0.007690853344942443	0.003277098736687966	39.59613037109375
21.58	3.1293220338983048	0.02526315789473684	-0.004382303566643292	0.09395262241665303	0.007387783408998215	0.0030931848454733533	48.32807922363281
21.58	3.1293220338983048	0.04052631578947368	-0.0026409559184399183	0.1033421300940591	0.007352896726017169	0.0029012837246240736	43.86976623535156
21.58	3.1293220338983048	0.05578947368421053	-0.006200844957464633	0.11332506056711104	0.006940521121576427	0.002819031455315605	39.852874755859375
21.58	3.1293220338983048	0.07105263157894737	-0.0070747053188041295	0.11429310242352339	0.006626489223734619	0.002561153148217073	37.42492485046387
21.58	3.1293220338983048	0.0863157894736842	-0.006936995841819088	0.11633933280068709	0.006736015501909214	0.002729287188758265	34.94320297241211
21.58	3.1293220338983048	0.10157894736842105	-0.00795158685873838	0.11988272318939212	0.006643150361586379	0.002397861504850679	33.716970443725586
21.58	3.1293220338983048	0.11684210526315789	-0.010164463957841525	0.12363887702178628	0.006586890201290211	0.002114793841233978	32.14120864868164
21.58	3.1293220338983048	0.13210526315789473	-0.014263650127174354	0.12798075644916107	0.006616400217229347	0.001896982826766348	30.819744110107422
21.58	3.1293220338983048	0.1473684210526316	-0.019505691718729238	0.13537280738039123	0.006555199445021509	0.0016362718674971428	29.103015899658203
21.58	3.1293220338983048	0.16263157894736843	-0.028859374862583376	0.1429014048693906	0.006313449940019011	0.000880473154687202	27.707136154174805
21.58	3.1293220338983048	0.17789473684210527	-0.04149006512430499	0.14713984310312378	0.006208371088079956	0.0003731366080697748	26.138795852661133
21.58	3.1293220338983048	0.1931578947368421	-0.05427138489154171	0.15153137065155614	0.006018104163293771	-0.00024723874684073053	24.677412033081055
21.58	3.1293220338983048	0.20842105263157895	-0.06860244985146605	0.15302436147653303	0.005679779308237494	-0.0008366285160610919	23.31136703491211
21.58	3.1293220338983048	0.2236842105263158	-0.08283539703989556	0.15469310311204557	0.005726085846901491	-0.0012599531428085908	22.115821838378906
21.58	3.1293220338983048	0.23894736842105263	-0.09705646327639153	0.154521224178139	0.005250262942819767	-0.0017770796565591462	21.13745880126953
21.58	3.1293220338983048	0.25421052631578944	-0.10987293051494526	0.15545813094244823	0.0048938314977129	-0.002101621010179737	20.307029724121094
21.58	3.1293220338983048	0.2694736842105263	-0.12319995695216379	0.15349166978634982	0.004789634293193019	-0.0028113042712515	19.5562744140625
21.58	3.1293220338983048	0.2847368421052632	-0.13337520995335314	0.15209453501120979	0.004520226868317172	-0.003028530772892491	18.902305603027344
21.58	3.1293220338983048	0.3	-0.14502434561288927	0.15068591833333733	0.00421127930048917	-0.0035710278373451074	18.361421585083008
21.58	3.139491525423729	0.01	0.00893225839101701	0.03896335363607176	0.008204801604967862	0.004348734007479821	39.36493682861328
21.58	3.139491525423729	0.02526315789473684	0.005635251816441219	0.0638525433700208	0.0077515196778289025	0.004036061052469439	45.10976028442383
21.58	3.139491525423729	0.04052631578947368	0.0023182494823951834	0.07127190529133132	0.007734211654729765	0.0039670079570863406	42.834503173828125
21.58	3.139491525423729	0.05578947368421053	-0.002491477663371193	0.07836519481785997	0.007339705765231418	0.0036421342081576977	39.272621154785156
21.58	3.139491525423729	0.07105263157894737	-0.00489471790462703	0.08220597124633836	0.0073669039011347035	0.003394272580455735	36.254791259765625
21.58	3.139491525423729	0.0863157894736842	-0.008011037025339535	0.0886080163441634	0.007233766602400956	0.003281137587315173	34.027029037475586
21.58	3.139491525423729	0.10157894736842105	-0.01121060243595355	0.09162131127938986	0.007199452553167623	0.003274977147958666	32.601173400878906
21.58	3.139491525423729	0.11684210526315789	-0.01447393840744997	0.09878040339569776	0.006995735981608427	0.003337797354180325	31.156761169433594
21.58	3.139491525423729	0.13210526315789473	-0.019081756310611014	0.10670499533186882	0.007153009190214484	0.002998212854873815	29.761497497558594
21.58	3.139491525423729	0.1473684210526316	-0.026323250194865186	0.11624754655748729	0.006981331780688756	0.0026851823161280104	28.41215705871582
21.58	3.139491525423729	0.16263157894736843	-0.037222147010233686	0.12410757667647315	0.006720149934544147	0.0021062331856967252	27.08209991455078
21.58	3.139491525423729	0.17789473684210527	-0.05071961788538794	0.12912282216828647	0.006449850284506656	0.0015552442256932747	25.635520935058594
21.58	3.139491525423729	0.1931578947368421	-0.06441985943432849	0.13304491757415568	0.006177722822212417	0.0009371655075646736	24.18773078918457
21.58	3.139491525423729	0.20842105263157895	-0.07941347938894315	0.13709138186353947	0.006027967199148074	0.00018438508142297756	22.917247772216797
21.58	3.139491525423729	0.2236842105263158	-0.0941019200631606	0.137805605372379	0.00584026850296629	-5.551666195489094e-05	21.762012481689453
21.58	3.139491525423729	0.23894736842105263	-0.10983620744217909	0.1401761887308035	0.005412923158946064	-0.0004288197518223187	20.793493270874023
21.58	3.139491525423729	0.25421052631578944	-0.12348708953092477	0.13963172879100877	0.005144608284851559	-0.000925408406429858	19.97185707092285
21.58	3.139491525423729	0.2694736842105263	-0.13724149680201	0.13814464803444165	0.00490849889169752	-0.0012980486525623635	19.243083953857422
21.58	3.139491525423729	0.2847368421052632	-0.1503963025285363	0.1375359303449991	0.004775041926720432	-0.0015728171126386645	18.635099411010742
21.58	3.139491525423729	0.3	-0.16109307054415942	0.1372180151885154	0.0044424437901969555	-0.002006443344374608	18.053794860839844
21.58	3.1496610169491523	0.01	0.008967107105849274	0.07444138518523015	0.008157985760206847	0.004637136014682519	40.539520263671875
21.58	3.1496610169491523	0.02526315789473684	0.00948823414564147	0.09827210581353267	0.00797644702805864	0.004398819571165034	47.07015609741211
21.58	3.1496610169491523	0.04052631578947368	0.0033484788966180313	0.10597092783501705	0.007816828083330292	0.0041459399064159574	41.97013282775879
21.58	3.1496610169491523	0.05578947368421053	0.0023952634428442915	0.11401421278206958	0.007668346031230281	0.0042530246873547055	37.93693542480469
21.58	3.1496610169491523	0.07105263157894737	-0.0006553188368397331	0.1148594373757192	0.007721036399898631	0.003986111266649002	35.38889503479004
21.58	3.1496610169491523	0.0863157894736842	-0.0035096149641898862	0.11419674785552736	0.007823373609217272	0.004138528753073387	33.422943115234375
21.58	3.1496610169491523	0.10157894736842105	-0.005828252374834331	0.11755379358633611	0.007538503500556367	0.003833548240324198	31.93048667907715
21.58	3.1496610169491523	0.11684210526315789	-0.00866934372706079	0.120918893408065	0.007459754897875479	0.003526273163628097	30.522005081176758
21.58	3.1496610169491523	0.13210526315789473	-0.013867541096524525	0.12742118758758272	0.00747934338990711	0.0035389989371652645	29.282583236694336
21.58	3.1496610169491523	0.1473684210526316	-0.022272854271696133	0.1355169943315324	0.00748269532594135	0.003197843243888788	27.859844207763672
21.58	3.1496610169491523	0.16263157894736843	-0.03578329728267884	0.14194667323380505	0.007095450250167358	0.0026336256958456017	26.60099983215332
21.58	3.1496610169491523	0.17789473684210527	-0.05064535149656031	0.1445467928692678	0.006846539617950051	0.0022909831246505754	25.156326293945312
21.58	3.1496610169491523	0.1931578947368421	-0.06777002328241974	0.1470079747733407	0.006606260724916078	0.0016286031959606606	23.859817504882812
21.58	3.1496610169491523	0.20842105263157895	-0.0841008977255278	0.1486058998174993	0.006367470384768868	0.0015014203063681046	22.623058319091797
21.58	3.1496610169491523	0.2236842105263158	-0.10116286594385926	0.1493596999479049	0.006027958111756283	0.0010356707004627761	21.536235809326172
21.58	3.1496610169491523	0.23894736842105263	-0.11744381842693902	0.14948725702935606	0.005910050434679483	0.0005632864705882968	20.556344985961914
21.58	3.1496610169491523	0.25421052631578944	-0.13388738375181924	0.14691675919104136	0.005598560774568139	0.0001866763727516217	19.778560638427734
21.58	3.1496610169491523	0.2694736842105263	-0.1476024345686099	0.14611064640195442	0.005246578851482153	-0.00013073183374994498	19.070045471191406
21.58	3.1496610169491523	0.2847368421052632	-0.16140175056264777	0.14350895717163123	0.004929388100980094	-0.000685372576234427	18.474220275878906
21.58	3.1496610169491523	0.3	-0.1726942412364898	0.14071156246689198	0.004950986218066882	-0.000795151235539417	17.890167236328125
21.58	3.159830508474576	0.01	0.011135241368680982	0.06856136690632458	0.008611457549726089	0.0048423879579185805	41.47811508178711
21.58	3.159830508474576	0.02526315789473684	0.014637242644381966	0.084950083182699	0.008491632181290176	0.004940529832010474	47.05723190307617
21.58	3.159830508474576	0.04052631578947368	0.006579887262900411	0.08222023422659136	0.008484310443623534	0.004671668464397701	42.0804557800293
21.58	3.159830508474576	0.05578947368421053	0.002188470827071974	0.08310780663396458	0.00825404898189429	0.004382927299065818	37.738149642944336
21.58	3.159830508474576	0.07105263157894737	-0.0023089827960446263	0.07895532359689558	0.0081480644875857	0.004380052047245361	35.0926513671875
21.58	3.159830508474576	0.0863157894736842	-0.005581609946044232	0.08127380087972008	0.00815436248705661	0.004268063915047015	33.453956604003906
21.58	3.159830508474576	0.10157894736842105	-0.009407449879501591	0.08431364200470387	0.007888922711226003	0.004059937496900008	32.18791198730469
21.58	3.159830508474576	0.11684210526315789	-0.013188936525541012	0.08917807897188583	0.00791509979791877	0.004022520942349134	30.716955184936523
21.58	3.159830508474576	0.13210526315789473	-0.018132298403186472	0.09636870083601821	0.007981013165648488	0.004002207245250092	29.550308227539062
21.58	3.159830508474576	0.1473684210526316	-0.028495567149555173	0.10434654090792606	0.007769273144568158	0.0038116880332685053	28.267026901245117
21.58	3.159830508474576	0.16263157894736843	-0.04121309725100426	0.10977007745728187	0.007581903812903952	0.003388325929334481	26.945716857910156
21.58	3.159830508474576	0.17789473684210527	-0.05617184894346468	0.11555349328269944	0.007184347227909789	0.002902845266497193	25.420021057128906
21.58	3.159830508474576	0.1931578947368421	-0.07128181582432183	0.1181940135206151	0.006848378534657136	0.0022741216840115033	24.05870819091797
21.58	3.159830508474576	0.20842105263157895	-0.08657046445717162	0.12122540657858738	0.006567089510387704	0.0020957869606019718	22.791955947875977
21.58	3.159830508474576	0.2236842105263158	-0.10230246671547243	0.12225890343527684	0.006172481523132844	0.001770743228301573	21.70167350769043
21.58	3.159830508474576	0.23894736842105263	-0.11786474750972883	0.12116897268118013	0.006113691899115179	0.0014292912875345696	20.73258399963379
21.58	3.159830508474576	0.25421052631578944	-0.13086478701500637	0.12074554020312464	0.006012533316739888	0.0013465774040824336	19.91371726989746
21.58	3.159830508474576	0.2694736842105263	-0.1441611735140138	0.11920267755138977	0.005614137900894186	0.001015339302581705	19.218521118164062
21.58	3.159830508474576	0.2847368421052632	-0.15619716814152684	0.116592614056741	0.005352842144096573	0.0006780689820928389	18.578859329223633
21.58	3.159830508474576	0.3	-0.1675345363318154	0.11528349861708762	0.005162123904923276	0.0004254784440902897	18.028644561767578
21.58	3.17	0.01	0.008901470691042329	0.09723274454680565	0.009243136308290194	0.004972029323967323	39.65447998046875
21.58	3.17	0.02526315789473684	0.015344962937623037	0.11084706104310155	0.009234764376090969	0.004935123324089833	47.45146942138672
21.58	3.17	0.04052631578947368	0.011347895575552953	0.10773594631763098	0.008896193266703987	0.004507915197559956	43.44899559020996
21.58	3.17	0.05578947368421053	0.006801341856533702	0.10975569910894649	0.00886959580201454	0.004518173214167344	39.51042938232422
21.58	3.17	0.07105263157894737	0.0033589390936250526	0.10671155344551315	0.008806369686403224	0.004605454156051049	36.93300437927246
21.58	3.17	0.0863157894736842	0.000817066499832544	0.10591169923753277	0.00874123055536477	0.004569071525991088	34.75622367858887
21.58	3.17	0.10157894736842105	-0.001797498740820933	0.10617669446192446	0.008828730901240686	0.00455229539571058	33.33939743041992
21.58	3.17	0.11684210526315789	-0.004244549294567454	0.10823679928699274	0.008563092270228874	0.004214470541312966	32.149017333984375
21.58	3.17	0.13210526315789473	-0.00971530574174297	0.1110674326509121	0.008372583136535184	0.0042702086586154046	30.837417602539062
21.58	3.17	0.1473684210526316	-0.01835623658380332	0.11817728340332982	0.008219873901218018	0.004109553304194734	29.210481643676758
21.58	3.17	0.16263157894736843	-0.030377645151474057	0.12198105365909291	0.007913277209994872	0.003923934895120639	27.8272705078125
21.58	3.17	0.17789473684210527	-0.04449383312914865	0.12460611124257945	0.007739837986904769	0.003389538043548912	26.206924438476562
21.58	3.17	0.1931578947368421	-0.059425953759897454	0.12726930459647234	0.007408165967738503	0.0033355560001148378	24.62541389465332
21.58	3.17	0.20842105263157895	-0.07384125169693212	0.1271738940861264	0.007202513748698798	0.0027710578819480124	23.275997161865234
21.58	3.17	0.2236842105263158	-0.08837232775541555	0.12864733686951652	0.007066848350142058	0.0026601957863405692	22.049020767211914
21.58	3.17	0.23894736842105263	-0.10316693635382865	0.12728767177461542	0.0066798918944285385	0.002458875179483743	21.09015464782715
21.58	3.17	0.25421052631578944	-0.11707372965016574	0.12659935659169114	0.006518890778362064	0.0020805908777148732	20.240787506103516
21.58	3.17	0.2694736842105263	-0.13052232620944332	0.12518169959672387	0.006278837041291651	0.001890290610292302	19.497983932495117
21.58	3.17	0.2847368421052632	-0.1408831839373808	0.12227297122022728	0.0061127188193593855	0.0016148430373433965	18.857891082763672
21.58	3.17	0.3	-0.151718408071297	0.11968346671797925	0.005871135592518633	0.0012816792128930027	18.273250579833984
23.738	2.57	0.01	-0.01437666416168213	0.2660363674163818	0.007686549370421593	0.002733403627442455	36.07996368408203
23.738	2.57	0.02526315789473684	-0.024274224925687808	0.2740174621900764	0.0076890256034542566	0.0025244328716751852	46.66783905029297
23.738	2.57	0.04052631578947368	-0.019747037578275693	0.28745459025709297	0.0077265503594984	0.0022489870024827024	45.203338623046875
23.738	2.57	0.05578947368421053	-0.022905600441521293	0.2966198424667342	0.007578715415425289	0.0022316421498060884	41.11193656921387
23.738	2.57	0.07105263157894737	-0.02100685518038857	0.3053272779889626	0.007312298058479272	0.001931213437902327	38.9035758972168
23.738	2.57	0.0863157894736842	-0.020729301495379087	0.31271174390318224	0.007148642043193218	0.0019861779594040167	36.60196304321289
23.738	2.57	0.10157894736842105	-0.01994375106682467	0.31544824802300314	0.006967689274692568	0.0018742728480858606	34.9828987121582
23.738	2.57	0.11684210526315789	-0.02145983535149581	0.31852778030715445	0.006917064142321215	0.0019786782918756627	33.59406661987305
23.738	2.57	0.13210526315789473	-0.02210543481117781	0.31866246263546605	0.0068846903669032775	0.0019478329681592845	32.261240005493164
23.738	2.57	0.1473684210526316	-0.023894886347201796	0.3190932989631893	0.0067763772842943755	0.002209215170413196	30.716413497924805
23.738	2.57	0.16263157894736843	-0.02692007096551094	0.31958127820856136	0.006559607653244997	0.0020638650764769396	29.358760833740234
23.738	2.57	0.17789473684210527	-0.031726768171151304	0.3212796953901761	0.006725099347712329	0.0020479404132554293	27.96739959716797
23.738	2.57	0.1931578947368421	-0.038933204417784834	0.32207387028486667	0.00663658859202337	0.0017043672169292324	26.3894100189209
23.738	2.57	0.20842105263157895	-0.04859707602914489	0.32356446137581746	0.006547277806107787	0.0014185576888975531	24.890615463256836
23.738	2.57	0.2236842105263158	-0.059746661064156256	0.32346364621916157	0.006628349182522189	0.0013019684232529112	23.591632843017578
23.738	2.57	0.23894736842105263	-0.07263718602982767	0.3235680666583429	0.006372240887960248	0.0009524607440799382	22.519573211669922
23.738	2.57	0.25421052631578944	-0.08709396330443628	0.3222481806593787	0.00625287313588805	0.00043935020113333457	21.52057456970215
23.738	2.57	0.2694736842105263	-0.10055745066424941	0.3208066667713956	0.006363536085275713	0.0004807371535533098	20.773826599121094
23.738	2.57	0.2847368421052632	-0.11411190257628714	0.3181833034328968	0.006003823899608089	9.262828421308629e-05	20.143272399902344
23.738	2.57	0.3	-0.12764379968064452	0.31375542463246986	0.005782223443246131	2.8317154883315354e-05	19.632061004638672
23.738	2.5801694915254236	0.01	-0.008486386818251803	0.29018516821512624	0.0071031451736058415	0.00510536102845298	33.83246612548828
23.738	2.5801694915254236	0.02526315789473684	-0.013129731437317087	0.2921952277085339	0.007026591882956547	0.0049260070424879555	44.938655853271484
23.738	2.5801694915254236	0.04052631578947368	-0.013833842367461088	0.2974173275856928	0.0068058911932963526	0.004503647926828221	46.339439392089844
23.738	2.5801694915254236	0.05578947368421053	-0.015574543864062193	0.30054206010984935	0.00676964864124567	0.004226249803702474	42.273244857788086
23.738	2.5801694915254236	0.07105263157894737	-0.01674091512017525	0.30320533012139367	0.0067240238649629745	0.0037803566815006505	39.258562088012695
23.738	2.5801694915254236	0.0863157894736842	-0.016054007745782417	0.3061845069205064	0.006858608283364546	0.003936133383536492	36.902442932128906
23.738	2.5801694915254236	0.10157894736842105	-0.015202823709938675	0.30566451209114265	0.006465518480382241	0.0034984011474450084	35.354835510253906
23.738	2.5801694915254236	0.11684210526315789	-0.015474142848392642	0.3073021531978569	0.006752356553789364	0.0036357761387450288	33.94838523864746
23.738	2.5801694915254236	0.13210526315789473	-0.015390667274359287	0.3084992435757502	0.006599316280138147	0.0034715882209452207	31.672378540039062
23.738	2.5801694915254236	0.1473684210526316	-0.016098084137072012	0.30782200875329835	0.006539205999964315	0.0032899109630120274	30.334321975708008
23.738	2.5801694915254236	0.16263157894736843	-0.017284424049309625	0.30913468585278425	0.006617163123430235	0.0034646013106181127	29.28559684753418
23.738	2.5801694915254236	0.17789473684210527	-0.019785517599327312	0.31267204878114807	0.0064867193671808345	0.003336678126551422	28.457656860351562
23.738	2.5801694915254236	0.1931578947368421	-0.024087567661320457	0.314260829939912	0.006486618980839107	0.002927784982024722	27.22744369506836
23.738	2.5801694915254236	0.20842105263157895	-0.03152849232470817	0.31585531685474905	0.006244441321820681	0.002347102160488144	25.704753875732422
23.738	2.5801694915254236	0.2236842105263158	-0.041541783721470896	0.31672708326759164	0.006268933492537821	0.0023075502475387224	24.3576717376709
23.738	2.5801694915254236	0.23894736842105263	-0.052948280344373384	0.31705253292797364	0.006225147369565082	0.002247791200039127	23.172901153564453
23.738	2.5801694915254236	0.25421052631578944	-0.06670149918724674	0.31740268964312424	0.006017513191825448	0.0019233392603738898	22.118358612060547
23.738	2.5801694915254236	0.2694736842105263	-0.07990962881673952	0.3164374764262831	0.0059620683691787675	0.0018733009398958402	21.26946258544922
23.738	2.5801694915254236	0.2847368421052632	-0.09356142293993387	0.3140585367746397	0.005749865075911244	0.0013451855505438157	20.630802154541016
23.738	2.5801694915254236	0.3	-0.10722789873700596	0.31198843339846727	0.005502213683673784	0.0011541084803313307	20.051681518554688
23.738	2.5903389830508474	0.01	-0.009342003961615332	0.21419981340335004	0.007729422121071857	0.005877279694904416	35.44908142089844
23.738	2.5903389830508474	0.02526315789473684	-0.021639062067084082	0.23292234758303754	0.007390703582775626	0.0056255470109492205	42.09273147583008
23.738	2.5903389830508474	0.04052631578947368	-0.020402861734442487	0.2469907365219413	0.007475854541931528	0.005316819046569718	46.86027908325195
23.738	2.5903389830508474	0.05578947368421053	-0.019766114783411358	0.2559929780034128	0.007433384961351054	0.005097292476122506	41.81430244445801
23.738	2.5903389830508474	0.07105263157894737	-0.020877935682361452	0.2636558628013137	0.0073374366299305965	0.004880778966187851	39.155765533447266
23.738	2.5903389830508474	0.0863157894736842	-0.0195032142483941	0.2721797198826226	0.007337468916264913	0.004596560615325933	37.37178039550781
23.738	2.5903389830508474	0.10157894736842105	-0.018796919245974892	0.2753429210470658	0.00710191318610508	0.004306092625736774	36.01860427856445
23.738	2.5903389830508474	0.11684210526315789	-0.017764563886813908	0.27847857235499635	0.007086856437442454	0.004401578690414926	34.148420333862305
23.738	2.5903389830508474	0.13210526315789473	-0.018277581064395698	0.2793297684056403	0.00709939875159541	0.00425631906044195	32.3885612487793
23.738	2.5903389830508474	0.1473684210526316	-0.018888658865509122	0.2801335190521774	0.006962523202145755	0.0041709460351747624	30.962646484375
23.738	2.5903389830508474	0.16263157894736843	-0.01933040374710482	0.2823432546102061	0.006714506575321546	0.004262861270934405	29.934310913085938
23.738	2.5903389830508474	0.17789473684210527	-0.02123389370621071	0.28510159663759305	0.0067440257935295	0.0041847458137745965	29.13187026977539
23.738	2.5903389830508474	0.1931578947368421	-0.02456809331315484	0.28604158740510627	0.006782600104683981	0.0040750169882824315	28.09695053100586
23.738	2.5903389830508474	0.20842105263157895	-0.030614579278789772	0.28957664185347254	0.006890678867139708	0.0036954163936275593	26.519134521484375
23.738	2.5903389830508474	0.2236842105263158	-0.038887471740826685	0.29103537632581217	0.00664829251499255	0.003337237250677898	25.115047454833984
23.738	2.5903389830508474	0.23894736842105263	-0.04795069311699039	0.2923840703567242	0.006398277665985418	0.0030765478617172954	23.92323875427246
23.738	2.5903389830508474	0.25421052631578944	-0.05934521203190192	0.293062614974681	0.006335130959896976	0.0027923976873058167	22.84506607055664
23.738	2.5903389830508474	0.2694736842105263	-0.07124689390212402	0.29283688734203916	0.006363085506759906	0.002828450847168877	22.001331329345703
23.738	2.5903389830508474	0.2847368421052632	-0.0831117463242337	0.2908775192750199	0.006152976195837778	0.0024063988019436327	21.053998947143555
23.738	2.5903389830508474	0.3	-0.09617408173065639	0.289823651002145	0.0058326268684619036	0.002203750561787513	20.114501953125
23.738	2.600508474576271	0.01	-0.0025636996505782692	0.26732227771112943	0.0074456811884227436	0.0064892699577059265	33.790958404541016
23.738	2.600508474576271	0.02526315789473684	-0.010535741447471148	0.27086549882347016	0.007514816421765446	0.006395408398834633	44.51553726196289
23.738	2.600508474576271	0.04052631578947368	-0.009274931893684035	0.27943820291234434	0.007488271991221408	0.005978586178155443	44.732547760009766
23.738	2.600508474576271	0.05578947368421053	-0.011173383686888038	0.2841635013592638	0.007332924816507014	0.005709923855255828	42.520986557006836
23.738	2.600508474576271	0.07105263157894737	-0.012385216080780144	0.2896315163711296	0.007381486088667009	0.00548736720300364	37.89493179321289
23.738	2.600508474576271	0.0863157894736842	-0.011650265478725547	0.2926107792893634	0.007232052141040333	0.005121446035154048	36.10896682739258
23.738	2.600508474576271	0.10157894736842105	-0.012443111236403692	0.2958922709815414	0.007372364234544114	0.0049622537119527535	34.533931732177734
23.738	2.600508474576271	0.11684210526315789	-0.012411604091663381	0.29847669134510574	0.007322002537858826	0.004861611834727839	32.62553405761719
23.738	2.600508474576271	0.13210526315789473	-0.012801961583623844	0.2988861051585917	0.007198908206902305	0.004987144340808908	30.81201934814453
23.738	2.600508474576271	0.1473684210526316	-0.01318324010643307	0.3006843906562398	0.007344726837601371	0.005097469179706123	29.708324432373047
23.738	2.600508474576271	0.16263157894736843	-0.01440514099249425	0.3025912754822453	0.007467026257637514	0.004868513874422815	28.87262725830078
23.738	2.600508474576271	0.17789473684210527	-0.01731634759948658	0.3060164559741829	0.00699319029832273	0.004615499373566466	27.99454116821289
23.738	2.600508474576271	0.1931578947368421	-0.020905341848580547	0.3073714763874399	0.007052364400089939	0.004545833065356916	26.68537139892578
23.738	2.600508474576271	0.20842105263157895	-0.027186042710988234	0.3092714869434225	0.006873700495885871	0.004507538547592755	25.244108200073242
23.738	2.600508474576271	0.2236842105263158	-0.035232927545754626	0.3105623812431681	0.007011316664535272	0.004265199750195077	23.96367073059082
23.738	2.600508474576271	0.23894736842105263	-0.04597415768888301	0.3113000504054749	0.006628678611538059	0.004064338586046489	22.7780704498291
23.738	2.600508474576271	0.25421052631578944	-0.05841202828681551	0.30994332208290387	0.006736689760701866	0.003751576542283243	21.767616271972656
23.738	2.600508474576271	0.2694736842105263	-0.0711733774823499	0.30824213553366886	0.006526519359441609	0.003772443639474757	20.921045303344727
23.738	2.600508474576271	0.2847368421052632	-0.084436818685512	0.3067360458118625	0.006295325244267034	0.003472764694174882	20.216732025146484
23.738	2.600508474576271	0.3	-0.09733038873237351	0.30336672197782133	0.0062682061251657425	0.003080143731924382	19.501007080078125
23.738	2.610677966101695	0.01	-0.020645818419873497	0.24577394854032114	0.008300753748230286	0.006855442603264615	32.959869384765625
23.738	2.610677966101695	0.02526315789473684	-0.019409784235179202	0.27279237452649197	0.00781439355777983	0.006544686863923401	44.15121841430664
23.738	2.610677966101695	0.04052631578947368	-0.021578047893129074	0.28179571873961623	0.007881082249882952	0.006444709416811346	45.1475830078125
23.738	2.610677966101695	0.05578947368421053	-0.024919161587606896	0.28674999132390755	0.007863638324129483	0.006326140505026665	40.92180824279785
23.738	2.610677966101695	0.07105263157894737	-0.023450026143475786	0.2903812063944347	0.007828463652839259	0.005963899554618434	37.94708824157715
23.738	2.610677966101695	0.0863157894736842	-0.02393027268736006	0.2930468572390087	0.007866510293677992	0.005986179568200056	35.91769790649414
23.738	2.610677966101695	0.10157894736842105	-0.02323356476462818	0.2915660914126934	0.007997762304859265	0.005962988600102713	34.48440933227539
23.738	2.610677966101695	0.11684210526315789	-0.022689296871790658	0.29073707723060266	0.007904276234313647	0.005555548597575276	33.264957427978516
23.738	2.610677966101695	0.13210526315789473	-0.021975373298296696	0.2888021510187686	0.007791054691171067	0.005806220695475225	32.173484802246094
23.738	2.610677966101695	0.1473684210526316	-0.02394827083679489	0.2889284395690483	0.007737111848530361	0.005621926300187205	30.900548934936523
23.738	2.610677966101695	0.16263157894736843	-0.025900218763973457	0.28924348113991094	0.007516701695141221	0.00553823030207574	29.375377655029297
23.738	2.610677966101695	0.17789473684210527	-0.028995557385615895	0.2935136514371517	0.007411815587664785	0.005621860624196338	28.034025192260742
23.738	2.610677966101695	0.1931578947368421	-0.03389149426831155	0.2955503882535534	0.007271901850450349	0.005440335401779129	26.48727035522461
23.738	2.610677966101695	0.20842105263157895	-0.041570760005845114	0.29864642933688934	0.0072947061537721215	0.004969705145157155	24.96257209777832
23.738	2.610677966101695	0.2236842105263158	-0.05141587942013048	0.3000362683035004	0.0070465992856785144	0.0048186894518207814	23.657615661621094
23.738	2.610677966101695	0.23894736842105263	-0.06251365034946703	0.30090567655335543	0.007107898956959807	0.004677882829186113	22.49341583251953
23.738	2.610677966101695	0.25421052631578944	-0.07467368812600507	0.29967559624649254	0.0069255451231070575	0.004587628250615479	21.549251556396484
23.738	2.610677966101695	0.2694736842105263	-0.08727957202342218	0.29755631328470794	0.006749992232205947	0.0044356379576271695	20.763858795166016
23.738	2.610677966101695	0.2847368421052632	-0.10045877411953824	0.2946512733025834	0.006682894696412507	0.004456276096075874	20.145723342895508
23.738	2.610677966101695	0.3	-0.11397202923886196	0.2916448984666154	0.00662590697940742	0.00418865082759513	19.44777488708496
23.738	2.620847457627119	0.01	0.0004688887298880252	0.27809509377911534	0.008851185438075455	0.006653451330660822	33.825439453125
23.738	2.620847457627119	0.02526315789473684	0.0019663096080375937	0.28995092220356533	0.008981551498987748	0.006864037518381009	48.33023452758789
23.738	2.620847457627119	0.04052631578947368	-0.003395849685906002	0.2963767651055057	0.008732248851355174	0.006574904407512964	46.373966217041016
23.738	2.620847457627119	0.05578947368421053	-0.006823788185859601	0.307029607891436	0.008564993969683769	0.006258569156467426	41.24061965942383
23.738	2.620847457627119	0.07105263157894737	-0.008840123778493875	0.30936509772485815	0.008754551701794183	0.006281814168986174	38.5391788482666
23.738	2.620847457627119	0.0863157894736842	-0.00973909396473857	0.3157843472557398	0.008631542186902938	0.005851863732280734	36.49703788757324
23.738	2.620847457627119	0.10157894736842105	-0.009125207846803388	0.318307784398112	0.008576811113759134	0.005682821611446868	34.73317337036133
23.738	2.620847457627119	0.11684210526315789	-0.01165479363157242	0.3194815590702327	0.00824526482071234	0.0057128702416386744	32.76315689086914
23.738	2.620847457627119	0.13210526315789473	-0.011285301740593742	0.3208894477221982	0.008458036441347891	0.005820545834504911	31.27860450744629
23.738	2.620847457627119	0.1473684210526316	-0.01322465370616168	0.32255058852776397	0.008299971179090013	0.005818231375398054	30.429279327392578
23.738	2.620847457627119	0.16263157894736843	-0.01554909552654475	0.32651353781863557	0.008280945185370748	0.005916748666113624	28.86787223815918
23.738	2.620847457627119	0.17789473684210527	-0.02078154539940474	0.32854597663527685	0.00804694328769297	0.005721939517360709	27.224716186523438
23.738	2.620847457627119	0.1931578947368421	-0.027073723860485493	0.33124068752996116	0.008058027674335291	0.005751626385944379	25.558059692382812
23.738	2.620847457627119	0.20842105263157895	-0.037641714498568346	0.3326463317779681	0.007850689699509939	0.005272702665633089	23.986616134643555
23.738	2.620847457627119	0.2236842105263158	-0.04953390401697137	0.33318268416161045	0.00777871804591309	0.0053310472213243774	22.664390563964844
23.738	2.620847457627119	0.23894736842105263	-0.063176851316712	0.33211650835811185	0.007547141972347567	0.005138449493159978	21.530319213867188
23.738	2.620847457627119	0.25421052631578944	-0.07832538493667049	0.3291057756872615	0.007612113898969659	0.00507825561223316	20.58805274963379
23.738	2.620847457627119	0.2694736842105263	-0.09322253802437816	0.3256598508998818	0.007025567190680253	0.0048326342460845335	19.812421798706055
23.738	2.620847457627119	0.2847368421052632	-0.10830212872661868	0.3224149930996688	0.007123193137771981	0.005173392737159197	19.212562561035156
23.738	2.620847457627119	0.3	-0.12337324801082256	0.31842406504052423	0.0069599913738097735	0.0047164942083631495	18.71666145324707
23.738	2.6310169491525426	0.01	-0.009211184412189755	0.26074527017968435	0.009769756563695862	0.0064694314209495524	38.64422607421875
23.738	2.6310169491525426	0.02526315789473684	-0.015185319340460496	0.2840761921499489	0.009768660261010604	0.006268577705767202	48.36432647705078
23.738	2.6310169491525426	0.04052631578947368	-0.014051560566345567	0.2933903458901354	0.009510720768365673	0.0059677152105216515	47.88262367248535
23.738	2.6310169491525426	0.05578947368421053	-0.015750111247367093	0.29874753099739015	0.009392898775049048	0.00604490626492197	41.75569534301758
23.738	2.6310169491525426	0.07105263157894737	-0.014330230261153412	0.2994321663385576	0.009470257361762718	0.005982222411601196	38.37367057800293
23.738	2.6310169491525426	0.0863157894736842	-0.013453195348353961	0.2991280641309849	0.00924074087720544	0.0059732847108987	36.55534744262695
23.738	2.6310169491525426	0.10157894736842105	-0.01339011225814572	0.29666565922247456	0.00930507256619182	0.005827617656234198	34.77715492248535
23.738	2.6310169491525426	0.11684210526315789	-0.01136184056543441	0.29271495049761653	0.009247332958887378	0.00591319151029232	33.755313873291016
23.738	2.6310169491525426	0.13210526315789473	-0.011562713235827842	0.28986742132402077	0.009188683994671383	0.0060276445525359835	32.356563568115234
23.738	2.6310169491525426	0.1473684210526316	-0.011929734610232279	0.2891555977898003	0.009038323573371095	0.005869906739065132	31.21874237060547
23.738	2.6310169491525426	0.16263157894736843	-0.013217806356581065	0.29055427570454007	0.008748506840515424	0.005910332250079488	29.76201629638672
23.738	2.6310169491525426	0.17789473684210527	-0.01734668450694918	0.2950014873935066	0.008793311527429555	0.005713350242493492	28.032485961914062
23.738	2.6310169491525426	0.1931578947368421	-0.024108262057736668	0.29839158895226836	0.008677010648412337	0.005789101926328314	26.351524353027344
23.738	2.6310169491525426	0.20842105263157895	-0.03367947458787279	0.3022494489214075	0.008656777408273713	0.005730100528106432	24.75699234008789
23.738	2.6310169491525426	0.2236842105263158	-0.04356605365642502	0.3047734104616899	0.008376317011001692	0.0055222214692153505	23.486125946044922
23.738	2.6310169491525426	0.23894736842105263	-0.056463419895182984	0.30616949492211964	0.008321696801031307	0.005543914428578763	22.350666046142578
23.738	2.6310169491525426	0.25421052631578944	-0.06979973844313689	0.30516483857170495	0.008226895908192328	0.005334050237086096	21.447284698486328
23.738	2.6310169491525426	0.2694736842105263	-0.08443216786145286	0.3034731087988809	0.00814634753729502	0.0052051653900139095	20.67304229736328
23.738	2.6310169491525426	0.2847368421052632	-0.09824859119726398	0.302273765263181	0.008017634034272119	0.005469163058268899	20.082826614379883
23.738	2.6310169491525426	0.3	-0.11288847614847924	0.2993475682210245	0.007760719924349176	0.00524082843255165	19.573360443115234
23.738	2.641186440677966	0.01	0.009820836886532012	0.24529468781464484	0.010147027627734173	0.005832620302110113	38.367889404296875
23.738	2.641186440677966	0.02526315789473684	0.01737475796765775	0.28043365507536316	0.010049968785564753	0.0058326733684969535	45.72867965698242
23.738	2.641186440677966	0.04052631578947368	0.015785335726581265	0.28811336337183496	0.009729962093505254	0.005580000230257887	45.65616989135742
23.738	2.641186440677966	0.05578947368421053	0.010230515592706081	0.29657018999067464	0.009641980343217522	0.005568896464189848	43.182899475097656
23.738	2.641186440677966	0.07105263157894737	0.009738208747443432	0.3000332818083592	0.009667347055579091	0.005461495180731975	40.09499168395996
23.738	2.641186440677966	0.0863157894736842	0.007385147863872087	0.30367633314103915	0.009755464329776966	0.005720314765719041	35.99919319152832
23.738	2.641186440677966	0.10157894736842105	0.005836420058378682	0.30720292837882046	0.009688858798702446	0.00571769695747971	33.654253005981445
23.738	2.641186440677966	0.11684210526315789	0.004588958992055865	0.30658363633569535	0.009590647017874087	0.005624134618989371	31.719989776611328
23.738	2.641186440677966	0.13210526315789473	0.002496458398766349	0.3060180760939335	0.009597484171215705	0.005847242027954376	30.340835571289062
23.738	2.641186440677966	0.1473684210526316	0.0007228801515363103	0.3051152479686796	0.009506430887493271	0.00568109638175552	29.593408584594727
23.738	2.641186440677966	0.16263157894736843	-0.001521088732895214	0.30583747291977575	0.009382943451346434	0.005563116755712044	29.098825454711914
23.738	2.641186440677966	0.17789473684210527	-0.005464542813414118	0.307956561519176	0.009255947063748026	0.005577045896012248	28.88337516784668
23.738	2.641186440677966	0.1931578947368421	-0.011231763499077802	0.3108704418173538	0.009270310108577248	0.0056545975559000785	27.187881469726562
23.738	2.641186440677966	0.20842105263157895	-0.020576548735839563	0.313225386946818	0.009386236627206085	0.00533241464500487	25.537952423095703
23.738	2.641186440677966	0.2236842105263158	-0.031163560106647448	0.31389130540507115	0.009199635066643234	0.005438487024281026	24.1042423248291
23.738	2.641186440677966	0.23894736842105263	-0.04401036804425089	0.31505269861978674	0.009036864701851277	0.005549985030031502	22.884790420532227
23.738	2.641186440677966	0.25421052631578944	-0.05741296541105398	0.3133640916885845	0.009286667852687943	0.005569710418424039	21.84365463256836
23.738	2.641186440677966	0.2694736842105263	-0.07153514225952234	0.31154714837308634	0.009116605879242626	0.005562791297963694	21.02755355834961
23.738	2.641186440677966	0.2847368421052632	-0.0864743290512298	0.3092164986018935	0.009188131756047779	0.005318594820972479	20.337646484375
23.738	2.641186440677966	0.3	-0.1011494062066039	0.3066510699861943	0.008752344101333121	0.005270824238949402	19.765472412109375
23.738	2.6513559322033897	0.01	-0.015115539149336558	0.26776162712537577	0.01122407601002616	0.005083749588204252	34.34819030761719
23.738	2.6513559322033897	0.02526315789473684	-0.0153888551978247	0.2927309628942639	0.011006848388997275	0.005271983915763875	46.54771423339844
23.738	2.6513559322033897	0.04052631578947368	-0.014557402068175537	0.2985372944170267	0.010729365307106529	0.005219805598658632	45.246517181396484
23.738	2.6513559322033897	0.05578947368421053	-0.01731237632299725	0.30047445805958706	0.010553369697499905	0.005133779930525115	42.07678413391113
23.738	2.6513559322033897	0.07105263157894737	-0.01603643080003737	0.2947273021791633	0.010561791660906036	0.0052851905552152405	38.0994758605957
23.738	2.6513559322033897	0.0863157894736842	-0.013975664044169509	0.2900978517968896	0.010389257948572806	0.005225850533820837	36.6622371673584
23.738	2.6513559322033897	0.10157894736842105	-0.013438562119750107	0.2862051849503759	0.010518309234380494	0.005476891764049403	35.09833908081055
23.738	2.6513559322033897	0.11684210526315789	-0.01187241720258983	0.2804063126229438	0.010333732348009793	0.005349930007835528	32.97305107116699
23.738	2.6513559322033897	0.13210526315789473	-0.01119488481334004	0.27592528130604155	0.010540512390218058	0.005235874553366476	31.46680450439453
23.738	2.6513559322033897	0.1473684210526316	-0.009948335827948416	0.2745721688533741	0.010365339075780626	0.005333054557243403	30.32208824157715
23.738	2.6513559322033897	0.16263157894736843	-0.010817703658403725	0.27488219375187317	0.010082456630905772	0.005214538845631479	29.50779914855957
23.738	2.6513559322033897	0.17789473684210527	-0.012233685755791038	0.27681099372381135	0.010151080925268736	0.005136035675115136	29.11591339111328
23.738	2.6513559322033897	0.1931578947368421	-0.01636345997263599	0.2800001209556303	0.010142113699319569	0.005358431482146852	27.600690841674805
23.738	2.6513559322033897	0.20842105263157895	-0.02297840321540706	0.282814776615904	0.010223283350190116	0.005187339542783076	26.027767181396484
23.738	2.6513559322033897	0.2236842105263158	-0.031129876715094235	0.2855204841257265	0.010182248101030203	0.005166833637588051	24.723949432373047
23.738	2.6513559322033897	0.23894736842105263	-0.0420510916502989	0.2865411472995586	0.010117492737162705	0.005281005563086016	23.494251251220703
23.738	2.6513559322033897	0.25421052631578944	-0.053020077169438	0.2855751646210957	0.010203387886522666	0.005283431890516526	22.520160675048828
23.738	2.6513559322033897	0.2694736842105263	-0.06487559853415213	0.28544939669333425	0.010008812191008895	0.004799616025261872	21.68562889099121
23.738	2.6513559322033897	0.2847368421052632	-0.07714498568277839	0.28393868254476284	0.010043576926037039	0.005061376085937312	20.675621032714844
23.738	2.6513559322033897	0.3	-0.09060753850751814	0.2830974005414101	0.01017638575505819	0.0053092161147795984	19.748668670654297
23.738	2.6615254237288135	0.01	0.0020072075862318656	0.22373460757266	0.011620113239969695	0.004098753702488364	40.6903076171875
23.738	2.6615254237288135	0.02526315789473684	-0.00019467664183400274	0.2670072828012756	0.011509535552814242	0.004046358443225368	49.09202194213867
23.738	2.6615254237288135	0.04052631578947368	-0.003686305874637464	0.279492666314993	0.011514980628835951	0.004192610902351483	44.68408966064453
23.738	2.6615254237288135	0.05578947368421053	-0.004914280766300056	0.28713871438399324	0.011333340634710441	0.0040306991569377965	41.283119201660156
23.738	2.6615254237288135	0.07105263157894737	-0.006924961139614301	0.28972434011480097	0.011312581428374283	0.004102398528807522	38.520586013793945
23.738	2.6615254237288135	0.0863157894736842	-0.0088812795058144	0.29459079929977666	0.011138475132347912	0.0044908009540177065	36.47019577026367
23.738	2.6615254237288135	0.10157894736842105	-0.009430207070337579	0.2976437804379478	0.011111972291485212	0.004402830501160668	33.830989837646484
23.738	2.6615254237288135	0.11684210526315789	-0.010361011872165926	0.29923212743463445	0.011209916184077618	0.0043803333910686785	32.08852577209473
23.738	2.6615254237288135	0.13210526315789473	-0.011668208042257554	0.2984141799724334	0.011009269090925686	0.004348609408603342	30.88329315185547
23.738	2.6615254237288135	0.1473684210526316	-0.012502828663379392	0.2994178099244915	0.011060347917725907	0.004439310168723284	30.214038848876953
23.738	2.6615254237288135	0.16263157894736843	-0.014837810200460082	0.30137970376759654	0.01116144882252957	0.004355220072901289	29.882171630859375
23.738	2.6615254237288135	0.17789473684210527	-0.01929408888221515	0.3035345234349359	0.011154625492063586	0.004240953701580254	28.37591552734375
23.738	2.6615254237288135	0.1931578947368421	-0.024666220870621335	0.30455879926681406	0.01125275929827826	0.004323267006385851	26.861330032348633
23.738	2.6615254237288135	0.20842105263157895	-0.033063127660675325	0.30467364550834003	0.011272818213748401	0.004033963365237997	25.22219467163086
23.738	2.6615254237288135	0.2236842105263158	-0.04327606136062498	0.3057827331836259	0.011252127243787012	0.004123131317790312	23.832094192504883
23.738	2.6615254237288135	0.23894736842105263	-0.0559298674706541	0.3051900407151358	0.011388480812632083	0.003795627638047529	22.51520538330078
23.738	2.6615254237288135	0.25421052631578944	-0.06866610315231723	0.3012639040538526	0.011342406142823926	0.00393416517721672	21.575885772705078
23.738	2.6615254237288135	0.2694736842105263	-0.08229976978294785	0.29861659349044584	0.0111473861782399	0.0037862061051272974	20.7397403717041
23.738	2.6615254237288135	0.2847368421052632	-0.09584312619294154	0.2956385026146829	0.011312130768735237	0.0036651509932635515	20.043315887451172
23.738	2.6615254237288135	0.3	-0.10936282572687715	0.2915040931067133	0.011452177158159483	0.00338020983494792	19.441787719726562
23.738	2.6716949152542373	0.01	-0.016152644694686125	0.2629837915926408	0.012403997736825701	0.0035810024962738963	36.633079528808594
23.738	2.6716949152542373	0.02526315789473684	-0.021221676071528875	0.29928376180844596	0.012430417684353904	0.003502045312294996	41.17959213256836
23.738	2.6716949152542373	0.04052631578947368	-0.01994900961721369	0.30295853717046073	0.012243816123791057	0.003608117691571153	44.135284423828125
23.738	2.6716949152542373	0.05578947368421053	-0.022067399605870265	0.30495144341924607	0.012085263452590459	0.0035520264713948422	40.83192825317383
23.738	2.6716949152542373	0.07105263157894737	-0.02055718046379651	0.30050288427531646	0.012004641520033625	0.0037174615028714286	37.88918876647949
23.738	2.6716949152542373	0.0863157894736842	-0.020814268777351447	0.2982425584884174	0.011628394542120762	0.003523846228458832	36.35559844970703
23.738	2.6716949152542373	0.10157894736842105	-0.019127165596830042	0.29614611215174225	0.011665293021035908	0.0036566394139432162	34.98050498962402
23.738	2.6716949152542373	0.11684210526315789	-0.017600199976833868	0.2927039810990172	0.011652055648177022	0.0036957906292723764	33.19351577758789
23.738	2.6716949152542373	0.13210526315789473	-0.017469567084582846	0.2909912470330672	0.011691184177710645	0.003758709956046509	31.892990112304688
23.738	2.6716949152542373	0.1473684210526316	-0.01718269252534058	0.29160726911022344	0.011799339862508487	0.0036510896998182864	30.695775985717773
23.738	2.6716949152542373	0.16263157894736843	-0.020185015210801547	0.2955961051398807	0.011662430848796012	0.0033991030799675756	29.03139305114746
23.738	2.6716949152542373	0.17789473684210527	-0.02520626611068267	0.3001849029680633	0.012008370954058357	0.0032629208291915005	27.246749877929688
23.738	2.6716949152542373	0.1931578947368421	-0.031390924630859185	0.30355361707093204	0.011889280452905708	0.0029606476532954406	25.651321411132812
23.738	2.6716949152542373	0.20842105263157895	-0.04140149430338145	0.30609538250514834	0.011988943975967881	0.002847784095210421	24.13857650756836
23.738	2.6716949152542373	0.2236842105263158	-0.053067698042988935	0.3059692997702996	0.012146826606176848	0.002446323645311253	22.834747314453125
23.738	2.6716949152542373	0.23894736842105263	-0.06529228838559299	0.3055791131410272	0.012231919836409599	0.0023490509221990134	21.774024963378906
23.738	2.6716949152542373	0.25421052631578944	-0.07993658476558574	0.3029743529725578	0.012098869230754882	0.0020757515187103796	20.901517868041992
23.738	2.6716949152542373	0.2694736842105263	-0.09273453050342448	0.30058973504786757	0.012491865283806206	0.0023384992176904732	20.182771682739258
23.738	2.6716949152542373	0.2847368421052632	-0.1058894724522596	0.29649218405119787	0.012283900224935008	0.001764246045054963	19.623050689697266
23.738	2.6716949152542373	0.3	-0.11973509467233359	0.2933538086139362	0.012237684340631109	0.001532166848897145	19.086576461791992
23.738	2.681864406779661	0.01	-0.0032328525677175635	0.24248311720530016	0.013626596102045124	0.00190066775296594	39.35072326660156
23.738	2.681864406779661	0.02526315789473684	0.001248125347509853	0.26932409690434556	0.013567406889574826	0.0018637492529705326	46.89759063720703
23.738	2.681864406779661	0.04052631578947368	-0.0038272773997989444	0.27838234844729215	0.013290304630735758	0.0018038701027661547	46.466697692871094
23.738	2.681864406779661	0.05578947368421053	-0.006632325983631052	0.2868120283439456	0.013226641435992018	0.0018581661669605184	42.22818374633789
23.738	2.681864406779661	0.07105263157894737	-0.006604353495418982	0.28959065112346083	0.013013614442840717	0.001872734886012994	39.28480911254883
23.738	2.681864406779661	0.0863157894736842	-0.00812805296787359	0.2945789861538906	0.013079188951062005	0.0019058682554037214	36.46122360229492
23.738	2.681864406779661	0.10157894736842105	-0.009700492267489827	0.2965387174364133	0.012822480675069588	0.001695466775550406	34.284114837646484
23.738	2.681864406779661	0.11684210526315789	-0.011229886223787837	0.2979517163300607	0.012819057885960383	0.0018020437087107484	32.98054122924805
23.738	2.681864406779661	0.13210526315789473	-0.013376812724578708	0.29825879817773787	0.012906272002826031	0.0019274298993769239	31.627443313598633
23.738	2.681864406779661	0.1473684210526316	-0.015915635235120355	0.30120452694256344	0.013044791331410385	0.0017869254888524158	31.049488067626953
23.738	2.681864406779661	0.16263157894736843	-0.02047506981294303	0.30642550322819984	0.013027612807016824	0.0014779734726375142	28.931970596313477
23.738	2.681864406779661	0.17789473684210527	-0.02846483093384292	0.31110776298966425	0.013228719416402525	0.0012421989942972248	26.969806671142578
23.738	2.681864406779661	0.1931578947368421	-0.03791697517666605	0.3141078720736148	0.013059435459509324	0.0009567112041090273	25.157939910888672
23.738	2.681864406779661	0.20842105263157895	-0.05056066206633137	0.31502519675632124	0.013026976447234606	0.0004751862220537342	23.65774154663086
23.738	2.681864406779661	0.2236842105263158	-0.06373966888966998	0.31385553053914683	0.013006197487961337	0.00048101545665757666	22.421356201171875
23.738	2.681864406779661	0.23894736842105263	-0.07795316813024722	0.3125714672110893	0.01310803874167912	-4.6240881138157275e-05	21.38225746154785
23.738	2.681864406779661	0.25421052631578944	-0.09261764272558529	0.3108587494432845	0.012986390817334617	-0.00011788660096270418	20.557302474975586
23.738	2.681864406779661	0.2694736842105263	-0.10815871918346992	0.30750998745497554	0.012922684480174956	-0.0008048999809930668	19.87609100341797
23.738	2.681864406779661	0.2847368421052632	-0.12257107143994682	0.3036873578355857	0.01275867251716108	-0.000957690568114456	19.33403205871582
23.738	2.681864406779661	0.3	-0.1367333470075976	0.29882054266344993	0.012889130857416347	-0.0010777658555788158	18.90603256225586
23.738	2.692033898305085	0.01	-0.0009350357740771113	0.2677431100310036	0.013876492923196307	0.00012340185293955246	40.19099426269531
23.738	2.692033898305085	0.02526315789473684	-0.008805603177810841	0.2958194948994765	0.01385445339026586	8.81330611063565e-05	45.38126754760742
23.738	2.692033898305085	0.04052631578947368	-0.009948348601559989	0.2984324923453621	0.01358364799711485	0.00010865596808891137	45.29505920410156
23.738	2.692033898305085	0.05578947368421053	-0.010614864875773783	0.29839449401178864	0.013482953420752588	-0.00011661603311744715	41.65922164916992
23.738	2.692033898305085	0.07105263157894737	-0.010509013637951576	0.29439567333583694	0.013237689227911253	0.0001268832242339742	39.24680709838867
23.738	2.692033898305085	0.0863157894736842	-0.00955042602758234	0.2917648888125557	0.013081361899815465	0.0003325907043494111	36.45928192138672
23.738	2.692033898305085	0.10157894736842105	-0.008928526996479684	0.2896366489983637	0.012698093675856444	0.00012947374882277344	34.0286922454834
23.738	2.692033898305085	0.11684210526315789	-0.007507266465419285	0.2874735712821139	0.012875008775807193	0.00010461193297477492	32.37335968017578
23.738	2.692033898305085	0.13210526315789473	-0.007150594413125268	0.2869711516706749	0.012687583879522249	0.00013895172879519163	31.063068389892578
23.738	2.692033898305085	0.1473684210526316	-0.009356033964531394	0.2913720512495025	0.012732440313885079	-0.00011610675673760941	30.439321517944336
23.738	2.692033898305085	0.16263157894736843	-0.012004828205198879	0.29483347963048134	0.012692733709437076	-0.00036018725130595184	29.23863983154297
23.738	2.692033898305085	0.17789473684210527	-0.018117746073737312	0.3010382667371798	0.012735868831251048	-0.0007958354448306369	27.333126068115234
23.738	2.692033898305085	0.1931578947368421	-0.02748295134244213	0.30412090795606417	0.012552781468241238	-0.001018226225544149	25.64044189453125
23.738	2.692033898305085	0.20842105263157895	-0.03781110079424602	0.3081199152054733	0.012507360939649308	-0.0013592900158877039	24.09389305114746
23.738	2.692033898305085	0.2236842105263158	-0.050930732198943465	0.30847340348425223	0.012325646052756132	-0.0016552691982082196	22.874401092529297
23.738	2.692033898305085	0.23894736842105263	-0.06488899478534568	0.3098617020385273	0.012282761198054428	-0.001962298117295535	21.815380096435547
23.738	2.692033898305085	0.25421052631578944	-0.0792640191374698	0.3083592973636479	0.012055768623446705	-0.0024720792432430206	20.96784782409668
23.738	2.692033898305085	0.2694736842105263	-0.0935377896830302	0.30731837252479965	0.012040364235226055	-0.0025066225751515948	20.259532928466797
23.738	2.692033898305085	0.2847368421052632	-0.10749462385165161	0.304113241315022	0.012086713741691103	-0.003053882986819188	19.743358612060547
23.738	2.692033898305085	0.3	-0.12284340791838827	0.30147279215244926	0.012027975576156067	-0.0033908516411202076	19.28558921813965
23.738	2.7022033898305082	0.01	0.0018514163003617123	0.21118958902744928	0.01417125540223362	-0.0013925913264301905	34.15180587768555
23.738	2.7022033898305082	0.02526315789473684	-0.005484833577337011	0.23372774886167033	0.014077484916710386	-0.0015176197266669029	44.54569625854492
23.738	2.7022033898305082	0.04052631578947368	-0.010009458405782677	0.24042147006186065	0.013784573326633406	-0.00144278463995988	46.81671142578125
23.738	2.7022033898305082	0.05578947368421053	-0.009086632592641808	0.24863196770752408	0.013692090803637556	-0.0013714813413685041	42.69190216064453
23.738	2.7022033898305082	0.07105263157894737	-0.01067824052715066	0.2544780590871631	0.013588344500929385	-0.0012458992084500363	39.748313903808594
23.738	2.7022033898305082	0.0863157894736842	-0.009205422778663729	0.26093115310213827	0.013129395021412126	-0.0011793299292633445	36.49835777282715
23.738	2.7022033898305082	0.10157894736842105	-0.009810546631689353	0.26305874174825516	0.012884256885042265	-0.0010677173350216417	34.13088607788086
23.738	2.7022033898305082	0.11684210526315789	-0.009362573786694268	0.2657670780044377	0.012618573091177244	-0.0011555187527702844	32.42954444885254
23.738	2.7022033898305082	0.13210526315789473	-0.009509323336697307	0.26703524718615035	0.012557754270974981	-0.0010762820238452593	31.093135833740234
23.738	2.7022033898305082	0.1473684210526316	-0.01047590417141184	0.26977380276160634	0.012604831440776905	-0.0012362850638820845	30.33238410949707
23.738	2.7022033898305082	0.16263157894736843	-0.013564810046413522	0.2719503740315978	0.012152921938213617	-0.0013227324913375237	30.025394439697266
23.738	2.7022033898305082	0.17789473684210527	-0.01825659577171279	0.278237344004605	0.012251126523296907	-0.001426707172015746	28.845455169677734
23.738	2.7022033898305082	0.1931578947368421	-0.027054496420848125	0.28108151223202404	0.012260866339893164	-0.001556671871606094	27.040464401245117
23.738	2.7022033898305082	0.20842105263157895	-0.03704510047968752	0.2828955888391397	0.011883873612687147	-0.0021178118400600665	25.34095001220703
23.738	2.7022033898305082	0.2236842105263158	-0.048899841848032005	0.28504126549647313	0.011648110247945072	-0.0025573808990375082	24.011150360107422
23.738	2.7022033898305082	0.23894736842105263	-0.060910633616248225	0.2851346516547967	0.011651722865321873	-0.002772864175926982	22.95724105834961
23.738	2.7022033898305082	0.25421052631578944	-0.07547018288702806	0.28566963279618734	0.011193102564397933	-0.002905327202165818	21.955730438232422
23.738	2.7022033898305082	0.2694736842105263	-0.08816841608156084	0.2836889429108015	0.0112125802231773	-0.0032617725855939345	21.236494064331055
23.738	2.7022033898305082	0.2847368421052632	-0.10152561262026993	0.2824839543990566	0.010825618113203431	-0.003702752771513605	20.645702362060547
23.738	2.7022033898305082	0.3	-0.1149506232791152	0.2800176801080797	0.010740924647563028	-0.004229206592098469	20.12594223022461
23.738	2.712372881355932	0.01	-0.012397392678310469	0.29315671030094526	0.013144576477371979	-0.0041307622103697005	34.21514129638672
23.738	2.712372881355932	0.02526315789473684	-0.020365814041640444	0.2978766839598844	0.013398904727594444	-0.0038866425784651716	41.03412628173828
23.738	2.712372881355932	0.04052631578947368	-0.01750060684381187	0.2979728618890017	0.013074956290654069	-0.00388010741143548	43.943572998046875
23.738	2.712372881355932	0.05578947368421053	-0.016533008814629442	0.2999452018630141	0.012390213924920759	-0.0038695190126321038	42.0886116027832
23.738	2.712372881355932	0.07105263157894737	-0.016292839349087606	0.2925915168118112	0.01207434560008777	-0.003532105381136086	39.057289123535156
23.738	2.712372881355932	0.0863157894736842	-0.01408305302339448	0.2920672734719151	0.011986069724191554	-0.0031565143954952043	35.89006996154785
23.738	2.712372881355932	0.10157894736842105	-0.011900059241277797	0.2907940651372005	0.011326031812600005	-0.002972281750859288	33.35087966918945
23.738	2.712372881355932	0.11684210526315789	-0.01180628474709138	0.29194420946108945	0.011339599682051192	-0.0027417670660028447	31.7659969329834
23.738	2.712372881355932	0.13210526315789473	-0.010342822377116504	0.28954052170578515	0.011099569766693379	-0.002487313190384536	30.444175720214844
23.738	2.712372881355932	0.1473684210526316	-0.010064311054508297	0.2894761231166081	0.011118955120140491	-0.0022748933486663415	29.782730102539062
23.738	2.712372881355932	0.16263157894736843	-0.01306235092351258	0.29274009828972636	0.010998273538383695	-0.0024182477715011578	29.270044326782227
23.738	2.712372881355932	0.17789473684210527	-0.016813616470203453	0.294616369513598	0.010862961824322693	-0.00253647191168328	28.093109130859375
23.738	2.712372881355932	0.1931578947368421	-0.02391150854654208	0.29679247119401164	0.010603914586022186	-0.0026522948558955033	26.28607177734375
23.738	2.712372881355932	0.20842105263157895	-0.03332808916684175	0.29671911932045625	0.010402928810816475	-0.0029093579733461897	24.78765106201172
23.738	2.712372881355932	0.2236842105263158	-0.044625806598422274	0.29622952126077673	0.010195340100216225	-0.0029467498824551092	23.4012451171875
23.738	2.712372881355932	0.23894736842105263	-0.05671361637091489	0.2960898467666464	0.010017862273283506	-0.0035552057131674033	22.341609954833984
23.738	2.712372881355932	0.25421052631578944	-0.06955210244950488	0.29479797048449363	0.00966470795559788	-0.0037998221088584015	21.46966552734375
23.738	2.712372881355932	0.2694736842105263	-0.0831115183475857	0.2919257243466685	0.009708414331138837	-0.0037691160105954133	20.74742889404297
23.738	2.712372881355932	0.2847368421052632	-0.09697019953219033	0.28874905178824906	0.00937148234329862	-0.004225134588419994	20.165695190429688
23.738	2.712372881355932	0.3	-0.1099486773824557	0.2844571408881841	0.009362324693715255	-0.004609552842690703	19.493242263793945
23.738	2.722542372881356	0.01	-0.02658588606773457	0.2777913292004762	0.012261403779625018	-0.004092067588304729	35.94119644165039
23.738	2.722542372881356	0.02526315789473684	-0.028081612474308827	0.28926009061476554	0.011968549389022008	-0.004136090262515735	41.28376770019531
23.738	2.722542372881356	0.04052631578947368	-0.030951653315243792	0.28837932756948637	0.011608539764841306	-0.003924254370866366	41.06211471557617
23.738	2.722542372881356	0.05578947368421053	-0.027744550524768895	0.28900260086018015	0.011058489398621554	-0.0034629099136073527	41.06118392944336
23.738	2.722542372881356	0.07105263157894737	-0.02643429568261319	0.28441324605903373	0.010774329596333301	-0.0029908071470841737	38.38079833984375
23.738	2.722542372881356	0.0863157894736842	-0.0236207165979996	0.28596389073193157	0.01012760188989832	-0.002636416238498575	35.87587356567383
23.738	2.722542372881356	0.10157894736842105	-0.02112489100318464	0.2834790826184185	0.00975764604676187	-0.002299335773874132	33.748313903808594
23.738	2.722542372881356	0.11684210526315789	-0.020316084365909662	0.2818270927072628	0.009792210924054003	-0.001977730632071662	32.315101623535156
23.738	2.722542372881356	0.13210526315789473	-0.020473279136782256	0.28070074960227454	0.009563356389692254	-0.0015177365062950879	31.375102996826172
23.738	2.722542372881356	0.1473684210526316	-0.02157086578157894	0.28123701498258746	0.009304920405186327	-0.001697678216052346	30.852630615234375
23.738	2.722542372881356	0.16263157894736843	-0.02592145350721827	0.28224889174450074	0.009226106023954826	-0.0017957642351316909	29.471452713012695
23.738	2.722542372881356	0.17789473684210527	-0.03266587142792693	0.2848007715714342	0.009223427026183822	-0.001823197818404487	27.422147750854492
23.738	2.722542372881356	0.1931578947368421	-0.042547636434975604	0.2852078127322497	0.009086705078909765	-0.0022011311750898765	25.678922653198242
23.738	2.722542372881356	0.20842105263157895	-0.05297526191228959	0.28509324217417864	0.008814373765956158	-0.0022857372804279	24.208271026611328
23.738	2.722542372881356	0.2236842105263158	-0.0661191232060823	0.28496114636042746	0.008729920640719252	-0.0025102967924536335	23.01244354248047
23.738	2.722542372881356	0.23894736842105263	-0.07728556527676253	0.2827482892466547	0.008520465900391816	-0.00299636868833389	22.049060821533203
23.738	2.722542372881356	0.25421052631578944	-0.09084567871169891	0.2809894960081132	0.0083519733735663	-0.0032269591435638576	21.203956604003906
23.738	2.722542372881356	0.2694736842105263	-0.10349119305130032	0.2768092199603764	0.00816028907344591	-0.0035834312444024356	20.62055015563965
23.738	2.722542372881356	0.2847368421052632	-0.11655003778780595	0.2740121199417779	0.007804068400798709	-0.003873127864296854	20.074657440185547
23.738	2.722542372881356	0.3	-0.13028888460960364	0.2704145369221231	0.008089178176521668	-0.0041716929331029095	19.299739837646484
23.738	2.7327118644067796	0.01	-0.017503735988998178	0.31827229830517967	0.010989112133208318	-0.0036673181842795943	35.12030029296875
23.738	2.7327118644067796	0.02526315789473684	-0.02490015642678619	0.3302543336934872	0.01083419607481545	-0.003570920574750752	41.707977294921875
23.738	2.7327118644067796	0.04052631578947368	-0.020551566760598418	0.334147783316625	0.010369899716100374	-0.0034704335276170934	41.516456604003906
23.738	2.7327118644067796	0.05578947368421053	-0.020526723940468138	0.33529902238533804	0.00981471917858837	-0.0030813669940837236	40.48517990112305
23.738	2.7327118644067796	0.07105263157894737	-0.01855284013280898	0.3288415795950682	0.009346475151248472	-0.002507109494466062	37.77245330810547
23.738	2.7327118644067796	0.0863157894736842	-0.01675157975832254	0.3287359161129685	0.008909102576004701	-0.0022345320982107876	35.41725730895996
23.738	2.7327118644067796	0.10157894736842105	-0.016560165402090855	0.3254324657669755	0.00872836445545662	-0.001714064929191374	33.35306167602539
23.738	2.7327118644067796	0.11684210526315789	-0.01676464758492576	0.32325857283063186	0.008451897014166466	-0.001584347341494285	31.886844635009766
23.738	2.7327118644067796	0.13210526315789473	-0.018552434980840835	0.3218116949653038	0.008450275113651103	-0.0010772561008313792	31.055644989013672
23.738	2.7327118644067796	0.1473684210526316	-0.020641611797429273	0.32277519252137377	0.008479427634816187	-0.0009962159988906342	29.930397033691406
23.738	2.7327118644067796	0.16263157894736843	-0.026083195490456776	0.3240067153795167	0.00827831092668979	-0.0013339147402295869	27.901185989379883
23.738	2.7327118644067796	0.17789473684210527	-0.035756265094197964	0.32604396879659137	0.008239231295697336	-0.001730788528149897	25.98458480834961
23.738	2.7327118644067796	0.1931578947368421	-0.047338830157342984	0.32598801276516276	0.008002589542771027	-0.0018840144358826627	24.23790740966797
23.738	2.7327118644067796	0.20842105263157895	-0.06106552630540924	0.3244578032620411	0.007789914079508313	-0.0020587760638143904	22.899574279785156
23.738	2.7327118644067796	0.2236842105263158	-0.07472227448675645	0.32264861192040567	0.007308700246905924	-0.0026020295563395418	21.732736587524414
23.738	2.7327118644067796	0.23894736842105263	-0.089591417741967	0.31936324506753505	0.007666443407790563	-0.0025491609360753084	20.822681427001953
23.738	2.7327118644067796	0.25421052631578944	-0.10508198895352483	0.317230016798595	0.007333086980863646	-0.0028221535697295205	20.038875579833984
23.738	2.7327118644067796	0.2694736842105263	-0.1199393730903737	0.3124197447134348	0.007100402409334834	-0.003289485798165657	19.47983169555664
23.738	2.7327118644067796	0.2847368421052632	-0.13398890386472864	0.3075145644528957	0.006987378281657927	-0.0037024848046595723	19.036470413208008
23.738	2.7327118644067796	0.3	-0.14886907164785018	0.3014039635745856	0.00685313534301105	-0.0038928255727359983	18.657434463500977
23.738	2.7428813559322034	0.01	-0.025164019808498552	0.23619858548921094	0.009027782993842267	-0.0009809137175591023	39.74853515625
23.738	2.7428813559322034	0.02526315789473684	-0.028451023929146467	0.2559430231427823	0.00849359907039616	-0.000933191362765879	41.38235855102539
23.738	2.7428813559322034	0.04052631578947368	-0.026618713679117494	0.2638211810350467	0.008316351139531086	-0.0009216990653397132	43.362361907958984
23.738	2.7428813559322034	0.05578947368421053	-0.024149164351028735	0.26808238302767795	0.00801391711899861	-0.0009049949103296943	41.132713317871094
23.738	2.7428813559322034	0.07105263157894737	-0.02060324419705462	0.2678287889828276	0.007547620720372768	-0.0006523526361810919	39.06241416931152
23.738	2.7428813559322034	0.0863157894736842	-0.019953005851720846	0.2698269241678845	0.007355350118257991	-0.0002878706472685883	35.64441108703613
23.738	2.7428813559322034	0.10157894736842105	-0.016969848754459026	0.2713030714407537	0.007197602149052032	1.8215728080380288e-05	33.93393325805664
23.738	2.7428813559322034	0.11684210526315789	-0.01697055748828617	0.27158044069017	0.006956268344111335	6.324670361113459e-05	32.28669738769531
23.738	2.7428813559322034	0.13210526315789473	-0.018249637860181793	0.2723722008223475	0.006970775617110591	0.0004148753349581493	31.351829528808594
23.738	2.7428813559322034	0.1473684210526316	-0.020404888217645748	0.2752203876552	0.006879232515466823	0.00025130093400907384	31.16400909423828
23.738	2.7428813559322034	0.16263157894736843	-0.025935806688402185	0.27864459248841916	0.006982985235153231	-1.223341267976872e-05	29.58679962158203
23.738	2.7428813559322034	0.17789473684210527	-0.033988193285084664	0.2841237205971283	0.006799438496026482	-0.00031366193220021873	27.382596969604492
23.738	2.7428813559322034	0.1931578947368421	-0.04549914007670072	0.28680174577281387	0.006763509044984742	-0.00045373647830713554	25.57227325439453
23.738	2.7428813559322034	0.20842105263157895	-0.058206012090651196	0.28842626260053766	0.006664333371808303	-0.0007775145142839631	24.133625030517578
23.738	2.7428813559322034	0.2236842105263158	-0.07157410135526096	0.2906436058263534	0.006615804983019973	-0.0010827208802264303	22.865461349487305
23.738	2.7428813559322034	0.23894736842105263	-0.08589885280250921	0.2903509908760744	0.006302627251554217	-0.0014868243092883743	21.921916961669922
23.738	2.7428813559322034	0.25421052631578944	-0.0992144701923989	0.2893379554997655	0.006312355707356041	-0.0016507892646098895	21.217071533203125
23.738	2.7428813559322034	0.2694736842105263	-0.11416195442277725	0.28712837753355896	0.00628972099103071	-0.0020120510021888445	20.56503677368164
23.738	2.7428813559322034	0.2847368421052632	-0.12760937884293283	0.2848477923102156	0.006069070804857309	-0.002340333300373083	20.024675369262695
23.738	2.7428813559322034	0.3	-0.14196617571797016	0.28088561187159056	0.0058775545788859965	-0.0026647234847229024	19.62898063659668
23.738	2.753050847457627	0.01	-0.0223857161232436	0.24905997405420766	0.008338486560363182	0.002217155336383611	37.24880599975586
23.738	2.753050847457627	0.02526315789473684	-0.02054634780724795	0.2630516655974045	0.007992329844249267	0.002021433621975476	45.8360481262207
23.738	2.753050847457627	0.04052631578947368	-0.017343479615693817	0.27083467119914745	0.007947675805165286	0.001825623794265439	45.90859603881836
23.738	2.753050847457627	0.05578947368421053	-0.017222831083519283	0.2809153339064799	0.007426313866694607	0.0016158075717099324	42.09719276428223
23.738	2.753050847457627	0.07105263157894737	-0.015535230214601384	0.28499871938714566	0.007371427609801757	0.0014118675133843067	38.92063903808594
23.738	2.753050847457627	0.0863157894736842	-0.01472804515528027	0.2905345281521819	0.0073037355061284105	0.0018533249836620554	35.8880615234375
23.738	2.753050847457627	0.10157894736842105	-0.014162614447050727	0.29087517214296676	0.006997403691992634	0.0019358661525840915	33.61943435668945
23.738	2.753050847457627	0.11684210526315789	-0.014685275865704757	0.29248195656631437	0.006656974100213677	0.001873909290119807	32.1546688079834
23.738	2.753050847457627	0.13210526315789473	-0.01581737594118808	0.29229495183620907	0.0068344414323074625	0.0018634831251033114	31.13490104675293
23.738	2.753050847457627	0.1473684210526316	-0.016396432342517663	0.29433563505457433	0.00698843323825642	0.001776916376948435	30.656509399414062
23.738	2.753050847457627	0.16263157894736843	-0.020573764281471833	0.29791174701563067	0.006699933062600152	0.0014212692642075048	30.138978958129883
23.738	2.753050847457627	0.17789473684210527	-0.026348021948653183	0.30082126643519547	0.006837917848703456	0.0016441391905121343	28.242694854736328
23.738	2.753050847457627	0.1931578947368421	-0.03568992794229549	0.30211229727265115	0.006760710658296827	0.000919719246531089	26.402835845947266
23.738	2.753050847457627	0.20842105263157895	-0.047715314044845816	0.3037586731081768	0.006594918787619917	0.0006669993143535178	24.811935424804688
23.738	2.753050847457627	0.2236842105263158	-0.06082397693325352	0.3050389119600816	0.0063173830661113475	0.00021559303530011633	23.423564910888672
23.738	2.753050847457627	0.23894736842105263	-0.07545975850148981	0.3060160339273371	0.006382626454072628	1.0978121110010779e-05	22.297382354736328
23.738	2.753050847457627	0.25421052631578944	-0.08955675028042323	0.3032723722239118	0.006180443170733716	-0.00033707108181610054	21.417768478393555
23.738	2.753050847457627	0.2694736842105263	-0.10498042977509821	0.3020877517482351	0.005934428417045739	-0.0005695138312220502	20.66912269592285
23.738	2.753050847457627	0.2847368421052632	-0.12053799365116202	0.2989271806311937	0.0060975006618586205	-0.0009477599638346933	20.085586547851562
23.738	2.753050847457627	0.3	-0.13521408547116362	0.2955384721738431	0.0057083333201653624	-0.0011755062538127707	19.642990112304688
23.738	2.763220338983051	0.01	-0.019459922205935294	0.17648675346199005	0.007352471086726832	0.0038329561566656173	38.30038833618164
23.738	2.763220338983051	0.02526315789473684	-0.019353570942114175	0.19716918102848857	0.007318500080418056	0.0036714560266489834	45.75737380981445
23.738	2.763220338983051	0.04052631578947368	-0.02162393095372158	0.20760327440138482	0.007058187648738836	0.0033863528657571422	46.499267578125
23.738	2.763220338983051	0.05578947368421053	-0.019487424498576947	0.21589053420127055	0.007103640389238951	0.00320162467642589	41.58302307128906
23.738	2.763220338983051	0.07105263157894737	-0.018730351574406306	0.22496505782134513	0.00684350938519857	0.003156459009128286	37.66457748413086
23.738	2.763220338983051	0.0863157894736842	-0.017163806138209184	0.23078903635633388	0.006553908098485061	0.002817803369408618	35.50650596618652
23.738	2.763220338983051	0.10157894736842105	-0.015911936156423126	0.23570766121857867	0.006671672591682295	0.0029407291564684914	33.18758583068848
23.738	2.763220338983051	0.11684210526315789	-0.015187166238933646	0.2381123226021159	0.006719032827158227	0.002743991789681803	31.599254608154297
23.738	2.763220338983051	0.13210526315789473	-0.015815011392146194	0.2418273975957859	0.006646604917529313	0.0030422921201609513	30.707096099853516
23.738	2.763220338983051	0.1473684210526316	-0.015833793822707457	0.2464611314617073	0.006692419337581126	0.0026782180708404242	30.143888473510742
23.738	2.763220338983051	0.16263157894736843	-0.01724470158867431	0.2518651214531716	0.006798120526559497	0.002691855689958551	30.09360122680664
23.738	2.763220338983051	0.17789473684210527	-0.020562969789056897	0.25539966010126297	0.0064468752028686745	0.0023364655380686693	29.93194580078125
23.738	2.763220338983051	0.1931578947368421	-0.026823241904525875	0.25927314207526864	0.00666889745409117	0.00204081216979574	28.088294982910156
23.738	2.763220338983051	0.20842105263157895	-0.035019766528307336	0.2624775137157274	0.006656433103143173	0.0016632513232227085	26.36894989013672
23.738	2.763220338983051	0.2236842105263158	-0.045038935111983563	0.26365057789823987	0.006370360057570904	0.0013123132697702997	24.978416442871094
23.738	2.763220338983051	0.23894736842105263	-0.057152665888925196	0.2655961938785389	0.006473783072348966	0.0009265011104633897	23.75891876220703
23.738	2.763220338983051	0.25421052631578944	-0.06874107729460774	0.2651229033829644	0.006285315847018144	0.0007908208423540147	22.76174545288086
23.738	2.763220338983051	0.2694736842105263	-0.08133830900944838	0.2635263813961541	0.006085317232433413	0.0003839877535423084	21.955591201782227
23.738	2.763220338983051	0.2847368421052632	-0.0941132175084257	0.2633386288678633	0.005921146311974284	0.00027896803186386126	20.865154266357422
23.738	2.763220338983051	0.3	-0.10684636621022547	0.26024282944485205	0.005607814846720106	-0.00030157937151195104	19.917816162109375
23.738	2.7733898305084743	0.01	-0.020696029944661513	0.23499930870815777	0.007031328862634512	0.005250751379139941	34.527442932128906
23.738	2.7733898305084743	0.02526315789473684	-0.020514119111197132	0.24466757795208652	0.00693666678269768	0.005200208420069639	47.58317565917969
23.738	2.7733898305084743	0.04052631578947368	-0.020022998985717196	0.2563901613049985	0.006880549001115135	0.004755019567130812	45.84406280517578
23.738	2.7733898305084743	0.05578947368421053	-0.021086685280664028	0.2646001701350634	0.0067816095861966425	0.0045970382864697346	44.54787635803223
23.738	2.7733898305084743	0.07105263157894737	-0.021911047320230068	0.2684440170522159	0.006852014224805674	0.004335713063032865	39.16679000854492
23.738	2.7733898305084743	0.0863157894736842	-0.021772353471913565	0.2723298922411438	0.006613145761658184	0.004126637691308006	36.22806167602539
23.738	2.7733898305084743	0.10157894736842105	-0.020108763994374505	0.273189915739679	0.0066915285445024245	0.004169739376232105	34.17192077636719
23.738	2.7733898305084743	0.11684210526315789	-0.021361040535186504	0.2752131160598257	0.006903817618898507	0.004003361709429465	32.888675689697266
23.738	2.7733898305084743	0.13210526315789473	-0.02140349713001119	0.27531982892177953	0.006807387137404938	0.003947561940915602	31.97495460510254
23.738	2.7733898305084743	0.1473684210526316	-0.02250507145271697	0.27888394250592896	0.0068046204127479165	0.0036016156682133673	31.528396606445312
23.738	2.7733898305084743	0.16263157894736843	-0.024843056379715595	0.281186849633816	0.006835983445597101	0.0036195913469153555	30.200138092041016
23.738	2.7733898305084743	0.17789473684210527	-0.030022539078156146	0.28526705280936093	0.006609658486378843	0.003247156814623481	28.318744659423828
23.738	2.7733898305084743	0.1931578947368421	-0.037696267544190094	0.28836519495642515	0.006746271938356402	0.0027953266250353498	26.56476593017578
23.738	2.7733898305084743	0.20842105263157895	-0.04729476820105663	0.2863652644978778	0.006445942517495314	0.0025851515849883173	24.918792724609375
23.738	2.7733898305084743	0.2236842105263158	-0.059944423170629646	0.2856200436429994	0.006389118970545648	0.0020575734817895935	23.51512908935547
23.738	2.7733898305084743	0.23894736842105263	-0.07363217834713058	0.28499198304403106	0.00637590137885961	0.0016667030766313578	22.43096160888672
23.738	2.7733898305084743	0.25421052631578944	-0.08682293053747918	0.2820385460176592	0.0062101567241468186	0.0016741475868591864	21.454307556152344
23.738	2.7733898305084743	0.2694736842105263	-0.10083260664198175	0.2790384277596896	0.0061628310815891076	0.0013426619962739438	20.741291046142578
23.738	2.7733898305084743	0.2847368421052632	-0.11405630316452625	0.275416018062023	0.005883635563124299	0.0012361516444012904	20.13079833984375
23.738	2.7733898305084743	0.3	-0.1289438109987363	0.27143679033706347	0.005734461536152221	0.0007809408819546748	19.252605438232422
23.738	2.7835593220338986	0.01	-0.012116742939962467	0.18653734999915958	0.007603928166846426	0.00604659800842097	32.31855773925781
23.738	2.7835593220338986	0.02526315789473684	-0.019205225063762106	0.2156766978509017	0.007510789379337976	0.005917015741490388	44.69416427612305
23.738	2.7835593220338986	0.04052631578947368	-0.01874984557767813	0.2267384139306136	0.0073595826287749	0.005485214480193684	48.06028747558594
23.738	2.7835593220338986	0.05578947368421053	-0.01959974674953653	0.23217856966443884	0.007425398812620758	0.005376932311907972	41.03647994995117
23.738	2.7835593220338986	0.07105263157894737	-0.0183927553471042	0.2382063665522316	0.007502197466011477	0.005004155036149416	37.54692077636719
23.738	2.7835593220338986	0.0863157894736842	-0.01779310583671758	0.24391809800218112	0.007283458464145276	0.005013740970243917	34.89320755004883
23.738	2.7835593220338986	0.10157894736842105	-0.017761620905475853	0.24710389550237233	0.007352896145995382	0.004675240010819938	32.93570327758789
23.738	2.7835593220338986	0.11684210526315789	-0.01700218997004412	0.2504544529190789	0.007257566692488815	0.004679491598872225	32.02555847167969
23.738	2.7835593220338986	0.13210526315789473	-0.01776469680128094	0.2541905633867233	0.0073205079640968115	0.004537112695688954	31.547651290893555
23.738	2.7835593220338986	0.1473684210526316	-0.019703407159637067	0.25948124453904897	0.0072224896468147705	0.004656823474276001	31.738727569580078
23.738	2.7835593220338986	0.16263157894736843	-0.023365667831263502	0.26547515854024106	0.007013507760134063	0.004319585370164252	29.837493896484375
23.738	2.7835593220338986	0.17789473684210527	-0.0294700983875608	0.27126820400141893	0.006995379658510223	0.0038979530315762156	27.726097106933594
23.738	2.7835593220338986	0.1931578947368421	-0.03840643891967655	0.2739015551513029	0.006763375830032316	0.0035549716639186606	25.892627716064453
23.738	2.7835593220338986	0.20842105263157895	-0.04868833589179111	0.27549394018724727	0.006753458825271598	0.0035592759795012355	24.351547241210938
23.738	2.7835593220338986	0.2236842105263158	-0.061065888916062155	0.27501440370915975	0.006542291272616402	0.0029520486113367586	23.086952209472656
23.738	2.7835593220338986	0.23894736842105263	-0.07373486296777274	0.27413117100738177	0.00654655690309496	0.0027872276186801555	22.094409942626953
23.738	2.7835593220338986	0.25421052631578944	-0.08697889347016471	0.27178440829235767	0.00634871687548198	0.0026259236974485586	21.232646942138672
23.738	2.7835593220338986	0.2694736842105263	-0.09995583058856583	0.2692480366747688	0.006259107144114891	0.002335631437924566	20.60843276977539
23.738	2.7835593220338986	0.2847368421052632	-0.11344554653132428	0.264995950552745	0.006061698669003732	0.0019053675844250958	19.999406814575195
23.738	2.7835593220338986	0.3	-0.12664707832117103	0.26192349666043496	0.0058084266350705155	0.0017083571778675436	19.133176803588867
23.738	2.793728813559322	0.01	-0.015356959623009325	0.251541997091314	0.007788473088867348	0.006319148935773438	33.858863830566406
23.738	2.793728813559322	0.02526315789473684	-0.010532100300029284	0.26736755114461336	0.007900031623644941	0.006344378454416228	48.42666244506836
23.738	2.793728813559322	0.04052631578947368	-0.01173163043494951	0.27354533158043337	0.007943064970091404	0.00582492394864145	46.49673080444336
23.738	2.793728813559322	0.05578947368421053	-0.013565171823572935	0.2771211865035438	0.007655495911236106	0.0057310682474437	42.28971290588379
23.738	2.793728813559322	0.07105263157894737	-0.016007559681563907	0.2785146420401615	0.007760154614788508	0.0054652127384180165	38.185407638549805
23.738	2.793728813559322	0.0863157894736842	-0.014476309254676203	0.27809799042054517	0.007692744547673717	0.005387715412452794	35.75216102600098
23.738	2.793728813559322	0.10157894736842105	-0.015505425263106923	0.27692556458980844	0.007789307136390533	0.005302601922388646	34.11743354797363
23.738	2.793728813559322	0.11684210526315789	-0.01577320015517728	0.2770128390036426	0.007708698762783867	0.005071387273579043	32.788482666015625
23.738	2.793728813559322	0.13210526315789473	-0.01863505072681676	0.279549654135129	0.007586136461671524	0.0049950032897462604	32.243690490722656
23.738	2.793728813559322	0.1473684210526316	-0.0206570697554804	0.2848962161034555	0.007618270481967572	0.004912258287995104	30.83547019958496
23.738	2.793728813559322	0.16263157894736843	-0.028116115376115552	0.28997474553028363	0.007284749537499026	0.004739992123054111	28.587095260620117
23.738	2.793728813559322	0.17789473684210527	-0.03753926940983604	0.294626220669246	0.0073418078532231585	0.00471851289081737	26.459577560424805
23.738	2.793728813559322	0.1931578947368421	-0.0503837414449032	0.2958792943579589	0.007338458432937855	0.004289234673742292	24.648170471191406
23.738	2.793728813559322	0.20842105263157895	-0.06520867298088945	0.29614266860583816	0.006924431394296349	0.004082127055189313	23.20587921142578
23.738	2.793728813559322	0.2236842105263158	-0.0800115642599985	0.2953340057398285	0.00691633006187295	0.0037679671617658205	22.031543731689453
23.738	2.793728813559322	0.23894736842105263	-0.09627477741107734	0.2925625826975278	0.006705043128537006	0.0036265155659199544	21.06462860107422
23.738	2.793728813559322	0.25421052631578944	-0.11149411231283526	0.29032901383762644	0.006383820813536936	0.0032118239678020893	20.333887100219727
23.738	2.793728813559322	0.2694736842105263	-0.1262032978832287	0.2860720489529883	0.006496981967368181	0.003199478792742453	19.786312103271484
23.738	2.793728813559322	0.2847368421052632	-0.14328138855736433	0.2817802345696494	0.006244265369514947	0.0032062511736907938	19.308975219726562
23.738	2.793728813559322	0.3	-0.1579910196394969	0.2772332276920938	0.006084957908384043	0.002773817535138551	18.946115493774414
23.738	2.8038983050847457	0.01	-0.0009356482858613757	0.23267063752912565	0.008771685817642512	0.0064270004904426956	35.190269470214844
23.738	2.8038983050847457	0.02526315789473684	0.0006200167401964216	0.24312339068787076	0.008768104056999402	0.0063143085010336115	46.05451965332031
23.738	2.8038983050847457	0.04052631578947368	-0.003237024782709581	0.2535873923899462	0.008605296405868094	0.006172612914307018	43.360260009765625
23.738	2.8038983050847457	0.05578947368421053	-0.005240995685948879	0.25962441717016194	0.008604709943027318	0.005993273820775628	39.830997467041016
23.738	2.8038983050847457	0.07105263157894737	-0.005380923008713652	0.2606158808032788	0.008432288654720935	0.006039033074794754	36.56095314025879
23.738	2.8038983050847457	0.0863157894736842	-0.0044290899359549	0.2613949610188584	0.008308322682504971	0.005610218696538763	33.82782173156738
23.738	2.8038983050847457	0.10157894736842105	-0.004734454589423032	0.2624057978659849	0.008272175155725127	0.005745432870697183	32.13216590881348
23.738	2.8038983050847457	0.11684210526315789	-0.004085978249400579	0.26173282854943825	0.008185679890080134	0.005524967805742092	30.938581466674805
23.738	2.8038983050847457	0.13210526315789473	-0.005111462954715318	0.26285880508476983	0.008235421088643557	0.005480437970983516	30.42702293395996
23.738	2.8038983050847457	0.1473684210526316	-0.0071898015596338575	0.266521342148296	0.008227667746719156	0.005241842830584103	30.510112762451172
23.738	2.8038983050847457	0.16263157894736843	-0.01220953652247721	0.27139624663697515	0.008073463316519995	0.005445509931011384	30.137989044189453
23.738	2.8038983050847457	0.17789473684210527	-0.019796611761812695	0.2775829247629279	0.007827313226277256	0.004897984404230279	27.83912467956543
23.738	2.8038983050847457	0.1931578947368421	-0.030399200108040706	0.28023773571122534	0.007807011540841558	0.0052589713409513	25.901966094970703
23.738	2.8038983050847457	0.20842105263157895	-0.04328910687207116	0.28365101655591385	0.0075981255323647155	0.005049565098594663	24.274133682250977
23.738	2.8038983050847457	0.2236842105263158	-0.05683939412667334	0.2841317913545364	0.007332822867909525	0.004856581679314596	23.009990692138672
23.738	2.8038983050847457	0.23894736842105263	-0.07170678618627868	0.2851112974808656	0.007303098533817252	0.004469339885202864	21.930505752563477
23.738	2.8038983050847457	0.25421052631578944	-0.08566347751098952	0.28304357212047215	0.00719346525672874	0.004371155809748054	21.150726318359375
23.738	2.8038983050847457	0.2694736842105263	-0.1011165054575009	0.281281749992706	0.007048552477876886	0.0041817946064415515	20.474872589111328
23.738	2.8038983050847457	0.2847368421052632	-0.11596390586946434	0.2797444037115948	0.0067495495555799714	0.004246193360568671	19.9332218170166
23.738	2.8038983050847457	0.3	-0.13151113386865976	0.27652922893881815	0.006819229881322691	0.00374394564802552	19.490966796875
23.738	2.8140677966101695	0.01	5.605820897695152e-05	0.22589961315512674	0.00961051643712125	0.006129518372236225	33.8873176574707
23.738	2.8140677966101695	0.02526315789473684	0.001509820165122122	0.24414157820825677	0.009604301873420977	0.006183350356482473	47.77728271484375
23.738	2.8140677966101695	0.04052631578947368	-0.0014488891434644284	0.2511533957196315	0.009514025628034925	0.005844587877022661	45.791534423828125
23.738	2.8140677966101695	0.05578947368421053	-0.0030096267359448195	0.24944367386435434	0.009358379124917758	0.005951555507949765	39.5528507232666
23.738	2.8140677966101695	0.07105263157894737	-0.0013466250978429654	0.24832164996256353	0.009336738075747471	0.00581655993023111	36.675466537475586
23.738	2.8140677966101695	0.0863157894736842	-0.0030797121938765815	0.24639422613578657	0.00926297401292727	0.005841578671642856	34.260101318359375
23.738	2.8140677966101695	0.10157894736842105	-0.003480202245755966	0.24528727644705361	0.009068133453767453	0.005627683101526902	32.318777084350586
23.738	2.8140677966101695	0.11684210526315789	-0.003290511991709384	0.24342054150969641	0.009092370800719299	0.005603755554663922	30.963117599487305
23.738	2.8140677966101695	0.13210526315789473	-0.004673196563416345	0.24388753535213462	0.009311783060801958	0.005779242514630441	30.004714965820312
23.738	2.8140677966101695	0.1473684210526316	-0.00642173087811054	0.24530277706573358	0.0089635799799448	0.005276653214765682	29.684703826904297
23.738	2.8140677966101695	0.16263157894736843	-0.009936138093263	0.24864077106323573	0.008835310445399066	0.00549324725320826	29.8393497467041
23.738	2.8140677966101695	0.17789473684210527	-0.015793326770227146	0.25408530728402	0.00881134636380422	0.005454201856771129	29.408544540405273
23.738	2.8140677966101695	0.1931578947368421	-0.025264906133407424	0.2570913465549376	0.008866548145546866	0.005481651451106983	27.386728286743164
23.738	2.8140677966101695	0.20842105263157895	-0.03709708637372902	0.25890098133275447	0.008397257023463101	0.0048301415095230275	25.69976806640625
23.738	2.8140677966101695	0.2236842105263158	-0.051010403398436814	0.2603644199032538	0.008283688751836368	0.004972307791398718	24.243831634521484
23.738	2.8140677966101695	0.23894736842105263	-0.0645912382910025	0.26162947177128404	0.008272432277069107	0.004911765526558934	23.07017707824707
23.738	2.8140677966101695	0.25421052631578944	-0.07856260409299254	0.2607953381090007	0.00791130614980455	0.0048093537468456285	22.109506607055664
23.738	2.8140677966101695	0.2694736842105263	-0.09354998592790043	0.2592174317510578	0.007890716381005466	0.00466909489878333	21.384109497070312
23.738	2.8140677966101695	0.2847368421052632	-0.10827001866455949	0.258144394476876	0.007769400154935384	0.004727918450808962	20.809858322143555
23.738	2.8140677966101695	0.3	-0.12380201446670094	0.25520067489881815	0.007873347971312523	0.004485039412801504	19.938796997070312
23.738	2.8242372881355933	0.01	0.0014559812579771339	0.23625603444118803	0.010363707682896297	0.00574511449365743	39.09205627441406
23.738	2.8242372881355933	0.02526315789473684	-0.00610157140966313	0.26348855429344725	0.010256217210356366	0.005575817256235325	46.40679168701172
23.738	2.8242372881355933	0.04052631578947368	-0.007151383977661874	0.26604192844359487	0.010065969964866243	0.005483298410996833	42.47903060913086
23.738	2.8242372881355933	0.05578947368421053	-0.005594198709632302	0.2668855436914629	0.010000639150234648	0.005601047157986992	37.27055740356445
23.738	2.8242372881355933	0.07105263157894737	-0.00835453119610084	0.26520211586847214	0.009811294807943816	0.0055201850799811904	34.771345138549805
23.738	2.8242372881355933	0.0863157894736842	-0.009166766374049947	0.2645248594154727	0.009763263600015785	0.005230391884248067	33.03937530517578
23.738	2.8242372881355933	0.10157894736842105	-0.007281810823643773	0.2612911888656574	0.009751837719940811	0.0054550676353355525	31.468935012817383
23.738	2.8242372881355933	0.11684210526315789	-0.007537645833382573	0.2588036960482033	0.009812228007703669	0.0055390769619006915	30.65903091430664
23.738	2.8242372881355933	0.13210526315789473	-0.006430716519991128	0.2573078008394122	0.009792745246309801	0.005572502270606806	30.252384185791016
23.738	2.8242372881355933	0.1473684210526316	-0.007386107216680929	0.25608553169822557	0.009729011225422047	0.005473990355098886	30.201385498046875
23.738	2.8242372881355933	0.16263157894736843	-0.00989721141299097	0.2581183268741355	0.009601112564919065	0.005400696082838207	30.913681030273438
23.738	2.8242372881355933	0.17789473684210527	-0.014268384860655462	0.26152124646502495	0.009526398848600265	0.005238521540020055	28.928665161132812
23.738	2.8242372881355933	0.1931578947368421	-0.02146377547676249	0.2635574688243359	0.009511921196498265	0.0051484735989864045	26.88433265686035
23.738	2.8242372881355933	0.20842105263157895	-0.03162275649685168	0.2639023169528819	0.0094038821370672	0.005151822791632999	25.37220573425293
23.738	2.8242372881355933	0.2236842105263158	-0.042505566283580876	0.26435680560621744	0.009239491348799136	0.005013748020466567	23.98441505432129
23.738	2.8242372881355933	0.23894736842105263	-0.05515071907684675	0.2638975618415822	0.009209853246419701	0.005005713457721552	22.810436248779297
23.738	2.8242372881355933	0.25421052631578944	-0.06823665919810147	0.26175684987884384	0.009186673591790102	0.0050372642231925864	21.948301315307617
23.738	2.8242372881355933	0.2694736842105263	-0.08116866471109521	0.2591662913580929	0.0089230519544398	0.00487064826063969	21.2347469329834
23.738	2.8242372881355933	0.2847368421052632	-0.0945338410311712	0.25731745809517254	0.008791228948373732	0.004754774581523304	20.2705078125
23.738	2.8242372881355933	0.3	-0.10887656251228767	0.2535311037662369	0.008915006335726403	0.004578409802901332	19.342037200927734
23.738	2.834406779661017	0.01	0.0034105619715402574	0.20459437652926782	0.010821907238121537	0.005080349729372428	36.78990173339844
23.738	2.834406779661017	0.02526315789473684	-0.004748551600626377	0.23390454990102916	0.01082579778764319	0.005100687139765697	47.96260070800781
23.738	2.834406779661017	0.04052631578947368	-0.005132149213007361	0.23650133651926186	0.010674182382595411	0.005094026405840751	44.592010498046875
23.738	2.834406779661017	0.05578947368421053	-0.007271738403490458	0.23836803031398918	0.010763233567800286	0.005054633697200091	39.200653076171875
23.738	2.834406779661017	0.07105263157894737	-0.008813714216995495	0.23433437345313046	0.010663947345389368	0.005193482488281711	36.5422306060791
23.738	2.834406779661017	0.0863157894736842	-0.0064547531116488106	0.23480613229559877	0.010371565974898307	0.005064950931425099	33.733665466308594
23.738	2.834406779661017	0.10157894736842105	-0.00825832924854802	0.23391228670740988	0.010256924550017497	0.004748290840297981	31.943077087402344
23.738	2.834406779661017	0.11684210526315789	-0.008155655164290416	0.23638046109931737	0.010361642551873398	0.005038763303826492	30.90391731262207
23.738	2.834406779661017	0.13210526315789473	-0.010055928725768073	0.23707778477924138	0.01030537439350463	0.0049169923998927	30.568096160888672
23.738	2.834406779661017	0.1473684210526316	-0.011886468012142385	0.24201033818986462	0.010357337933753406	0.004860354795987323	30.97044563293457
23.738	2.834406779661017	0.16263157894736843	-0.016137920192819642	0.24721593904361414	0.01041968070721929	0.0049497063981224654	30.339920043945312
23.738	2.834406779661017	0.17789473684210527	-0.02244098843061811	0.2519985357218764	0.010472606354688517	0.005123852401095894	28.11353302001953
23.738	2.834406779661017	0.1931578947368421	-0.032748798218326054	0.25317002474855305	0.010334715982191534	0.00517683936549544	26.190189361572266
23.738	2.834406779661017	0.20842105263157895	-0.04463330081304272	0.25314622375617246	0.01030897283506606	0.004818776182119809	24.622407913208008
23.738	2.834406779661017	0.2236842105263158	-0.05783632880893252	0.251530849747237	0.01023395597310995	0.0047588594678843665	23.395456314086914
23.738	2.834406779661017	0.23894736842105263	-0.07092763375248629	0.24933010566866567	0.010083840517859962	0.004580694886709714	22.431140899658203
23.738	2.834406779661017	0.25421052631578944	-0.08449447901562629	0.24735566699178393	0.010158113808962102	0.004674539666331292	21.578065872192383
23.738	2.834406779661017	0.2694736842105263	-0.09763063013924445	0.24380078880497727	0.010123402985036837	0.004573778886830844	20.774852752685547
23.738	2.834406779661017	0.2847368421052632	-0.11252436161412083	0.24135647235819613	0.010123482662448684	0.004547544826988693	19.72260093688965
23.738	2.834406779661017	0.3	-0.1260576270837166	0.23645528083582878	0.009966635203592034	0.004356345959155687	18.789966583251953
23.738	2.8445762711864404	0.01	-0.013497662996175885	0.2607952537698414	0.011985916877943738	0.004051507736569376	40.00733184814453
23.738	2.8445762711864404	0.02526315789473684	-0.009441146706464884	0.28365076060720945	0.011785720731137369	0.004196829202071541	47.97423553466797
23.738	2.8445762711864404	0.04052631578947368	-0.012301750601396442	0.29382554536750916	0.011695349272309793	0.00409008710154697	41.89080047607422
23.738	2.8445762711864404	0.05578947368421053	-0.012720355292263582	0.29193269681943634	0.011557125273435484	0.003971228606103552	38.27962112426758
23.738	2.8445762711864404	0.07105263157894737	-0.013194300135078982	0.28917001631869055	0.011661814621226037	0.004027403862135116	35.34393882751465
23.738	2.8445762711864404	0.0863157894736842	-0.013816670042875363	0.2855978735425888	0.011296437336986804	0.004208318732604156	33.62329864501953
23.738	2.8445762711864404	0.10157894736842105	-0.012659375829103543	0.2824987084308087	0.011358875932328323	0.004180506573798837	32.10456848144531
23.738	2.8445762711864404	0.11684210526315789	-0.012418238295886268	0.27959346577573796	0.0113330417987237	0.0041257268549370054	31.693817138671875
23.738	2.8445762711864404	0.13210526315789473	-0.014226714743945358	0.2781112532322505	0.011240360217533012	0.004152379671421822	31.764232635498047
23.738	2.8445762711864404	0.1473684210526316	-0.016415653954482565	0.28081630185449513	0.011330068916381348	0.004096501518697831	30.471994400024414
23.738	2.8445762711864404	0.16263157894736843	-0.02309534681890059	0.285691273363475	0.011499360481733471	0.004028938944657196	28.07940101623535
23.738	2.8445762711864404	0.17789473684210527	-0.033260322938895706	0.2893428446372788	0.011382268377591364	0.0038221281252050674	25.984989166259766
23.738	2.8445762711864404	0.1931578947368421	-0.044185458965526586	0.2882102080716193	0.011460180240309242	0.0039624642491732235	24.275650024414062
23.738	2.8445762711864404	0.20842105263157895	-0.057691362736673725	0.2857716680134088	0.011452639236522073	0.0037988412062856035	22.925724029541016
23.738	2.8445762711864404	0.2236842105263158	-0.07212595218226472	0.28471079623349027	0.0116326970133869	0.0036040949878267305	21.791751861572266
23.738	2.8445762711864404	0.23894736842105263	-0.08635604013175693	0.28087458620549566	0.011531000548082971	0.003591093249670301	20.99150276184082
23.738	2.8445762711864404	0.25421052631578944	-0.10151727317055582	0.2763913109608107	0.011529399284395982	0.003264412946467993	20.2513370513916
23.738	2.8445762711864404	0.2694736842105263	-0.11691167332791941	0.27104505373467597	0.011304612184425664	0.003006267547745063	19.76123046875
23.738	2.8445762711864404	0.2847368421052632	-0.13146512691491502	0.2665328516468862	0.011417866050600658	0.0032708541974683066	19.30542755126953
23.738	2.8445762711864404	0.3	-0.14552096598540326	0.2600707959656772	0.011429801334872963	0.0030527617197590095	18.998960494995117
23.738	2.8547457627118646	0.01	0.005370977290525207	0.18285202796507452	0.012827476343690653	0.002965578402927658	41.6593132019043
23.738	2.8547457627118646	0.02526315789473684	0.0033276466211221295	0.21047453696776008	0.01271167207118756	0.002967180993348203	47.337581634521484
23.738	2.8547457627118646	0.04052631578947368	0.0027047371405412106	0.2135442639182411	0.012391726864319403	0.0029117526144884806	42.348812103271484
23.738	2.8547457627118646	0.05578947368421053	0.003206369830970895	0.2177677059958778	0.012290424596306736	0.002886398892985426	38.174455642700195
23.738	2.8547457627118646	0.07105263157894737	0.0002789988222105293	0.21745575506128323	0.012222032113298305	0.0031644866485195334	34.740726470947266
23.738	2.8547457627118646	0.0863157894736842	-0.0015035160777585703	0.21894821997620112	0.012169057297817896	0.0033296460784087044	32.73760986328125
23.738	2.8547457627118646	0.10157894736842105	-0.002499534278871322	0.22111468601860051	0.0119429332153442	0.002978601155145158	31.231014251708984
23.738	2.8547457627118646	0.11684210526315789	-0.0053057215951809785	0.22395622922112177	0.012213453832326342	0.003098190238758095	30.48931121826172
23.738	2.8547457627118646	0.13210526315789473	-0.0077462325647899965	0.2279334795754861	0.0121201303270465	0.0028395037248416235	30.17770004272461
23.738	2.8547457627118646	0.1473684210526316	-0.012289459046263534	0.23492853800552466	0.012227424956410925	0.002699003806138617	30.90708351135254
23.738	2.8547457627118646	0.16263157894736843	-0.020606137339603918	0.2422178532781712	0.012375975198200204	0.002472880332534684	29.567087173461914
23.738	2.8547457627118646	0.17789473684210527	-0.030842600717285396	0.24852311083156564	0.012407977947235494	0.0024446209698178855	27.330366134643555
23.738	2.8547457627118646	0.1931578947368421	-0.043924801552777976	0.24967902783645962	0.01225577086058693	0.002304754916094506	25.4753475189209
23.738	2.8547457627118646	0.20842105263157895	-0.057676495319749554	0.2506427067626601	0.012317559556667192	0.0019471810678731792	24.030729293823242
23.738	2.8547457627118646	0.2236842105263158	-0.07128577573889305	0.2508485299500318	0.012279265572828681	0.0016425229295129779	22.928802490234375
23.738	2.8547457627118646	0.23894736842105263	-0.08652861352844701	0.25015546679344647	0.012465321231047405	0.0015109889960747036	22.00524139404297
23.738	2.8547457627118646	0.25421052631578944	-0.10172209149574547	0.24833709475352422	0.012466053667946796	0.001154994397172207	21.26199722290039
23.738	2.8547457627118646	0.2694736842105263	-0.11705113392569391	0.2455263909159933	0.012594203912999442	0.0010699282721962494	20.726802825927734
23.738	2.8547457627118646	0.2847368421052632	-0.13160618391628195	0.24299439776540704	0.012685654188430704	0.0009095748002128518	20.26797103881836
23.738	2.8547457627118646	0.3	-0.14634829621892476	0.23971367540559377	0.012658812786923932	0.0006785236060043772	19.557331085205078
23.738	2.864915254237288	0.01	0.004005326217598654	0.24124489488801573	0.013673842595222504	0.0014111226924090653	39.33102035522461
23.738	2.864915254237288	0.02526315789473684	-0.002953792848997381	0.270928791042181	0.013625279717985809	0.0014529628870353418	45.35860824584961
23.738	2.864915254237288	0.04052631578947368	-0.006793792009639227	0.27372102998800074	0.01321411780511508	0.0014410846870963208	42.17961883544922
23.738	2.864915254237288	0.05578947368421053	-0.007990666422929288	0.27549614314214543	0.01339456223570406	0.0014885826284374549	38.74436378479004
23.738	2.864915254237288	0.07105263157894737	-0.008406821599637637	0.2704742754813699	0.013155714383834406	0.0015461529809475403	36.31720733642578
23.738	2.864915254237288	0.0863157894736842	-0.008267412918187646	0.2671429638617935	0.01289859385512523	0.0012998862933906758	34.296844482421875
23.738	2.864915254237288	0.10157894736842105	-0.008079959758522638	0.26373173235844694	0.01282532584670685	0.0015521133245508184	33.01393699645996
23.738	2.864915254237288	0.11684210526315789	-0.008291265273324189	0.259996745495279	0.012935608947732605	0.0015537453985936655	32.06581115722656
23.738	2.864915254237288	0.13210526315789473	-0.00953493267789586	0.2581685565404898	0.013062197218171388	0.0013714780805807493	31.49949836730957
23.738	2.864915254237288	0.1473684210526316	-0.012543168453325428	0.25976757768965886	0.012715255686520238	0.0012093899380523265	31.719985961914062
23.738	2.864915254237288	0.16263157894736843	-0.018675522944876587	0.2632830018103792	0.01297218820487057	0.0012297335929211829	29.662405014038086
23.738	2.864915254237288	0.17789473684210527	-0.028574583503986364	0.26616701804585463	0.01265705179910689	0.0005690814465333183	27.399158477783203
23.738	2.864915254237288	0.1931578947368421	-0.041196821100347086	0.2699265646259224	0.012780992466745817	0.00039453156809363495	25.422744750976562
23.738	2.864915254237288	0.20842105263157895	-0.05600361989653656	0.26824317543778914	0.012678680926600162	1.7024016861675913e-05	23.9814510345459
23.738	2.864915254237288	0.2236842105263158	-0.07077636776711418	0.2678719960122892	0.012850277040214374	-0.00017615164998381535	22.78301239013672
23.738	2.864915254237288	0.23894736842105263	-0.08577841952048956	0.2676442637875909	0.012777421638778527	-0.0006092552629039648	21.82175064086914
23.738	2.864915254237288	0.25421052631578944	-0.10175402812444745	0.2649267748399582	0.012741624184521842	-0.0008397664300415595	21.13289451599121
23.738	2.864915254237288	0.2694736842105263	-0.11823681148733373	0.2631680252358309	0.01289146657677561	-0.0011319776253042174	20.484153747558594
23.738	2.864915254237288	0.2847368421052632	-0.13419386896337743	0.260901588420569	0.012829758253330912	-0.001755733163052622	20.009422302246094
23.738	2.864915254237288	0.3	-0.1484381809745239	0.2569083200595389	0.012868654893101494	-0.0018140259307281715	19.60167694091797
23.738	2.875084745762712	0.01	0.0055673210419100415	0.13568257840852538	0.014273561209513771	-0.00034795377137100344	33.20408630371094
23.738	2.875084745762712	0.02526315789473684	-0.0013439807572084759	0.16368350286538996	0.014100629059499561	-0.00013658678184140882	44.30565643310547
23.738	2.875084745762712	0.04052631578947368	6.0983607856616646e-05	0.1692901928214291	0.013831680328940759	-0.0002888999553057459	42.96853256225586
23.738	2.875084745762712	0.05578947368421053	-0.001611718296460745	0.17560942308955635	0.01355491779475711	-0.00023827568127885633	37.876787185668945
23.738	2.875084745762712	0.07105263157894737	-0.001861949398569699	0.17959261057876796	0.01332198357187804	-0.0001735276621512643	34.9768009185791
23.738	2.875084745762712	0.0863157894736842	-0.0016591816147937745	0.18698152623583372	0.013045173960570767	-0.00024934646334700086	32.719215393066406
23.738	2.875084745762712	0.10157894736842105	-0.0025101958279791854	0.1929533281634598	0.01295156698480508	-0.00012513787716586093	31.35076904296875
23.738	2.875084745762712	0.11684210526315789	-0.002887555511604585	0.19747012028620017	0.012966180041512529	-9.531327041216723e-05	30.16529655456543
23.738	2.875084745762712	0.13210526315789473	-0.004285725053394266	0.20204227442755146	0.012765700188429149	-0.00011246657186305542	30.049287796020508
23.738	2.875084745762712	0.1473684210526316	-0.007391612095201654	0.2077890463455474	0.012796067731033076	-0.00018693887050133908	30.04905891418457
23.738	2.875084745762712	0.16263157894736843	-0.013094718622491147	0.21417643509286385	0.012870011419254406	-0.0002756656521337719	30.711650848388672
23.738	2.875084745762712	0.17789473684210527	-0.020544681320269084	0.21933625741618756	0.012825372169463771	-0.0005606795915805701	29.38690185546875
23.738	2.875084745762712	0.1931578947368421	-0.031049795404204134	0.2225912731107821	0.012819152289603713	-0.0010050208702402788	27.24306869506836
23.738	2.875084745762712	0.20842105263157895	-0.042839315157278415	0.22370810761601045	0.01258405952848192	-0.0012931063813822082	25.77336883544922
23.738	2.875084745762712	0.2236842105263158	-0.05544258028002175	0.22320285961793002	0.012643691620223685	-0.001422728713224251	24.49523162841797
23.738	2.875084745762712	0.23894736842105263	-0.06808520431130842	0.22436781160246783	0.01262904463315399	-0.0021145602636838995	23.47603988647461
23.738	2.875084745762712	0.25421052631578944	-0.08018457020133452	0.2237282649398988	0.012559561132379582	-0.0023023778936323044	22.4930419921875
23.738	2.875084745762712	0.2694736842105263	-0.0947375482653302	0.22223397654199983	0.012600116772969024	-0.002675730416361268	21.222614288330078
23.738	2.875084745762712	0.2847368421052632	-0.10784188749881926	0.22074603347061272	0.012392553449961428	-0.002872448389657502	20.12918472290039
23.738	2.875084745762712	0.3	-0.12185522782298273	0.21710739603219625	0.01206933961102928	-0.0035121203236674367	19.183773040771484
23.738	2.8852542372881356	0.01	-0.007981252570482928	0.2457236247173285	0.014787995443752295	-0.0025693213407255388	36.15974044799805
23.738	2.8852542372881356	0.02526315789473684	-0.018107976057179398	0.2553888988254819	0.01453160969131583	-0.0024168711741556336	43.975608825683594
23.738	2.8852542372881356	0.04052631578947368	-0.01890194060684568	0.2567036397852698	0.014026136646596389	-0.002412764723457142	42.19481658935547
23.738	2.8852542372881356	0.05578947368421053	-0.019695403986004906	0.2576340862070775	0.013672569598841229	-0.0023340379643669103	40.099782943725586
23.738	2.8852542372881356	0.07105263157894737	-0.017774412082833962	0.25399063138622846	0.013357303665147879	-0.0021448169583421026	36.473012924194336
23.738	2.8852542372881356	0.0863157894736842	-0.015012940625054547	0.2533221583101533	0.013073918816665253	-0.001850000867107451	35.0491886138916
23.738	2.8852542372881356	0.10157894736842105	-0.014718453190615195	0.25089669116871505	0.012806533240812205	-0.0016573028911855794	33.79096794128418
23.738	2.8852542372881356	0.11684210526315789	-0.014022368542244455	0.24927931950526389	0.012656909565132879	-0.0015872908948998208	32.7669792175293
23.738	2.8852542372881356	0.13210526315789473	-0.014657900831987878	0.2495466549052492	0.012609818997018806	-0.0014524259971997933	32.50537872314453
23.738	2.8852542372881356	0.1473684210526316	-0.01775875468293798	0.25199396909449456	0.012413477259631576	-0.0016633159819483135	30.85689926147461
23.738	2.8852542372881356	0.16263157894736843	-0.024643592716812983	0.2549473947343567	0.012475087584908288	-0.001987174368821213	28.583110809326172
23.738	2.8852542372881356	0.17789473684210527	-0.034012308029920904	0.25676619291443886	0.012306676861344994	-0.0024327114574929105	26.64319610595703
23.738	2.8852542372881356	0.1931578947368421	-0.04600085874553502	0.25706689216567713	0.012122147950364238	-0.0026835955099126937	24.87531089782715
23.738	2.8852542372881356	0.20842105263157895	-0.05861829024650866	0.2551553776590024	0.011873546591263197	-0.0029451990286954405	23.586742401123047
23.738	2.8852542372881356	0.2236842105263158	-0.07281735696741154	0.25155802900994784	0.011695468053798291	-0.003349321062765028	22.638761520385742
23.738	2.8852542372881356	0.23894736842105263	-0.08602683645584397	0.24924137239436275	0.011462389575566667	-0.0036346382359308546	21.853174209594727
23.738	2.8852542372881356	0.25421052631578944	-0.09876034484885597	0.24604980093799889	0.011463303302874882	-0.0039846051710494285	21.197025299072266
23.738	2.8852542372881356	0.2694736842105263	-0.11433794272462196	0.24154869693237155	0.011175444111207944	-0.00451926222873701	20.46735382080078
23.738	2.8852542372881356	0.2847368421052632	-0.12775784960113756	0.23768196212848441	0.010993981856756433	-0.005062517491306189	19.45836639404297
23.738	2.8852542372881356	0.3	-0.14162768111224466	0.23166310179333238	0.01102438702112953	-0.005398065819665158	18.596416473388672
23.738	2.8954237288135594	0.01	-0.009536922754070833	0.17712666202784233	0.01310294618560897	-0.004667549850276934	36.283119201660156
23.738	2.8954237288135594	0.02526315789473684	-0.010379685518908187	0.18806385353531058	0.012944773506389902	-0.004381756153750664	41.64792251586914
23.738	2.8954237288135594	0.04052631578947368	-0.010440301999053558	0.19755142139773468	0.012528969195047833	-0.0040571919485299975	40.60547637939453
23.738	2.8954237288135594	0.05578947368421053	-0.011004820272032905	0.20927465395098382	0.012191527886536643	-0.0037838021634596765	36.70512008666992
23.738	2.8954237288135594	0.07105263157894737	-0.009206167093135133	0.21007685380660973	0.011734235743712462	-0.003296213005541811	33.93068313598633
23.738	2.8954237288135594	0.0863157894736842	-0.008307359901437715	0.21634162867682458	0.011454879339017097	-0.0030503886845772957	32.24745750427246
23.738	2.8954237288135594	0.10157894736842105	-0.008081099522451816	0.2194659887872752	0.011262233294982249	-0.002664453277677256	31.241064071655273
23.738	2.8954237288135594	0.11684210526315789	-0.009484840508003658	0.2252252815671149	0.011170159311559366	-0.0026070222955976324	30.608430862426758
23.738	2.8954237288135594	0.13210526315789473	-0.01204388639648719	0.22939320499150787	0.01103530653993677	-0.0024071117433069056	30.885950088500977
23.738	2.8954237288135594	0.1473684210526316	-0.01809253883307143	0.23357171513213554	0.01108015292235974	-0.002412755945006899	30.963558197021484
23.738	2.8954237288135594	0.16263157894736843	-0.02677974742596311	0.23722571529521383	0.010633236034910407	-0.0027807983716418303	28.4722900390625
23.738	2.8954237288135594	0.17789473684210527	-0.0385224634721006	0.23923266942962665	0.010697618639388347	-0.0031079635010844483	26.356088638305664
23.738	2.8954237288135594	0.1931578947368421	-0.050624775485608405	0.23952940809912573	0.01047730127079312	-0.0033694545062229867	24.715618133544922
23.738	2.8954237288135594	0.20842105263157895	-0.06276773496135853	0.23755181127716382	0.010054819020160075	-0.0036857778514826503	23.552635192871094
23.738	2.8954237288135594	0.2236842105263158	-0.07572393917895928	0.23543143372287734	0.010019291706247971	-0.0041652694437556564	22.67698097229004
23.738	2.8954237288135594	0.23894736842105263	-0.0888903214171214	0.23303708380605412	0.009793571474144669	-0.004363255649195462	21.92836570739746
23.738	2.8954237288135594	0.25421052631578944	-0.1011103144771105	0.2300695062794754	0.009677751378332475	-0.004754374911553417	21.332815170288086
23.738	2.8954237288135594	0.2694736842105263	-0.11314669987593426	0.22687040683864923	0.00958325328947628	-0.004986152638329692	20.59400177001953
23.738	2.8954237288135594	0.2847368421052632	-0.12700320514887176	0.22253003738985383	0.00954041975246743	-0.005906782121846369	19.615882873535156
23.738	2.8954237288135594	0.3	-0.13885451099755436	0.21791106445081176	0.009093409549497456	-0.00619073873454861	18.771522521972656
23.738	2.905593220338983	0.01	-0.025330689464828093	0.29779312965757787	0.012640603347196286	-0.005605517739622394	37.279170989990234
23.738	2.905593220338983	0.02526315789473684	-0.02596952484628811	0.30852664493439796	0.012267330669370986	-0.005350651885255015	41.1667366027832
23.738	2.905593220338983	0.04052631578947368	-0.021159779910805365	0.3024067312799962	0.011616354273400397	-0.005187498549893792	40.23273468017578
23.738	2.905593220338983	0.05578947368421053	-0.021354828887262114	0.29697386601482145	0.011021467512920881	-0.00456076019376995	37.901397705078125
23.738	2.905593220338983	0.07105263157894737	-0.018245194141046812	0.28414677168337954	0.01052504874388609	-0.00416137877777872	36.5124626159668
23.738	2.905593220338983	0.0863157894736842	-0.016756908179890763	0.27884694090924333	0.010182594881087432	-0.0033548414961088145	34.40203285217285
23.738	2.905593220338983	0.10157894736842105	-0.016416146260384883	0.27125676326566495	0.009787756853103697	-0.00276952804163234	33.047725677490234
23.738	2.905593220338983	0.11684210526315789	-0.018433279658014938	0.26928099546772766	0.009419992359653039	-0.0027865459368974347	32.05734634399414
23.738	2.905593220338983	0.13210526315789473	-0.024266145271922432	0.26848371146558747	0.00940806963353643	-0.002656236412213455	31.499338150024414
23.738	2.905593220338983	0.1473684210526316	-0.032400385239980393	0.2704960353687692	0.009253385955715105	-0.0026608172715146296	28.739513397216797
23.738	2.905593220338983	0.16263157894736843	-0.043969768877090365	0.2713610887506575	0.009188211844756811	-0.00309710408963955	26.420883178710938
23.738	2.905593220338983	0.17789473684210527	-0.05928807168728248	0.27191855758219663	0.008744704029974657	-0.003341932816224506	24.647010803222656
23.738	2.905593220338983	0.1931578947368421	-0.07465098494193095	0.2706823182271391	0.008517741345671565	-0.0035333963531491343	23.276845932006836
23.738	2.905593220338983	0.20842105263157895	-0.09031169604039331	0.26800989266276065	0.008231905136157618	-0.0037477565523920823	22.20119857788086
23.738	2.905593220338983	0.2236842105263158	-0.10542870018160483	0.2655697690302104	0.008185161479207186	-0.004146500844168852	21.43575096130371
23.738	2.905593220338983	0.23894736842105263	-0.12106249792030596	0.2620693456826328	0.0080697882982463	-0.004556342478232772	20.752735137939453
23.738	2.905593220338983	0.25421052631578944	-0.13643696644774927	0.2573977692715769	0.007768026076082138	-0.0049508459124427	20.31767463684082
23.738	2.905593220338983	0.2694736842105263	-0.15200196138083288	0.2539774903992137	0.007701093660381944	-0.005239046804685386	19.881240844726562
23.738	2.905593220338983	0.2847368421052632	-0.16665377192201436	0.24757021654541214	0.007540641002991982	-0.0058012159150232475	19.60136604309082
23.738	2.905593220338983	0.3	-0.1814859570638729	0.24276722136592335	0.007309664541463604	-0.0063286135421467184	18.9990234375
23.738	2.9157627118644065	0.01	-0.020124129181047314	0.19282644255464426	0.010340753744895802	-0.004003298630133007	38.61955642700195
23.738	2.9157627118644065	0.02526315789473684	-0.019311190957399055	0.20954835210488357	0.009869871622737399	-0.0038910284084781527	42.701133728027344
23.738	2.9157627118644065	0.04052631578947368	-0.017954231614442512	0.215354523998957	0.009266786716378938	-0.0038007639942451675	41.31886100769043
23.738	2.9157627118644065	0.05578947368421053	-0.015358018838981493	0.22119171482483488	0.008830265838639502	-0.0033253405733371993	36.27392768859863
23.738	2.9157627118644065	0.07105263157894737	-0.013244417608314522	0.22129051024678031	0.008571300638266005	-0.002473498083599735	33.60966873168945
23.738	2.9157627118644065	0.0863157894736842	-0.012978167788862176	0.2232806346432762	0.008234948488222767	-0.0018450939887766802	31.669700622558594
23.738	2.9157627118644065	0.10157894736842105	-0.013062770316115888	0.2239461466888205	0.007992579040387512	-0.0017095396166208112	30.735862731933594
23.738	2.9157627118644065	0.11684210526315789	-0.013512667300107386	0.22465582324056232	0.007584769781806071	-0.0013752655334481516	29.958158493041992
23.738	2.9157627118644065	0.13210526315789473	-0.01647661720439101	0.22718265966382828	0.00789373907536738	-0.0012855038780864407	29.957839965820312
23.738	2.9157627118644065	0.1473684210526316	-0.022758936065149112	0.23227734428933844	0.007881923571198197	-0.001355348869327884	30.540191650390625
23.738	2.9157627118644065	0.16263157894736843	-0.03229869530109524	0.23569116509160096	0.007804207520643244	-0.0018356576954775528	29.07973861694336
23.738	2.9157627118644065	0.17789473684210527	-0.044422329964389315	0.239390630592141	0.0074439161433974416	-0.002419969745272609	26.857118606567383
23.738	2.9157627118644065	0.1931578947368421	-0.05844827732284856	0.2401272274931108	0.007569256117245037	-0.0024667001499613355	25.174840927124023
23.738	2.9157627118644065	0.20842105263157895	-0.07273145357245261	0.24098689736698153	0.00731587954589989	-0.003128444346220289	23.865875244140625
23.738	2.9157627118644065	0.2236842105263158	-0.08647831838676384	0.2431855026995051	0.007329630004823201	-0.0030481841346185227	22.825410842895508
23.738	2.9157627118644065	0.23894736842105263	-0.10040487229922462	0.24302344754238012	0.007145996728995867	-0.003307508270080246	22.069156646728516
23.738	2.9157627118644065	0.25421052631578944	-0.11408245591079491	0.24087916256526815	0.006996886044791876	-0.0038508374801420105	21.492151260375977
23.738	2.9157627118644065	0.2694736842105263	-0.1285409101393833	0.2388398934067097	0.006819056201922913	-0.0042265759119725545	20.995166778564453
23.738	2.9157627118644065	0.2847368421052632	-0.14269458675605348	0.23612005022275345	0.006654206037938355	-0.004573578906192082	20.5001277923584
23.738	2.9157627118644065	0.3	-0.15713984446861834	0.23220187503845496	0.00645767873739597	-0.005328324772694808	19.653226852416992
23.738	2.9259322033898307	0.01	-0.024376172593618357	0.215502656288455	0.009320503797615587	-0.0012760884124371412	36.406009674072266
23.738	2.9259322033898307	0.02526315789473684	-0.020609904141527326	0.23761261304914205	0.009070932946800978	-0.0012566095917738536	42.901424407958984
23.738	2.9259322033898307	0.04052631578947368	-0.02117603327620423	0.24130089974730362	0.008490178170601579	-0.001213729714859182	42.92694091796875
23.738	2.9259322033898307	0.05578947368421053	-0.01796615626204407	0.24213393426268448	0.008156954368102015	-0.0008843585426028943	39.46121788024902
23.738	2.9259322033898307	0.07105263157894737	-0.01724544502336181	0.23599442907377235	0.007839846469656912	-0.0006019189280004134	36.36477851867676
23.738	2.9259322033898307	0.0863157894736842	-0.01834515622591249	0.23485524025397464	0.007373899333983615	-0.0004654762500927683	34.00610160827637
23.738	2.9259322033898307	0.10157894736842105	-0.01935346266960375	0.23075985055999915	0.007255610200009811	-0.0004885365143956655	32.43879699707031
23.738	2.9259322033898307	0.11684210526315789	-0.02116493666085996	0.22775092001772573	0.007084593400141724	-0.00022173513331944352	31.363933563232422
23.738	2.9259322033898307	0.13210526315789473	-0.02350892582449712	0.2291219978383844	0.007284656481689068	-3.678284789377219e-06	30.906875610351562
23.738	2.9259322033898307	0.1473684210526316	-0.028384837503615996	0.23245961780428043	0.007254278777519684	-0.00016883849564033488	30.996435165405273
23.738	2.9259322033898307	0.16263157894736843	-0.03529645823762014	0.23505082220884777	0.007159726304336399	-0.0004034986154899819	29.775104522705078
23.738	2.9259322033898307	0.17789473684210527	-0.04741504588754271	0.23920824353490378	0.006964913704215498	-0.001014739862243307	27.550579071044922
23.738	2.9259322033898307	0.1931578947368421	-0.06014158749083965	0.23922963018185314	0.006813402778644875	-0.0012901385102889716	25.80377960205078
23.738	2.9259322033898307	0.20842105263157895	-0.07477554872228744	0.23976593109900918	0.006685820121179114	-0.0016536637171907591	24.3990421295166
23.738	2.9259322033898307	0.2236842105263158	-0.08977153848453406	0.2400444902398702	0.006646833925258393	-0.0020845396348109302	23.298900604248047
23.738	2.9259322033898307	0.23894736842105263	-0.10418563333140668	0.23961285919372108	0.006441367765289757	-0.002174151168432721	22.431167602539062
23.738	2.9259322033898307	0.25421052631578944	-0.11955017697827178	0.23785897154461944	0.006288754331687958	-0.0027265903422035546	21.7392635345459
23.738	2.9259322033898307	0.2694736842105263	-0.13525880222960576	0.23696578282971137	0.0063793541334757784	-0.0031732766154372654	21.111255645751953
23.738	2.9259322033898307	0.2847368421052632	-0.14980376198019557	0.23239286333863218	0.006241491921462835	-0.0031202172097614276	20.13339614868164
23.738	2.9259322033898307	0.3	-0.16475482047813556	0.22945453750286474	0.006610405908793648	-0.0033610799157032393	19.334545135498047
23.738	2.936101694915254	0.01	-0.01879202216387741	0.12284030218824132	0.007926359673522012	0.0016899696949169527	41.52638626098633
23.738	2.936101694915254	0.02526315789473684	-0.02450484262622697	0.1456398606222718	0.0078063274020994215	0.0013529339277683875	44.796630859375
23.738	2.936101694915254	0.04052631578947368	-0.02497429029859407	0.16604469194231913	0.00731485494439409	0.001237062870640452	41.57978057861328
23.738	2.936101694915254	0.05578947368421053	-0.023389154322974295	0.1800509972740327	0.007237220334221028	0.0014029922699064124	38.04403114318848
23.738	2.936101694915254	0.07105263157894737	-0.022387831681005572	0.18840708865415196	0.006780152605198808	0.0012455513898713816	35.31953048706055
23.738	2.936101694915254	0.0863157894736842	-0.02103476990746966	0.19576165571293402	0.0068800843298597635	0.001516285696945988	33.33712196350098
23.738	2.936101694915254	0.10157894736842105	-0.020098350268611374	0.19877497698124974	0.006562885325198578	0.0014149789286019296	32.01604652404785
23.738	2.936101694915254	0.11684210526315789	-0.019470719673202526	0.20305479824327521	0.006784300880750665	0.0015300655289191562	31.5886173248291
23.738	2.936101694915254	0.13210526315789473	-0.021200865064359118	0.20569884151830067	0.006769117318338767	0.0014715912353195798	31.319305419921875
23.738	2.936101694915254	0.1473684210526316	-0.024205605162908633	0.21132844134829087	0.006644397242281922	0.0013503525866902385	32.03957557678223
23.738	2.936101694915254	0.16263157894736843	-0.02869578994684419	0.213387948718286	0.006759293691630849	0.000682236547264406	30.824045181274414
23.738	2.936101694915254	0.17789473684210527	-0.03793449682882313	0.21763132293378867	0.006711183849712218	0.0003186950626613568	28.516826629638672
23.738	2.936101694915254	0.1931578947368421	-0.04826324521920727	0.21892597791445434	0.006752093841388227	0.00023171981846386103	26.67378044128418
23.738	2.936101694915254	0.20842105263157895	-0.060022692242203315	0.2191733935502037	0.006555966287834307	-0.000666528040609432	25.21768569946289
23.738	2.936101694915254	0.2236842105263158	-0.07270496113835437	0.21879146545609213	0.006639937037817873	-0.000977109232634415	24.03489875793457
23.738	2.936101694915254	0.23894736842105263	-0.08425255926686778	0.21913161256107497	0.006393366129196949	-0.0013833618691376829	23.1904354095459
23.738	2.936101694915254	0.25421052631578944	-0.0964165883340754	0.2163943764166172	0.006216162711550793	-0.0015062162884065316	22.239246368408203
23.738	2.936101694915254	0.2694736842105263	-0.1104928960294344	0.2150908682373549	0.005998599983920655	-0.002016284991849344	20.934362411499023
23.738	2.936101694915254	0.2847368421052632	-0.12256464411130562	0.21223980435534684	0.0058984820802813216	-0.0024677540337948735	19.907495498657227
23.738	2.936101694915254	0.3	-0.1363173124622406	0.2089394724498626	0.005654720678192169	-0.0029980495443383834	19.01628875732422
23.738	2.9462711864406783	0.01	-0.01062270377388613	0.14227596880301197	0.007801354068121945	0.003743361586158616	34.567420959472656
23.738	2.9462711864406783	0.02526315789473684	-0.013338148419468603	0.1575306981179956	0.007704481607559201	0.003679635216168582	47.369693756103516
23.738	2.9462711864406783	0.04052631578947368	-0.01446466428479453	0.17138843828179867	0.007385947206847429	0.0035781091091286465	43.727760314941406
23.738	2.9462711864406783	0.05578947368421053	-0.017972647969334326	0.18206975155808952	0.0073124873926314945	0.0030203780378200385	39.636146545410156
23.738	2.9462711864406783	0.07105263157894737	-0.0190934785050852	0.18599276182139743	0.007137332988157134	0.002805259932520813	36.45477867126465
23.738	2.9462711864406783	0.0863157894736842	-0.01985318244213985	0.19356187928633534	0.00707687425870918	0.0027605229322765707	33.97857856750488
23.738	2.9462711864406783	0.10157894736842105	-0.021134985359503915	0.19762922020183804	0.00694763686356839	0.002841090459356649	32.741506576538086
23.738	2.9462711864406783	0.11684210526315789	-0.02229643756104458	0.20343846464463652	0.006924964802109224	0.0026456080177250387	32.08000183105469
23.738	2.9462711864406783	0.13210526315789473	-0.024796007976248605	0.20872180327541728	0.006869261282605656	0.002265088674026399	32.03573226928711
23.738	2.9462711864406783	0.1473684210526316	-0.029020055238935853	0.21592338680174739	0.006817652095802051	0.0022049825572933615	31.50100326538086
23.738	2.9462711864406783	0.16263157894736843	-0.03522548847350826	0.21946032456007392	0.006794125512775074	0.001859050825248513	29.24770164489746
23.738	2.9462711864406783	0.17789473684210527	-0.04554466851505985	0.2225381273671666	0.006708293750367163	0.0012952166440184654	27.30160140991211
23.738	2.9462711864406783	0.1931578947368421	-0.057948391134697706	0.22199094066281405	0.0064586199341307654	0.0008995712782235601	25.62289810180664
23.738	2.9462711864406783	0.20842105263157895	-0.0704424589108691	0.2211267560305309	0.006139308661534084	0.00042269706461422454	24.351343154907227
23.738	2.9462711864406783	0.2236842105263158	-0.08350846008985721	0.220257646398329	0.006251905000618889	0.0002565631558793461	23.316457748413086
23.738	2.9462711864406783	0.23894736842105263	-0.09717732257359579	0.21735833796220572	0.005995428487853387	-0.0002007211708640656	22.585878372192383
23.738	2.9462711864406783	0.25421052631578944	-0.11030684145444662	0.21484937233309284	0.005836373301162236	-0.0006102108722583156	21.511688232421875
23.738	2.9462711864406783	0.2694736842105263	-0.12374381287545322	0.21140092322618942	0.005555309787955346	-0.001131356879127059	20.352840423583984
23.738	2.9462711864406783	0.2847368421052632	-0.13750662593692903	0.20645769061536767	0.005671557985956454	-0.0014805484747978958	19.396146774291992
23.738	2.9462711864406783	0.3	-0.15103918244158043	0.20261568727380724	0.005533517644380537	-0.0016398333630167749	18.55439567565918
23.738	2.9564406779661017	0.01	-0.006262022019198747	0.16766179939566137	0.007460041817059214	0.0048770545983652614	37.579776763916016
23.738	2.9564406779661017	0.02526315789473684	-0.012613234896978947	0.17920381286947018	0.007242615471979482	0.00469559230214237	47.8357048034668
23.738	2.9564406779661017	0.04052631578947368	-0.017870829598631073	0.19751908474215896	0.007153170512585169	0.00437303962148782	42.2205810546875
23.738	2.9564406779661017	0.05578947368421053	-0.017797213391985117	0.20867300846228035	0.0070626151235517725	0.0043286142333736465	38.64588165283203
23.738	2.9564406779661017	0.07105263157894737	-0.019403986089532962	0.21360509363483715	0.006739045698170054	0.0037790941119519826	35.60515594482422
23.738	2.9564406779661017	0.0863157894736842	-0.01689157838463438	0.21508372068602488	0.006962953442099939	0.0037905217207944803	34.059017181396484
23.738	2.9564406779661017	0.10157894736842105	-0.018278277881515183	0.2172781441185282	0.007115252545438231	0.0038383679054847953	32.59733200073242
23.738	2.9564406779661017	0.11684210526315789	-0.01841524079286211	0.21901183744476962	0.007081318612560075	0.0035452597865848557	32.57808494567871
23.738	2.9564406779661017	0.13210526315789473	-0.02022394598408711	0.22388949490871027	0.006919371153657391	0.0033850570764708283	32.96784973144531
23.738	2.9564406779661017	0.1473684210526316	-0.026025443383894085	0.2289769681521852	0.006883938414415877	0.0029067355043163002	30.48480224609375
23.738	2.9564406779661017	0.16263157894736843	-0.03371323258563054	0.23287716828074057	0.006828130506932335	0.002806682342875416	28.285900115966797
23.738	2.9564406779661017	0.17789473684210527	-0.04463355384161711	0.23527438475682733	0.00628772349622898	0.002169413647302558	26.27885627746582
23.738	2.9564406779661017	0.1931578947368421	-0.05687544376860511	0.2344619642252772	0.0064677092655759955	0.0018630547566653903	24.819007873535156
23.738	2.9564406779661017	0.20842105263157895	-0.06874672450862179	0.23264547735935104	0.0061874654231036785	0.0015400354964884427	23.591398239135742
23.738	2.9564406779661017	0.2236842105263158	-0.08129035991003768	0.23200555309989582	0.006105896088378759	0.0012924185848322198	22.750755310058594
23.738	2.9564406779661017	0.23894736842105263	-0.09501922048946876	0.2296995565887643	0.005863318231390115	0.0008652386630063386	22.0235595703125
23.738	2.9564406779661017	0.25421052631578944	-0.10825336233779446	0.22678670319885702	0.005603342270446265	0.0005341601525077123	21.477359771728516
23.738	2.9564406779661017	0.2694736842105263	-0.12130707099741292	0.22300696145025406	0.005348066454032239	-2.0794511965335866e-05	20.62364959716797
23.738	2.9564406779661017	0.2847368421052632	-0.1345139618621203	0.21889384570405698	0.005341185582007897	-0.0003215896223080684	19.60477066040039
23.738	2.9564406779661017	0.3	-0.1487906831186839	0.21315558231708104	0.0050955851947057495	-0.000810032575497928	18.79524803161621
23.738	2.9666101694915255	0.01	-0.0005718129557199735	0.15815115249988138	0.007879619025201191	0.005535841472113936	36.02827835083008
23.738	2.9666101694915255	0.02526315789473684	0.0010589162554633074	0.17663412628186964	0.007721418205234144	0.0051114470245610805	48.22123336791992
23.738	2.9666101694915255	0.04052631578947368	-0.00364301568163771	0.1838084873840367	0.007635664611713066	0.004848524268587378	42.6410026550293
23.738	2.9666101694915255	0.05578947368421053	-0.0070234664276822255	0.189265157780998	0.00774932630085884	0.004728459654991056	39.0586051940918
23.738	2.9666101694915255	0.07105263157894737	-0.008809068475721663	0.1887881460929444	0.00766592836713974	0.004404840539946997	35.298696517944336
23.738	2.9666101694915255	0.0863157894736842	-0.010340095637439817	0.1894083501318088	0.007973597936553792	0.0044921634087864756	33.259681701660156
23.738	2.9666101694915255	0.10157894736842105	-0.013308649091123668	0.19316281951159142	0.007389094487073722	0.004008540873654755	31.887126922607422
23.738	2.9666101694915255	0.11684210526315789	-0.015837459592222304	0.19703099406450886	0.007601088860313297	0.003964186950360062	31.408334732055664
23.738	2.9666101694915255	0.13210526315789473	-0.018821794407341247	0.20331745081402147	0.007351285154017331	0.003859664409115135	31.371089935302734
23.738	2.9666101694915255	0.1473684210526316	-0.025393930690262086	0.2099355422780641	0.007266482772896509	0.0036132760081881094	31.788227081298828
23.738	2.9666101694915255	0.16263157894736843	-0.034924578068676965	0.2158436365314551	0.007363591649569754	0.0033983899751643784	29.173412322998047
23.738	2.9666101694915255	0.17789473684210527	-0.04798184994004351	0.21960741031561293	0.006998414170765794	0.003175495707367022	27.06808853149414
23.738	2.9666101694915255	0.1931578947368421	-0.0613338755762525	0.21937963316311282	0.006768687930888806	0.0026489831755296214	25.400480270385742
23.738	2.9666101694915255	0.20842105263157895	-0.07553673631905991	0.22025465989579598	0.0063260964390859055	0.002462548956915485	24.177913665771484
23.738	2.9666101694915255	0.2236842105263158	-0.09120551837853938	0.22097682045703904	0.006286967006475366	0.0020750969426723675	23.137243270874023
23.738	2.9666101694915255	0.23894736842105263	-0.10553785795131171	0.21953263404325657	0.0059916864071306655	0.0019139043221307914	22.29877281188965
23.738	2.9666101694915255	0.25421052631578944	-0.12124935798277775	0.21759315565837273	0.005837803344754837	0.0015846073882435558	21.732622146606445
23.738	2.9666101694915255	0.2694736842105263	-0.13654450034389487	0.21606990934578574	0.005914011256944666	0.001520648075830126	20.701568603515625
23.738	2.9666101694915255	0.2847368421052632	-0.15124816884201797	0.21301114565305634	0.0056276678488382595	0.0010369053521621248	19.79043197631836
23.738	2.9666101694915255	0.3	-0.16686850004027887	0.2088034733414338	0.005453190563096146	0.000567533429326476	18.988391876220703
23.738	2.9767796610169492	0.01	-0.01111808242506102	0.1893515885632246	0.008439983053400013	0.005738856204655179	35.96204376220703
23.738	2.9767796610169492	0.02526315789473684	-0.008287246352620075	0.21004375582916154	0.008349626697186707	0.005699134267254354	46.06200408935547
23.738	2.9767796610169492	0.04052631578947368	-0.009628655961341808	0.21467004465294492	0.008294974315090901	0.005356166331969522	42.52242660522461
23.738	2.9767796610169492	0.05578947368421053	-0.011316819327976214	0.22045441180007955	0.008056559898960591	0.005247058554305509	38.071481704711914
23.738	2.9767796610169492	0.07105263157894737	-0.011235568138863547	0.2206395779131582	0.007958769006727328	0.004824010152746531	35.514421463012695
23.738	2.9767796610169492	0.0863157894736842	-0.011444344686034759	0.21782838298018592	0.008226167746970485	0.004963322754592161	33.5803108215332
23.738	2.9767796610169492	0.10157894736842105	-0.012251231714773613	0.2146943557868855	0.008090080755943474	0.0050181712165126135	32.53722953796387
23.738	2.9767796610169492	0.11684210526315789	-0.01238824560671202	0.21338416201178956	0.007571907358948644	0.004531469241489009	31.74733543395996
23.738	2.9767796610169492	0.13210526315789473	-0.01494054189399759	0.2134920790290385	0.008091176905165701	0.004918315810948471	31.86305046081543
23.738	2.9767796610169492	0.1473684210526316	-0.01910919878148417	0.2163587036274299	0.007866015358687296	0.004533070573348683	32.49717140197754
23.738	2.9767796610169492	0.16263157894736843	-0.027047773083306276	0.22096247528567342	0.007576816756446787	0.00423197947682283	29.745277404785156
23.738	2.9767796610169492	0.17789473684210527	-0.03864852503697144	0.22387884209053027	0.007409781030433451	0.00405709553891427	27.477325439453125
23.738	2.9767796610169492	0.1931578947368421	-0.051560292814376185	0.22367421341802124	0.007222542128532142	0.003771369090887336	25.748878479003906
23.738	2.9767796610169492	0.20842105263157895	-0.06626114618031076	0.22372874126225722	0.007068431550695888	0.0035310795475741717	24.308189392089844
23.738	2.9767796610169492	0.2236842105263158	-0.08115361049769214	0.22436882967516789	0.0069586982177873985	0.003243300639204399	23.210758209228516
23.738	2.9767796610169492	0.23894736842105263	-0.09577797235701428	0.22359953740159028	0.006822559222872792	0.002970520406975702	22.378999710083008
23.738	2.9767796610169492	0.25421052631578944	-0.1108258110821639	0.22316976714426628	0.006583319894914001	0.0027920137273096	21.716297149658203
23.738	2.9767796610169492	0.2694736842105263	-0.12728316682636934	0.22119558003976914	0.006287187270239216	0.002680309296757959	20.788406372070312
23.738	2.9767796610169492	0.2847368421052632	-0.14171236883577387	0.2179433509583091	0.005993575832083725	0.0023630860115840626	19.794876098632812
23.738	2.9767796610169492	0.3	-0.15787151387591591	0.21388976601732518	0.006150773639195658	0.002021725119961107	18.961429595947266
23.738	2.9869491525423726	0.01	0.011963367632806955	0.15472602466901383	0.009057638431079748	0.00579736998628029	37.25676727294922
23.738	2.9869491525423726	0.02526315789473684	0.006986035297841491	0.16921434597892313	0.00895695997169518	0.005780211378988796	47.604217529296875
23.738	2.9869491525423726	0.04052631578947368	0.0020832272723842237	0.17320784213538576	0.008730689291044695	0.005383873400934432	40.53481674194336
23.738	2.9869491525423726	0.05578947368421053	-0.0007773875172211765	0.1749998856005531	0.008852095197987866	0.005349794487307847	37.08931541442871
23.738	2.9869491525423726	0.07105263157894737	-0.0019370882685258008	0.17258040342901765	0.008835600073660087	0.005231880339767413	33.77410697937012
23.738	2.9869491525423726	0.0863157894736842	-0.004887048094017334	0.17247026507291413	0.008508719505350884	0.005056202854650038	31.881908416748047
23.738	2.9869491525423726	0.10157894736842105	-0.00709309808611093	0.1715514695943517	0.008512164429543192	0.004895812596456651	30.676952362060547
23.738	2.9869491525423726	0.11684210526315789	-0.009010950634760463	0.17393970302096082	0.008399184413285694	0.00474700068443663	29.94302749633789
23.738	2.9869491525423726	0.13210526315789473	-0.012075872133059107	0.17752582094422048	0.008530974485115712	0.0049872097444564785	30.14182472229004
23.738	2.9869491525423726	0.1473684210526316	-0.017358955783342622	0.1832317009454077	0.00841463174869568	0.004978302636669362	30.712547302246094
23.738	2.9869491525423726	0.16263157894736843	-0.02468679496115641	0.18701815585120607	0.008246409984434645	0.004644379967640707	31.267770767211914
23.738	2.9869491525423726	0.17789473684210527	-0.034914270744673945	0.19095707454134778	0.00785806694593156	0.004124257456561173	28.954320907592773
23.738	2.9869491525423726	0.1931578947368421	-0.04811672456085965	0.1916823105885648	0.007736788441701708	0.004183804719860636	27.140804290771484
23.738	2.9869491525423726	0.20842105263157895	-0.059629250150873656	0.1910598028555036	0.0076171357569594315	0.003891276042761778	25.58391761779785
23.738	2.9869491525423726	0.2236842105263158	-0.07391384291097311	0.19166109762936678	0.007220863593397766	0.00394667806986286	24.49481201171875
23.738	2.9869491525423726	0.23894736842105263	-0.08805307453132956	0.19146533890943823	0.007196443224087326	0.003688566516450419	23.307632446289062
23.738	2.9869491525423726	0.25421052631578944	-0.10186842451744511	0.19045128243743492	0.007111944982888155	0.00335343575448983	21.815868377685547
23.738	2.9869491525423726	0.2694736842105263	-0.11649075216787667	0.1889931156241899	0.006989037563285406	0.0035119609951143054	20.568557739257812
23.738	2.9869491525423726	0.2847368421052632	-0.1308848683600015	0.18741315578227924	0.006860912632460483	0.003170098367035234	19.60364532470703
23.738	2.9869491525423726	0.3	-0.14631922219457516	0.18397724285236533	0.006700628071753766	0.0026290944851770745	18.762405395507812
23.738	2.997118644067797	0.01	-0.016453251508308488	0.21590927248792047	0.009846285747353167	0.005615172978527162	38.37669372558594
23.738	2.997118644067797	0.02526315789473684	-0.010408163293744709	0.23883177308555797	0.009740014413628185	0.0055110422553978945	47.84968566894531
23.738	2.997118644067797	0.04052631578947368	-0.01085609219923177	0.2372868981790181	0.009383394829719716	0.005283225206380717	40.94611358642578
23.738	2.997118644067797	0.05578947368421053	-0.014094731316857775	0.23673662008107402	0.009561286449257429	0.005319923581451616	37.17753219604492
23.738	2.997118644067797	0.07105263157894737	-0.013047236671335165	0.22818799035071313	0.009656971520032599	0.005303486720236928	35.05344772338867
23.738	2.997118644067797	0.0863157894736842	-0.012611166475869167	0.2220923394795309	0.00914964665256634	0.005044059970570075	33.25569152832031
23.738	2.997118644067797	0.10157894736842105	-0.012877598161332968	0.2144967223641594	0.009360971916849585	0.00493574174348735	32.21766471862793
23.738	2.997118644067797	0.11684210526315789	-0.012687828733589807	0.21202932104482322	0.009299993979730924	0.005074465304387479	31.744478225708008
23.738	2.997118644067797	0.13210526315789473	-0.014490540679991365	0.20981401988340564	0.009264388224879395	0.005300985759829395	32.07439422607422
23.738	2.997118644067797	0.1473684210526316	-0.018862136807739852	0.21115978919936365	0.009071100458096741	0.004933294428559158	31.243656158447266
23.738	2.997118644067797	0.16263157894736843	-0.026917411089390633	0.21284074919333704	0.008824896212344554	0.004705481533836665	28.968820571899414
23.738	2.997118644067797	0.17789473684210527	-0.03706829110217474	0.21294186355275108	0.008632348202026349	0.00452617816278113	26.958087921142578
23.738	2.997118644067797	0.1931578947368421	-0.049043779823658346	0.21132274672707155	0.008447362701697755	0.004236212752372728	25.476516723632812
23.738	2.997118644067797	0.20842105263157895	-0.06152507616552459	0.20889733529036483	0.00836976768565179	0.004247191017718059	24.22573471069336
23.738	2.997118644067797	0.2236842105263158	-0.0743734214600642	0.20853869652703372	0.008231802682583257	0.004228603700645902	23.246479034423828
23.738	2.997118644067797	0.23894736842105263	-0.0888133578084272	0.20561459037858126	0.007987068650791015	0.003942001883938182	22.501815795898438
23.738	2.997118644067797	0.25421052631578944	-0.10189207173770783	0.2021523534218881	0.007784618638051948	0.0038947801539779255	21.26181411743164
23.738	2.997118644067797	0.2694736842105263	-0.11543862391933789	0.19893161000970014	0.007580450570921155	0.0036777605280896783	20.100086212158203
23.738	2.997118644067797	0.2847368421052632	-0.12889252446382002	0.19499912329489758	0.007584983428486361	0.0037725724752910566	19.094865798950195
23.738	2.997118644067797	0.3	-0.14284613601805654	0.1903594765259938	0.007638484180742148	0.003561328374789996	18.25953483581543
23.738	3.00728813559322	0.01	0.005107958578150643	0.1471154295287148	0.010464233090718299	0.005235130592771363	39.204071044921875
23.738	3.00728813559322	0.02526315789473684	0.00487611579865809	0.17612296388553206	0.01043488612060017	0.005025849010064422	43.75727844238281
23.738	3.00728813559322	0.04052631578947368	0.0005392851973901864	0.1721165608471421	0.010295314942521401	0.004977143156258836	39.42548179626465
23.738	3.00728813559322	0.05578947368421053	-0.0029102493342925426	0.17290907151495793	0.01022259501511897	0.005062071619056342	35.09629249572754
23.738	3.00728813559322	0.07105263157894737	-0.005032151691147036	0.16979749901581526	0.010072807378768651	0.0049593709777208585	33.096031188964844
23.738	3.00728813559322	0.0863157894736842	-0.006133310798417212	0.16674467836781814	0.009951990021094408	0.005005321152983847	31.1618709564209
23.738	3.00728813559322	0.10157894736842105	-0.00784942658833536	0.16558352291478762	0.009827232500360232	0.00488270479149093	30.4520206451416
23.738	3.00728813559322	0.11684210526315789	-0.009924808083535549	0.16804903390199202	0.010051013915815143	0.004834638272830083	30.0838623046875
23.738	3.00728813559322	0.13210526315789473	-0.012840723962556302	0.17239197851018928	0.009680150172223675	0.004734457022116799	30.58759307861328
23.738	3.00728813559322	0.1473684210526316	-0.018237258377462595	0.17686285886339453	0.009875150071891565	0.004764851317552853	32.035343170166016
23.738	3.00728813559322	0.16263157894736843	-0.025953324867419168	0.18056784690962357	0.009806372608798276	0.004796605261138353	29.5900936126709
23.738	3.00728813559322	0.17789473684210527	-0.03579386443086637	0.18253661319286751	0.009167384631393317	0.0042981774891687995	27.63457679748535
23.738	3.00728813559322	0.1931578947368421	-0.04793457187313411	0.18114059830732712	0.009410563693483656	0.00450908704695953	26.13306427001953
23.738	3.00728813559322	0.20842105263157895	-0.058894765631469934	0.18106021039812537	0.009442639843029555	0.004527094861156137	25.0190486907959
23.738	3.00728813559322	0.2236842105263158	-0.07107099543913464	0.1806674697781162	0.009239720294100997	0.0042804172971601905	24.044654846191406
23.738	3.00728813559322	0.23894736842105263	-0.08329687241431982	0.17979407090046634	0.008975007298217371	0.0042116493490698265	22.840368270874023
23.738	3.00728813559322	0.25421052631578944	-0.09650682451239716	0.1776302177696792	0.008860633621783985	0.003981944288254907	21.36786651611328
23.738	3.00728813559322	0.2694736842105263	-0.11000908080524693	0.17527874975980492	0.008862462552770303	0.004032666455386004	20.202421188354492
23.738	3.00728813559322	0.2847368421052632	-0.12168739183754823	0.1721327858378075	0.00889159652616629	0.003878711986038778	19.189498901367188
23.738	3.00728813559322	0.3	-0.13421431078524496	0.1687470073212764	0.00871464168848209	0.0039429125769914015	18.392501831054688
23.738	3.017457627118644	0.01	-0.00610269351811311	0.22465791798726525	0.01130926557814578	0.004668193141928636	36.025367736816406
23.738	3.017457627118644	0.02526315789473684	-0.008305871639983163	0.25110591384724523	0.01147019200817483	0.004585417037786024	44.15669250488281
23.738	3.017457627118644	0.04052631578947368	-0.007887387644354538	0.24839951197951865	0.010964682311656872	0.004398224764586683	39.08008003234863
23.738	3.017457627118644	0.05578947368421053	-0.010166723405331658	0.24212129519306885	0.010938122926181303	0.004498407274378044	36.821062088012695
23.738	3.017457627118644	0.07105263157894737	-0.010581917290397863	0.23033464638135626	0.010817278835757713	0.004275410962257118	34.30283546447754
23.738	3.017457627118644	0.0863157894736842	-0.009993140972281003	0.2231937183957483	0.010929114823203084	0.004576078955344813	32.489145278930664
23.738	3.017457627118644	0.10157894736842105	-0.010192773282326678	0.214858491365021	0.010646357553169245	0.004370730748933917	31.491886138916016
23.738	3.017457627118644	0.11684210526315789	-0.010458943784035663	0.21042643303067043	0.010804954744424031	0.0045435149563863445	31.114761352539062
23.738	3.017457627118644	0.13210526315789473	-0.013055422972686512	0.2108800702450479	0.010666768266302858	0.00441222121601366	31.572681427001953
23.738	3.017457627118644	0.1473684210526316	-0.019954093895651316	0.21377739121221545	0.010536954107993792	0.004142922241077563	30.158899307250977
23.738	3.017457627118644	0.16263157894736843	-0.03036155773038486	0.21587666727536486	0.010579398486752146	0.004148924500358562	27.76053810119629
23.738	3.017457627118644	0.17789473684210527	-0.04283388815920833	0.21656088378438096	0.010466355019625366	0.004170851979582921	25.95706558227539
23.738	3.017457627118644	0.1931578947368421	-0.05613131543860281	0.2144193713492985	0.010389868483818487	0.003923683585447318	24.624889373779297
23.738	3.017457627118644	0.20842105263157895	-0.06967151285044525	0.2126258177686989	0.010636732821487228	0.004059674012694955	23.542236328125
23.738	3.017457627118644	0.2236842105263158	-0.08448087488060044	0.21200388188387048	0.010446680083792924	0.003627685181225069	22.687700271606445
23.738	3.017457627118644	0.23894736842105263	-0.0984905969221559	0.20986216327643462	0.010355774183300373	0.0035864465621035855	22.049007415771484
23.738	3.017457627118644	0.25421052631578944	-0.11350566189367738	0.20604873943144894	0.010094886115313116	0.003435940571016684	21.229888916015625
23.738	3.017457627118644	0.2694736842105263	-0.12883673052866423	0.20363158184105967	0.010125842373031246	0.003240494351627629	20.047435760498047
23.738	3.017457627118644	0.2847368421052632	-0.1423771892078634	0.19905652004296398	0.010147066610784152	0.0034399302913307337	19.14207649230957
23.738	3.017457627118644	0.3	-0.15563803621199393	0.1945375807909525	0.010045018539049069	0.0033061561360200704	18.381053924560547
23.738	3.0276271186440677	0.01	-0.002817286695889764	0.14869769119165113	0.012056232598315902	0.003702988401998488	37.83557891845703
23.738	3.0276271186440677	0.02526315789473684	0.004337931774367079	0.1725688278463647	0.012057277198535209	0.0034262010236473144	45.433006286621094
23.738	3.0276271186440677	0.04052631578947368	0.002047430142570714	0.17073480028407434	0.011792131139197148	0.0034761433020246927	38.64980697631836
23.738	3.0276271186440677	0.05578947368421053	-3.508433076603405e-05	0.16742547929108542	0.011638339095003815	0.0032688862230468726	35.10985565185547
23.738	3.0276271186440677	0.07105263157894737	-0.0020680398547358366	0.1613633023407852	0.011713823109367427	0.0034572637858457985	32.98837089538574
23.738	3.0276271186440677	0.0863157894736842	-0.003941841383117425	0.1584761011662772	0.01189847284180769	0.0036211423511869458	31.146825790405273
23.738	3.0276271186440677	0.10157894736842105	-0.007026199397283784	0.1580682086075535	0.011427633065563436	0.003505381673823806	30.25653648376465
23.738	3.0276271186440677	0.11684210526315789	-0.009099462162051278	0.15851115795163456	0.011490475863633486	0.0034650646948304427	29.806594848632812
23.738	3.0276271186440677	0.13210526315789473	-0.012104786466155128	0.15988959657339397	0.011613816493546106	0.00356068053814453	30.139835357666016
23.738	3.0276271186440677	0.1473684210526316	-0.019438648717917752	0.16568166666628234	0.011644258944834146	0.0034444135057860974	31.52155303955078
23.738	3.0276271186440677	0.16263157894736843	-0.02789944344413343	0.17093105653965246	0.011412658582405432	0.0034580745680607462	30.36750602722168
23.738	3.0276271186440677	0.17789473684210527	-0.03912256097983448	0.17489407099400042	0.011320616647565052	0.00311530072403844	28.136838912963867
23.738	3.0276271186440677	0.1931578947368421	-0.052233485763506324	0.1758319222253649	0.011417883844988888	0.002873210931337204	26.538375854492188
23.738	3.0276271186440677	0.20842105263157895	-0.06488335799462892	0.17698707698818356	0.011524840317937445	0.002949722720799446	25.257205963134766
23.738	3.0276271186440677	0.2236842105263158	-0.07804725307746355	0.17853903182567046	0.011650794337250654	0.0027991544417400715	24.250904083251953
23.738	3.0276271186440677	0.23894736842105263	-0.09219211205149566	0.1785049285508594	0.011311700402430486	0.0023482472186289434	23.197383880615234
23.738	3.0276271186440677	0.25421052631578944	-0.10661662917015052	0.17829430849472938	0.011418204232396215	0.002486489049215542	21.678455352783203
23.738	3.0276271186440677	0.2694736842105263	-0.12048031873897556	0.17635122213927035	0.011445307936296114	0.0021935490970607166	20.455963134765625
23.738	3.0276271186440677	0.2847368421052632	-0.13516546405006968	0.17529945271674602	0.011429024283583666	0.002263732935958437	19.466428756713867
23.738	3.0276271186440677	0.3	-0.14897509115252472	0.17225065756650232	0.011361417326261896	0.0017384868082829762	18.633075714111328
23.738	3.037796610169491	0.01	0.0005574176975729089	0.19451590109677575	0.013043214074278388	0.002067605303129604	39.22290802001953
23.738	3.037796610169491	0.02526315789473684	-0.005335782146558043	0.2181115452804356	0.013011759492511064	0.002201700154221109	47.34892272949219
23.738	3.037796610169491	0.04052631578947368	-0.0057834100282163035	0.21499445731245076	0.012903683174809574	0.0019098231529299683	41.05232620239258
23.738	3.037796610169491	0.05578947368421053	-0.006086034829622944	0.2128525969841853	0.012405338407884898	0.0022128453133789853	36.9192008972168
23.738	3.037796610169491	0.07105263157894737	-0.006847908663458071	0.2035868430779651	0.012615799513655854	0.0023051787542685232	34.92243194580078
23.738	3.037796610169491	0.0863157894736842	-0.008777300089153206	0.19687749928143616	0.012321813321048881	0.0023604452853734905	33.14315605163574
23.738	3.037796610169491	0.10157894736842105	-0.009531267907739874	0.19049103290914288	0.012292359926390493	0.0024021754152454677	31.757984161376953
23.738	3.037796610169491	0.11684210526315789	-0.01091030902535587	0.1873292531995169	0.012304180457448896	0.002268040651750048	31.272567749023438
23.738	3.037796610169491	0.13210526315789473	-0.013833463791680252	0.1858868438619148	0.012192646012424948	0.0025200600205928995	31.441268920898438
23.738	3.037796610169491	0.1473684210526316	-0.019924918960717554	0.18835318665466394	0.01215203763060154	0.0021404859556562973	32.11947059631348
23.738	3.037796610169491	0.16263157894736843	-0.029028350802434072	0.18995965860439973	0.01215030361383847	0.0018929973622741265	29.73459243774414
23.738	3.037796610169491	0.17789473684210527	-0.041842240845489966	0.1935209141261322	0.012099629531825615	0.0018344225303460018	27.44970703125
23.738	3.037796610169491	0.1931578947368421	-0.05532929538430213	0.1917869513743824	0.012181958331710964	0.0015982702654183632	25.84304428100586
23.738	3.037796610169491	0.20842105263157895	-0.06931169861390402	0.18981643671417597	0.012459096921928838	0.0013714035258373084	24.59616470336914
23.738	3.037796610169491	0.2236842105263158	-0.08420690534530256	0.18911547108918392	0.01231579010617518	0.001000833842445958	23.604496002197266
23.738	3.037796610169491	0.23894736842105263	-0.0987415988651202	0.1892304344121781	0.01218228547057899	0.000746125956394342	22.64643096923828
23.738	3.037796610169491	0.25421052631578944	-0.11313309028541527	0.18718439315569174	0.012338138672979625	0.0005429581057815123	21.20277976989746
23.738	3.037796610169491	0.2694736842105263	-0.12863824024593312	0.18453355555546055	0.012343942300552808	0.0002369896638829271	20.023422241210938
23.738	3.037796610169491	0.2847368421052632	-0.14423269604944478	0.18133785513062084	0.012202112457502	-0.00017888152515115123	19.085981369018555
23.738	3.037796610169491	0.3	-0.15835409944633838	0.17840551531751525	0.012044046499398171	-0.00033242103756756934	18.28487777709961
23.738	3.0479661016949153	0.01	-0.00493613069633841	0.11571020281751525	0.013917570421779709	0.0006334494891594626	38.91435623168945
23.738	3.0479661016949153	0.02526315789473684	-0.0031096536455571585	0.14359029925306216	0.01381007779621853	0.0005808975696380154	45.1234130859375
23.738	3.0479661016949153	0.04052631578947368	-0.002268663049026488	0.14009018796985978	0.013389420651591436	0.0003608021195141124	39.212989807128906
23.738	3.0479661016949153	0.05578947368421053	-0.003960937634392738	0.14118375196611516	0.013218616567527423	0.0007261070890144711	35.59315490722656
23.738	3.0479661016949153	0.07105263157894737	-0.006594283692821019	0.136845589480605	0.012934456401634525	0.0006964778921947031	33.808387756347656
23.738	3.0479661016949153	0.0863157894736842	-0.008131115360911616	0.13779224626895137	0.012925783492053262	0.0009392987822458225	32.21818161010742
23.738	3.0479661016949153	0.10157894736842105	-0.01023020824080964	0.13882758768872877	0.012589835970787645	0.0008487934841968931	31.522489547729492
23.738	3.0479661016949153	0.11684210526315789	-0.011677503598597209	0.14087063723632454	0.012522828635888288	0.000905561139813289	31.389394760131836
23.738	3.0479661016949153	0.13210526315789473	-0.01476233162305551	0.1443062339986654	0.012732223764549017	0.0011104884240099341	31.848133087158203
23.738	3.0479661016949153	0.1473684210526316	-0.020500577981269905	0.14935415299587199	0.012796485125595667	0.0006928720249478062	33.501731872558594
23.738	3.0479661016949153	0.16263157894736843	-0.028708133236191223	0.1529083478122602	0.01266426650559296	0.0005245354235469285	30.995126724243164
23.738	3.0479661016949153	0.17789473684210527	-0.038408488228137576	0.15703373806645415	0.012725040818540801	0.0004595151345980676	28.77229881286621
23.738	3.0479661016949153	0.1931578947368421	-0.049827537552605355	0.1568607518365724	0.012674287250325218	-1.0450476621472319e-05	27.265880584716797
23.738	3.0479661016949153	0.20842105263157895	-0.061368216876346554	0.1577338099559853	0.012748421098222301	-0.00038643162074619003	25.886764526367188
23.738	3.0479661016949153	0.2236842105263158	-0.07294450320716568	0.1579781973814676	0.012716281701869137	-0.0005778228590777516	24.662616729736328
23.738	3.0479661016949153	0.23894736842105263	-0.08507132011966168	0.15793955232803972	0.012689965570716869	-0.0010918529371799746	22.774913787841797
23.738	3.0479661016949153	0.25421052631578944	-0.09712012384081606	0.1563777880223967	0.012699687449167236	-0.0012558128992630026	21.234066009521484
23.738	3.0479661016949153	0.2694736842105263	-0.11046195749188187	0.15501513420068985	0.01268685185029226	-0.0017857527888004469	20.016328811645508
23.738	3.0479661016949153	0.2847368421052632	-0.12269255555339424	0.1519573127454662	0.012619531238052883	-0.002230857173841704	19.011838912963867
23.738	3.0479661016949153	0.3	-0.1367107769275297	0.14932477653604498	0.012667583468757227	-0.0027545938797142846	18.214454650878906
23.738	3.0581355932203387	0.01	0.003259170645733475	0.1732127275212717	0.01451799861190157	-0.0014433504538796682	38.52825927734375
23.738	3.0581355932203387	0.02526315789473684	-0.007376968270282156	0.19458876511892795	0.014302962051783052	-0.0014004652525785991	41.87894821166992
23.738	3.0581355932203387	0.04052631578947368	-0.009321748626010928	0.1934887620224362	0.014051115502047054	-0.001371649199865189	42.1137752532959
23.738	3.0581355932203387	0.05578947368421053	-0.008307889347063356	0.18954023086048802	0.013674186737147778	-0.001240789326817705	37.873172760009766
23.738	3.0581355932203387	0.07105263157894737	-0.010299875367016981	0.18368231707958188	0.013348070836831852	-0.00111324143968561	35.36255645751953
23.738	3.0581355932203387	0.0863157894736842	-0.011048420419345423	0.18138698448555918	0.013111911980748635	-0.000927301113216439	34.09086036682129
23.738	3.0581355932203387	0.10157894736842105	-0.010534544934878872	0.17965777625458693	0.012974836870861116	-0.000756417746225548	32.787818908691406
23.738	3.0581355932203387	0.11684210526315789	-0.01227768590745365	0.17958308527541053	0.012946110013060478	-0.0006421783773998609	32.71329879760742
23.738	3.0581355932203387	0.13210526315789473	-0.01654559449946357	0.1817144485767157	0.012557421663429795	-0.0007682017409547114	33.339515686035156
23.738	3.0581355932203387	0.1473684210526316	-0.0233720830870969	0.1840242402891355	0.012850519658832216	-0.0008592950783402626	30.642797470092773
23.738	3.0581355932203387	0.16263157894736843	-0.03374704305711914	0.18548797378525633	0.012683428741750779	-0.0013220532115835683	28.233793258666992
23.738	3.0581355932203387	0.17789473684210527	-0.0451776060042992	0.18596217193464704	0.012297796834944443	-0.001659209961996783	26.574304580688477
23.738	3.0581355932203387	0.1931578947368421	-0.05845164404600819	0.18273196790307714	0.012242738715165893	-0.0020304577902490895	25.247528076171875
23.738	3.0581355932203387	0.20842105263157895	-0.0711344871501993	0.1806032721338997	0.012215291183336655	-0.002371405807468578	24.23356819152832
23.738	3.0581355932203387	0.2236842105263158	-0.08331153518945456	0.1787222007947522	0.012124082419094179	-0.0027038067918676084	23.463319778442383
23.738	3.0581355932203387	0.23894736842105263	-0.09666308847342828	0.17643573731388387	0.011815165241004472	-0.0033539725925337007	22.028472900390625
23.738	3.0581355932203387	0.25421052631578944	-0.11014450291011112	0.17222579357498688	0.011986314500951376	-0.0035691127252448548	20.679847717285156
23.738	3.0581355932203387	0.2694736842105263	-0.12384526815869742	0.1690134840566973	0.011994183874027037	-0.0038944710001033002	19.595714569091797
23.738	3.0581355932203387	0.2847368421052632	-0.13717041189799925	0.16490611052001025	0.01165296940240104	-0.004494258860422698	18.690153121948242
23.738	3.0581355932203387	0.3	-0.15021490330825465	0.1594993746825507	0.011614605631446364	-0.005024336250285226	17.954999923706055
23.738	3.068305084745763	0.01	-0.007758753132144245	0.11681395910916581	0.01462825161408781	-0.0038596797754138564	36.269840240478516
23.738	3.068305084745763	0.02526315789473684	-0.014338781721140607	0.139005405796368	0.014310195605569412	-0.0038766635896849005	39.2020378112793
23.738	3.068305084745763	0.04052631578947368	-0.012059029773205172	0.14347975355015286	0.013690647075757248	-0.0036684202475811617	40.382076263427734
23.738	3.068305084745763	0.05578947368421053	-0.012891205981701265	0.14749519925938132	0.013264870749029744	-0.0032822036525269457	36.95264434814453
23.738	3.068305084745763	0.07105263157894737	-0.012486673468547576	0.1450769281453894	0.012780875126232064	-0.0032082949202447497	34.62484359741211
23.738	3.068305084745763	0.0863157894736842	-0.011029318387327422	0.143980384226851	0.01237014180210981	-0.002657699668611737	33.186208724975586
23.738	3.068305084745763	0.10157894736842105	-0.010556189858787934	0.14774684489210765	0.012226305299389287	-0.0024034962490024243	32.115922927856445
23.738	3.068305084745763	0.11684210526315789	-0.01247290320566065	0.14921705452078593	0.012053692323623296	-0.0021716144675138077	31.74648666381836
23.738	3.068305084745763	0.13210526315789473	-0.015488968825546573	0.15382593664625305	0.012093365471317272	-0.0022598831267514633	32.74572944641113
23.738	3.068305084745763	0.1473684210526316	-0.02288954812494097	0.15809113971745503	0.011670340527215045	-0.0024139928165061953	30.97518539428711
23.738	3.068305084745763	0.16263157894736843	-0.033245368120979904	0.16030719945893185	0.011392687854111037	-0.0030576603605381504	28.64483070373535
23.738	3.068305084745763	0.17789473684210527	-0.044431679146459596	0.1625964065604243	0.011239112815217132	-0.003241415667163396	26.891921997070312
23.738	3.068305084745763	0.1931578947368421	-0.055332054143168295	0.16220079565808232	0.011131857921116067	-0.0031450025101562055	25.759235382080078
23.738	3.068305084745763	0.20842105263157895	-0.06534764430306925	0.16235126176234693	0.010954967686636778	-0.003931729902593772	24.89234161376953
23.738	3.068305084745763	0.2236842105263158	-0.07767036520279283	0.1615113977932574	0.010821951254098069	-0.004090166971690349	23.81273078918457
23.738	3.068305084745763	0.23894736842105263	-0.08874488346091192	0.16070752214193618	0.010645893621003964	-0.004657058529603733	22.14963150024414
23.738	3.068305084745763	0.25421052631578944	-0.10088571050486704	0.15875359615439666	0.010589361477432425	-0.0049679677638166195	20.79087257385254
23.738	3.068305084745763	0.2694736842105263	-0.1129295090608673	0.15652314263387512	0.010628103552549142	-0.005350629556887912	19.667381286621094
23.738	3.068305084745763	0.2847368421052632	-0.12498682983446878	0.15309449794693783	0.010465562705199043	-0.005893881564220655	18.76077651977539
23.738	3.068305084745763	0.3	-0.13471027039218705	0.14801540474398925	0.010271696872209938	-0.0064758480837510506	17.99641990661621
23.738	3.0784745762711863	0.01	-0.0152344348304347	0.19411370257838567	0.013739165125284853	-0.005911074165665204	37.12057876586914
23.738	3.0784745762711863	0.02526315789473684	-0.007667357700355431	0.20190750944419708	0.013024311125614254	-0.005969758203896355	40.13301086425781
23.738	3.0784745762711863	0.04052631578947368	-0.010182852828673856	0.20100700871115557	0.01253495247368409	-0.005421706454144635	39.377410888671875
23.738	3.0784745762711863	0.05578947368421053	-0.010190650220092752	0.19622503065585647	0.012020503434209965	-0.004896239333102326	36.83565902709961
23.738	3.0784745762711863	0.07105263157894737	-0.010657874814078734	0.18569478120478292	0.011330866969917284	-0.004294762462427484	34.74207878112793
23.738	3.0784745762711863	0.0863157894736842	-0.01170626276603847	0.1829439182607339	0.010935163026638106	-0.003481055474750091	32.86954116821289
23.738	3.0784745762711863	0.10157894736842105	-0.01148474896059319	0.17935375513205054	0.010567608724484617	-0.003333179237320994	31.463266372680664
23.738	3.0784745762711863	0.11684210526315789	-0.0155763289893553	0.180923970317398	0.010458112661899062	-0.002895222361717243	31.12095069885254
23.738	3.0784745762711863	0.13210526315789473	-0.021592471964013885	0.18126048239462667	0.010516421957839322	-0.0030544445471510466	31.690214157104492
23.738	3.0784745762711863	0.1473684210526316	-0.0326578345674175	0.18277653317016213	0.010264122013878727	-0.0033001504606267164	29.910987854003906
23.738	3.0784745762711863	0.16263157894736843	-0.04616091070352972	0.18241278539460745	0.010090681899021963	-0.0034880885090500377	27.636934280395508
23.738	3.0784745762711863	0.17789473684210527	-0.06044983526522678	0.18407069050697733	0.00986000539822898	-0.003842731589278141	25.904632568359375
23.738	3.0784745762711863	0.1931578947368421	-0.07463065874477298	0.18121065850535062	0.009549831706027034	-0.004252188289563347	24.793516159057617
23.738	3.0784745762711863	0.20842105263157895	-0.08874388763656799	0.1804260874566656	0.009500439259778101	-0.004417556286744314	23.888160705566406
23.738	3.0784745762711863	0.2236842105263158	-0.10223351126083188	0.17851522695376232	0.009233015560326484	-0.004696667836514406	23.20454978942871
23.738	3.0784745762711863	0.23894736842105263	-0.11615081817003853	0.17576721701492104	0.009166031379882684	-0.004920664179245832	22.038755416870117
23.738	3.0784745762711863	0.25421052631578944	-0.13064365386602128	0.17284501309793743	0.008779879787778418	-0.0058458257386057345	20.766136169433594
23.738	3.0784745762711863	0.2694736842105263	-0.14536293272971001	0.1706084224623147	0.008826723537545152	-0.0060706936352862735	19.694059371948242
23.738	3.0784745762711863	0.2847368421052632	-0.1583708180405089	0.16545720079396697	0.008700095993031884	-0.006649016757367329	18.810897827148438
23.738	3.0784745762711863	0.3	-0.17136622800602402	0.1608128903195712	0.008539813959894609	-0.007035400365791155	18.109830856323242
23.738	3.08864406779661	0.01	-0.023124040506024054	0.16589101531957118	0.011434351372779865	-0.005915736534095141	36.844303131103516
23.738	3.08864406779661	0.02526315789473684	-0.024515275043493233	0.17099141796647488	0.010908877534368875	-0.005849287402010605	39.55440902709961
23.738	3.08864406779661	0.04052631578947368	-0.02393854646476037	0.17241398259245794	0.01021483582443166	-0.005535911060197203	40.16536331176758
23.738	3.08864406779661	0.05578947368421053	-0.02203109864609368	0.17050548047007064	0.009616014641856463	-0.004563134915970834	36.69131278991699
23.738	3.08864406779661	0.07105263157894737	-0.020545947584553245	0.1627094145835186	0.00922448522858825	-0.003879702637597813	33.78959274291992
23.738	3.08864406779661	0.0863157894736842	-0.01983450114284326	0.15790880294226056	0.00877440714413466	-0.003340154954286323	32.18338966369629
23.738	3.08864406779661	0.10157894736842105	-0.018780593420813164	0.1532533834292209	0.008802374717394618	-0.0028778990086824915	31.60181999206543
23.738	3.08864406779661	0.11684210526315789	-0.02144603779117234	0.15327412794107853	0.008814723239758949	-0.002511268525200243	31.089426040649414
23.738	3.08864406779661	0.13210526315789473	-0.027018332800776146	0.15245007794153462	0.008823727338351357	-0.0026694974484376436	31.758508682250977
23.738	3.08864406779661	0.1473684210526316	-0.036261563396475155	0.15451522521073413	0.008766911900929219	-0.002867250716491089	31.301025390625
23.738	3.08864406779661	0.16263157894736843	-0.04875766316305181	0.15698308133908495	0.008549246406218543	-0.003220841114790365	28.868989944458008
23.738	3.08864406779661	0.17789473684210527	-0.06092690045821748	0.1579989442081837	0.008372935469570502	-0.003467697919583532	27.179603576660156
23.738	3.08864406779661	0.1931578947368421	-0.07419208357663053	0.15864199110304053	0.0084579160975495	-0.0037399050040758932	25.839885711669922
23.738	3.08864406779661	0.20842105263157895	-0.08659790164303702	0.15800339315223805	0.008238145420116683	-0.00414803049926356	24.928117752075195
23.738	3.08864406779661	0.2236842105263158	-0.0992139805214419	0.1588041312856938	0.008058010613720298	-0.004471358261080031	23.609291076660156
23.738	3.08864406779661	0.23894736842105263	-0.11197011285040968	0.1576624375065785	0.007970803622415944	-0.005078688347660789	21.977941513061523
23.738	3.08864406779661	0.25421052631578944	-0.12444826961074462	0.15573964698668524	0.0076245750247587	-0.005479484626081966	20.717456817626953
23.738	3.08864406779661	0.2694736842105263	-0.13812788885405258	0.15376781156128805	0.007720239537113844	-0.005892868056477662	19.609933853149414
23.738	3.08864406779661	0.2847368421052632	-0.1510693007366915	0.14987262753611957	0.00743337561342402	-0.006409527115258468	18.771150588989258
23.738	3.08864406779661	0.3	-0.16403816889358658	0.14662076722207074	0.0074458601440585545	-0.006785255918177652	18.01766586303711
23.738	3.098813559322034	0.01	-0.02506569574905536	0.172220437632227	0.00967261725089544	-0.004324076287113936	33.521095275878906
23.738	3.098813559322034	0.02526315789473684	-0.0202517262412419	0.18840619440498357	0.009375067127972456	-0.00386961635583452	41.77793502807617
23.738	3.098813559322034	0.04052631578947368	-0.0217910303486695	0.19025334197404387	0.008753437932306278	-0.003548700538769705	38.82292938232422
23.738	3.098813559322034	0.05578947368421053	-0.01972016035697432	0.18499590788247428	0.008244114394743922	-0.0029484045544909323	36.14937210083008
23.738	3.098813559322034	0.07105263157894737	-0.022929444728379687	0.17264276444962728	0.007970851408881305	-0.0025041790106164964	33.75355529785156
23.738	3.098813559322034	0.0863157894736842	-0.024406876979356246	0.16646200120499832	0.0075791980890605425	-0.002105196717643991	31.853290557861328
23.738	3.098813559322034	0.10157894736842105	-0.02571187004231044	0.16149174873128372	0.007703086279197767	-0.00166125944033905	31.143280029296875
23.738	3.098813559322034	0.11684210526315789	-0.029131026880518877	0.15940041206188338	0.007552182928560443	-0.0014811853868504383	30.988489151000977
23.738	3.098813559322034	0.13210526315789473	-0.03448109487088524	0.15969879644101326	0.00775126584552243	-0.0015238425587958903	31.51543617248535
23.738	3.098813559322034	0.1473684210526316	-0.04437234082741789	0.1611449857765607	0.007655504685586281	-0.0017713056419596572	30.831127166748047
23.738	3.098813559322034	0.16263157894736843	-0.05657676917938282	0.1613183831862778	0.0076712352480815425	-0.002061294940738096	28.638914108276367
23.738	3.098813559322034	0.17789473684210527	-0.06994533358068913	0.16177820267558804	0.007405171709978534	-0.002630891594543107	26.817846298217773
23.738	3.098813559322034	0.1931578947368421	-0.08318208299918328	0.16001064391750613	0.0072378342607773965	-0.0029956220159700624	25.661006927490234
23.738	3.098813559322034	0.20842105263157895	-0.09582186702648904	0.1583575792270704	0.007186942322041666	-0.0034789803108477525	24.675264358520508
23.738	3.098813559322034	0.2236842105263158	-0.10964040692963897	0.15843397128867132	0.007024473115114466	-0.0037605283399431964	23.743547439575195
23.738	3.098813559322034	0.23894736842105263	-0.12301667418399154	0.1565930527775191	0.007095122368405782	-0.004255052161504385	22.095815658569336
23.738	3.098813559322034	0.25421052631578944	-0.13632494728311068	0.1533706752145672	0.00698902763738783	-0.004864924395558299	20.802356719970703
23.738	3.098813559322034	0.2694736842105263	-0.14988430853353443	0.1501164891542099	0.0068434854246841	-0.0053223276317726055	19.753128051757812
23.738	3.098813559322034	0.2847368421052632	-0.16354998114459351	0.14610237792982206	0.006830759855045304	-0.006034389474488597	18.891048431396484
23.738	3.098813559322034	0.3	-0.17670813028117194	0.14261935363153805	0.0067512187771788515	-0.00650318941309644	18.155315399169922
23.738	3.1089830508474576	0.01	-0.02169092868453379	0.09550866491315302	0.008557364306869035	-0.0007846593679499332	35.41603088378906
23.738	3.1089830508474576	0.02526315789473684	-0.022091297991407716	0.11690193424973777	0.008215486414717647	-0.0009639668015136697	44.33143997192383
23.738	3.1089830508474576	0.04052631578947368	-0.026730065233839355	0.12915569554124165	0.007881035692496706	-0.000761771508090824	41.60940742492676
23.738	3.1089830508474576	0.05578947368421053	-0.025583718759050977	0.13492168447673786	0.007483924474052226	-0.0005510086526140357	37.26190948486328
23.738	3.1089830508474576	0.07105263157894737	-0.02641478418869045	0.13429061620192428	0.007144885706405575	-0.00031312030396126654	34.723215103149414
23.738	3.1089830508474576	0.0863157894736842	-0.025715729987606465	0.13439575181479413	0.006801679696694436	-0.0003039029651501256	32.933542251586914
23.738	3.1089830508474576	0.10157894736842105	-0.02553560758741698	0.1345591986189827	0.0068993960902375565	-1.827754987122678e-05	32.23680114746094
23.738	3.1089830508474576	0.11684210526315789	-0.026760571936656586	0.13726159908054952	0.006805550544234529	-9.04708101733284e-05	31.836925506591797
23.738	3.1089830508474576	0.13210526315789473	-0.03135229210955914	0.13985625140721067	0.006920144547351035	-0.00027832495853534716	32.91183853149414
23.738	3.1089830508474576	0.1473684210526316	-0.03769738599502219	0.14311628621873018	0.006807480726004674	-0.000607914721886014	31.102874755859375
23.738	3.1089830508474576	0.16263157894736843	-0.047425447367235266	0.1447977298506835	0.006741104577825333	-0.0012713644259868973	29.145214080810547
23.738	3.1089830508474576	0.17789473684210527	-0.05815096890437767	0.1475316076198574	0.006565568081871771	-0.0015897516935304797	27.453983306884766
23.738	3.1089830508474576	0.1931578947368421	-0.06900649170601902	0.14681993034479318	0.006432965838856422	-0.0021412532406938013	26.310993194580078
23.738	3.1089830508474576	0.20842105263157895	-0.07943333245993564	0.1468362099572119	0.006220763783593087	-0.0024557547463299454	25.439027786254883
23.738	3.1089830508474576	0.2236842105263158	-0.090438331454694	0.14713949304360774	0.0063175720364219345	-0.0028543273704425493	23.53331756591797
23.738	3.1089830508474576	0.23894736842105263	-0.10118336880177231	0.1464284412964049	0.0061472275866967	-0.0032474098334940907	21.933307647705078
23.738	3.1089830508474576	0.25421052631578944	-0.11267275631025406	0.14426287058096257	0.005794341089093378	-0.003823718975018781	20.627450942993164
23.738	3.1089830508474576	0.2694736842105263	-0.12479474392084375	0.14143411760388758	0.005799069694474765	-0.004331426605750378	19.574987411499023
23.738	3.1089830508474576	0.2847368421052632	-0.13556596649788064	0.1374759737859938	0.005469620493530254	-0.004729160225798184	18.666210174560547
23.738	3.1089830508474576	0.3	-0.14648248426593585	0.1337311050846699	0.005438528979910569	-0.005208193212825677	17.959423065185547
23.738	3.1191525423728814	0.01	-0.01386529676593588	0.08002016758466991	0.007789598929600506	0.0017030529378077343	38.51333999633789
23.738	3.1191525423728814	0.02526315789473684	-0.019846742078435887	0.11020815586591992	0.007691101727830059	0.0014991860055148926	46.66883087158203
23.738	3.1191525423728814	0.04052631578947368	-0.022297557011040595	0.12194379697660215	0.007300851727047515	0.0012049375138873798	41.38775825500488
23.738	3.1191525423728814	0.05578947368421053	-0.02102219109495982	0.1277720432762452	0.006829831129103025	0.0011216986666631864	37.693565368652344
23.738	3.1191525423728814	0.07105263157894737	-0.02343110843634113	0.12865834152665218	0.006726349649635167	0.0012321212421902124	34.98678398132324
23.738	3.1191525423728814	0.0863157894736842	-0.026430109366517407	0.12884336739411897	0.006554787172829844	0.001287318820742892	32.68453788757324
23.738	3.1191525423728814	0.10157894736842105	-0.02777979659356538	0.12992560402822068	0.0066130891541646445	0.0013473281408202624	31.908519744873047
23.738	3.1191525423728814	0.11684210526315789	-0.02993873836463154	0.13431822988219794	0.006555971771661939	0.0011737146403558683	32.09850311279297
23.738	3.1191525423728814	0.13210526315789473	-0.0344826565864476	0.13745592646493282	0.0064812221015424915	0.0009504358121231058	32.774301528930664
23.738	3.1191525423728814	0.1473684210526316	-0.04165217707290492	0.14224745133281935	0.006422359170432875	0.0006685223261993819	31.094715118408203
23.738	3.1191525423728814	0.16263157894736843	-0.051319318598911076	0.14470927667892788	0.0063740993879444225	0.00013523434671158942	29.16421127319336
23.738	3.1191525423728814	0.17789473684210527	-0.06090664146005474	0.14567271782918845	0.0062080717951582985	-0.0004838159890968359	27.581356048583984
23.738	3.1191525423728814	0.1931578947368421	-0.0712015829701286	0.14566955093662265	0.005769588244553801	-0.000860363548533105	26.483257293701172
23.738	3.1191525423728814	0.20842105263157895	-0.0819830156583648	0.1455173005572987	0.005741992592053631	-0.0013798250446841564	25.656707763671875
23.738	3.1191525423728814	0.2236842105263158	-0.09335762036036062	0.1458895613662433	0.00545773432241622	-0.0018547944645385859	23.86556625366211
23.738	3.1191525423728814	0.23894736842105263	-0.10464112697079733	0.14544586231965484	0.005473876245403816	-0.0022899187880169054	22.196685791015625
23.738	3.1191525423728814	0.25421052631578944	-0.116583324152431	0.14244301599571157	0.005404746903930849	-0.002651626182269813	20.84994888305664
23.738	3.1191525423728814	0.2694736842105263	-0.12719373174329707	0.1399764297635262	0.005153471246227514	-0.003163028568034185	19.738727569580078
23.738	3.1191525423728814	0.2847368421052632	-0.139154289544946	0.136361977910899	0.005013291269309647	-0.0036431337953371917	18.863670349121094
23.738	3.1191525423728814	0.3	-0.15062641922507072	0.1331026353593554	0.004796792524993045	-0.004263276656619792	18.15372085571289
23.738	3.1293220338983048	0.01	-0.012444351353976929	0.07488272569138667	0.007755728759591794	0.003475768953885921	38.89305877685547
23.738	3.1293220338983048	0.02526315789473684	-0.014651400941718433	0.10003296208564305	0.007489334578057569	0.003301989024232411	46.79585647583008
23.738	3.1293220338983048	0.04052631578947368	-0.01819590666221088	0.11106549943328017	0.007292091443450006	0.003204862215108974	42.442848205566406
23.738	3.1293220338983048	0.05578947368421053	-0.016637408136218855	0.11759171608831845	0.007109380848135411	0.0029266451775493796	38.46316719055176
23.738	3.1293220338983048	0.07105263157894737	-0.01867248165310926	0.11974977817848434	0.006831633276269487	0.0028007551212776054	35.837459564208984
23.738	3.1293220338983048	0.0863157894736842	-0.017952701550737093	0.12164831221565711	0.006887056643572344	0.002711771283064001	33.404666900634766
23.738	3.1293220338983048	0.10157894736842105	-0.01976040631765835	0.12535550383843502	0.006717582200960366	0.0026184792861280518	32.406707763671875
23.738	3.1293220338983048	0.11684210526315789	-0.020391126105184593	0.129146743746626	0.006894337510763776	0.002528378137311295	32.41678047180176
23.738	3.1293220338983048	0.13210526315789473	-0.02343928603231433	0.13555636163257317	0.006649304548239483	0.001912011601415565	33.04865264892578
23.738	3.1293220338983048	0.1473684210526316	-0.029938451568414997	0.14033577194449237	0.006722488151891663	0.0018192766271374373	31.61827850341797
23.738	3.1293220338983048	0.16263157894736843	-0.037423555355454524	0.14465424983683117	0.006379400768893244	0.0014406926459320985	29.563560485839844
23.738	3.1293220338983048	0.17789473684210527	-0.04804487554978645	0.1482017587524846	0.0060140841759816	0.0009098359122956601	27.980987548828125
23.738	3.1293220338983048	0.1931578947368421	-0.05851643691461603	0.14887963669644738	0.005808254601074992	0.00046225235629414167	26.763275146484375
23.738	3.1293220338983048	0.20842105263157895	-0.06902790642965653	0.1495869664362639	0.005630377311446553	1.2961905798069245e-05	25.674470901489258
23.738	3.1293220338983048	0.2236842105263158	-0.08101773209915357	0.15115203643620317	0.005477995359889665	-0.0003964728861836982	23.60646629333496
23.738	3.1293220338983048	0.23894736842105263	-0.09260586347737458	0.1503859767250123	0.0054869209650415755	-0.00047841986137526766	21.961763381958008
23.738	3.1293220338983048	0.25421052631578944	-0.10406912121589365	0.14927879450863157	0.005122230759335217	-0.0011663330153596219	20.613666534423828
23.738	3.1293220338983048	0.2694736842105263	-0.11686405254195514	0.14804637930376383	0.004781221102021812	-0.00162545464677073	19.492305755615234
23.738	3.1293220338983048	0.2847368421052632	-0.12824921769688907	0.14467613226754517	0.00482751304684003	-0.0020419911502785456	18.623035430908203
23.738	3.1293220338983048	0.3	-0.14110927400256576	0.14186609904388492	0.00458341499800602	-0.0025407413838660553	17.88910484313965
23.738	3.139491525423729	0.01	0.0008332333985430376	0.07567716348091667	0.00816176806641741	0.004552155976672984	37.13294982910156
23.738	3.139491525423729	0.02526315789473684	-0.00852261129816213	0.08831178453460041	0.007883546114235633	0.0042165472005355475	43.82032775878906
23.738	3.139491525423729	0.04052631578947368	-0.013137963504545389	0.0971095747198359	0.007756889367874673	0.00413091488469428	41.38138198852539
23.738	3.139491525423729	0.05578947368421053	-0.015594890103006395	0.10211009075632485	0.007535795224929332	0.003697685417287834	37.85721397399902
23.738	3.139491525423729	0.07105263157894737	-0.01796806196266007	0.10153328948130534	0.007339211304860906	0.003576944410324361	34.96482276916504
23.738	3.139491525423729	0.0863157894736842	-0.019832877356388386	0.10336837678705399	0.007235344715718051	0.0034191490366629338	33.268009185791016
23.738	3.139491525423729	0.10157894736842105	-0.022097384757948358	0.1052511167975323	0.007148415127097057	0.0033155485693900305	32.63087463378906
23.738	3.139491525423729	0.11684210526315789	-0.024481532551002938	0.10918109503408835	0.0073001668806801446	0.003218851885049317	32.34718894958496
23.738	3.139491525423729	0.13210526315789473	-0.02876226549561067	0.11547541779300138	0.0070840798523967245	0.0030833954635681336	33.40163993835449
23.738	3.139491525423729	0.1473684210526316	-0.03664130033794606	0.12226003543991884	0.0070629923939158155	0.0028142319251173204	33.007972717285156
23.738	3.139491525423729	0.16263157894736843	-0.045520017052357954	0.12630289961582242	0.006720061259911581	0.00228728744843701	30.523611068725586
23.738	3.139491525423729	0.17789473684210527	-0.056674521324047766	0.13029687108703147	0.006305410366920123	0.0018219630817951425	28.970794677734375
23.738	3.139491525423729	0.1931578947368421	-0.0684974065273734	0.1314317680382624	0.006233989176987969	0.0015408448964193242	27.483234405517578
23.738	3.139491525423729	0.20842105263157895	-0.0801705551152706	0.1330334447343398	0.00599069363409217	0.0013975541196599413	25.71208953857422
23.738	3.139491525423729	0.2236842105263158	-0.09229156150688685	0.134892536794464	0.005770417309670851	0.0008954238725662966	23.512042999267578
23.738	3.139491525423729	0.23894736842105263	-0.10534556750612488	0.1335222123965974	0.005646425653233566	0.0006856710759846995	21.789113998413086
23.738	3.139491525423729	0.25421052631578944	-0.11789791533723719	0.13482043091423995	0.005218508186319925	0.0002561436862150515	20.474346160888672
23.738	3.139491525423729	0.2694736842105263	-0.13140151619227652	0.1328421259993668	0.005169567506120988	-0.0001095285370412459	19.381977081298828
23.738	3.139491525423729	0.2847368421052632	-0.14386064054051928	0.12959387517293008	0.005125434995606617	-0.0007055915163999448	18.48687171936035
23.738	3.139491525423729	0.3	-0.15763157704423464	0.12692680514336474	0.004853106455373662	-0.0010014753420924016	17.764413833618164
23.738	3.1496610169491523	0.01	-0.00634907894337122	0.09303549943996417	0.00822444366267919	0.004769868878339866	36.04475021362305
23.738	3.1496610169491523	0.02526315789473684	-0.008542148401379039	0.1257093351943587	0.007973538799599625	0.0046853610295389675	44.44565200805664
23.738	3.1496610169491523	0.04052631578947368	-0.01261714706698005	0.13074456827288322	0.007971112529247438	0.00440761772128114	39.989959716796875
23.738	3.1496610169491523	0.05578947368421053	-0.014031631847960331	0.1319596718005307	0.007886782306588604	0.004452950023610692	37.79914093017578
23.738	3.1496610169491523	0.07105263157894737	-0.013095923628848757	0.12586285196542588	0.007763694894362914	0.004209559062567561	35.053321838378906
23.738	3.1496610169491523	0.0863157894736842	-0.015556793775600156	0.1256834196329102	0.007697562146639594	0.004120821362538031	33.258724212646484
23.738	3.1496610169491523	0.10157894736842105	-0.01693376170513662	0.12410136475467434	0.007607162968039933	0.003638390641512024	32.654876708984375
23.738	3.1496610169491523	0.11684210526315789	-0.018751731200960114	0.12836727104080192	0.007548152150545223	0.0037551396511242715	32.399986267089844
23.738	3.1496610169491523	0.13210526315789473	-0.022977158113267858	0.13258442482841484	0.007315013290640966	0.0034828105201562746	33.65451431274414
23.738	3.1496610169491523	0.1473684210526316	-0.031189326794431087	0.13743027250663503	0.007364515989316458	0.003270362661580661	31.96660614013672
23.738	3.1496610169491523	0.16263157894736843	-0.04227847702948796	0.1400747216065334	0.00710158667424886	0.003005017858461005	29.833343505859375
23.738	3.1496610169491523	0.17789473684210527	-0.054038874673450615	0.1416249714247707	0.007003661617472903	0.0028810892459529072	28.093225479125977
23.738	3.1496610169491523	0.1931578947368421	-0.06658904468996446	0.14068475038323647	0.0064318500589539696	0.002409909847938309	26.67078971862793
23.738	3.1496610169491523	0.20842105263157895	-0.07993551805912977	0.1402260608355687	0.0063739361592016755	0.002159052382256792	25.025976181030273
23.738	3.1496610169491523	0.2236842105263158	-0.09260589458711965	0.14072189141697444	0.006095470724372731	0.0018133278927635974	22.9747257232666
23.738	3.1496610169491523	0.23894736842105263	-0.10563217443774447	0.13980079906086862	0.0061260160275493905	0.001505507323068907	21.36042594909668
23.738	3.1496610169491523	0.25421052631578944	-0.11964251143286933	0.1374348835835928	0.005835406001224268	0.0012345131968098963	20.062652587890625
23.738	3.1496610169491523	0.2694736842105263	-0.1334988891168568	0.13570520227203917	0.0057604759598142916	0.001058705402861416	19.072744369506836
23.738	3.1496610169491523	0.2847368421052632	-0.1478128358233708	0.13201325216752724	0.0055602042558711455	0.0005810658396834725	18.2186336517334
23.738	3.1496610169491523	0.3	-0.16158280597696012	0.1287077166552275	0.0055154112335366575	0.00023511059469947707	17.498918533325195
23.738	3.159830508474576	0.01	-0.010880045080273622	0.11331797814541705	0.008807005591497663	0.004619843633950409	32.15248107910156
23.738	3.159830508474576	0.02526315789473684	-0.01083374270209599	0.12439322075420267	0.008617422737241387	0.005057336652962211	46.40149688720703
23.738	3.159830508474576	0.04052631578947368	-0.010668006385654254	0.12086425647809972	0.008655124369776229	0.004897249422656224	40.73867225646973
23.738	3.159830508474576	0.05578947368421053	-0.012126493300288959	0.11450841204002368	0.008391807446256633	0.004628578538113123	36.51346015930176
23.738	3.159830508474576	0.07105263157894737	-0.014853373708879621	0.1047821410445716	0.008202352912261582	0.004508098546100285	34.146942138671875
23.738	3.159830508474576	0.0863157894736842	-0.018670687088720543	0.10092265007058021	0.008232288247243175	0.004548517414595207	32.54294967651367
23.738	3.159830508474576	0.10157894736842105	-0.02056707799362399	0.09945065687579363	0.008106814656016394	0.004392328180525968	31.837459564208984
23.738	3.159830508474576	0.11684210526315789	-0.02272193143415094	0.10133401099634742	0.00821011312589597	0.004352918075800381	31.815105438232422
23.738	3.159830508474576	0.13210526315789473	-0.028597624230113035	0.10486091235694855	0.007914290441207394	0.004240482057536016	32.970319747924805
23.738	3.159830508474576	0.1473684210526316	-0.03776660320475272	0.1093668135069629	0.007642166594022435	0.003832306284742886	32.350881576538086
23.738	3.159830508474576	0.16263157894736843	-0.04728485343098031	0.11213528831132119	0.0070342835794953975	0.0036005233395133914	30.262805938720703
23.738	3.159830508474576	0.17789473684210527	-0.05865009884849133	0.11463392990703417	0.007152946287142666	0.0032935606130310305	28.740827560424805
23.738	3.159830508474576	0.1931578947368421	-0.06946315955850194	0.11489226353474008	0.00684188086306738	0.0032237767393737266	27.465166091918945
23.738	3.159830508474576	0.20842105263157895	-0.08027360598100697	0.11552267004980019	0.006792348685485811	0.0028751471335410413	24.77272605895996
23.738	3.159830508474576	0.2236842105263158	-0.09198732544198376	0.11619867187829241	0.006371762013805599	0.0026395357003777564	22.737483978271484
23.738	3.159830508474576	0.23894736842105263	-0.10429103514186436	0.11441159565164732	0.006493006336964324	0.0023505579564942762	21.221965789794922
23.738	3.159830508474576	0.25421052631578944	-0.11706171846024087	0.1139303883553951	0.0062170861188533015	0.0021090542740178136	19.985092163085938
23.738	3.159830508474576	0.2694736842105263	-0.1302838061981487	0.11157988807070987	0.0060383059965913866	0.0018385693738866647	18.965312957763672
23.738	3.159830508474576	0.2847368421052632	-0.1432044249014963	0.10860104870190396	0.005812869749249128	0.0013982691607895745	18.134004592895508
23.738	3.159830508474576	0.3	-0.1546116251019795	0.10594778731138926	0.005589662061217292	0.0010298353281984677	17.45160675048828
23.738	3.17	0.01	-0.010880913165028856	0.14575391485960704	0.00936753300393097	0.0050802147039901435	36.57513427734375
23.738	3.17	0.02526315789473684	-0.00770375472892073	0.15603334105093586	0.00937612038080526	0.005076086813854241	44.722591400146484
23.738	3.17	0.04052631578947368	-0.008407722980102263	0.15145568292265285	0.009094501257013589	0.0048663924765653165	38.08540725708008
23.738	3.17	0.05578947368421053	-0.010312358111461362	0.1450215768409287	0.009063655390955218	0.004791764312817774	35.52317428588867
23.738	3.17	0.07105263157894737	-0.011480424954190242	0.13456648440006733	0.008860964426080399	0.004820937469337624	32.83576965332031
23.738	3.17	0.0863157894736842	-0.011641640989675512	0.12806806174013383	0.00892801242422412	0.004719118831596833	31.484289169311523
23.738	3.17	0.10157894736842105	-0.013344397866732766	0.1261761512807532	0.008747161669964967	0.004588146003695702	30.5278263092041
23.738	3.17	0.11684210526315789	-0.015303002872853475	0.12600612054110275	0.008635093646204451	0.00462418424272193	30.46460723876953
23.738	3.17	0.13210526315789473	-0.020555896141915518	0.12670551101208433	0.00856649326069256	0.004527494887350337	31.48656463623047
23.738	3.17	0.1473684210526316	-0.028766257518320272	0.12899455177129016	0.008311048254117387	0.004306121253840624	31.232139587402344
23.738	3.17	0.16263157894736843	-0.03919551476591726	0.1300893390597473	0.007937646883519386	0.0038915824250681332	29.301860809326172
23.738	3.17	0.17789473684210527	-0.048867484951706425	0.12989583014381553	0.007722137144182394	0.0039270773395047726	27.73404312133789
23.738	3.17	0.1931578947368421	-0.06009264979636095	0.12941041125554098	0.007555311755012999	0.0036387497544284435	26.67354393005371
23.738	3.17	0.20842105263157895	-0.07138521224021127	0.12861394475107	0.0073450472088873245	0.003479973447158897	25.036558151245117
23.738	3.17	0.2236842105263158	-0.08214509337901282	0.12846659163837237	0.007126629841706766	0.003279887872031494	22.968629837036133
23.738	3.17	0.23894736842105263	-0.09297687113045855	0.12865911985640333	0.006808147561090173	0.003111873960278219	21.399675369262695
23.738	3.17	0.25421052631578944	-0.10546916040818344	0.12490681402045214	0.006939660039286552	0.003060570230755354	20.156702041625977
23.738	3.17	0.2694736842105263	-0.11785022322355398	0.12225745925175391	0.00664212835994392	0.0027205811484112795	19.118173599243164
23.738	3.17	0.2847368421052632	-0.12886940288507942	0.11962977490989388	0.006479987707156194	0.0026440694845039398	18.279144287109375
23.738	3.17	0.3	-0.14128079480642083	0.11613078454179585	0.006407125097915154	0.0023444764688623225	17.55820655822754
19.422	2.57	0.01	0.01348876953125	0.24362792968749997	0.008075728203545286	0.002945303955289344	38.01176452636719
19.422	2.57	0.02526315789473684	0.007853138124250557	0.25842291723121613	0.008090857529652228	0.002624671769297291	44.5234375
19.422	2.57	0.04052631578947368	0.009870263715715718	0.2636243865015398	0.007801791352073006	0.002409113815305894	49.405426025390625
19.422	2.57	0.05578947368421053	0.009793775538379328	0.2695842306741991	0.007664755495067316	0.002279241677810783	47.104068756103516
19.422	2.57	0.07105263157894737	0.010315828780109067	0.26973793317168143	0.007546682461258118	0.002179695633880905	46.47362518310547
19.422	2.57	0.0863157894736842	0.011223185961240438	0.27558975947697895	0.00758431477923887	0.0019433139183680688	43.982072830200195
19.422	2.57	0.10157894736842105	0.012104064043739671	0.27737798433455696	0.007309683461504847	0.0021282821010251015	41.67593765258789
19.422	2.57	0.11684210526315789	0.010526078459047426	0.2797242422706754	0.007384795905533335	0.002231875019847061	40.1356315612793
19.422	2.57	0.13210526315789473	0.009324065453965774	0.2814982168168678	0.0070385454693042545	0.0023678246295644	38.076772689819336
19.422	2.57	0.1473684210526316	0.006259455760521062	0.28438823221395026	0.006957421056981189	0.002362756426227034	36.84258842468262
19.422	2.57	0.16263157894736843	0.0035112400972524215	0.28884073627359574	0.0071180070571103034	0.002600595420734946	35.15715408325195
19.422	2.57	0.17789473684210527	-0.0006017477931965615	0.2939969430695287	0.0069708197582400815	0.0021429913843448653	33.026018142700195
19.422	2.57	0.1931578947368421	-0.007936190788685214	0.3010498227569274	0.007018888383495921	0.0018077217427262138	31.12822914123535
19.422	2.57	0.20842105263157895	-0.017349051995923383	0.3099016185558372	0.006980892475176464	0.0016864367132980126	29.261384963989258
19.422	2.57	0.2236842105263158	-0.02917248800859687	0.3193354440653326	0.006694141900168125	0.0011849442781250667	27.446195602416992
19.422	2.57	0.23894736842105263	-0.0421412780973771	0.3277963457545826	0.006665122958941316	0.0008019864704139829	25.965919494628906
19.422	2.57	0.25421052631578944	-0.056049195761172343	0.33483363393882004	0.006644700573471829	0.0006317714488802907	24.70621109008789
19.422	2.57	0.2694736842105263	-0.07043893047639563	0.34183588143625937	0.006519049352182605	0.0005058268103140131	23.710529327392578
19.422	2.57	0.2847368421052632	-0.08447933204224889	0.3471742147799661	0.006373408519468472	2.51032485598915e-05	22.854780197143555
19.422	2.57	0.3	-0.09936817924414845	0.35303605901076207	0.006185034519100741	-0.0004288841670822388	22.130661010742188
19.422	2.5801694915254236	0.01	0.0080929816428843	0.26005783769300883	0.006970919749298632	0.005237773542807237	38.85297775268555
19.422	2.5801694915254236	0.02526315789473684	0.006001806325120016	0.27373719009569597	0.006898300830504769	0.004837209186706795	46.59986877441406
19.422	2.5801694915254236	0.04052631578947368	0.004055798119706193	0.2707883754651877	0.006944032720854769	0.004841905276925001	48.250343322753906
19.422	2.5801694915254236	0.05578947368421053	0.004761613046984159	0.2753295104771927	0.006861630556755134	0.004394471188285553	44.98498344421387
19.422	2.5801694915254236	0.07105263157894737	0.002837268149713953	0.2755621876388861	0.006997915520155746	0.004312940453175163	43.793596267700195
19.422	2.5801694915254236	0.0863157894736842	0.003152783487284057	0.2753224243020187	0.007041661586668284	0.004217551691337198	42.506248474121094
19.422	2.5801694915254236	0.10157894736842105	0.0034510704902324814	0.2774387697725674	0.0069151042622300945	0.003954006696832571	41.05860900878906
19.422	2.5801694915254236	0.11684210526315789	0.002154754422267825	0.2777812346515988	0.0067644801411911515	0.0037807260589391815	38.57609748840332
19.422	2.5801694915254236	0.13210526315789473	0.002789685764478446	0.27675412243607433	0.006851532157520079	0.0035573478178792923	38.064701080322266
19.422	2.5801694915254236	0.1473684210526316	0.002369564010027926	0.27847798959579134	0.006634760530057382	0.0037104944540544975	36.55221176147461
19.422	2.5801694915254236	0.16263157894736843	0.00039831156117109585	0.28123756963055396	0.006942680812461366	0.003899591692928111	35.079999923706055
19.422	2.5801694915254236	0.17789473684210527	-0.0010748419680689423	0.28457627492481363	0.0068956842953763016	0.003677587238465236	33.52069854736328
19.422	2.5801694915254236	0.1931578947368421	-0.0054587270927513405	0.2895264925177773	0.006714267676464462	0.0031836015607310114	31.75485610961914
19.422	2.5801694915254236	0.20842105263157895	-0.012303716222794523	0.295760901738576	0.006715479012812668	0.003137846095914545	29.807353973388672
19.422	2.5801694915254236	0.2236842105263158	-0.021816096401982926	0.30312112954595516	0.006612506072477039	0.002496931268597426	27.933435440063477
19.422	2.5801694915254236	0.23894736842105263	-0.032922179757826964	0.31239969807827306	0.006543320618791688	0.0025166461718802977	26.364561080932617
19.422	2.5801694915254236	0.25421052631578944	-0.046500607772065834	0.3186229593126068	0.006393600150548004	0.0018515447034181736	25.06488609313965
19.422	2.5801694915254236	0.2694736842105263	-0.05972017624302446	0.32610859256875346	0.006298658670928411	0.0017998126156775005	23.997352600097656
19.422	2.5801694915254236	0.2847368421052632	-0.07315228992378019	0.33191125683134537	0.006101935790389998	0.0011710017960802246	23.139211654663086
19.422	2.5801694915254236	0.3	-0.08792648443489946	0.3380282000847825	0.005990353234883415	0.0009241959145260245	22.396608352661133
19.422	2.5903389830508474	0.01	0.011322478787008166	0.23212943665913427	0.00782863989628388	0.006153157515643764	33.94001388549805
19.422	2.5903389830508474	0.02526315789473684	0.004787420927067299	0.23550795273709213	0.007509997899450843	0.005816169930498579	44.083736419677734
19.422	2.5903389830508474	0.04052631578947368	0.0035611667120689612	0.24070019380392604	0.007588646209229928	0.005496635395223154	46.68946075439453
19.422	2.5903389830508474	0.05578947368421053	0.005395991175095012	0.24593628740648535	0.007534630130000159	0.005329290438651685	42.79935836791992
19.422	2.5903389830508474	0.07105263157894737	0.00596102234594004	0.2486910993490627	0.0073028263426081754	0.004935868054683842	41.40944290161133
19.422	2.5903389830508474	0.0863157894736842	0.005875011373785707	0.25171444634715134	0.007289569826140506	0.004832459705988178	40.42514419555664
19.422	2.5903389830508474	0.10157894736842105	0.00509237057462436	0.2530947894958372	0.00735457811508837	0.004678931974097389	38.46137046813965
19.422	2.5903389830508474	0.11684210526315789	0.004104158102330832	0.2547593581251858	0.007280608139014073	0.004535646213746982	36.77200126647949
19.422	2.5903389830508474	0.13210526315789473	0.0035517388435835837	0.2554418498004379	0.007375895544785831	0.004372825673342166	36.118408203125
19.422	2.5903389830508474	0.1473684210526316	0.0016089598336400694	0.2585407096130383	0.007165448575645513	0.004575326289775264	34.440948486328125
19.422	2.5903389830508474	0.16263157894736843	-0.00044018915545003637	0.26138152071213794	0.006976171756062485	0.004274997291647314	33.09821319580078
19.422	2.5903389830508474	0.17789473684210527	-0.00410000678424532	0.26614959770810764	0.0068915884191739826	0.004196129683204737	31.679039001464844
19.422	2.5903389830508474	0.1931578947368421	-0.007545939295994876	0.26979704035163105	0.007097164465093593	0.0042442256197601416	30.231449127197266
19.422	2.5903389830508474	0.20842105263157895	-0.013972124292957414	0.27761820891589106	0.0070402470437674735	0.0040254418741733945	28.60163116455078
19.422	2.5903389830508474	0.2236842105263158	-0.023653534773011065	0.2843645531888661	0.007122822166127613	0.003553323535370563	27.048322677612305
19.422	2.5903389830508474	0.23894736842105263	-0.03285983339293096	0.29173466541035764	0.007057244903115083	0.0036385449759018776	25.74371337890625
19.422	2.5903389830508474	0.25421052631578944	-0.044859023349190175	0.2965439005053024	0.006673888395596756	0.0028428261943100226	24.633363723754883
19.422	2.5903389830508474	0.2694736842105263	-0.05748112830688994	0.30344209822326706	0.0063410470253419966	0.002741079063334893	23.585796356201172
19.422	2.5903389830508474	0.2847368421052632	-0.06811333543510925	0.3075369936527107	0.006204544574442082	0.0025057453313602302	22.858957290649414
19.422	2.5903389830508474	0.3	-0.08192724731131341	0.31176776526771866	0.006075065421018187	0.002168911872597251	22.162635803222656
19.422	2.600508474576271	0.01	0.016226431207115526	0.24308950292760984	0.007814486373077294	0.006553875735731078	33.98871994018555
19.422	2.600508474576271	0.02526315789473684	0.015144276644481298	0.24692875752491594	0.0075213278861723425	0.006410430156012409	46.673728942871094
19.422	2.600508474576271	0.04052631578947368	0.01205420529228257	0.2543397378435888	0.007395691862950454	0.006113263897879331	45.924007415771484
19.422	2.600508474576271	0.05578947368421053	0.011772929843917094	0.26360896387197175	0.007470833885565638	0.006038448593227769	42.739688873291016
19.422	2.600508474576271	0.07105263157894737	0.010845051101787639	0.2676724625797398	0.007482107217185668	0.005647687491711223	41.110069274902344
19.422	2.600508474576271	0.0863157894736842	0.00998949415647115	0.2715835822675764	0.0074047669105879056	0.00549987191187171	40.31597137451172
19.422	2.600508474576271	0.10157894736842105	0.007977478148896287	0.2739064202495321	0.007474382800762541	0.005234162096138847	38.4962272644043
19.422	2.600508474576271	0.11684210526315789	0.009681419970948287	0.2772768185325369	0.007587566203184664	0.005097745557812347	36.7340030670166
19.422	2.600508474576271	0.13210526315789473	0.007212230015387476	0.27898387583134243	0.007419652415727315	0.0051051902019897035	36.091360092163086
19.422	2.600508474576271	0.1473684210526316	0.006306795279938036	0.28121075525277583	0.007391731974081381	0.0051415035175538665	34.59865951538086
19.422	2.600508474576271	0.16263157894736843	0.005317748766533133	0.28472910488094194	0.007194577074807168	0.005022459634860008	33.053829193115234
19.422	2.600508474576271	0.17789473684210527	0.002043284602278996	0.289640453874187	0.007159698228093586	0.005154627376920579	31.1098575592041
19.422	2.600508474576271	0.1931578947368421	-0.0030749723913127904	0.2941679635523423	0.007211465335382052	0.004853140327010512	29.418943405151367
19.422	2.600508474576271	0.20842105263157895	-0.010072938771998986	0.3010288682563095	0.007211497621716369	0.00456892197614859	27.77690887451172
19.422	2.600508474576271	0.2236842105263158	-0.01960581824642872	0.3073684639890926	0.007120014093382797	0.004257743194090505	26.125431060791016
19.422	2.600508474576271	0.23894736842105263	-0.031065961287218898	0.3147024251951448	0.0070707760451599625	0.003918368558117105	24.742023468017578
19.422	2.600508474576271	0.25421052631578944	-0.04413266605782725	0.3203197626922416	0.006885057842550106	0.003614576203625706	23.5578556060791
19.422	2.600508474576271	0.2694736842105263	-0.058174197255367516	0.32666104436216864	0.007004308795325578	0.003492953759968165	22.57657814025879
19.422	2.600508474576271	0.2847368421052632	-0.07152362794325767	0.33103741659385255	0.006460474271802176	0.0032413273244573217	21.821441650390625
19.422	2.600508474576271	0.3	-0.08634223255825077	0.3358050786907086	0.006317656465302602	0.0028929149038838587	21.107255935668945
19.422	2.610677966101695	0.01	0.0222863948231532	0.23819736958564025	0.008225280128718895	0.006994440976081574	38.80528259277344
19.422	2.610677966101695	0.02526315789473684	0.017850664842684445	0.24638142109931216	0.008035384136147862	0.006813583904650752	43.63325881958008
19.422	2.610677966101695	0.04052631578947368	0.017668028760512048	0.256477882425196	0.008160932209865713	0.006886764748767758	46.25445556640625
19.422	2.610677966101695	0.05578947368421053	0.016824579019644854	0.265141690206532	0.008000037772416377	0.006397876449528127	44.13863754272461
19.422	2.610677966101695	0.07105263157894737	0.01521633611185794	0.26686194923983186	0.00791638933171181	0.006288670857912081	40.00486755371094
19.422	2.610677966101695	0.0863157894736842	0.013980989045317669	0.2666105404162988	0.007975224393980187	0.005973822830761568	40.58072280883789
19.422	2.610677966101695	0.10157894736842105	0.013058434872742188	0.267786134839265	0.007928633282084633	0.005967718965042192	38.38075828552246
19.422	2.610677966101695	0.11684210526315789	0.010501267880986822	0.2676080257997125	0.007958636923943994	0.005858504276159923	37.13811492919922
19.422	2.610677966101695	0.13210526315789473	0.007728864745091088	0.27006729947330643	0.007781990437000634	0.00603695828596142	35.57966613769531
19.422	2.610677966101695	0.1473684210526316	0.005277528880411083	0.2730863832188002	0.007784172525714799	0.005734310740027098	34.15225028991699
19.422	2.610677966101695	0.16263157894736843	0.0013979354750841926	0.2765444677996708	0.007521135417711778	0.0057328529792238965	32.79968070983887
19.422	2.610677966101695	0.17789473684210527	-0.0032370824292814768	0.28452902269278973	0.007715002604449642	0.005433120450407572	30.78961944580078
19.422	2.610677966101695	0.1931578947368421	-0.010043238862512556	0.2922306005223286	0.0076074061318497565	0.005504671357911167	28.988792419433594
19.422	2.610677966101695	0.20842105263157895	-0.018734999819419597	0.30124693568767313	0.00759308121404618	0.005297641012627936	27.329437255859375
19.422	2.610677966101695	0.2236842105263158	-0.029961896317526555	0.309884173591082	0.007207831396127656	0.004919051091899234	25.71980094909668
19.422	2.610677966101695	0.23894736842105263	-0.04180959062408815	0.31753826786202916	0.007341941704263509	0.004821962164321517	24.39445686340332
19.422	2.610677966101695	0.25421052631578944	-0.05543428780269035	0.3231375650726034	0.007191744485950353	0.004812335736592432	23.29022979736328
19.422	2.610677966101695	0.2694736842105263	-0.069100672082536	0.3295848504609304	0.0069892352915480625	0.0044741939688296645	22.381847381591797
19.422	2.610677966101695	0.2847368421052632	-0.08269639529560714	0.3351097861043849	0.006721978959237817	0.004165099261725258	21.612380981445312
19.422	2.610677966101695	0.3	-0.09562419077470216	0.3384119032709687	0.00659245358524364	0.0039715105089641635	20.97119903564453
19.422	2.620847457627119	0.01	0.0254122910825977	0.21026988018442078	0.008995134128676512	0.006832819931701307	39.69099426269531
19.422	2.620847457627119	0.02526315789473684	0.02442134357492662	0.2216057342173707	0.008878078401503047	0.00673964719718942	47.90675354003906
19.422	2.620847457627119	0.04052631578947368	0.024527840514075687	0.23113358373286305	0.008920703671523875	0.006710013190745666	49.85310745239258
19.422	2.620847457627119	0.05578947368421053	0.022274279510219014	0.24222915503749776	0.008732093825151017	0.00650877837083971	44.41449737548828
19.422	2.620847457627119	0.07105263157894737	0.02232152565612871	0.25116744873090135	0.008770467939015859	0.006247526696420383	41.60520362854004
19.422	2.620847457627119	0.0863157894736842	0.021014372233743247	0.25703067572763616	0.008915019024701258	0.006284180135943022	41.601261138916016
19.422	2.620847457627119	0.10157894736842105	0.01992643325412593	0.2643064009637404	0.008847283990406008	0.006056537962284396	40.23344421386719
19.422	2.620847457627119	0.11684210526315789	0.018836447393381438	0.2689343176142378	0.008874300137707177	0.006152690392727133	38.821292877197266
19.422	2.620847457627119	0.13210526315789473	0.018170520617253553	0.27494800468853864	0.008524965367528024	0.005946611849883774	37.268442153930664
19.422	2.620847457627119	0.1473684210526316	0.01649228765773618	0.2796742039735581	0.008516348727830091	0.006051583510176412	36.275779724121094
19.422	2.620847457627119	0.16263157894736843	0.013607322789416048	0.28646502653908	0.008410665688440845	0.006064150929366348	34.24692916870117
19.422	2.620847457627119	0.17789473684210527	0.008787500803977583	0.2944028288435938	0.008404696129893205	0.006067957892402613	32.11698341369629
19.422	2.620847457627119	0.1931578947368421	0.0011370109895056392	0.3046625874954437	0.008126256191409555	0.00579331702042675	29.69259262084961
19.422	2.620847457627119	0.20842105263157895	-0.008639170831274403	0.3142375050596124	0.008195432760059268	0.005674912172391322	27.870849609375
19.422	2.620847457627119	0.2236842105263158	-0.02223123201484511	0.324636510081319	0.007998786311731827	0.005357451975777628	25.932518005371094
19.422	2.620847457627119	0.23894736842105263	-0.03686745971736454	0.33376720016901196	0.007892917898659424	0.005414860781873754	24.561925888061523
19.422	2.620847457627119	0.25421052631578944	-0.05162411847077085	0.34076905481812214	0.00781640124994951	0.005235499338501483	23.303878784179688
19.422	2.620847457627119	0.2694736842105263	-0.06831510898582413	0.3488705320126995	0.00779880468842961	0.0052792267007097824	22.365636825561523
19.422	2.620847457627119	0.2847368421052632	-0.08344917942695096	0.3547412689618453	0.0074114265710851935	0.004939694292284722	21.572166442871094
19.422	2.620847457627119	0.3	-0.09937886342040504	0.3601757613014002	0.00750459512684408	0.0046877901273781305	20.90889549255371
19.422	2.6310169491525426	0.01	0.022708615217290264	0.218061884958627	0.010007546961165799	0.006561060990885192	36.9655647277832
19.422	2.6310169491525426	0.02526315789473684	0.01903464922552454	0.23222655825189834	0.010050074004562289	0.0063630005094886255	47.24845504760742
19.422	2.6310169491525426	0.04052631578947368	0.01927109258141551	0.23737053075299763	0.009666816005870299	0.006452290563836281	48.438758850097656
19.422	2.6310169491525426	0.05578947368421053	0.016835190960058897	0.2459473817418999	0.009747358282925733	0.006340032777145416	45.148250579833984
19.422	2.6310169491525426	0.07105263157894737	0.017100717061994515	0.2454467119206502	0.009849847434612044	0.006490134723528489	42.072166442871094
19.422	2.6310169491525426	0.0863157894736842	0.016712128791441305	0.24677962904365144	0.009514005284359462	0.006198218382998994	41.961822509765625
19.422	2.6310169491525426	0.10157894736842105	0.015247983882618235	0.24497026659350254	0.009510279415147711	0.006169119437192455	39.41084289550781
19.422	2.6310169491525426	0.11684210526315789	0.013908485204504297	0.2466102995704081	0.00942136057742905	0.005996992666707264	38.60985565185547
19.422	2.6310169491525426	0.13210526315789473	0.012923206017721303	0.2454872400466005	0.009338511014127474	0.0062440261446660445	37.313161849975586
19.422	2.6310169491525426	0.1473684210526316	0.01106308773685609	0.24572005233549166	0.009333103070419822	0.006138945555962775	36.536590576171875
19.422	2.6310169491525426	0.16263157894736843	0.008408084780402843	0.2503077074010438	0.00918435288491171	0.005968335641923545	34.53061294555664
19.422	2.6310169491525426	0.17789473684210527	0.004842084259987095	0.25773447317009623	0.008900366812489794	0.006048203512694237	32.65411376953125
19.422	2.6310169491525426	0.1931578947368421	-0.0014187938915220595	0.26770643789658555	0.00922592731393854	0.00631166199550008	30.83487892150879
19.422	2.6310169491525426	0.20842105263157895	-0.009505507120362437	0.27725991928472415	0.00893303142101251	0.005994787371532045	28.87409019470215
19.422	2.6310169491525426	0.2236842105263158	-0.020943085642007704	0.2888334123271893	0.008784406019814575	0.0057898028988749555	27.155590057373047
19.422	2.6310169491525426	0.23894736842105263	-0.032951653237724775	0.29820459695022417	0.0087149816698835	0.0059474196942066624	25.772655487060547
19.422	2.6310169491525426	0.25421052631578944	-0.046169662960587464	0.30592537141618453	0.008570377729021496	0.005730831832483279	24.622587203979492
19.422	2.6310169491525426	0.2694736842105263	-0.05992229433801625	0.31494792873253236	0.008562194715606528	0.005668661356179844	23.545839309692383
19.422	2.6310169491525426	0.2847368421052632	-0.074385267883212	0.3213530303345895	0.008282797125599496	0.0053914033340383034	22.707672119140625
19.422	2.6310169491525426	0.3	-0.08812564679554549	0.3266633522079961	0.008096180855324799	0.005301815971560885	22.068744659423828
19.422	2.641186440677966	0.01	0.028339289937700348	0.17924432273373778	0.010323319647256586	0.005853769862969522	38.47045135498047
19.422	2.641186440677966	0.02526315789473684	0.029440612176578673	0.19906474111634562	0.01001340364704452	0.005739941349444286	45.62934875488281
19.422	2.641186440677966	0.04052631578947368	0.027426159672351735	0.20962688004223418	0.010163382962496362	0.0058290468298819375	48.17817687988281
19.422	2.641186440677966	0.05578947368421053	0.02552090912303533	0.21928960358349392	0.010043946885187584	0.005891729855632349	45.334224700927734
19.422	2.641186440677966	0.07105263157894737	0.025282803375186576	0.22666004373317372	0.0099127813043247	0.005835282062882079	43.85639953613281
19.422	2.641186440677966	0.0863157894736842	0.025082361412380072	0.2356539952874675	0.009797640590573378	0.005821538815045249	42.74242973327637
19.422	2.641186440677966	0.10157894736842105	0.023649727676221984	0.24103412030141608	0.00978749399410439	0.0058650726156807345	39.96310997009277
19.422	2.641186440677966	0.11684210526315789	0.023032744426977867	0.2465166032852426	0.009778468963656256	0.0057045659077070415	37.53480911254883
19.422	2.641186440677966	0.13210526315789473	0.020806256307564608	0.24977782809016164	0.009614065497867294	0.00590426366492413	35.615421295166016
19.422	2.641186440677966	0.1473684210526316	0.019330939565193803	0.2530999763266315	0.009921479039990248	0.005958976736646421	34.81753158569336
19.422	2.641186440677966	0.16263157894736843	0.01646622534869104	0.257346795066416	0.009655018757153692	0.0058997513894450265	34.53822708129883
19.422	2.641186440677966	0.17789473684210527	0.01387393680894612	0.2626807778120672	0.009597557401922007	0.005841046503378421	33.61936569213867
19.422	2.641186440677966	0.1931578947368421	0.008211182633150727	0.27014564001834823	0.009351674663807782	0.005782430741732718	31.508777618408203
19.422	2.641186440677966	0.20842105263157895	0.000385839976918032	0.2777496231947788	0.009616722063445816	0.005637454406930166	29.566219329833984
19.422	2.641186440677966	0.2236842105263158	-0.009956829416828034	0.28660482235704543	0.009549352459770195	0.005724969800918887	27.781219482421875
19.422	2.641186440677966	0.23894736842105263	-0.02229281794787726	0.2957265570727453	0.00944190480954521	0.005645809202877144	26.232614517211914
19.422	2.641186440677966	0.25421052631578944	-0.03529250752688727	0.3023405805197821	0.009453943699466134	0.00571001546794838	24.915990829467773
19.422	2.641186440677966	0.2694736842105263	-0.05066493514948479	0.3095362537691003	0.009174296677533823	0.005404606167766191	23.849716186523438
19.422	2.641186440677966	0.2847368421052632	-0.06479410921730891	0.31554608475922374	0.009098411501763822	0.0055229689473217485	22.982526779174805
19.422	2.641186440677966	0.3	-0.07900597938843862	0.321007145108122	0.009078654501791085	0.005219223729205658	22.25914764404297
19.422	2.6513559322033897	0.01	0.015006772693760221	0.24458503658457428	0.011163589692369188	0.005314994963215249	35.84952163696289
19.422	2.6513559322033897	0.02526315789473684	0.021634471825426656	0.25344577415090647	0.011083235523874666	0.005200632790480119	43.77085494995117
19.422	2.6513559322033897	0.04052631578947368	0.013666712249731868	0.25961559822027236	0.010856968906811655	0.00508140594550119	44.645809173583984
19.422	2.6513559322033897	0.05578947368421053	0.013602964069331293	0.261877697697502	0.010582703965466775	0.005332577125935729	42.8221435546875
19.422	2.6513559322033897	0.07105263157894737	0.01141573586651147	0.2589513361366804	0.010563864729922316	0.005263240238005781	40.48530578613281
19.422	2.6513559322033897	0.0863157894736842	0.010033138982588658	0.25825381301402695	0.01066812396748206	0.0053490828208540555	40.04205322265625
19.422	2.6513559322033897	0.10157894736842105	0.009226794963802538	0.2535986039467163	0.010712251378574691	0.005586498512517102	37.96034049987793
19.422	2.6513559322033897	0.11684210526315789	0.008018177337214358	0.2520916016410698	0.010476401027660242	0.005398781555982258	37.191261291503906
19.422	2.6513559322033897	0.13210526315789473	0.007181702050878584	0.24839541844796958	0.010582710215698024	0.005609660709824481	36.61638069152832
19.422	2.6513559322033897	0.1473684210526316	0.006317457309604604	0.24770676625204513	0.010645367174169073	0.005352018592320915	35.296836853027344
19.422	2.6513559322033897	0.16263157894736843	0.005337828973603175	0.24997107276911606	0.010196442254983465	0.00535520317779979	33.790483474731445
19.422	2.6513559322033897	0.17789473684210527	0.0020424221294491132	0.2545551990236925	0.010587066601065653	0.0056514236515773225	32.15207099914551
19.422	2.6513559322033897	0.1931578947368421	-0.002733590581777826	0.2609142005521643	0.01038349923902444	0.005365273162167403	30.19862174987793
19.422	2.6513559322033897	0.20842105263157895	-0.009516663755670092	0.26819629500265263	0.010648234178659233	0.005499088922202862	28.456972122192383
19.422	2.6513559322033897	0.2236842105263158	-0.018366137395963676	0.27682910065037414	0.010404087731460685	0.005143980561364277	26.835601806640625
19.422	2.6513559322033897	0.23894736842105263	-0.0295012590557348	0.2839330981285512	0.010486911343309625	0.005311672637198191	25.37682342529297
19.422	2.6513559322033897	0.25421052631578944	-0.04107888653865424	0.29020886657191647	0.010468628419243904	0.005219370447720414	24.29779052734375
19.422	2.6513559322033897	0.2694736842105263	-0.053430940952129136	0.29549037565962827	0.010322952576357059	0.0052103712620132836	23.298473358154297
19.422	2.6513559322033897	0.2847368421052632	-0.06641588820146248	0.3012181512516776	0.010190557428254393	0.005154572799450324	22.51245880126953
19.422	2.6513559322033897	0.3	-0.07938491668553874	0.3060873682581673	0.010086312233244871	0.004967898810895587	21.829364776611328
19.422	2.6615254237288135	0.01	0.02005692223355248	0.18400953655011004	0.011590507169112398	0.004329034898500093	38.12306213378906
19.422	2.6615254237288135	0.02526315789473684	0.022617142487567223	0.21408203593293695	0.011428465199032452	0.004236231883397076	46.49153518676758
19.422	2.6615254237288135	0.04052631578947368	0.025436969913241014	0.22760005416885049	0.01147247001048371	0.004258120564944545	48.67913818359375
19.422	2.6615254237288135	0.05578947368421053	0.022423978797334494	0.23868162543195562	0.011448490954882835	0.004299051473316707	44.738677978515625
19.422	2.6615254237288135	0.07105263157894737	0.02041998162883079	0.24576193819203668	0.011312255370468805	0.004449852707401835	41.61103630065918
19.422	2.6615254237288135	0.0863157894736842	0.019776547579269166	0.2525416937741384	0.011318989941467182	0.004413138385746102	41.11299514770508
19.422	2.6615254237288135	0.10157894736842105	0.017863537157128802	0.2588051136202112	0.011362922558744128	0.00453048673874109	38.198978424072266
19.422	2.6615254237288135	0.11684210526315789	0.01632968539713743	0.26500417554124245	0.011265133356625837	0.0044476895919895445	35.776241302490234
19.422	2.6615254237288135	0.13210526315789473	0.013533383168361005	0.26763987512545334	0.01130330270538696	0.004587899508680536	35.10702133178711
19.422	2.6615254237288135	0.1473684210526316	0.010734186458249426	0.2710836895233594	0.011414568713707808	0.004585027602160648	34.750675201416016
19.422	2.6615254237288135	0.16263157894736843	0.0071965240964899915	0.2772921637651077	0.01147201608256897	0.004613289138058545	33.37533760070801
19.422	2.6615254237288135	0.17789473684210527	0.0027086017395603636	0.2837965647185253	0.01149074265569456	0.004562232371006841	31.232725143432617
19.422	2.6615254237288135	0.1931578947368421	-0.004952560967230131	0.29177598784927133	0.011700492983907535	0.0044510366931154715	29.069801330566406
19.422	2.6615254237288135	0.20842105263157895	-0.014572552310666275	0.2996304057594298	0.01145204975031989	0.004069293665809513	27.215770721435547
19.422	2.6615254237288135	0.2236842105263158	-0.026654735258627243	0.3079787640194209	0.01138802361760641	0.0039050626822179626	25.564556121826172
19.422	2.6615254237288135	0.23894736842105263	-0.040384898731419164	0.3147103813213417	0.011495295498885703	0.0038776013137001323	24.176176071166992
19.422	2.6615254237288135	0.25421052631578944	-0.05515397562580948	0.31955110736642767	0.011486594384992652	0.003711839318605403	23.01259994506836
19.422	2.6615254237288135	0.2694736842105263	-0.06977559320237821	0.3242484595148312	0.011743050331724219	0.003848499328119436	22.123924255371094
19.422	2.6615254237288135	0.2847368421052632	-0.08476859348750887	0.328809918624836	0.011656504821160272	0.003475532666536884	21.395103454589844
19.422	2.6615254237288135	0.3	-0.09960284539641447	0.332910159921164	0.011432732381301974	0.003148387821577336	20.75531768798828
19.422	2.6716949152542373	0.01	0.01843334847277861	0.22275295246043922	0.012569145442096415	0.0036436436927239193	39.64873123168945
19.422	2.6716949152542373	0.02526315789473684	0.018752372776059067	0.25141133337036764	0.012388139371739845	0.0036038747897831564	47.98955535888672
19.422	2.6716949152542373	0.04052631578947368	0.018123991939380225	0.25552440846412305	0.01243037645797085	0.003549518668391492	44.880279541015625
19.422	2.6716949152542373	0.05578947368421053	0.014788405667665806	0.262641220483499	0.012108276726192566	0.003692209558665857	44.17387008666992
19.422	2.6716949152542373	0.07105263157894737	0.015578183105951266	0.2606069324911117	0.012096658160847604	0.0035111258208141245	41.474802017211914
19.422	2.6716949152542373	0.0863157894736842	0.014311883116003683	0.2616995972626795	0.011875943651360448	0.0036313863872871294	40.49470901489258
19.422	2.6716949152542373	0.10157894736842105	0.013179036911439712	0.26116582991545545	0.011805630724923848	0.003777677522766387	39.05261039733887
19.422	2.6716949152542373	0.11684210526315789	0.012408858748131746	0.2621509746696191	0.012257390583621021	0.0041940250942113155	37.29677200317383
19.422	2.6716949152542373	0.13210526315789473	0.010766108637654535	0.263418714567213	0.011805187892840293	0.0038405578249077546	36.07888603210449
19.422	2.6716949152542373	0.1473684210526316	0.009000652079885084	0.26709637539419595	0.011522942303652929	0.003290026307542741	35.08466339111328
19.422	2.6716949152542373	0.16263157894736843	0.005692792291255241	0.27363908519429103	0.012011658669361717	0.0036940183451670775	33.09116172790527
19.422	2.6716949152542373	0.17789473684210527	0.0009433747417903911	0.2845076304957824	0.012118683224743652	0.0031844597640693414	30.757598876953125
19.422	2.6716949152542373	0.1931578947368421	-0.008215315023264632	0.29493865799414587	0.012236156595912526	0.003147167712040903	28.613636016845703
19.422	2.6716949152542373	0.20842105263157895	-0.018948293605646833	0.304458196277494	0.012472882448940997	0.0029089614472015118	26.727741241455078
19.422	2.6716949152542373	0.2236842105263158	-0.03147936708118198	0.3142191593216451	0.01248066551908901	0.0024677624771599124	25.118602752685547
19.422	2.6716949152542373	0.23894736842105263	-0.045118700965748416	0.32221022137014044	0.012383564399830379	0.0021329620016827524	23.844253540039062
19.422	2.6716949152542373	0.25421052631578944	-0.05977186825151928	0.3277647144458475	0.012463499592310126	0.001989350641865312	22.754762649536133
19.422	2.6716949152542373	0.2694736842105263	-0.07354029530219175	0.33364178116379617	0.01255271915456968	0.0016104294767500366	21.919614791870117
19.422	2.6716949152542373	0.2847368421052632	-0.08826526778978233	0.3394584511851083	0.012636799465799712	0.0013484540269968228	21.179950714111328
19.422	2.6716949152542373	0.3	-0.10140009223253232	0.3423070184226694	0.01275209993825258	0.0010378928022231567	20.643692016601562
19.422	2.681864406779661	0.01	0.032172295462780144	0.16285450377423183	0.013772940501755433	0.002009834630445821	38.20172119140625
19.422	2.681864406779661	0.02526315789473684	0.027209135156564864	0.19225052700299636	0.013513908046249636	0.0018712462905405673	49.52217483520508
19.422	2.681864406779661	0.04052631578947368	0.027449426607195404	0.2021191790969849	0.013631946618881799	0.002022195868289983	48.14882278442383
19.422	2.681864406779661	0.05578947368421053	0.0237223690310159	0.2140038758786202	0.013390611985617827	0.0019349881693661542	46.40140724182129
19.422	2.681864406779661	0.07105263157894737	0.02472414429575588	0.22115090790109634	0.01320208684139604	0.0018508464322868174	42.65294647216797
19.422	2.681864406779661	0.0863157894736842	0.02228507565377664	0.22826809516197927	0.013284241848008116	0.0021130611509780307	40.45670127868652
19.422	2.681864406779661	0.10157894736842105	0.02027474900750827	0.23577759709230545	0.012925412132311485	0.0018736730614383132	37.487030029296875
19.422	2.681864406779661	0.11684210526315789	0.018820839729592316	0.24088801439872864	0.013076822074502578	0.00202927874570567	35.775814056396484
19.422	2.681864406779661	0.13210526315789473	0.016825095825329546	0.24616167918800305	0.013080118723378505	0.002251072081443777	34.36836624145508
19.422	2.681864406779661	0.1473684210526316	0.013271158577840907	0.25315706959597684	0.01307178429031162	0.001966445085632157	34.30596160888672
19.422	2.681864406779661	0.16263157894736843	0.009323087287334855	0.2621970826185813	0.013133933742007936	0.001709833083655694	33.514747619628906
19.422	2.681864406779661	0.17789473684210527	0.0011663671072065667	0.2752327721026162	0.013269942200133696	0.0014064253164668928	31.0751953125
19.422	2.681864406779661	0.1931578947368421	-0.008723894893887958	0.2872348283500137	0.013208734027432393	0.0008542589117986496	29.084264755249023
19.422	2.681864406779661	0.20842105263157895	-0.020655235950049818	0.3001597719481384	0.013100458812880262	0.0004043654092619236	27.18385124206543
19.422	2.681864406779661	0.2236842105263158	-0.03431258447244469	0.3098879743456354	0.013391409309333777	0.0002447537069205035	25.664947509765625
19.422	2.681864406779661	0.23894736842105263	-0.04879930861070457	0.3196634966969004	0.01328951361455916	-0.0003440072043641779	24.321186065673828
19.422	2.681864406779661	0.25421052631578944	-0.06427416600172284	0.32671978549913266	0.013299512295698377	-0.000452933246992532	23.335182189941406
19.422	2.681864406779661	0.2694736842105263	-0.07975610095301242	0.3337031518607765	0.013290572365223446	-0.0010813901593003511	22.39956283569336
19.422	2.681864406779661	0.2847368421052632	-0.09514300242291361	0.3398359251008734	0.013322776334245237	-0.00145843562269263	21.690473556518555
19.422	2.681864406779661	0.3	-0.10932058750991169	0.3438022569905924	0.013047257878534783	-0.0019105061587975593	21.128894805908203
19.422	2.692033898305085	0.01	0.013183900511783864	0.20095357595363467	0.013883335332539916	0.00016307574684508268	38.84248352050781
19.422	2.692033898305085	0.02526315789473684	0.015334682313685621	0.22974290796208957	0.0139198043034785	0.0001600459929835993	48.23477554321289
19.422	2.692033898305085	0.04052631578947368	0.015272430533572978	0.23639503268908216	0.013636695136702667	0.00026387258827928716	48.38544845581055
19.422	2.692033898305085	0.05578947368421053	0.012605760449573344	0.23730833379934985	0.013427580174712607	0.00014114766062395988	45.53752517700195
19.422	2.692033898305085	0.07105263157894737	0.012500221519973443	0.23731817419193602	0.013453546648524127	0.00040657594989237884	44.233638763427734
19.422	2.692033898305085	0.0863157894736842	0.011427945806865715	0.2376722882268162	0.013154853617451508	0.0005199555326550973	42.97172164916992
19.422	2.692033898305085	0.10157894736842105	0.010664313362433706	0.23873843602770045	0.012956419457877122	0.00020956892201933684	40.51756477355957
19.422	2.692033898305085	0.11684210526315789	0.010672016862463926	0.24072261497179293	0.01283697177553283	0.000379799974975264	38.25358200073242
19.422	2.692033898305085	0.13210526315789473	0.010342269155015628	0.24180480339199312	0.012679257604954135	9.215854769019724e-05	36.588134765625
19.422	2.692033898305085	0.1473684210526316	0.009083154226454632	0.2452666480128078	0.012632252958727115	0.00028029413763165103	35.89911460876465
19.422	2.692033898305085	0.16263157894736843	0.008114333300745409	0.252243367004076	0.012614784295445356	-8.080103477964623e-05	34.7904167175293
19.422	2.692033898305085	0.17789473684210527	0.002827635672315456	0.2604040310012178	0.012821750054828338	-0.0004469852676058414	32.654462814331055
19.422	2.692033898305085	0.1931578947368421	-0.004678046904132269	0.2721897599047052	0.013063260397867748	-0.0006868743497554458	30.370098114013672
19.422	2.692033898305085	0.20842105263157895	-0.014597392050177353	0.2835735558059068	0.012989600142301529	-0.0011362046600217487	28.369953155517578
19.422	2.692033898305085	0.2236842105263158	-0.026493427251534692	0.2941702702140842	0.01278522790177539	-0.0016889837953561946	26.706388473510742
19.422	2.692033898305085	0.23894736842105263	-0.039605241162868746	0.30335268070332966	0.012852614163424269	-0.002493136077206416	25.350234985351562
19.422	2.692033898305085	0.25421052631578944	-0.05431808576563239	0.3110638337150987	0.01271199499274506	-0.0028305699715850063	24.20858383178711
19.422	2.692033898305085	0.2694736842105263	-0.06825677162618995	0.31925889350252984	0.012467026246443741	-0.003186446498958772	23.23572540283203
19.422	2.692033898305085	0.2847368421052632	-0.08315187913017034	0.32699426597694703	0.012505276610719745	-0.0035718014706635727	22.483095169067383
19.422	2.692033898305085	0.3	-0.09739123565727534	0.3319763850538323	0.012321222632351398	-0.003988155579796012	21.86176872253418
19.422	2.7022033898305082	0.01	0.017546809868875465	0.1736063012996795	0.01423951038298871	-0.0010552101944540215	40.19415283203125
19.422	2.7022033898305082	0.02526315789473684	0.013295064944415564	0.191303723307496	0.013938039874240683	-0.0011036744439934156	41.82423782348633
19.422	2.7022033898305082	0.04052631578947368	0.012668963667100831	0.2015725939857209	0.013887973873821347	-0.0013708949801025854	47.53705596923828
19.422	2.7022033898305082	0.05578947368421053	0.011160433751685713	0.20872495843362945	0.013765843514804251	-0.001180781199239542	46.60505294799805
19.422	2.7022033898305082	0.07105263157894737	0.009724283806980953	0.21219032288118866	0.013292771776125041	-0.001295372812090284	44.21522331237793
19.422	2.7022033898305082	0.0863157894736842	0.009448727386964954	0.21733362059027128	0.0134667329304849	-0.000904971963244102	42.43971633911133
19.422	2.7022033898305082	0.10157894736842105	0.0092095897799222	0.22174630480954838	0.013152839242721034	-0.000936022775938699	39.03266143798828
19.422	2.7022033898305082	0.11684210526315789	0.009815682939798967	0.22587619782794682	0.012644433943125682	-0.0009590699315362293	37.464738845825195
19.422	2.7022033898305082	0.13210526315789473	0.007752293987570254	0.22843238108040131	0.012769605757518324	-0.0006614430734812194	35.85713005065918
19.422	2.7022033898305082	0.1473684210526316	0.006731833653585881	0.23346780102811823	0.012979756737895552	-0.0008801873728602446	35.27248764038086
19.422	2.7022033898305082	0.16263157894736843	0.003026235770239773	0.2400350259536509	0.012734198754450178	-0.0009914755669198595	34.30244064331055
19.422	2.7022033898305082	0.17789473684210527	-0.00259864617531067	0.24802180388137743	0.01273746024050458	-0.001267576335859165	32.28126907348633
19.422	2.7022033898305082	0.1931578947368421	-0.01049905416714838	0.25814283761206125	0.01263246059885212	-0.0018119607480030283	30.04088020324707
19.422	2.7022033898305082	0.20842105263157895	-0.0202623449514056	0.26823649983181047	0.01248330888627227	-0.002015409553022883	28.2609806060791
19.422	2.7022033898305082	0.2236842105263158	-0.03236873888097651	0.27792099634444706	0.012493242686384187	-0.0024955696016456283	26.644044876098633
19.422	2.7022033898305082	0.23894736842105263	-0.0448969401470491	0.2864231729289145	0.012085119358294948	-0.0028948298415403355	25.454565048217773
19.422	2.7022033898305082	0.25421052631578944	-0.058745497416424444	0.2927169522429152	0.011871158273596078	-0.0035637196158453542	24.388652801513672
19.422	2.7022033898305082	0.2694736842105263	-0.0721568557481691	0.29885206696953226	0.01181933644346659	-0.004192472869322398	23.427635192871094
19.422	2.7022033898305082	0.2847368421052632	-0.08548412308415884	0.3040353986222658	0.01140274106131477	-0.004550446142207688	22.722126007080078
19.422	2.7022033898305082	0.3	-0.09867698517015687	0.30819853225465754	0.011218725384380032	-0.005278638461624057	22.103225708007812
19.422	2.712372881355932	0.01	0.013675958250253301	0.24447678008790946	0.013337234211787369	-0.003916509678527921	38.86140441894531
19.422	2.712372881355932	0.02526315789473684	0.007412924903048977	0.2598166669739772	0.01322866528596351	-0.004209666579749958	41.5356559753418
19.422	2.712372881355932	0.04052631578947368	0.00853240084955598	0.26246068707968573	0.013028587096362699	-0.0037581407159565797	47.10802459716797
19.422	2.712372881355932	0.05578947368421053	0.006837417605613716	0.26348907879855027	0.012843906236857919	-0.0035651935186923646	44.90187072753906
19.422	2.712372881355932	0.07105263157894737	0.007875774739000335	0.2627201575177854	0.012068962858452291	-0.0033334847469735774	43.95161819458008
19.422	2.712372881355932	0.0863157894736842	0.008671104748714568	0.26310688290645656	0.011819746411097154	-0.003051808760630035	40.807796478271484
19.422	2.712372881355932	0.10157894736842105	0.00817114745843843	0.2630852130706192	0.011886197448333148	-0.002653990532970292	38.42626190185547
19.422	2.712372881355932	0.11684210526315789	0.008631697050444455	0.26493258813893783	0.011338314550535935	-0.0026400482387399986	36.729034423828125
19.422	2.712372881355932	0.13210526315789473	0.008441389105431407	0.2650988728044031	0.011262877329938116	-0.0024156510204599293	36.13384819030762
19.422	2.712372881355932	0.1473684210526316	0.007136020283363431	0.26674673256961984	0.0111656465080902	-0.002169838112644951	35.62360763549805
19.422	2.712372881355932	0.16263157894736843	0.0043270183212402785	0.27233784648401704	0.011346809143638479	-0.0023976577410459257	33.234928131103516
19.422	2.712372881355932	0.17789473684210527	-0.0016591353041772203	0.27904997561986605	0.011237406583300918	-0.002524237502398121	30.931514739990234
19.422	2.712372881355932	0.1931578947368421	-0.009937765465880627	0.2863445664548426	0.011132179656213726	-0.002970838164707158	28.746360778808594
19.422	2.712372881355932	0.20842105263157895	-0.021116314711113363	0.29405862895616974	0.01110800042610685	-0.003388296903998826	26.888334274291992
19.422	2.712372881355932	0.2236842105263158	-0.03295690116784874	0.3016303616765017	0.010943591165000946	-0.0034764548855984014	25.408893585205078
19.422	2.712372881355932	0.23894736842105263	-0.04656516910767015	0.3082713048809695	0.010836062694165996	-0.0040836320260078775	24.096193313598633
19.422	2.712372881355932	0.25421052631578944	-0.060193484772789	0.3133814432337262	0.010443179249830271	-0.004713906941739967	23.02646255493164
19.422	2.712372881355932	0.2694736842105263	-0.07385723994670032	0.31879882525964287	0.010168616874422158	-0.005297044151517128	22.26460838317871
19.422	2.712372881355932	0.2847368421052632	-0.0873967456617166	0.32247276178523554	0.010081268421187273	-0.005491067776743817	21.64578628540039
19.422	2.712372881355932	0.3	-0.10139510362474916	0.3257559783294883	0.009816878536393714	-0.006310122035500854	21.088396072387695
19.422	2.722542372881356	0.01	0.0112762597289801	0.24502410362512733	0.012306565634325611	-0.004079599301411463	39.23487854003906
19.422	2.722542372881356	0.02526315789473684	0.01484415722319306	0.26446804604931373	0.012107713116700796	-0.003910850774531658	42.41560363769531
19.422	2.722542372881356	0.04052631578947368	0.010698747488003731	0.26031575963337344	0.011773652872023834	-0.0035325447372036526	45.974430084228516
19.422	2.722542372881356	0.05578947368421053	0.009944961407608728	0.25703950788193763	0.011256059456811435	-0.0033678430007231643	43.470529556274414
19.422	2.722542372881356	0.07105263157894737	0.011619231874510083	0.25497032876192977	0.010700642667481768	-0.0030006638785803506	41.06849670410156
19.422	2.722542372881356	0.0863157894736842	0.011626014883085522	0.2555004941958135	0.010407028461667824	-0.002559502243210495	37.639822006225586
19.422	2.722542372881356	0.10157894736842105	0.010813808786280667	0.2550754242164477	0.010191754395236376	-0.002055739271717082	36.103647232055664
19.422	2.722542372881356	0.11684210526315789	0.009324392830841924	0.25575163618657837	0.009738730434927888	-0.0021185262783914496	34.87458801269531
19.422	2.722542372881356	0.13210526315789473	0.007543847772705579	0.25668112373776253	0.009680013345295467	-0.0017227142978667104	34.06414031982422
19.422	2.722542372881356	0.1473684210526316	0.003258934153256507	0.2616965847255236	0.00974295590838594	-0.0017744880622925989	34.45332717895508
19.422	2.722542372881356	0.16263157894736843	-0.0027130631838049547	0.26930841305812503	0.00954437211824299	-0.0020110417582740545	32.142831802368164
19.422	2.722542372881356	0.17789473684210527	-0.011959804075635945	0.27960637661973153	0.009697421784704553	-0.002348612143201882	29.758609771728516
19.422	2.722542372881356	0.1931578947368421	-0.022786068198706246	0.28911599928939247	0.009683786468934554	-0.0024618718182797513	27.72590446472168
19.422	2.722542372881356	0.20842105263157895	-0.035859910066755665	0.2981199734160577	0.009641695874922876	-0.0026025474830041733	26.053707122802734
19.422	2.722542372881356	0.2236842105263158	-0.05041694132069051	0.30672145542050877	0.008878949268503942	-0.0035613855078517036	24.734600067138672
19.422	2.722542372881356	0.23894736842105263	-0.06388557144364268	0.31385361895957203	0.009002198886101622	-0.003816381094356705	23.522541046142578
19.422	2.722542372881356	0.25421052631578944	-0.07790293718827668	0.31768459043927366	0.008586779566346604	-0.004345322933362331	22.655792236328125
19.422	2.722542372881356	0.2694736842105263	-0.09218148898894085	0.32263493547299826	0.008659198138727741	-0.004838402287417556	21.87195587158203
19.422	2.722542372881356	0.2847368421052632	-0.10542505011057597	0.3258260292824354	0.008223749274419646	-0.005191826650067932	21.319435119628906
19.422	2.722542372881356	0.3	-0.11952914306406981	0.32889191594233236	0.007980498236771686	-0.005934641893273474	20.783184051513672
19.422	2.7327118644067796	0.01	0.014267472834539321	0.25984947469343855	0.011068916181762995	-0.0036643938008780945	37.60856246948242
19.422	2.7327118644067796	0.02526315789473684	0.017543767304372702	0.28055058803667743	0.010780357262070838	-0.0034801339640268994	42.97671127319336
19.422	2.7327118644067796	0.04052631578947368	0.01668682420988568	0.28201581046204827	0.01048769385020018	-0.0034212027652784217	45.386627197265625
19.422	2.7327118644067796	0.05578947368421053	0.01710787142057904	0.28243948027711174	0.010030580933085152	-0.002993977582474732	43.658592224121094
19.422	2.7327118644067796	0.07105263157894737	0.01754087735555311	0.27901351784884776	0.009629183061172454	-0.002529512081549835	41.09568405151367
19.422	2.7327118644067796	0.0863157894736842	0.018260553520870762	0.2793365040487466	0.009000661743760076	-0.0021733445656208607	38.537240982055664
19.422	2.7327118644067796	0.10157894736842105	0.01846283577926749	0.2795768759521657	0.008964839191406632	-0.0020115032725103624	36.43346405029297
19.422	2.7327118644067796	0.11684210526315789	0.016677938778165875	0.28286029594903883	0.008625789408123079	-0.0014498752221621942	34.77406692504883
19.422	2.7327118644067796	0.13210526315789473	0.014794991388459886	0.2840820609477235	0.008438346210614841	-0.0013816928573165668	34.001529693603516
19.422	2.7327118644067796	0.1473684210526316	0.011895388635509712	0.28886114230298726	0.008478886197436227	-0.0012140002890051731	34.2647762298584
19.422	2.7327118644067796	0.16263157894736843	0.004976685594892855	0.2960387485170881	0.008558748623086608	-0.0012971424069720453	33.045793533325195
19.422	2.7327118644067796	0.17789473684210527	-0.0043369903453933	0.30730001083722697	0.008368988193363798	-0.0014779622630117215	30.23243522644043
19.422	2.7327118644067796	0.1931578947368421	-0.016276748567827036	0.31760083663395733	0.008240778331786307	-0.00212857191872492	27.995765686035156
19.422	2.7327118644067796	0.20842105263157895	-0.031191894501455122	0.32885966303876735	0.008403833378307479	-0.002394787762522212	25.989791870117188
19.422	2.7327118644067796	0.2236842105263158	-0.0463780916986363	0.33820862125287204	0.008003654389668682	-0.002797984541165391	24.5360050201416
19.422	2.7327118644067796	0.23894736842105263	-0.06203863964266216	0.3459277678016605	0.008070614799840505	-0.003463664506815538	23.33352279663086
19.422	2.7327118644067796	0.25421052631578944	-0.07721690171248352	0.35119843685217506	0.007896485224524174	-0.003958524566368133	22.3895320892334
19.422	2.7327118644067796	0.2694736842105263	-0.09348126475020263	0.35637278624830016	0.0074315143251858055	-0.004368647976624479	21.618778228759766
19.422	2.7327118644067796	0.2847368421052632	-0.10839216570395649	0.3609016589130106	0.0073093210242290586	-0.004754367555686377	20.956947326660156
19.422	2.7327118644067796	0.3	-0.12398171638720437	0.3645680836327656	0.007106004540116761	-0.005059664938560788	20.463218688964844
19.422	2.7428813559322034	0.01	-0.005810410335830002	0.23981605102349168	0.008874690937826578	-0.0009291243670478024	35.8001594543457
19.422	2.7428813559322034	0.02526315789473684	0.0018555707836686074	0.2372531874342273	0.008800628119082818	-0.000990285762561391	46.14544677734375
19.422	2.7428813559322034	0.04052631578947368	0.003028502834790797	0.2368144220909486	0.008628442582143165	-0.0008951234721801221	46.34389877319336
19.422	2.7428813559322034	0.05578947368421053	0.004899698905008001	0.23419723016908608	0.008221304697384755	-0.0008300096469222534	45.015459060668945
19.422	2.7428813559322034	0.07105263157894737	0.0065974293329942426	0.23092170647600355	0.007904900100642391	-0.0005340381439575743	43.37429618835449
19.422	2.7428813559322034	0.0863157894736842	0.008219864230887781	0.23046591026839633	0.007740815376194706	-0.0004232852834262894	39.86190223693848
19.422	2.7428813559322034	0.10157894736842105	0.008513859065331145	0.22895196368322382	0.0073782288739432985	-0.00011456378862265883	37.34547996520996
19.422	2.7428813559322034	0.11684210526315789	0.008733639830804985	0.23092639147639882	0.007175403247423176	8.95608927210413e-05	35.374141693115234
19.422	2.7428813559322034	0.13210526315789473	0.007326196505497196	0.2337268243807875	0.007039676864276707	0.00021034184171320013	34.72420883178711
19.422	2.7428813559322034	0.1473684210526316	0.004833574414782823	0.23822998927591027	0.007116999266197972	0.0004066158696982568	34.30265808105469
19.422	2.7428813559322034	0.16263157894736843	0.001303436264037636	0.24572713431226945	0.0070978819612786724	6.269473847837851e-05	34.96102523803711
19.422	2.7428813559322034	0.17789473684210527	-0.0054604015970112895	0.2570533223440769	0.007356711664108319	5.297601753213944e-05	33.123565673828125
19.422	2.7428813559322034	0.1931578947368421	-0.014986779826062249	0.26906199319511315	0.0073035772075240165	-0.00035883345536162354	30.565502166748047
19.422	2.7428813559322034	0.20842105263157895	-0.027730876226336687	0.28213011762365015	0.007302541306652443	-0.0007961060438442323	28.521343231201172
19.422	2.7428813559322034	0.2236842105263158	-0.041115017484184356	0.2929901256875509	0.007036428276045434	-0.0013477448373388839	26.82280731201172
19.422	2.7428813559322034	0.23894736842105263	-0.05480893726205455	0.3019193201975341	0.007222551854516063	-0.0018036225843544493	25.439634323120117
19.422	2.7428813559322034	0.25421052631578944	-0.06983335407137403	0.3108518699120525	0.006902777585912303	-0.002175529716460399	24.380329132080078
19.422	2.7428813559322034	0.2694736842105263	-0.08452624471544752	0.31945814284791985	0.00659895767351594	-0.002494392023967261	23.435504913330078
19.422	2.7428813559322034	0.2847368421052632	-0.09813100719815979	0.3247157856709403	0.0064884692841348825	-0.0032181722817374234	22.716754913330078
19.422	2.7428813559322034	0.3	-0.11244310917521386	0.32972320925251275	0.006179580940774995	-0.003458986495236866	22.164278030395508
19.422	2.753050847457627	0.01	-0.0008741804439888329	0.22501156035735098	0.008397792610829144	0.0023118008480907887	35.73657989501953
19.422	2.753050847457627	0.02526315789473684	-0.00044335331226408173	0.23618931023547413	0.008210625028057639	0.0020808648503391303	47.23391342163086
19.422	2.753050847457627	0.04052631578947368	8.988471299433681e-05	0.24012189108258414	0.00792612532703335	0.0018788341673059564	45.90605926513672
19.422	2.753050847457627	0.05578947368421053	0.0024120957713390273	0.24415318720936138	0.007868772448884634	0.0019851054897622646	46.28021240234375
19.422	2.753050847457627	0.07105263157894737	0.005159380057150731	0.2446617045718748	0.0075551719163487	0.0017208653934681786	44.50404739379883
19.422	2.753050847457627	0.0863157894736842	0.006179464659331926	0.24644416024404744	0.007288694040537008	0.0020025437689178784	40.86450958251953
19.422	2.753050847457627	0.10157894736842105	0.005902635176736979	0.24727298221056068	0.007063099272019895	0.0017455124366557188	38.738487243652344
19.422	2.753050847457627	0.11684210526315789	0.005870041793370496	0.2495144086058275	0.007156116405344283	0.002053196855096894	36.76211166381836
19.422	2.753050847457627	0.13210526315789473	0.005012849362209468	0.25183205789198126	0.006900437299004469	0.0019324611045632555	35.731252670288086
19.422	2.753050847457627	0.1473684210526316	0.0030445433879833423	0.25465040073517936	0.007101120980372945	0.001866452331728012	35.213409423828125
19.422	2.753050847457627	0.16263157894736843	0.0009176100197379131	0.26038960008484013	0.00717997564269277	0.0019454246593450782	35.01233673095703
19.422	2.753050847457627	0.17789473684210527	-0.004331294226207679	0.2665759651255706	0.007121856611537949	0.0016859846394828798	33.83468246459961
19.422	2.753050847457627	0.1931578947368421	-0.011438035108722763	0.27686949858411203	0.006944585202909791	0.0011489872546251488	31.33740234375
19.422	2.753050847457627	0.20842105263157895	-0.022151162474583718	0.285941443277002	0.007005394946718722	0.0008053469744725378	29.10308074951172
19.422	2.753050847457627	0.2236842105263158	-0.034332868080637305	0.29544906104321433	0.0068474065114175415	0.0003212680200583831	27.430936813354492
19.422	2.753050847457627	0.23894736842105263	-0.04855976847266193	0.30501421714999294	0.006925264209854653	-0.00011206016268359619	25.84127426147461
19.422	2.753050847457627	0.25421052631578944	-0.06318516710429495	0.3117130831850138	0.006624115391747332	-0.0007796322278237169	24.717384338378906
19.422	2.753050847457627	0.2694736842105263	-0.07804414375108706	0.3188116055191405	0.006489761981348565	-0.0010939203746509812	23.692766189575195
19.422	2.753050847457627	0.2847368421052632	-0.09275923792352331	0.3248482146286381	0.006294071217823887	-0.0014973498266776532	22.858997344970703
19.422	2.753050847457627	0.3	-0.10753243285776479	0.33001199223659694	0.00627192535962205	-0.001927362938459242	22.262006759643555
19.422	2.763220338983051	0.01	-0.016795090023292082	0.18383937337063014	0.00743163791658446	0.003946167487459741	35.98433303833008
19.422	2.763220338983051	0.02526315789473684	-0.0028893510529423615	0.19950496214527796	0.007038134146119425	0.00353917057292491	47.81133270263672
19.422	2.763220338983051	0.04052631578947368	-0.002844608219799699	0.1995171345029063	0.007293478098932258	0.0035852832397846087	47.86445617675781
19.422	2.763220338983051	0.05578947368421053	-0.002502861923295047	0.20828316677584824	0.007262390389903704	0.003452300784779817	46.49158477783203
19.422	2.763220338983051	0.07105263157894737	-0.0023258446964798223	0.21073624417408882	0.007015440865232266	0.0031086989828241884	43.97550582885742
19.422	2.763220338983051	0.0863157894736842	7.361553536688829e-05	0.21454470599111256	0.006716532522367438	0.0028950935519402444	41.546504974365234
19.422	2.763220338983051	0.10157894736842105	0.0007549242177636631	0.2172163126904811	0.006766911788398524	0.003017061407315505	38.339637756347656
19.422	2.763220338983051	0.11684210526315789	0.0007878699401052019	0.2188494833100881	0.006859545994283847	0.0029838764273792465	36.38937759399414
19.422	2.763220338983051	0.13210526315789473	0.001130358071823908	0.22239359176038442	0.0068766818683610575	0.002997839444788216	35.787485122680664
19.422	2.763220338983051	0.1473684210526316	-0.0004443540904494496	0.22807826935569403	0.0064933657998875495	0.0028958931319268168	36.006404876708984
19.422	2.763220338983051	0.16263157894736843	-0.003143678094510504	0.23306777931467162	0.0070118165764765095	0.0029467414510145618	35.54075050354004
19.422	2.763220338983051	0.17789473684210527	-0.006371439172306544	0.24000418706786908	0.006983809256115296	0.0023914136631356386	33.41514587402344
19.422	2.763220338983051	0.1931578947368421	-0.012754361223532651	0.24822113098257498	0.006841994837300919	0.00214667900789167	31.097305297851562
19.422	2.763220338983051	0.20842105263157895	-0.020836163585890504	0.2563339105618532	0.006797901675595968	0.0016377647762779272	29.126041412353516
19.422	2.763220338983051	0.2236842105263158	-0.032434964593384845	0.2655289514500061	0.006732986744596674	0.001147243123618448	27.41183090209961
19.422	2.763220338983051	0.23894736842105263	-0.04424957688719603	0.27295916728087843	0.006789401900592308	0.0009057111506122447	25.934720993041992
19.422	2.763220338983051	0.25421052631578944	-0.05715582226806891	0.2791072416066347	0.006532031201136958	0.0003812743507792589	24.840930938720703
19.422	2.763220338983051	0.2694736842105263	-0.07021810052505331	0.2839326299703136	0.006347789106662935	-0.00013707332995677992	23.901432037353516
19.422	2.763220338983051	0.2847368421052632	-0.08250599762283413	0.2902400722999962	0.006193308013832797	-0.000494148963985937	23.152860641479492
19.422	2.763220338983051	0.3	-0.09573777107613313	0.294432177241463	0.005940706979169992	-0.0010238136968437196	22.450450897216797
19.422	2.7733898305084743	0.01	0.017212791237663828	0.2019842054159635	0.007328372449235248	0.0056219689825811586	36.22663879394531
19.422	2.7733898305084743	0.02526315789473684	0.008993355240356521	0.21391140664231717	0.007111261765685746	0.0052162389149028295	45.92267608642578
19.422	2.7733898305084743	0.04052631578947368	0.009910084362756803	0.22195625113558706	0.007221203702947937	0.005096594240779567	46.82439422607422
19.422	2.7733898305084743	0.05578947368421053	0.009374773742426238	0.22967645923993307	0.006933776439637543	0.004646960051665825	45.81742477416992
19.422	2.7733898305084743	0.07105263157894737	0.008976520564948479	0.2336151041454239	0.006906952852482589	0.004510631544231209	42.22761344909668
19.422	2.7733898305084743	0.0863157894736842	0.006657101944921343	0.24036288635179037	0.006924255260132864	0.004123403220269604	39.65681266784668
19.422	2.7733898305084743	0.10157894736842105	0.006280373043165345	0.24303535831495054	0.006847595319227231	0.004134949551481665	37.191118240356445
19.422	2.7733898305084743	0.11684210526315789	0.004220306320831913	0.24785200882105954	0.0068772402318880745	0.0039872384801890315	35.73805046081543
19.422	2.7733898305084743	0.13210526315789473	0.002522612613876149	0.252358717077727	0.00680878663394227	0.0038762581399164756	35.260751724243164
19.422	2.7733898305084743	0.1473684210526316	-0.0008283819358155277	0.25904334064325163	0.006924239051877829	0.003979725572355196	35.04526710510254
19.422	2.7733898305084743	0.16263157894736843	-0.004215275526838227	0.2662057256575065	0.006891106295160883	0.0037573404339725923	33.04512023925781
19.422	2.7733898305084743	0.17789473684210527	-0.011011123835980505	0.27574338211451044	0.006828250990242651	0.00345191813815135	30.641870498657227
19.422	2.7733898305084743	0.1931578947368421	-0.020761055336354615	0.28352223509462365	0.007025690051473049	0.0028860063343275136	28.523193359375
19.422	2.7733898305084743	0.20842105263157895	-0.03269705830609644	0.29172938042791374	0.0069374324997577615	0.002367789660732608	26.599157333374023
19.422	2.7733898305084743	0.2236842105263158	-0.04678847966135699	0.3010283391242222	0.006545875404521923	0.00208989921482343	25.09664535522461
19.422	2.7733898305084743	0.23894736842105263	-0.062075200671118075	0.30790795048413144	0.0066222529565218595	0.001455345528907668	23.80185890197754
19.422	2.7733898305084743	0.25421052631578944	-0.07727052830516448	0.31266187953054153	0.0064846436778462895	0.0012328306431647455	22.813404083251953
19.422	2.7733898305084743	0.2694736842105263	-0.09179664910945838	0.3178821505035825	0.006380581944838594	0.0009686377580131586	21.978647232055664
19.422	2.7733898305084743	0.2847368421052632	-0.10667059107392825	0.32191091630259455	0.0059930934654238936	0.0005478497841859076	21.316389083862305
19.422	2.7733898305084743	0.3	-0.12191673309340652	0.3251459101232569	0.005703403031278343	-0.0001427171183333255	20.77664566040039
19.422	2.7835593220338986	0.01	0.013489761047218475	0.19104556832638186	0.007718727723183593	0.006170250068675975	38.76620864868164
19.422	2.7835593220338986	0.02526315789473684	0.011263517894700696	0.1905596431114246	0.007499678224592532	0.0060222842083188285	44.666656494140625
19.422	2.7835593220338986	0.04052631578947368	0.008418082494323666	0.19922050227638105	0.0073707421769249395	0.005564507249021822	48.45306396484375
19.422	2.7835593220338986	0.05578947368421053	0.009993333837052396	0.20653810051031168	0.007396200627288593	0.005414196480381482	45.81977653503418
19.422	2.7835593220338986	0.07105263157894737	0.010657690788995935	0.21274472099656688	0.007330069877621494	0.00514165306628755	41.02071762084961
19.422	2.7835593220338986	0.0863157894736842	0.010187959214947289	0.21569913915835623	0.007216616921345998	0.004893755663220609	38.436065673828125
19.422	2.7835593220338986	0.10157894736842105	0.010099074603333242	0.2196139156144329	0.007406490901633343	0.004951357310237227	36.329010009765625
19.422	2.7835593220338986	0.11684210526315789	0.009170947942168087	0.225093039358295	0.007442522412985944	0.004818894454509948	34.88581085205078
19.422	2.7835593220338986	0.13210526315789473	0.00850765492008776	0.23072255721661913	0.007167211642683049	0.004589765037925619	34.395423889160156
19.422	2.7835593220338986	0.1473684210526316	0.005545481852588808	0.23874261863992263	0.007314234238380858	0.004714561172693442	35.229774475097656
19.422	2.7835593220338986	0.16263157894736843	0.0014416089275457026	0.24848844930992176	0.007481732839257428	0.004338307905152483	33.375091552734375
19.422	2.7835593220338986	0.17789473684210527	-0.0052590668326516245	0.2584883581060426	0.007241784832790659	0.004178417853420232	30.69955825805664
19.422	2.7835593220338986	0.1931578947368421	-0.01592007302797086	0.27001355420799367	0.00698943417164484	0.0036648813372710753	28.59749412536621
19.422	2.7835593220338986	0.20842105263157895	-0.02829205685838418	0.2805272389543616	0.006781816962846655	0.0033297566969384225	26.591171264648438
19.422	2.7835593220338986	0.2236842105263158	-0.04112723991119595	0.28971209823413757	0.006816874294689485	0.003020323354893482	25.165245056152344
19.422	2.7835593220338986	0.23894736842105263	-0.05570646261466494	0.29820388321588054	0.006425921771823053	0.002697035386835342	23.9051456451416
19.422	2.7835593220338986	0.25421052631578944	-0.06911201139582149	0.30231298384079947	0.0065708531431468145	0.0023214276024635188	22.95829200744629
19.422	2.7835593220338986	0.2694736842105263	-0.08455315788877954	0.3091191562713147	0.006391434207470115	0.0020031475286171416	22.140514373779297
19.422	2.7835593220338986	0.2847368421052632	-0.09734872230464418	0.31221436148099835	0.006346202641502484	0.0016656442279161412	21.539030075073242
19.422	2.7835593220338986	0.3	-0.11109184232592442	0.3151059751078843	0.005821952193723289	0.00119349937443237	21.023954391479492
19.422	2.793728813559322	0.01	0.025208292332889064	0.16134814067337497	0.008095952941680251	0.00658708292654116	39.944358825683594
19.422	2.793728813559322	0.02526315789473684	0.023456684816108565	0.1778033559123409	0.007908131453045595	0.0062206575563384554	44.749473571777344
19.422	2.793728813559322	0.04052631578947368	0.021403778893767912	0.1856300684231635	0.007934191545614092	0.006124178416400143	48.95366668701172
19.422	2.793728813559322	0.05578947368421053	0.019384212596236787	0.19487691545666416	0.007861935881078815	0.005720922535061483	44.53664016723633
19.422	2.793728813559322	0.07105263157894737	0.018842898113547883	0.20308704847277365	0.007799266260555418	0.005638347365783208	40.265262603759766
19.422	2.793728813559322	0.0863157894736842	0.017097904709993922	0.2070886467191692	0.007801499359358533	0.005500627044665471	38.469688415527344
19.422	2.793728813559322	0.10157894736842105	0.015563783626820378	0.2129653087709919	0.007805601568175145	0.005343012277977165	36.23105812072754
19.422	2.793728813559322	0.11684210526315789	0.01378159326948547	0.21936251884418356	0.007614059993279758	0.005018689156518873	34.739248275756836
19.422	2.793728813559322	0.13210526315789473	0.011313461880016558	0.22610715744177629	0.0076959065758656076	0.005127948313969355	34.16621398925781
19.422	2.793728813559322	0.1473684210526316	0.007479690952822674	0.23479670793647756	0.007671513404829023	0.005166316151359326	34.08966064453125
19.422	2.793728813559322	0.16263157894736843	0.0023898577321228697	0.24684064571236608	0.007677311182858958	0.005026772210191685	33.535600662231445
19.422	2.793728813559322	0.17789473684210527	-0.005612514080980638	0.2616690396331718	0.007442265210154927	0.004724158616783844	30.74839210510254
19.422	2.793728813559322	0.1931578947368421	-0.018087716734766897	0.27681319147905137	0.007276108581318691	0.004332199384503632	28.647539138793945
19.422	2.793728813559322	0.20842105263157895	-0.03290514934175896	0.2903070286628817	0.007151447079639847	0.004354199479311174	26.725486755371094
19.422	2.793728813559322	0.2236842105263158	-0.049266827333276336	0.3029774902176896	0.00712202694091358	0.0035563022840025263	25.110153198242188
19.422	2.793728813559322	0.23894736842105263	-0.06563848124330411	0.31239338471126665	0.0069349154404957595	0.0036476393793665263	23.92478370666504
19.422	2.793728813559322	0.25421052631578944	-0.0818692181958571	0.32044080309134776	0.006844870985909283	0.0031795097892263506	22.930644989013672
19.422	2.793728813559322	0.2694736842105263	-0.09737440113514532	0.32767118679885554	0.006552377695910602	0.002942560317553205	22.132604598999023
19.422	2.793728813559322	0.2847368421052632	-0.1131912649883969	0.33317922064570976	0.006522335146868341	0.0028921882667254837	21.447154998779297
19.422	2.793728813559322	0.3	-0.12757630926918573	0.3369196829907227	0.006265299097825527	0.002602955815158129	21.005598068237305
19.422	2.8038983050847457	0.01	0.016245365316156647	0.16781964875381475	0.008808821427024797	0.006526820979977188	39.401878356933594
19.422	2.8038983050847457	0.02526315789473684	0.018473148519281647	0.17929120637100224	0.008623359651770572	0.006370225928091954	46.57345199584961
19.422	2.8038983050847457	0.04052631578947368	0.015856891089090983	0.18615302002952228	0.008823832869180608	0.006344382685617594	49.51702880859375
19.422	2.8038983050847457	0.05578947368421053	0.014683059566626229	0.19401064447090755	0.008590610124170906	0.00600831979054171	43.745296478271484
19.422	2.8038983050847457	0.07105263157894737	0.015492132456013842	0.19896444302947058	0.008428663067324843	0.0060054265967859535	39.7935848236084
19.422	2.8038983050847457	0.0863157894736842	0.015902844595844533	0.20326950064025837	0.008310206064406696	0.005854178740966205	38.15136909484863
19.422	2.8038983050847457	0.10157894736842105	0.01570464383171	0.2051000061501191	0.008526897176131904	0.005795364459617883	35.870121002197266
19.422	2.8038983050847457	0.11684210526315789	0.01484480054409303	0.20726122460890567	0.008406425502677041	0.0057448503884668396	33.98069953918457
19.422	2.8038983050847457	0.13210526315789473	0.014260531892656015	0.21152589328101828	0.008216083001851539	0.005563713657349192	33.38139724731445
19.422	2.8038983050847457	0.1473684210526316	0.012439606711855747	0.21599441961132915	0.00820431945167046	0.005457842174515938	33.270416259765625
19.422	2.8038983050847457	0.16263157894736843	0.009618849131716855	0.22389488630218224	0.008042594396647916	0.005333209334363824	33.548248291015625
19.422	2.8038983050847457	0.17789473684210527	0.004024849656476143	0.23508126214368058	0.007996098326657812	0.005372818984048107	33.58925437927246
19.422	2.8038983050847457	0.1931578947368421	-0.0038541100992329066	0.2462609683023292	0.008194268352418002	0.005102479320973118	31.061243057250977
19.422	2.8038983050847457	0.20842105263157895	-0.014884381457378939	0.25769706041132334	0.007856185159206622	0.005001772120798701	28.967626571655273
19.422	2.8038983050847457	0.2236842105263158	-0.02788930062322899	0.2694923934609623	0.007623371502217183	0.004682334016898515	27.12698745727539
19.422	2.8038983050847457	0.23894736842105263	-0.04183879910504468	0.27954695305626315	0.007399838439192973	0.004567980455776497	25.685733795166016
19.422	2.8038983050847457	0.25421052631578944	-0.05649575168772382	0.2879827662360013	0.007408903039999115	0.004238331131556174	24.5213680267334
19.422	2.8038983050847457	0.2694736842105263	-0.07062507179764262	0.2952555104722192	0.007076938274510315	0.004086406925889713	23.62268829345703
19.422	2.8038983050847457	0.2847368421052632	-0.08593296546430731	0.30348732693893843	0.007002045836719994	0.003926358129521326	22.816137313842773
19.422	2.8038983050847457	0.3	-0.09915702233673011	0.30857700929556753	0.006825446222223187	0.003545040248556259	22.219070434570312
19.422	2.8140677966101695	0.01	0.0268968473875436	0.14399524555121312	0.009740751455833082	0.0063576988477582275	39.23454666137695
19.422	2.8140677966101695	0.02526315789473684	0.020575512548676407	0.159906347846135	0.00938341939689068	0.006066962825484973	46.48204803466797
19.422	2.8140677966101695	0.04052631578947368	0.016893146663933947	0.16379056821207916	0.009277149099438796	0.006012833518352592	46.07546615600586
19.422	2.8140677966101695	0.05578947368421053	0.016777568144876638	0.17181784394254032	0.009466565968109169	0.005974504264768214	43.19307327270508
19.422	2.8140677966101695	0.07105263157894737	0.015731915852207817	0.17626246460770312	0.009218488884536795	0.00579244869025386	40.00992202758789
19.422	2.8140677966101695	0.0863157894736842	0.014044027699056714	0.18096846259337573	0.00917020387697262	0.005769588488035549	37.76059913635254
19.422	2.8140677966101695	0.10157894736842105	0.012103121275873527	0.18617506240809178	0.009169359423989384	0.005601015810867683	36.05497741699219
19.422	2.8140677966101695	0.11684210526315789	0.011110195341717406	0.1910506408209875	0.00906691821322399	0.005638196844853369	34.44724464416504
19.422	2.8140677966101695	0.13210526315789473	0.008936912410973526	0.19525444958993088	0.009034828652996808	0.005615529951779746	33.64713096618652
19.422	2.8140677966101695	0.1473684210526316	0.006941771584643932	0.20037094226275418	0.008991875096582757	0.00564836815557925	33.414289474487305
19.422	2.8140677966101695	0.16263157894736843	0.004426486867560952	0.2079041043499562	0.008964744750303167	0.0055123283478852175	33.929304122924805
19.422	2.8140677966101695	0.17789473684210527	-0.0009205474808355633	0.21885349636799878	0.009015394700874986	0.005496777809657091	33.74276161193848
19.422	2.8140677966101695	0.1931578947368421	-0.00855296316540135	0.23084247972060185	0.008756046012136596	0.005527856287350796	31.29591178894043
19.422	2.8140677966101695	0.20842105263157895	-0.020130959279321	0.2420706214811136	0.008728266314902481	0.00535008865001998	29.09054183959961
19.422	2.8140677966101695	0.2236842105263158	-0.0331757739855376	0.25247706633167266	0.008532375808497918	0.004743593315734441	27.4022216796875
19.422	2.8140677966101695	0.23894736842105263	-0.04758596004846108	0.26099714008064134	0.008337982908049619	0.0050227535030813045	25.885478973388672
19.422	2.8140677966101695	0.25421052631578944	-0.062085067942416174	0.2701366195139683	0.008149452216909167	0.00476927598250034	24.76727294921875
19.422	2.8140677966101695	0.2694736842105263	-0.07724506831323152	0.2787954243748657	0.008130759058308505	0.004428368841696962	23.768583297729492
19.422	2.8140677966101695	0.2847368421052632	-0.09176199643475177	0.28528560938785574	0.007998972984983302	0.004454002933859325	23.04741859436035
19.422	2.8140677966101695	0.3	-0.10598663977774497	0.29054621765569955	0.0077942472304632585	0.004412748810251967	22.457918167114258
19.422	2.8242372881355933	0.01	0.026260626395617735	0.17551745781854894	0.010155681048381882	0.0057642148041525156	39.94490432739258
19.422	2.8242372881355933	0.02526315789473684	0.017836847621641068	0.2016389005401635	0.010028545494468724	0.0053887752338526934	44.22791290283203
19.422	2.8242372881355933	0.04052631578947368	0.017074320898029436	0.20758961528109726	0.009977081675650853	0.005558412380462296	43.30361557006836
19.422	2.8242372881355933	0.05578947368421053	0.015045188055011852	0.21226190417575058	0.009856827598422541	0.005419904734655912	40.337459564208984
19.422	2.8242372881355933	0.07105263157894737	0.015948129990067283	0.21589296443117997	0.009933515228900389	0.0057722183964059	36.81111145019531
19.422	2.8242372881355933	0.0863157894736842	0.016127154965958002	0.21756188422751394	0.009921944323346858	0.005427252082800649	35.345733642578125
19.422	2.8242372881355933	0.10157894736842105	0.014430768692227303	0.21942246715621347	0.009766574593727387	0.0054891118886174275	33.44650459289551
19.422	2.8242372881355933	0.11684210526315789	0.013569072090149152	0.22175770724566446	0.009918362685003148	0.0055284460518435306	32.65491485595703
19.422	2.8242372881355933	0.13210526315789473	0.011885241402933195	0.22212029244315462	0.009610680601199923	0.005455522776841717	32.101627349853516
19.422	2.8242372881355933	0.1473684210526316	0.009952159983958864	0.22575308678411066	0.009616735988184289	0.005382829624917833	32.31147384643555
19.422	2.8242372881355933	0.16263157894736843	0.00628782746380218	0.23107436977764256	0.009705148861380311	0.0053479948437411134	33.49173355102539
19.422	2.8242372881355933	0.17789473684210527	0.0013947656923848286	0.23897193350640858	0.009710003409404321	0.005553549770392643	31.79781723022461
19.422	2.8242372881355933	0.1931578947368421	-0.006895090167256361	0.24746134559196947	0.009524384675737255	0.005202294581594695	29.377185821533203
19.422	2.8242372881355933	0.20842105263157895	-0.017915365088865466	0.25675113893931434	0.00944835594942529	0.0050710422319225	27.46422576904297
19.422	2.8242372881355933	0.2236842105263158	-0.03088090109266652	0.2644844774757752	0.009447746963414515	0.005072421692368104	25.895246505737305
19.422	2.8242372881355933	0.23894736842105263	-0.044073029649002816	0.2711236480471647	0.009313386370419863	0.0050357363934592225	24.644630432128906
19.422	2.8242372881355933	0.25421052631578944	-0.05824701079784418	0.27650315742190745	0.009283199592252593	0.004832066545189441	23.59125518798828
19.422	2.8242372881355933	0.2694736842105263	-0.0720985170608618	0.2817660378217306	0.009051637863965106	0.005061367924484507	22.80055809020996
19.422	2.8242372881355933	0.2847368421052632	-0.08625082162226601	0.28617190527774394	0.008957770811909679	0.0045701865469010925	22.114917755126953
19.422	2.8242372881355933	0.3	-0.09924966447516914	0.28986966866640745	0.0088099319454677	0.004405629533672184	21.55711555480957
19.422	2.834406779661017	0.01	0.024001381765160576	0.13123719501881315	0.010883497697461251	0.005041664414564751	40.72270202636719
19.422	2.834406779661017	0.02526315789473684	0.02311278033751924	0.15211104247252175	0.01083858855162767	0.005031627940981869	46.2563591003418
19.422	2.834406779661017	0.04052631578947368	0.020971539264008517	0.16235711119311638	0.010790821881413084	0.005185750475878995	45.47582244873047
19.422	2.834406779661017	0.05578947368421053	0.01784431310037536	0.16986899257112997	0.010533739628839044	0.004978115211610094	40.05132293701172
19.422	2.834406779661017	0.07105263157894737	0.01674561280543515	0.17488577150704152	0.010651357767711669	0.005034357613753615	37.6496524810791
19.422	2.834406779661017	0.0863157894736842	0.014887703828689099	0.1816884500583918	0.010522024206148856	0.004956234039950448	35.7320671081543
19.422	2.834406779661017	0.10157894736842105	0.013383537599410323	0.18762502718436808	0.010559477668135189	0.0049470292203736615	33.64502716064453
19.422	2.834406779661017	0.11684210526315789	0.011796138163922085	0.19440108965783648	0.01033660125663631	0.0048336891858966596	33.03152847290039
19.422	2.834406779661017	0.13210526315789473	0.010243939189681042	0.2014728478773721	0.010667962400207889	0.005066881454105934	32.2820987701416
19.422	2.834406779661017	0.1473684210526316	0.0071792347369936445	0.21019143755383501	0.010336599326049157	0.005162805971813083	32.7979793548584
19.422	2.834406779661017	0.16263157894736843	0.002396188578042996	0.22120396132935172	0.010480852984872044	0.005146351282107711	33.22149848937988
19.422	2.834406779661017	0.17789473684210527	-0.005942358174886693	0.23190018172730092	0.010439023996402837	0.004834701654997256	30.56789779663086
19.422	2.834406779661017	0.1931578947368421	-0.01824429958023546	0.24355683653287535	0.010592611320111469	0.004941880994088092	28.401147842407227
19.422	2.834406779661017	0.20842105263157895	-0.03246034502944685	0.2566197786265865	0.010180559628292249	0.004499701568133857	26.36699867248535
19.422	2.834406779661017	0.2236842105263158	-0.04754029403402246	0.264859534662205	0.010105339394322517	0.00462701294206404	24.918292999267578
19.422	2.834406779661017	0.23894736842105263	-0.0626613596449909	0.27320478464031445	0.010375437822022365	0.004547474728787575	23.723623275756836
19.422	2.834406779661017	0.25421052631578944	-0.07765369106593542	0.27887673911178684	0.010218197347403916	0.0043384717570183525	22.881378173828125
19.422	2.834406779661017	0.2694736842105263	-0.09293643690524737	0.2834961094497298	0.010419846700533116	0.004409359078134125	22.15375518798828
19.422	2.834406779661017	0.2847368421052632	-0.10663638885943331	0.28783941544355507	0.010134102303054119	0.004173128308000866	21.54941177368164
19.422	2.834406779661017	0.3	-0.12220556859446335	0.2911984252041617	0.010132175884241555	0.004293651502561328	21.05754852294922
19.422	2.8445762711864404	0.01	0.022921398406767473	0.1677922030009359	0.011815676344299544	0.003971979112142501	38.82421112060547
19.422	2.8445762711864404	0.02526315789473684	0.02892761540963612	0.1909827609576314	0.011820919606362681	0.0039719118966173965	45.118438720703125
19.422	2.8445762711864404	0.04052631578947368	0.026848450427794074	0.2010883790470689	0.011712657468262043	0.0041829597579295845	43.25702667236328
19.422	2.8445762711864404	0.05578947368421053	0.024187517886750727	0.2111137800095586	0.011626316702596813	0.0040010840758101605	38.8426628112793
19.422	2.8445762711864404	0.07105263157894737	0.022866650910699927	0.21527265032815415	0.011313128364337451	0.004084509393999415	36.04487609863281
19.422	2.8445762711864404	0.0863157894736842	0.021148299173191155	0.21881880295619555	0.011623453261339504	0.00433308169912998	33.83633613586426
19.422	2.8445762711864404	0.10157894736842105	0.020995626810177123	0.22312008852245468	0.011522567523062946	0.004225611517988015	32.60797309875488
19.422	2.8445762711864404	0.11684210526315789	0.01800700497285482	0.22699284229783026	0.011435669316862735	0.004168377724697183	31.608585357666016
19.422	2.8445762711864404	0.13210526315789473	0.016028485789387675	0.23095496002678206	0.011368725846536877	0.004117778628614156	31.267166137695312
19.422	2.8445762711864404	0.1473684210526316	0.011945109737529604	0.23762229044549543	0.011226091471506269	0.004072902229650484	31.4317626953125
19.422	2.8445762711864404	0.16263157894736843	0.005408678126945342	0.24940936003439504	0.011519348948966699	0.003936649274233334	32.15377235412598
19.422	2.8445762711864404	0.17789473684210527	-0.004236310052261512	0.26268098537438	0.01163485205265544	0.0037851727811544188	29.488866806030273
19.422	2.8445762711864404	0.1931578947368421	-0.016577329938442457	0.2745403802461156	0.01161891805565856	0.0035729304804208405	27.28946304321289
19.422	2.8445762711864404	0.20842105263157895	-0.031185850150600748	0.28488394441867093	0.011621323362295804	0.003349720469301331	25.62840461730957
19.422	2.8445762711864404	0.2236842105263158	-0.04656135993251652	0.2935535923584397	0.011574382517021331	0.003430361076829526	24.192386627197266
19.422	2.8445762711864404	0.23894736842105263	-0.06227973042229265	0.30112455599075505	0.011501514187141033	0.003394057793270136	23.15477752685547
19.422	2.8445762711864404	0.25421052631578944	-0.07721825275598977	0.30647006244686753	0.011770909761428073	0.0034118282887395856	22.282373428344727
19.422	2.8445762711864404	0.2694736842105263	-0.09256458633840972	0.3106668712425451	0.011574962111073707	0.002827349117655345	21.62220573425293
19.422	2.8445762711864404	0.2847368421052632	-0.10654748271895821	0.3148704362932838	0.011701703973784618	0.0030162499532924874	21.030437469482422
19.422	2.8445762711864404	0.3	-0.12140560482490123	0.3175121124064097	0.011691912277666996	0.002609524083959684	20.543893814086914
19.422	2.8547457627118646	0.01	0.02467288638603635	0.10570943906656609	0.012871459664376597	0.0029564196648381637	40.92675018310547
19.422	2.8547457627118646	0.02526315789473684	0.024098158255440594	0.12154633719925914	0.012480252763845637	0.0027940753691611366	46.70191955566406
19.422	2.8547457627118646	0.04052631578947368	0.0212824592369026	0.12833490847130455	0.012563964996144785	0.003111033207528809	43.80393981933594
19.422	2.8547457627118646	0.05578947368421053	0.01811697459901837	0.13796867186958298	0.012277542859584937	0.0030474654588717284	41.05680274963379
19.422	2.8547457627118646	0.07105263157894737	0.017595705063023957	0.14408022635111237	0.012286446996951472	0.0028117742981719164	37.73154258728027
19.422	2.8547457627118646	0.0863157894736842	0.01713029784051457	0.15019348696300416	0.012150212758207688	0.0029624207537578716	35.82499313354492
19.422	2.8547457627118646	0.10157894736842105	0.015853320848170833	0.15833050944862143	0.012219526008820682	0.003072905070594155	33.948904037475586
19.422	2.8547457627118646	0.11684210526315789	0.013205047719591224	0.16647936254999607	0.012170112396973983	0.003051771452134455	32.68942642211914
19.422	2.8547457627118646	0.13210526315789473	0.012300381337057822	0.17441826352448558	0.012106624653655439	0.003024939909788994	32.06622505187988
19.422	2.8547457627118646	0.1473684210526316	0.009159957107905722	0.18389679722606436	0.01213133695216128	0.002762695779252734	31.93014907836914
19.422	2.8547457627118646	0.16263157894736843	0.0036133310636559867	0.19689026365916312	0.012304563727748234	0.0025475725923534438	32.91827583312988
19.422	2.8547457627118646	0.17789473684210527	-0.004216043954244033	0.2126573178549117	0.012509453719003423	0.0023886244820424114	32.33617401123047
19.422	2.8547457627118646	0.1931578947368421	-0.016469046560717758	0.2270509628875525	0.01257825721656445	0.002278853086314536	29.96389389038086
19.422	2.8547457627118646	0.20842105263157895	-0.030263570637810985	0.24103524642178034	0.012708264008971813	0.0019779043395437117	27.903993606567383
19.422	2.8547457627118646	0.2236842105263158	-0.04533465421254142	0.2528493338117198	0.01259230243904813	0.0016418677501610977	26.323394775390625
19.422	2.8547457627118646	0.23894736842105263	-0.05963799391565181	0.26274236531062456	0.012811833358351716	0.0012132216108274806	25.17380142211914
19.422	2.8547457627118646	0.25421052631578944	-0.0755286660863701	0.27185449471590284	0.012667069923951344	0.0010528167362953748	24.097034454345703
19.422	2.8547457627118646	0.2694736842105263	-0.08983948121638129	0.2788663421016321	0.012699601398964535	0.0006831933505739584	23.335765838623047
19.422	2.8547457627118646	0.2847368421052632	-0.10440763142973403	0.28577406342003675	0.01271263085597175	0.00041129537297239873	22.67283058166504
19.422	2.8547457627118646	0.3	-0.11837726590305783	0.29004870216224526	0.01270808124002494	0.00023694958089241452	22.190879821777344
19.422	2.864915254237288	0.01	0.02614703345030336	0.14789547930333954	0.013555125415743562	0.001402727406838218	36.019805908203125
19.422	2.864915254237288	0.02526315789473684	0.024934185635408144	0.1785689857518506	0.013613165766739283	0.0014533306679538264	47.1350212097168
19.422	2.864915254237288	0.04052631578947368	0.02097056700300215	0.18259927776737334	0.013500712217225576	0.0014248501347594307	43.26192092895508
19.422	2.864915254237288	0.05578947368421053	0.016965252686401585	0.1919510071361643	0.013388604378721563	0.0013260991965636962	39.71172904968262
19.422	2.864915254237288	0.07105263157894737	0.016702037748398915	0.1938410068080575	0.013094956360349855	0.001509816284278646	37.15645980834961
19.422	2.864915254237288	0.0863157894736842	0.014104652221265676	0.19794246989463327	0.012825104287837438	0.001521047560573278	35.40695571899414
19.422	2.864915254237288	0.10157894736842105	0.013241570096345821	0.19953119163932342	0.012872054531307164	0.001559184050412071	33.545156478881836
19.422	2.864915254237288	0.11684210526315789	0.011791064642232592	0.20313217668173145	0.01277081055430564	0.0014960924618352457	32.72667694091797
19.422	2.864915254237288	0.13210526315789473	0.010141157677292716	0.20583091454024044	0.012809611112711318	0.0017127483335914358	32.16494369506836
19.422	2.864915254237288	0.1473684210526316	0.0073739279352674336	0.21057002897914429	0.012713538616266992	0.0014613799256155738	32.24489212036133
19.422	2.864915254237288	0.16263157894736843	0.0030993699649764623	0.221062924915661	0.012813164722594823	0.0011438311824067565	33.1588134765625
19.422	2.864915254237288	0.17789473684210527	-0.00531454616860054	0.23173303106645304	0.013046477769514463	0.0009136990189917908	32.18429756164551
19.422	2.864915254237288	0.1931578947368421	-0.01641745733498164	0.24420995738086473	0.012958499105936652	0.0006246479809024087	29.649211883544922
19.422	2.864915254237288	0.20842105263157895	-0.02990992976286993	0.2559566690788623	0.013040995133726252	0.00019512673076769538	27.757661819458008
19.422	2.864915254237288	0.2236842105263158	-0.04467677489805587	0.26700914129592757	0.013115060377551568	-0.00015448745637604896	26.239086151123047
19.422	2.864915254237288	0.23894736842105263	-0.059978202632140314	0.27676941613877476	0.013184199611767339	-0.0007577707988837697	24.913795471191406
19.422	2.864915254237288	0.25421052631578944	-0.075509054512834	0.283542845397408	0.013002167275870318	-0.0011076318184557868	23.976171493530273
19.422	2.864915254237288	0.2694736842105263	-0.09019042974394581	0.2903412895293674	0.012819927649678438	-0.001856149141071146	23.19485855102539
19.422	2.864915254237288	0.2847368421052632	-0.1042466354934575	0.296674736032053	0.012951962933487719	-0.0020993373071693557	22.50379180908203
19.422	2.864915254237288	0.3	-0.12014272678932938	0.3024910505470123	0.012972723708565798	-0.0024461308965843835	21.91946792602539
19.422	2.875084745762712	0.01	0.014465197051633563	0.09673236776742916	0.0141693642885775	-0.0003107379736090924	37.16108322143555
19.422	2.875084745762712	0.02526315789473684	0.014749093671194678	0.1155637709383503	0.014072143480845463	-0.00028208672697496777	43.63578796386719
19.422	2.875084745762712	0.04052631578947368	0.011280456502787233	0.12173294629497677	0.013769141881149907	-0.0002544998201303772	46.64128494262695
19.422	2.875084745762712	0.05578947368421053	0.010469442439175327	0.13069813055947127	0.013570072741081188	-4.9120190831925136e-05	40.88645935058594
19.422	2.875084745762712	0.07105263157894737	0.010956042957472894	0.13653962242974504	0.013318465937286326	-9.873241158700347e-05	38.681304931640625
19.422	2.875084745762712	0.0863157894736842	0.010326199846126474	0.14632795593638495	0.013194272413099856	-0.00012211092310692652	36.17889976501465
19.422	2.875084745762712	0.10157894736842105	0.010030590237833897	0.153272440386308	0.01292114686052796	-5.294213253303354e-05	34.641679763793945
19.422	2.875084745762712	0.11684210526315789	0.008781078658722052	0.1602443467243565	0.01289495544165388	0.00013831807089506574	33.343563079833984
19.422	2.875084745762712	0.13210526315789473	0.0074587643292766915	0.1685178071609689	0.01311435037264411	0.0001803000988213569	32.797271728515625
19.422	2.875084745762712	0.1473684210526316	0.004150510966501838	0.17621537171071294	0.01292438758187058	4.357289309570379e-06	33.31061363220215
19.422	2.875084745762712	0.16263157894736843	-0.0008935434248264044	0.18892441247007707	0.013065996332521087	-8.496084470797724e-05	34.61361122131348
19.422	2.875084745762712	0.17789473684210527	-0.008416969151330176	0.19925922645734218	0.013138608470836536	-0.0006690121494209945	32.31927490234375
19.422	2.875084745762712	0.1931578947368421	-0.018913838741463594	0.21072939803370802	0.013207320854649898	-0.0009759697627026041	30.10422134399414
19.422	2.875084745762712	0.20842105263157895	-0.031739480433541585	0.2216445330988265	0.013259771839584614	-0.0013855889759653713	28.203380584716797
19.422	2.875084745762712	0.2236842105263158	-0.04453114918528431	0.23057964201356507	0.012989913915662368	-0.0018909789168830367	26.753257751464844
19.422	2.875084745762712	0.23894736842105263	-0.058575881420390816	0.23923036178575086	0.013066498289758827	-0.002675949820836343	25.537906646728516
19.422	2.875084745762712	0.25421052631578944	-0.07293643683437757	0.2457852650157223	0.012866512735768118	-0.0031497795934725768	24.641538619995117
19.422	2.875084745762712	0.2694736842105263	-0.08638288928227827	0.25229893983822854	0.012716879099302825	-0.003637730611039532	23.79964828491211
19.422	2.875084745762712	0.2847368421052632	-0.1002437703898311	0.2570503466920193	0.012801871875767614	-0.00394604942571701	23.165456771850586
19.422	2.875084745762712	0.3	-0.11440960871889433	0.2621408775046141	0.01257717906212056	-0.0046860141162581165	22.61343765258789
19.422	2.8852542372881356	0.01	0.02722085607335723	0.15357246543910813	0.01460169647909643	-0.0026339105212612353	38.8182373046875
19.422	2.8852542372881356	0.02526315789473684	0.01777558564306058	0.18117932952639185	0.01442917424203817	-0.0025624603580254703	45.553565979003906
19.422	2.8852542372881356	0.04052631578947368	0.013782040042381809	0.19140769643757027	0.014216305685811264	-0.002444198719913966	43.64571762084961
19.422	2.8852542372881356	0.05578947368421053	0.01274584971731495	0.1983633287087535	0.01376110389862963	-0.002226193733521591	40.13844871520996
19.422	2.8852542372881356	0.07105263157894737	0.01185268911586546	0.2005135184965102	0.013443283198514028	-0.0021601866206552183	36.55788803100586
19.422	2.8852542372881356	0.0863157894736842	0.011480589020665798	0.20547943628986212	0.013085985254893994	-0.0018761623100490479	35.17852973937988
19.422	2.8852542372881356	0.10157894736842105	0.011056690642785302	0.20625946483782964	0.012877983410297392	-0.0017685871727048663	33.404666900634766
19.422	2.8852542372881356	0.11684210526315789	0.008225862580397206	0.2101709839351591	0.012644183747332505	-0.0015665348971419728	32.5329475402832
19.422	2.8852542372881356	0.13210526315789473	0.006153882712992811	0.21615832298915857	0.012729028543134546	-0.0014347199642098002	32.525390625
19.422	2.8852542372881356	0.1473684210526316	0.0011830614338367894	0.225288088773353	0.012656451527283504	-0.0018847699588671204	33.312068939208984
19.422	2.8852542372881356	0.16263157894736843	-0.006948672749765053	0.23622712253426234	0.012679516649797298	-0.002349643880968225	30.951873779296875
19.422	2.8852542372881356	0.17789473684210527	-0.019230544891231056	0.24684646659669618	0.012546314477418965	-0.0028469149363625486	28.686447143554688
19.422	2.8852542372881356	0.1931578947368421	-0.03280044113751866	0.2586431330094734	0.012684479317119	-0.0031319437484124083	26.668943405151367
19.422	2.8852542372881356	0.20842105263157895	-0.04730058199664565	0.26753095969709706	0.012362098885438638	-0.0034196882351532547	25.149171829223633
19.422	2.8852542372881356	0.2236842105263158	-0.06208224537720889	0.27539714848774627	0.012228871908388561	-0.004260146765518395	24.015056610107422
19.422	2.8852542372881356	0.23894736842105263	-0.07750940840118407	0.2808099524583132	0.012133218459437475	-0.004643783798103008	23.078411102294922
19.422	2.8852542372881356	0.25421052631578944	-0.09154027729213404	0.28553669123561226	0.011750246576500926	-0.005229359483648345	22.316247940063477
19.422	2.8852542372881356	0.2694736842105263	-0.1074789914387481	0.29026971279294345	0.011585449709064076	-0.00583815294565088	21.7297420501709
19.422	2.8852542372881356	0.2847368421052632	-0.11990702979650512	0.2916128612158365	0.011328535599141128	-0.0060664875713681305	21.26027488708496
19.422	2.8852542372881356	0.3	-0.13461333411154613	0.29424401334494293	0.011418048024826129	-0.0071165484155973355	20.865114212036133
19.422	2.8954237288135594	0.01	0.008291688274140046	0.13547401091359035	0.013238728028926195	-0.004596589566538181	37.443572998046875
19.422	2.8954237288135594	0.02526315789473684	0.012469618473777158	0.15236284766260866	0.01301700952605497	-0.00456733613147896	45.90263748168945
19.422	2.8954237288135594	0.04052631578947368	0.012844090452490744	0.15879945145379393	0.012728000601232295	-0.004291495167040658	43.62623596191406
19.422	2.8954237288135594	0.05578947368421053	0.012299759478254617	0.16553759735913892	0.012195323468986035	-0.003926051963361475	40.23661231994629
19.422	2.8954237288135594	0.07105263157894737	0.01411471185512837	0.1700010441276631	0.011858102578906966	-0.0035312710943020287	36.79664611816406
19.422	2.8954237288135594	0.0863157894736842	0.014131300526261294	0.1753379971986091	0.011760440580207237	-0.003152677909314878	35.406883239746094
19.422	2.8954237288135594	0.10157894736842105	0.014107976344004243	0.180292029402723	0.011516696676796154	-0.0028294573144414608	33.20001792907715
19.422	2.8954237288135594	0.11684210526315789	0.012179068328483849	0.1876391180119425	0.011355427639706237	-0.002540167516829059	32.040822982788086
19.422	2.8954237288135594	0.13210526315789473	0.009308420273248002	0.19660403172944352	0.011394226770995358	-0.00245290168354808	31.717205047607422
19.422	2.8954237288135594	0.1473684210526316	0.0042041309231190364	0.20660146593233078	0.01136139145413726	-0.0025129890518745786	32.58564758300781
19.422	2.8954237288135594	0.16263157894736843	-0.006058082801371682	0.21951520820454312	0.011093921206135116	-0.003176036386233716	31.288969039916992
19.422	2.8954237288135594	0.17789473684210527	-0.018044473915245336	0.23101571937413817	0.011103508487236742	-0.003374346208628267	28.90785026550293
19.422	2.8954237288135594	0.1931578947368421	-0.031321465955000335	0.24328357988824995	0.010957854400204546	-0.004040100767921231	26.988086700439453
19.422	2.8954237288135594	0.20842105263157895	-0.045946450595977656	0.253112886361216	0.010673149803184062	-0.004604497236506152	25.567115783691406
19.422	2.8954237288135594	0.2236842105263158	-0.059548376751366	0.2593064576195524	0.010537536075730707	-0.005122039661228046	24.503387451171875
19.422	2.8954237288135594	0.23894736842105263	-0.07383130411484207	0.26621780904552655	0.01025258914916093	-0.005694417398530125	23.644887924194336
19.422	2.8954237288135594	0.25421052631578944	-0.08713869279617421	0.2696168097544728	0.010191929603537774	-0.006030542934968787	22.983062744140625
19.422	2.8954237288135594	0.2694736842105263	-0.10045575151470468	0.2732153360580126	0.010122092488531253	-0.006573796684461367	22.368375778198242
19.422	2.8954237288135594	0.2847368421052632	-0.11385964017580984	0.2767749396007843	0.00973394687283506	-0.007097940976201304	21.885005950927734
19.422	2.8954237288135594	0.3	-0.12608574239638343	0.27746471705645787	0.009535079339951347	-0.007764428547294591	21.5142765045166
19.422	2.905593220338983	0.01	0.01960251492547015	0.19826474550741602	0.012820173644325418	-0.005387715803032111	34.195125579833984
19.422	2.905593220338983	0.02526315789473684	0.01676642608927706	0.2091724901236861	0.012302925259740017	-0.005477947567247899	45.383880615234375
19.422	2.905593220338983	0.04052631578947368	0.01824100509974541	0.21083957533875713	0.011789870965219006	-0.005142555309722128	42.61439895629883
19.422	2.905593220338983	0.05578947368421053	0.015089830873617309	0.209819282402156	0.011321303929286798	-0.0046017751091500855	39.099884033203125
19.422	2.905593220338983	0.07105263157894737	0.015152435426301627	0.2069648062514099	0.010795616871234369	-0.004118928154885627	36.24160194396973
19.422	2.905593220338983	0.0863157894736842	0.014098893324211194	0.20615097574630634	0.010272802045648339	-0.0036924041429431268	34.81656455993652
19.422	2.905593220338983	0.10157894736842105	0.011828099409416273	0.20595408968368414	0.009930737198164917	-0.0031777174743958195	33.374454498291016
19.422	2.905593220338983	0.11684210526315789	0.009847717873486657	0.21109031818814453	0.009517823744672832	-0.002848647345739179	32.4808235168457
19.422	2.905593220338983	0.13210526315789473	0.00638351445871296	0.2167010934154068	0.009617611319429845	-0.002729181232630112	31.932640075683594
19.422	2.905593220338983	0.1473684210526316	-0.0008923849536303156	0.2268749216778932	0.009662812531058568	-0.002658141537323349	32.588905334472656
19.422	2.905593220338983	0.16263157894736843	-0.012183239824084894	0.24254577102157385	0.009396967111840317	-0.0031943399413501	31.03600311279297
19.422	2.905593220338983	0.17789473684210527	-0.02596105634937882	0.259186008234454	0.009299739737253454	-0.003476110516482472	28.490034103393555
19.422	2.905593220338983	0.1931578947368421	-0.042378013019961136	0.2728889761370993	0.009159901534986319	-0.004042034285527657	26.591285705566406
19.422	2.905593220338983	0.20842105263157895	-0.05903105098753456	0.28608042243023063	0.008931072797606186	-0.004561704364059589	25.123321533203125
19.422	2.905593220338983	0.2236842105263158	-0.0748853680909016	0.2969580639298409	0.00893376785605317	-0.005036700650644014	24.011491775512695
19.422	2.905593220338983	0.23894736842105263	-0.09115252441245697	0.3059762683376074	0.008724473509102536	-0.005414594148496725	23.127819061279297
19.422	2.905593220338983	0.25421052631578944	-0.10659389782216033	0.31217289715123925	0.008533555891958826	-0.006245800565814197	22.40390968322754
19.422	2.905593220338983	0.2694736842105263	-0.12189372706910226	0.31744303833393955	0.008181215263664887	-0.006602207798341943	21.825069427490234
19.422	2.905593220338983	0.2847368421052632	-0.13662761602302642	0.3215894410356751	0.00811478874700321	-0.007552831253453495	21.327850341796875
19.422	2.905593220338983	0.3	-0.1514464282968495	0.32431082405561173	0.007952432633775503	-0.007912102043920788	21.008588790893555
19.422	2.9157627118644065	0.01	-0.0013748073556874344	0.1824564901780482	0.009987554947007	-0.004421501748691365	37.941707611083984
19.422	2.9157627118644065	0.02526315789473684	0.0005697012239303947	0.1873804198617668	0.009896574303284889	-0.004084845100015241	46.110809326171875
19.422	2.9157627118644065	0.04052631578947368	0.004228547876632368	0.18607118501687492	0.009636367712037915	-0.003725900818044989	42.17961883544922
19.422	2.9157627118644065	0.05578947368421053	0.0037897776694760642	0.1861148428447301	0.009148015718235333	-0.003267705878041649	38.818010330200195
19.422	2.9157627118644065	0.07105263157894737	0.007592921319769411	0.18247541862500255	0.008742088187743607	-0.0028012540395116543	36.29345893859863
19.422	2.9157627118644065	0.0863157894736842	0.007115107417110797	0.18294067592806965	0.008336833225056257	-0.0026852990114414298	34.40921401977539
19.422	2.9157627118644065	0.10157894736842105	0.007019163770372492	0.18283032939808758	0.00801738516982245	-0.002187862167861797	32.856571197509766
19.422	2.9157627118644065	0.11684210526315789	0.005753056062156776	0.18600782358127027	0.008005521744215588	-0.001755545590217711	31.409671783447266
19.422	2.9157627118644065	0.13210526315789473	0.004313831501657273	0.18911409524793127	0.008094137149411557	-0.001431894756257854	30.91522216796875
19.422	2.9157627118644065	0.1473684210526316	0.0005651579743594776	0.1970222948026625	0.008096814117462691	-0.0014181650837010347	31.259180068969727
19.422	2.9157627118644065	0.16263157894736843	-0.006064700462825408	0.2069666596560615	0.00815726423631177	-0.001766272455709178	32.32442092895508
19.422	2.9157627118644065	0.17789473684210527	-0.015275377300873331	0.21981412497934016	0.008009366952561419	-0.0022697906512555263	31.972766876220703
19.422	2.9157627118644065	0.1931578947368421	-0.027916890429128954	0.23276041546013532	0.008098278721323465	-0.002698566613501237	29.73272705078125
19.422	2.9157627118644065	0.20842105263157895	-0.04236738642191616	0.2438627118837679	0.008005202622249373	-0.0031222506798009903	27.949485778808594
19.422	2.9157627118644065	0.2236842105263158	-0.05496837054358897	0.2551677631690755	0.007813620243738217	-0.0037880621642650218	26.573055267333984
19.422	2.9157627118644065	0.23894736842105263	-0.06954812997989922	0.2637061408979126	0.007740264406053127	-0.0041768913487410025	25.451438903808594
19.422	2.9157627118644065	0.25421052631578944	-0.08268584793970765	0.27058699099501676	0.007459423936192802	-0.004750016089930829	24.59868621826172
19.422	2.9157627118644065	0.2694736842105263	-0.0961666761214363	0.2756611940219955	0.007228225211797149	-0.00527303357203167	23.885351181030273
19.422	2.9157627118644065	0.2847368421052632	-0.10940479024001233	0.28078492551594536	0.007189105385400218	-0.005464592903174014	23.321456909179688
19.422	2.9157627118644065	0.3	-0.12282004557206988	0.2849580996110062	0.00712707741663926	-0.006178631933882604	22.866230010986328
19.422	2.9259322033898307	0.01	0.005486188310834152	0.1758890502526384	0.00929116190534563	-0.0012075331113570518	36.715518951416016
19.422	2.9259322033898307	0.02526315789473684	0.0013955633075337763	0.18801212528092323	0.008916236948502052	-0.0011096079681885153	44.02136993408203
19.422	2.9259322033898307	0.04052631578947368	0.002007154542185732	0.18978147674188373	0.008491185992805753	-0.001207013460202795	44.17646789550781
19.422	2.9259322033898307	0.05578947368421053	0.002836575013749664	0.18938985129189104	0.008433682506346145	-0.0009450648685516317	40.90499687194824
19.422	2.9259322033898307	0.07105263157894737	0.0025785533662898326	0.18738637963524699	0.007795686696680262	-0.000744889853354029	38.39013862609863
19.422	2.9259322033898307	0.0863157894736842	0.0024999119174635084	0.18791189002090655	0.007481429527008086	-0.0006601767206488219	36.13050079345703
19.422	2.9259322033898307	0.10157894736842105	0.0015900529754316467	0.18994883405262192	0.007488730005577135	-0.00035045777224505304	34.4135627746582
19.422	2.9259322033898307	0.11684210526315789	-0.0010812821031111796	0.19170108862086724	0.007205276518341913	-0.00019693202641741944	33.710092544555664
19.422	2.9259322033898307	0.13210526315789473	-0.0039052967612195353	0.19558330884534456	0.007483288403837657	2.6262421002963042e-05	33.09516906738281
19.422	2.9259322033898307	0.1473684210526316	-0.007361480157557555	0.20344660702972844	0.007481826813649846	-8.963352818880724e-05	33.35454177856445
19.422	2.9259322033898307	0.16263157894736843	-0.013559752255311495	0.21431869897729572	0.007424117817767423	-0.0003369364531701466	34.6379451751709
19.422	2.9259322033898307	0.17789473684210527	-0.023640842474630358	0.2265517488654595	0.007406897901721448	-0.0008983493926757462	32.079002380371094
19.422	2.9259322033898307	0.1931578947368421	-0.037487062758079295	0.23891889136408373	0.007285050057810064	-0.0014851353684684821	29.66490936279297
19.422	2.9259322033898307	0.20842105263157895	-0.05186512042203217	0.2525091299409141	0.007375414090613399	-0.001899372815798862	27.710905075073242
19.422	2.9259322033898307	0.2236842105263158	-0.06766871457539794	0.2636489874473692	0.007478500617258574	-0.0020952911420602824	26.352828979492188
19.422	2.9259322033898307	0.23894736842105263	-0.08399732384203264	0.2725376872861289	0.007019282733305352	-0.0032754343771896396	25.101455688476562
19.422	2.9259322033898307	0.25421052631578944	-0.09961464601872752	0.28052426674901476	0.006829387829854142	-0.0034562923317364505	24.168996810913086
19.422	2.9259322033898307	0.2694736842105263	-0.11602486651316316	0.2877870023205815	0.00667719014996656	-0.004198475324199912	23.414377212524414
19.422	2.9259322033898307	0.2847368421052632	-0.13134375469812137	0.2936052344199085	0.006649060063317443	-0.004717344436658751	22.836626052856445
19.422	2.9259322033898307	0.3	-0.14524400987060565	0.29666580228312134	0.006405600587869853	-0.005194125797005229	22.37531852722168
19.422	2.936101694915254	0.01	-0.007579214948730681	0.14470047025187133	0.007762345798666215	0.001563164422315338	37.48115921020508
19.422	2.936101694915254	0.02526315789473684	-0.006045264711377115	0.157729266075137	0.007734909687543843	0.001419573340591769	45.143898010253906
19.422	2.936101694915254	0.04052631578947368	-0.002752104766752168	0.16979475018997436	0.00743715696639963	0.0014066289002689426	43.51935577392578
19.422	2.936101694915254	0.05578947368421053	-0.003059855468656464	0.17131257054825066	0.007284918470260591	0.0011763174046440967	39.901344299316406
19.422	2.936101694915254	0.07105263157894737	-1.9913972666254774e-05	0.17727552191054008	0.006924638389738234	0.0011824690837544212	37.433074951171875
19.422	2.936101694915254	0.0863157894736842	0.001433068726326597	0.17914721746769646	0.006822762876662422	0.0012146862902271717	34.95439147949219
19.422	2.936101694915254	0.10157894736842105	0.0004056847530905176	0.18150804501818918	0.006723795903643585	0.0013951354596473426	33.13912582397461
19.422	2.936101694915254	0.11684210526315789	0.00012650213090530883	0.18503269937416708	0.006719201573205512	0.0012641011515222395	32.198760986328125
19.422	2.936101694915254	0.13210526315789473	-0.002291515902986117	0.1903331424061138	0.0069991589052877355	0.0013314732215436332	31.941539764404297
19.422	2.936101694915254	0.1473684210526316	-0.005810250949950253	0.19695027485819755	0.006919139294706442	0.0009603676082958428	32.61368370056152
19.422	2.936101694915254	0.16263157894736843	-0.010291227797871156	0.20637863495051173	0.006940026322201052	0.0007737451046165963	34.0448112487793
19.422	2.936101694915254	0.17789473684210527	-0.019938416133528283	0.21528453484772947	0.0070656201468032274	0.00033534042932747	31.39755630493164
19.422	2.936101694915254	0.1931578947368421	-0.030746120305461852	0.22580752027993267	0.006959894825203235	-0.0003354323378864057	29.411121368408203
19.422	2.936101694915254	0.20842105263157895	-0.04489291356663224	0.23491476522599525	0.006996837944583572	-0.000846039885937616	27.432884216308594
19.422	2.936101694915254	0.2236842105263158	-0.05837626921897265	0.24273875154378363	0.0065888707461357835	-0.0016965337169454983	26.230392456054688
19.422	2.936101694915254	0.23894736842105263	-0.07135469017270463	0.24835937685040296	0.006363613734074008	-0.0020625283198529468	25.14065170288086
19.422	2.936101694915254	0.25421052631578944	-0.0850507188141297	0.25378098603743593	0.006368416239714902	-0.002324103031321693	24.305370330810547
19.422	2.936101694915254	0.2694736842105263	-0.09871173934265481	0.2575451478309511	0.006279761117624776	-0.0030900882061247596	23.57241439819336
19.422	2.936101694915254	0.2847368421052632	-0.1120482384843289	0.26154138530622084	0.00622327622755023	-0.003489063728232245	23.02631950378418
19.422	2.936101694915254	0.3	-0.1250027732179095	0.2631458714440969	0.005711809754291154	-0.00422294626857657	22.63187599182129
19.422	2.9462711864406783	0.01	0.014133004459438062	0.10960561144887196	0.007674262567786626	0.0038329179352574933	36.44467544555664
19.422	2.9462711864406783	0.02526315789473684	0.0036563198891255604	0.11853200305043446	0.007621888004948086	0.0035801743571388794	47.30172348022461
19.422	2.9462711864406783	0.04052631578947368	0.004938404153801649	0.13121945708110888	0.0073429044750328324	0.0031509066624628287	44.88139343261719
19.422	2.9462711864406783	0.05578947368421053	0.004273624575000399	0.14395933280168988	0.007362249584500222	0.003006158731127242	40.40388107299805
19.422	2.9462711864406783	0.07105263157894737	0.003061618615685986	0.1505350035078053	0.007109463970391285	0.0029254228508341093	39.13674354553223
19.422	2.9462711864406783	0.0863157894736842	0.0013449017854317554	0.15842324019330123	0.007064499094695736	0.0027887823653832966	36.74985885620117
19.422	2.9462711864406783	0.10157894736842105	-2.4017619714126753e-05	0.16622245790900989	0.006932183111103762	0.0024338498670891523	34.43656921386719
19.422	2.9462711864406783	0.11684210526315789	-0.0013527765151113158	0.17584829735102453	0.0069362310883031054	0.002456196026911825	33.25049591064453
19.422	2.9462711864406783	0.13210526315789473	-0.003740176859125485	0.18434511995407143	0.0069005684780763955	0.0023865161414764746	33.26520347595215
19.422	2.9462711864406783	0.1473684210526316	-0.00830167238125068	0.19473105619614384	0.007135419182674379	0.002359634803871185	33.71464920043945
19.422	2.9462711864406783	0.16263157894736843	-0.016788454772683488	0.20803207309252447	0.0067836694947403875	0.0018560236447559067	32.17144966125488
19.422	2.9462711864406783	0.17789473684210527	-0.028767234367769588	0.22167947210321426	0.007026165247640525	0.0013400172720469635	29.616168975830078
19.422	2.9462711864406783	0.1931578947368421	-0.04319411365048222	0.23295635840393514	0.006880572740178836	0.0006192547765815641	27.542348861694336
19.422	2.9462711864406783	0.20842105263157895	-0.05862588073558368	0.2440877405263382	0.0066200504290826676	6.980101307639337e-05	26.08844566345215
19.422	2.9462711864406783	0.2236842105263158	-0.0740379677352517	0.252939892259717	0.006509912214632903	-0.0005015553130460455	24.74245834350586
19.422	2.9462711864406783	0.23894736842105263	-0.08957260312502083	0.2599445457712221	0.006379232602002854	-0.0008722821507644409	23.88573455810547
19.422	2.9462711864406783	0.25421052631578944	-0.1038223293803599	0.2649649652091377	0.006122939334536465	-0.0015083125958126032	23.175872802734375
19.422	2.9462711864406783	0.2694736842105263	-0.11908726878612264	0.2694215954055579	0.005893665098298531	-0.0019913264780064546	22.572607040405273
19.422	2.9462711864406783	0.2847368421052632	-0.13382073785252963	0.2722574514866415	0.005643177279316441	-0.00252648159012872	22.070667266845703
19.422	2.9462711864406783	0.3	-0.14820409184396358	0.27417941841469884	0.005350929372989195	-0.0027565009434588564	21.768770217895508
19.422	2.9564406779661017	0.01	0.01300009221229614	0.13292150393301433	0.0077125959989732575	0.005197448742357183	28.20519256591797
19.422	2.9564406779661017	0.02526315789473684	0.00849738524719199	0.13877870134431078	0.007326794205138536	0.0047614840872688465	42.67864990234375
19.422	2.9564406779661017	0.04052631578947368	0.009808308920797645	0.15081162657491576	0.007281356207269377	0.004481818946917423	42.53455352783203
19.422	2.9564406779661017	0.05578947368421053	0.011389748750694777	0.1614153162391921	0.007083046889985448	0.004163132480196053	39.2722282409668
19.422	2.9564406779661017	0.07105263157894737	0.009930100360018053	0.166369955327668	0.006913760649286021	0.0040711759723282	36.05287170410156
19.422	2.9564406779661017	0.0863157894736842	0.009708565279655697	0.171299564246156	0.00697237347917519	0.003924966484462057	33.591352462768555
19.422	2.9564406779661017	0.10157894736842105	0.008185476988368273	0.17553020079068157	0.007215046145711425	0.003876836691958598	32.23073196411133
19.422	2.9564406779661017	0.11684210526315789	0.006799816512937613	0.1794019260237239	0.007095074097343824	0.003805462644469638	31.420650482177734
19.422	2.9564406779661017	0.13210526315789473	0.003737825627229963	0.18638692437771712	0.007112225755134211	0.003391535282371953	31.163192749023438
19.422	2.9564406779661017	0.1473684210526316	-0.0003040498745953915	0.19740090574098085	0.006899169784835285	0.0033352765426224607	31.44867706298828
19.422	2.9564406779661017	0.16263157894736843	-0.007482990358895645	0.2092882877351463	0.006984184503132594	0.002742528523060112	32.22342491149902
19.422	2.9564406779661017	0.17789473684210527	-0.0181481967837876	0.22154129977763892	0.006956906725579052	0.0023090869936021894	29.561180114746094
19.422	2.9564406779661017	0.1931578947368421	-0.031276365884621585	0.23241207796021535	0.006554280702700659	0.0019423440137979313	27.746519088745117
19.422	2.9564406779661017	0.20842105263157895	-0.04450423966386484	0.2431467567802584	0.006297303369344472	0.0016024550499077455	26.200939178466797
19.422	2.9564406779661017	0.2236842105263158	-0.058265492760028105	0.25085213168051024	0.0064143704987252815	0.0011314842154558336	25.046533584594727
19.422	2.9564406779661017	0.23894736842105263	-0.07259911966370895	0.25755270000328656	0.006228763344380952	0.0004851926777871033	24.09859275817871
19.422	2.9564406779661017	0.25421052631578944	-0.08537184863730479	0.2623167611856548	0.005973120084367935	9.511436194851213e-05	23.37911033630371
19.422	2.9564406779661017	0.2694736842105263	-0.09864059255642066	0.26637088567621736	0.005781081480200579	-0.0004266372043424681	22.8029727935791
19.422	2.9564406779661017	0.2847368421052632	-0.11228030492509475	0.26991712596002165	0.005750884621403421	-0.0008934321307561275	22.274415969848633
19.422	2.9564406779661017	0.3	-0.12487926387418749	0.27315662863049794	0.005109112543169647	-0.0012132169827919364	21.84801483154297
19.422	2.9666101694915255	0.01	0.013572884563312515	0.07340076925549802	0.007921559287234446	0.0053847356855885225	38.96546173095703
19.422	2.9666101694915255	0.02526315789473684	0.013880775149867516	0.08684865642655788	0.007856670591746693	0.005326339725802385	46.621482849121094
19.422	2.9666101694915255	0.04052631578947368	0.014249345802657883	0.09991936446251494	0.007742685091244521	0.005149896011430385	44.63615417480469
19.422	2.9666101694915255	0.05578947368421053	0.011127110729124503	0.11216981893678457	0.007599838489323461	0.004744582373509516	40.61927032470703
19.422	2.9666101694915255	0.07105263157894737	0.010059613469046307	0.11981717895388164	0.0075283593957335155	0.004468683243328451	38.4718132019043
19.422	2.9666101694915255	0.0863157894736842	0.007805580380362227	0.1290050799739317	0.007512936565220101	0.004314771636991252	36.47685432434082
19.422	2.9666101694915255	0.10157894736842105	0.006317417929382094	0.13701573749234783	0.007741305809077266	0.004185867320955338	34.39199447631836
19.422	2.9666101694915255	0.11684210526315789	0.004096674364998535	0.14464522763195106	0.007407186296660186	0.0041235136203100296	33.14901351928711
19.422	2.9666101694915255	0.13210526315789473	0.0019316588343169763	0.1547392561058464	0.007609430466737578	0.004041597398098553	32.6728515625
19.422	2.9666101694915255	0.1473684210526316	-0.002851365158833003	0.16583850789719376	0.0073948948400274234	0.003835168045023999	32.87706184387207
19.422	2.9666101694915255	0.16263157894736843	-0.009531224690771844	0.18062110818148802	0.007549543666019318	0.0032669359359523125	33.98269271850586
19.422	2.9666101694915255	0.17789473684210527	-0.020650607999459097	0.19697145539406205	0.0072025253913951814	0.003162997269445295	31.186519622802734
19.422	2.9666101694915255	0.1931578947368421	-0.03443039445387455	0.21196281506580167	0.0069778297341189285	0.0026959257118722066	29.03451919555664
19.422	2.9666101694915255	0.20842105263157895	-0.04917176319749942	0.22583295107744414	0.006874270515134201	0.002324912767716962	27.35957145690918
19.422	2.9666101694915255	0.2236842105263158	-0.06448037432163573	0.23816238005998758	0.006636391428644645	0.0019985161653218566	26.02023696899414
19.422	2.9666101694915255	0.23894736842105263	-0.07929207715095571	0.2467678530188671	0.006394328156482304	0.0016161691081558144	24.987537384033203
19.422	2.9666101694915255	0.25421052631578944	-0.09418965911459261	0.25507935233617646	0.006269143808120774	0.0012865969061338905	24.12096405029297
19.422	2.9666101694915255	0.2694736842105263	-0.1091764693398509	0.2631757246539171	0.006208875236578666	0.0008193856441310703	23.410295486450195
19.422	2.9666101694915255	0.2847368421052632	-0.12395271631130164	0.2685157553850849	0.005964524160689242	0.000703434042184055	22.913164138793945
19.422	2.9666101694915255	0.3	-0.13908966544941145	0.2743209555376357	0.005642990552113319	0.00016160946045587778	22.410816192626953
19.422	2.9767796610169492	0.01	0.00930316928793573	0.12301313817981602	0.008413442234090058	0.0058094136395171825	38.19400405883789
19.422	2.9767796610169492	0.02526315789473684	0.015983896292940617	0.1296607011604678	0.00843089828231651	0.005595347180505663	44.68206024169922
19.422	2.9767796610169492	0.04052631578947368	0.013339137551569276	0.14200230944218079	0.008198677860858608	0.0053805899839150136	41.9201774597168
19.422	2.9767796610169492	0.05578947368421053	0.012160978528167013	0.14804962570735686	0.00817801959238177	0.005404743781045579	37.68488883972168
19.422	2.9767796610169492	0.07105263157894737	0.012709429098371302	0.1558564483052791	0.007959103831019363	0.004987940312506113	35.64581298828125
19.422	2.9767796610169492	0.0863157894736842	0.009706822075509774	0.15823796309404653	0.008206587473318191	0.005040751287393615	34.17222595214844
19.422	2.9767796610169492	0.10157894736842105	0.008141638759213502	0.16126327763542175	0.0079861708041907	0.004868939045471794	32.802764892578125
19.422	2.9767796610169492	0.11684210526315789	0.006920257453160268	0.16499871145355477	0.00789575884465456	0.004808156498464831	31.743438720703125
19.422	2.9767796610169492	0.13210526315789473	0.0042528143714237	0.1684469100030042	0.007822458420620222	0.004623720029698496	31.39356231689453
19.422	2.9767796610169492	0.1473684210526316	0.001007184631921517	0.1769928175899176	0.007732882233327671	0.004370887040008063	31.83147621154785
19.422	2.9767796610169492	0.16263157894736843	-0.0046420622894974735	0.18727448170364722	0.007799760929620984	0.004542298499128979	32.97035217285156
19.422	2.9767796610169492	0.17789473684210527	-0.01457761199715761	0.20064027895094189	0.007650577468385754	0.004164973034832462	31.576967239379883
19.422	2.9767796610169492	0.1931578947368421	-0.02642022844216754	0.2121587632015281	0.007293664405293573	0.004078598268469511	29.516803741455078
19.422	2.9767796610169492	0.20842105263157895	-0.0401677781511002	0.22425102882794373	0.007274302149406783	0.0036278177724198358	27.668502807617188
19.422	2.9767796610169492	0.2236842105263158	-0.05476056948815444	0.23534691007467254	0.007181878146756122	0.0032765005971923857	26.340808868408203
19.422	2.9767796610169492	0.23894736842105263	-0.06881823423639066	0.2431717524148656	0.006988274662795734	0.0029955732293893604	25.207931518554688
19.422	2.9767796610169492	0.25421052631578944	-0.08404716328106943	0.2515307326877622	0.006781311220253262	0.002702516913057577	24.303422927856445
19.422	2.9767796610169492	0.2694736842105263	-0.09775098916171684	0.25707994262494355	0.006352823781689648	0.002087593052243923	23.662565231323242
19.422	2.9767796610169492	0.2847368421052632	-0.11144908438244358	0.2632044882746942	0.006303788927725394	0.0019186610167312979	23.049110412597656
19.422	2.9767796610169492	0.3	-0.12518577120840263	0.2676589708247381	0.0061140257804162745	0.0014138986726270411	22.601242065429688
19.422	2.9869491525423726	0.01	0.025571023783898895	0.058844463162204895	0.009040037729960369	0.005895672685193752	39.76791763305664
19.422	2.9869491525423726	0.02526315789473684	0.01817167236477929	0.07520244958369379	0.008972934212741212	0.005719057747029174	45.386783599853516
19.422	2.9869491525423726	0.04052631578947368	0.015024833222933586	0.08476251008479244	0.00888047132270833	0.0054756262674485225	43.50179672241211
19.422	2.9869491525423726	0.05578947368421053	0.014042776157530749	0.09614472629808439	0.008794158467343665	0.005387221670994535	40.43891525268555
19.422	2.9869491525423726	0.07105263157894737	0.011924443110130706	0.10584186030516937	0.00894303722923868	0.005120094443702953	37.021507263183594
19.422	2.9869491525423726	0.0863157894736842	0.009350130050681502	0.11417399452964376	0.00871057149964289	0.005099348858891689	35.00297164916992
19.422	2.9869491525423726	0.10157894736842105	0.007206377684626061	0.12226549015588001	0.008739108995635271	0.005006680723395912	33.26893615722656
19.422	2.9869491525423726	0.11684210526315789	0.00498744567509388	0.13127958925673255	0.008646000738647498	0.004826928702037332	32.276723861694336
19.422	2.9869491525423726	0.13210526315789473	0.0015175523387977933	0.13895053269573937	0.008687692632021248	0.004926300891977162	31.716697692871094
19.422	2.9869491525423726	0.1473684210526316	-0.0023731594033353388	0.15051139383379886	0.008392978960411022	0.0046730432017758824	32.378814697265625
19.422	2.9869491525423726	0.16263157894736843	-0.008686458089626422	0.16291142005014514	0.008328824839783233	0.004769139212887397	34.226919174194336
19.422	2.9869491525423726	0.17789473684210527	-0.019213407099717323	0.17592912660278193	0.008196992046633576	0.004381561605401547	32.09539031982422
19.422	2.9869491525423726	0.1931578947368421	-0.032282873068658825	0.18960998216995587	0.008165062918456712	0.004167797254780238	29.884584426879883
19.422	2.9869491525423726	0.20842105263157895	-0.046927189044260624	0.20132770605475028	0.007903807924778433	0.003951847323800415	28.082923889160156
19.422	2.9869491525423726	0.2236842105263158	-0.06113586422016586	0.21114723935813035	0.007732346429464378	0.0037477984988141533	26.777057647705078
19.422	2.9869491525423726	0.23894736842105263	-0.07663418770844793	0.21950568291273753	0.0075563730688926805	0.003332156629097625	25.649486541748047
19.422	2.9869491525423726	0.25421052631578944	-0.0910985709279481	0.22659813614521024	0.007320548325370329	0.003136509382446157	24.709278106689453
19.422	2.9869491525423726	0.2694736842105263	-0.10580348450046076	0.23312735095497358	0.007336591614450914	0.0030645739538337612	24.068525314331055
19.422	2.9869491525423726	0.2847368421052632	-0.12105996448833539	0.23893480660736693	0.00712017538391228	0.0025503133202163155	23.468624114990234
19.422	2.9869491525423726	0.3	-0.13555178496924275	0.24256341136461723	0.00713320420965465	0.0025352835416468738	22.689924240112305
19.422	2.997118644067797	0.01	0.025887566023198416	0.1172890008932971	0.009642574112345753	0.005426985644362371	32.66489791870117
19.422	2.997118644067797	0.02526315789473684	0.022106713764993	0.1348224551922702	0.009837653570608371	0.005577123426337363	42.658531188964844
19.422	2.997118644067797	0.04052631578947368	0.01871642389033405	0.1442762894906142	0.009590375827043437	0.005407095360561212	39.38840103149414
19.422	2.997118644067797	0.05578947368421053	0.018549721619826237	0.15161138012782124	0.009653378307227062	0.005199705342333032	36.45839309692383
19.422	2.997118644067797	0.07105263157894737	0.015663307792641985	0.15677185999439902	0.009359708827010097	0.0053658236267765365	34.85810089111328
19.422	2.997118644067797	0.0863157894736842	0.01311084127905296	0.15968989173626397	0.00933112138770059	0.005016208835934846	32.62844276428223
19.422	2.997118644067797	0.10157894736842105	0.01103083702423127	0.16107993743709154	0.009345621904109178	0.0051415944334285806	31.617412567138672
19.422	2.997118644067797	0.11684210526315789	0.009755146548054006	0.16586193989998063	0.00933373343621513	0.005182122564010957	30.736221313476562
19.422	2.997118644067797	0.13210526315789473	0.005728601243248961	0.17120532796753898	0.00911028517296487	0.004986969766846804	30.422380447387695
19.422	2.997118644067797	0.1473684210526316	0.0008133351783219786	0.17946632691229086	0.00905692180024759	0.005019300100698663	31.14564323425293
19.422	2.997118644067797	0.16263157894736843	-0.0078015193042626566	0.19094534951210584	0.00901946951600408	0.004717099844626024	32.02921676635742
19.422	2.997118644067797	0.17789473684210527	-0.019983448523776794	0.2039247925574389	0.008850481758170985	0.004681676196991121	29.573291778564453
19.422	2.997118644067797	0.1931578947368421	-0.033552102217577824	0.21438915564023117	0.008728279527329843	0.004342805108580124	27.592134475708008
19.422	2.997118644067797	0.20842105263157895	-0.049322426525537366	0.22377815730097866	0.008559474185293193	0.004126069109269208	26.011974334716797
19.422	2.997118644067797	0.2236842105263158	-0.06411993229099222	0.23234377165309783	0.008380094767543023	0.003865947121493135	24.873920440673828
19.422	2.997118644067797	0.23894736842105263	-0.07830521579867833	0.23942146137225145	0.008050972316030644	0.0036014570258420084	23.91291046142578
19.422	2.997118644067797	0.25421052631578944	-0.0922553657925366	0.24363939558667558	0.008137100434321805	0.0036130912942499314	23.230005264282227
19.422	2.997118644067797	0.2694736842105263	-0.10625413650350696	0.2473811476459641	0.007881743732848886	0.0036180072108382188	22.691486358642578
19.422	2.997118644067797	0.2847368421052632	-0.1200756568338913	0.2508799771048043	0.007733669515526031	0.00346001764031127	22.223983764648438
19.422	2.997118644067797	0.3	-0.13381540374977424	0.25315104993032067	0.00766159482565114	0.003292368289232842	21.867494583129883
19.422	3.00728813559322	0.01	0.02350889559528062	0.048658910549138824	0.010651610742035576	0.005297770500949345	37.8007926940918
19.422	3.00728813559322	0.02526315789473684	0.01794378652558344	0.071839898372716	0.010526959682241805	0.005156867800314557	43.92573165893555
19.422	3.00728813559322	0.04052631578947368	0.01789357557282465	0.08201906039816767	0.010346686478964844	0.005094092076042897	40.97663879394531
19.422	3.00728813559322	0.05578947368421053	0.015481120158719297	0.09014760670770325	0.010208073986086634	0.004974481497002123	37.541147232055664
19.422	3.00728813559322	0.07105263157894737	0.013282620129675075	0.0977744268101537	0.010291416480126011	0.0050872401553983225	34.879425048828125
19.422	3.00728813559322	0.0863157894736842	0.011835266590463724	0.10568249831143159	0.010164031112966859	0.004968173609040099	33.07377052307129
19.422	3.00728813559322	0.10157894736842105	0.009597069455361339	0.11237835196524114	0.009873079583993881	0.004588106105813447	31.500980377197266
19.422	3.00728813559322	0.11684210526315789	0.007249126222035258	0.12019869679796699	0.009694611264800042	0.0046015917296612155	30.209157943725586
19.422	3.00728813559322	0.13210526315789473	0.003805534363507876	0.12878728970758915	0.010029027553915364	0.0047108229775771025	30.07431983947754
19.422	3.00728813559322	0.1473684210526316	-0.0009006772320804787	0.1387391886477591	0.00976492912597299	0.004723706658879004	30.45532989501953
19.422	3.00728813559322	0.16263157894736843	-0.008365492939356466	0.15308327826757312	0.00996292335810237	0.004721836994900575	32.026710510253906
19.422	3.00728813559322	0.17789473684210527	-0.019684247344139726	0.16632618869740853	0.00972327528694341	0.004218248619444687	30.3687801361084
19.422	3.00728813559322	0.1931578947368421	-0.033008419490192724	0.17812748947525037	0.009771097665053546	0.004219960466006788	28.54650115966797
19.422	3.00728813559322	0.20842105263157895	-0.046389772011730036	0.1886343164265643	0.009532126445457194	0.004058954344649913	27.084182739257812
19.422	3.00728813559322	0.2236842105263158	-0.05949583362068991	0.19826063689368748	0.009322039522975313	0.00407719684529706	25.930017471313477
19.422	3.00728813559322	0.23894736842105263	-0.07213110370828402	0.20306274133289196	0.009139178791246007	0.003751310791390771	25.058332443237305
19.422	3.00728813559322	0.25421052631578944	-0.08481938004794963	0.20935067665482887	0.009234540133126821	0.0038835330059976453	24.384521484375
19.422	3.00728813559322	0.2694736842105263	-0.09741805793172428	0.21321168428889437	0.009084266922295171	0.003792398144327576	23.814449310302734
19.422	3.00728813559322	0.2847368421052632	-0.11031801158566108	0.21835331950426937	0.009062931810757442	0.003518625362229026	23.366390228271484
19.422	3.00728813559322	0.3	-0.12365654968145703	0.2219455194106328	0.008961129646647865	0.0033589268742710227	22.826589584350586
19.422	3.017457627118644	0.01	0.01971109325965232	0.09308393406285481	0.011456182044850664	0.00437079376429151	37.723751068115234
19.422	3.017457627118644	0.02526315789473684	0.01713273937781639	0.12382791447056965	0.011236772391571658	0.0044552141562264795	41.789615631103516
19.422	3.017457627118644	0.04052631578947368	0.020485251451347938	0.12753487963617427	0.011177382154715228	0.004498343893831824	40.50084686279297
19.422	3.017457627118644	0.05578947368421053	0.017389974797581306	0.13657847110570054	0.011040607163375482	0.004335934745462694	36.19546127319336
19.422	3.017457627118644	0.07105263157894737	0.016293943401862847	0.14052994582724404	0.010878761144602627	0.004378368039023556	33.63490676879883
19.422	3.017457627118644	0.0863157894736842	0.01376834560864564	0.14356849562348872	0.010901898090515016	0.004343231615129416	32.42109680175781
19.422	3.017457627118644	0.10157894736842105	0.012215613709362907	0.14568606244806062	0.010851345302091336	0.004398915717532357	31.290325164794922
19.422	3.017457627118644	0.11684210526315789	0.010647547107386735	0.14951304829586942	0.010778242424350439	0.004415614487228081	30.49333953857422
19.422	3.017457627118644	0.13210526315789473	0.007422288422904773	0.154390536343182	0.01088712380638925	0.004331885342693053	29.936189651489258
19.422	3.017457627118644	0.1473684210526316	0.0033382775483278633	0.16312575669183307	0.010583809119489172	0.004143374273110678	30.41305160522461
19.422	3.017457627118644	0.16263157894736843	-0.004307613179544163	0.1761963880362864	0.010576730949612465	0.0043296088546937025	31.671390533447266
19.422	3.017457627118644	0.17789473684210527	-0.01648693953290599	0.1903052920537711	0.010654865262910967	0.004153524431656168	29.70640754699707
19.422	3.017457627118644	0.1931578947368421	-0.03100576549778245	0.20452811244178037	0.010567234363029403	0.003999050799093525	27.755393981933594
19.422	3.017457627118644	0.20842105263157895	-0.045472534373500566	0.21526394403773763	0.010673602189567595	0.0036132603876651375	26.327102661132812
19.422	3.017457627118644	0.2236842105263158	-0.059909141129720976	0.22643596976561198	0.010424261843316244	0.00343505167953386	25.143173217773438
19.422	3.017457627118644	0.23894736842105263	-0.07366347124534661	0.2341799816684444	0.01026436214812498	0.0033381674990646563	24.246212005615234
19.422	3.017457627118644	0.25421052631578944	-0.08725969360059566	0.24027185988974764	0.010450137282016023	0.0033282182812783122	23.57599449157715
19.422	3.017457627118644	0.2694736842105263	-0.10003621187027047	0.24606939821691723	0.010482305321968309	0.0032529864131710176	22.970483779907227
19.422	3.017457627118644	0.2847368421052632	-0.11411075964211444	0.2503639098430735	0.01043513647936242	0.0029844142972378445	22.564292907714844
19.422	3.017457627118644	0.3	-0.12874925676374654	0.25523151244844616	0.01036844578973534	0.002924548068051432	22.173559188842773
19.422	3.0276271186440677	0.01	0.022331448845891687	0.05417091556584768	0.012243202074550128	0.003502744303489076	37.83894348144531
19.422	3.0276271186440677	0.02526315789473684	0.020158505641250348	0.06786258191561631	0.01202052083044507	0.0034115646341949394	45.45431900024414
19.422	3.0276271186440677	0.04052631578947368	0.019203815961788183	0.07813201328518199	0.011819326084339388	0.0033407871746551545	41.239845275878906
19.422	3.0276271186440677	0.05578947368421053	0.015537151010772918	0.0854111848761081	0.011802087225784694	0.0034143535970458253	37.224870681762695
19.422	3.0276271186440677	0.07105263157894737	0.01342468279368082	0.09202991828115636	0.011593370978007904	0.003367712381901931	34.45832061767578
19.422	3.0276271186440677	0.0863157894736842	0.009775111702621346	0.09840731540306566	0.011543890619513176	0.0035744729040923804	32.73884201049805
19.422	3.0276271186440677	0.10157894736842105	0.008799206808217986	0.10219884026172714	0.01133843717119485	0.003363397529276518	31.32736587524414
19.422	3.0276271186440677	0.11684210526315789	0.0061280067712154215	0.10991319823387222	0.011391993354685704	0.0034233068312040362	30.358060836791992
19.422	3.0276271186440677	0.13210526315789473	0.003412846818574888	0.11498814407113152	0.011227342869819155	0.0033344879112690478	29.88471221923828
19.422	3.0276271186440677	0.1473684210526316	-1.0542339403934111e-05	0.12635969254205612	0.011446514268022043	0.0035773174509075275	30.058147430419922
19.422	3.0276271186440677	0.16263157894736843	-0.006860248816482065	0.13929906807988207	0.01149465987361074	0.003228556213853009	31.249698638916016
19.422	3.0276271186440677	0.17789473684210527	-0.01632102511572027	0.15299346879272974	0.011534396393804144	0.003283646598592752	32.386295318603516
19.422	3.0276271186440677	0.1931578947368421	-0.02840994573412771	0.16635202526030382	0.011491693421444522	0.003008967473656269	30.217321395874023
19.422	3.0276271186440677	0.20842105263157895	-0.04095483780400859	0.17775986149695258	0.01154763181595191	0.0029676829363641834	28.596481323242188
19.422	3.0276271186440677	0.2236842105263158	-0.05455306831452169	0.18950014296194181	0.011579197734751794	0.0024066436890737967	27.216848373413086
19.422	3.0276271186440677	0.23894736842105263	-0.06683345163159678	0.19750716756057501	0.01171032310084336	0.0026104658847341065	26.195035934448242
19.422	3.0276271186440677	0.25421052631578944	-0.08021290509945682	0.20508069649345542	0.011550729587315477	0.002118876090141779	25.399707794189453
19.422	3.0276271186440677	0.2694736842105263	-0.09398892613581275	0.21246647005613603	0.011458982366627114	0.00180301691702593	24.70850372314453
19.422	3.0276271186440677	0.2847368421052632	-0.1063810546676047	0.21773263308390864	0.011542600092945969	0.001722722079206184	24.112228393554688
19.422	3.0276271186440677	0.3	-0.11985052626378609	0.2222402603289474	0.011668456835434354	0.0013530225846021943	23.042232513427734
19.422	3.037796610169491	0.01	0.02520560281425959	0.07319238775427771	0.012993587570019756	0.002116866101381356	39.86749267578125
19.422	3.037796610169491	0.02526315789473684	0.021152356798723806	0.09955092749521846	0.013096461844190724	0.0021539598907917494	43.80764389038086
19.422	3.037796610169491	0.04052631578947368	0.017630283769620794	0.10646279840358669	0.012825213398176692	0.0021647583159768937	39.837989807128906
19.422	3.037796610169491	0.05578947368421053	0.013699197526910708	0.11843772377655179	0.012527873877755894	0.0022233115236225667	36.75804138183594
19.422	3.037796610169491	0.07105263157894737	0.012119926153316266	0.12279638405838886	0.012453513691299958	0.002220563640361255	34.738739013671875
19.422	3.037796610169491	0.0863157894736842	0.009365705815942125	0.1284811018233504	0.012175141575461861	0.0023659217446829785	32.848838806152344
19.422	3.037796610169491	0.10157894736842105	0.006880656173289172	0.132749825121165	0.01209463052004077	0.0027373625415630263	31.727802276611328
19.422	3.037796610169491	0.11684210526315789	0.00519178389555251	0.1392069654178626	0.012223243292079161	0.0023649127892340065	31.058448791503906
19.422	3.037796610169491	0.13210526315789473	0.001853417486254479	0.1448379317811045	0.012178402902857814	0.00227384448233925	30.755393981933594
19.422	3.037796610169491	0.1473684210526316	-0.0022832634217955627	0.15377766409487903	0.01247124818696041	0.002276055156888913	31.283798217773438
19.422	3.037796610169491	0.16263157894736843	-0.010666000407982068	0.16687794368626904	0.012307693244468574	0.002069761668721081	32.86530303955078
19.422	3.037796610169491	0.17789473684210527	-0.021467470961251678	0.17933963800169414	0.012291046307830875	0.001790532099843299	31.372844696044922
19.422	3.037796610169491	0.1931578947368421	-0.03632724684943227	0.19201089374437408	0.012241997734411883	0.0015738218343211742	29.145864486694336
19.422	3.037796610169491	0.20842105263157895	-0.05123781015212429	0.203929021647856	0.012427542170156559	0.0011821583165862084	27.446109771728516
19.422	3.037796610169491	0.2236842105263158	-0.06630491216714275	0.21510930701224545	0.012298377611778162	0.0008109604084655751	26.147354125976562
19.422	3.037796610169491	0.23894736842105263	-0.08137817690770266	0.22336338832037858	0.012353471104625096	0.0005582045199606667	25.147491455078125
19.422	3.037796610169491	0.25421052631578944	-0.09553554238550628	0.22961359703772904	0.0124595163533105	0.00018955603479650735	24.28016471862793
19.422	3.037796610169491	0.2694736842105263	-0.11104236015849078	0.23718437505745532	0.012362403035495038	-0.000391450323378311	23.629150390625
19.422	3.037796610169491	0.2847368421052632	-0.12642690407842655	0.24306331400153433	0.012481871179741926	-0.0004995140459393846	23.095664978027344
19.422	3.037796610169491	0.3	-0.14015632544174023	0.24532683567859584	0.012348093077278818	-0.0008814424401387328	22.35909652709961
19.422	3.0479661016949153	0.01	0.013019283408038394	0.04750285829860156	0.0138640419373682	0.0005396800321687647	37.76404571533203
19.422	3.0479661016949153	0.02526315789473684	0.015711690405122998	0.06999795019138039	0.01362445408671417	0.0006613109700758743	46.89189910888672
19.422	3.0479661016949153	0.04052631578947368	0.011700626134779075	0.07527039024672195	0.013567685200046399	0.0005452408015982193	40.899017333984375
19.422	3.0479661016949153	0.05578947368421053	0.01087190173393478	0.08555626299865524	0.013312938338002919	0.0007142834307485618	36.14613914489746
19.422	3.0479661016949153	0.07105263157894737	0.008318147511180853	0.08965364111798685	0.012767472263748553	0.0005199641338874963	33.4965705871582
19.422	3.0479661016949153	0.0863157894736842	0.006541428457553987	0.09512757705618835	0.012762727141569731	0.0007205824862798705	32.115352630615234
19.422	3.0479661016949153	0.10157894736842105	0.005321203287299277	0.10254068439920637	0.012772671626851907	0.0010327440284858829	30.64920997619629
19.422	3.0479661016949153	0.11684210526315789	0.0029967331679345583	0.11044488606124553	0.01275156203996584	0.0008761981677446678	29.988845825195312
19.422	3.0479661016949153	0.13210526315789473	-0.0007081428570166206	0.11698040915744357	0.012766152758857046	0.0009308781678813307	29.847274780273438
19.422	3.0479661016949153	0.1473684210526316	-0.005904882455051097	0.1288229993906451	0.012916681342474458	0.0008032597783570444	30.50397491455078
19.422	3.0479661016949153	0.16263157894736843	-0.01378314118626729	0.14177715376844824	0.012759548996865407	0.0005287382751662626	32.219926834106445
19.422	3.0479661016949153	0.17789473684210527	-0.023883566593557753	0.15380686399420918	0.013002735438527549	0.00021951635443022842	31.465795516967773
19.422	3.0479661016949153	0.1931578947368421	-0.03673268885507895	0.16409840974715664	0.012982593517113948	-0.00019349943669746123	29.60995101928711
19.422	3.0479661016949153	0.20842105263157895	-0.049552156171227754	0.1739222465495452	0.01295362022825075	-0.0006756849719904176	28.120038986206055
19.422	3.0479661016949153	0.2236842105263158	-0.06228005844208128	0.18261332283195703	0.012948697619641547	-0.0011006583139457128	26.966215133666992
19.422	3.0479661016949153	0.23894736842105263	-0.07534205585548477	0.18934713172440498	0.013026521170599159	-0.00158962902264332	26.057119369506836
19.422	3.0479661016949153	0.25421052631578944	-0.08768095769051287	0.1930593030463726	0.0128963998511099	-0.0020332149764240304	25.297657012939453
19.422	3.0479661016949153	0.2694736842105263	-0.10085021751383863	0.19950665036684972	0.013017028138011056	-0.002533519584217764	24.64225196838379
19.422	3.0479661016949153	0.2847368421052632	-0.11312719705238089	0.20244300221463962	0.012912586661954334	-0.0030931541014222646	23.417037963867188
19.422	3.0479661016949153	0.3	-0.12483941438331347	0.2052319989111118	0.013167474935803277	-0.003284179037471544	22.19658660888672
19.422	3.0581355932203387	0.01	0.006337872420408868	0.056180381080119954	0.014375522005379702	-0.0015277071629936053	39.97529602050781
19.422	3.0581355932203387	0.02526315789473684	0.014254400412756127	0.08441820460509797	0.014316717667693175	-0.001309173034426891	42.90809631347656
19.422	3.0581355932203387	0.04052631578947368	0.016193629954164467	0.09433294694557914	0.013993208242712898	-0.001578733497679707	42.44081115722656
19.422	3.0581355932203387	0.05578947368421053	0.01084232196599766	0.10656122874155768	0.013739995432739491	-0.0012975059801023812	37.19525718688965
19.422	3.0581355932203387	0.07105263157894737	0.008606094461088617	0.11364338138759264	0.01330354062435577	-0.0012374479146790244	35.630191802978516
19.422	3.0581355932203387	0.0863157894736842	0.0069200428684433185	0.11936021583437662	0.013010859590054501	-0.0010856817481884483	33.35093688964844
19.422	3.0581355932203387	0.10157894736842105	0.005658120523877927	0.12714680625408625	0.013154073160172454	-0.0007498580036530008	32.065757751464844
19.422	3.0581355932203387	0.11684210526315789	0.004448492879920794	0.13503765770971124	0.012837711939415214	-0.0007279259234541056	31.349571228027344
19.422	3.0581355932203387	0.13210526315789473	-5.864085728566396e-05	0.14143767012088834	0.012843004236717023	-0.0006866891782833794	31.07865333557129
19.422	3.0581355932203387	0.1473684210526316	-0.006869589355686314	0.1539399121947102	0.012794713536456401	-0.0010862249459619498	31.990392684936523
19.422	3.0581355932203387	0.16263157894736843	-0.018047350507389037	0.16843181526592188	0.012642898121836702	-0.0015613605311414363	31.2609806060791
19.422	3.0581355932203387	0.17789473684210527	-0.031744343084203375	0.18041821178400586	0.012536870517314409	-0.001917457613441701	28.975187301635742
19.422	3.0581355932203387	0.1931578947368421	-0.04757600168059101	0.19262524069635217	0.012706040186300815	-0.002389435555005627	27.210187911987305
19.422	3.0581355932203387	0.20842105263157895	-0.06259631089674288	0.20246185910388248	0.012691484670928621	-0.0029534295686517793	25.908565521240234
19.422	3.0581355932203387	0.2236842105263158	-0.07634658709649825	0.20990294839930823	0.012546191944020933	-0.003412781655145204	24.93738555908203
19.422	3.0581355932203387	0.23894736842105263	-0.09105166566370185	0.2163530263670556	0.012328536315756446	-0.0041464169257563275	24.10786247253418
19.422	3.0581355932203387	0.25421052631578944	-0.10435083057892638	0.22043041851712145	0.012250048978572408	-0.004572965865730268	23.51512908935547
19.422	3.0581355932203387	0.2694736842105263	-0.11834104318046498	0.22472343134652883	0.012059377969038866	-0.0051289750629700415	23.04775047302246
19.422	3.0581355932203387	0.2847368421052632	-0.1319789014255438	0.22746964500301392	0.012181382406753514	-0.005911610233749878	22.678485870361328
19.422	3.0581355932203387	0.3	-0.14558700121350548	0.22957511735048025	0.01192441829754123	-0.006320006044086394	21.989545822143555
19.422	3.068305084745763	0.01	0.012462416748814632	0.07419885443422825	0.014750346571206129	-0.004000818920939994	38.43016052246094
19.422	3.068305084745763	0.02526315789473684	0.004911782305054711	0.0885764700350526	0.014203331940033691	-0.003976855635421158	45.89740753173828
19.422	3.068305084745763	0.04052631578947368	0.006341945208907466	0.09599435067402082	0.01393657149901166	-0.003944635261878956	42.31608200073242
19.422	3.068305084745763	0.05578947368421053	0.00621682313859496	0.10038430428730208	0.013384327364835993	-0.0035188422258169514	36.89861869812012
19.422	3.068305084745763	0.07105263157894737	0.006788680451580577	0.10125029809804441	0.012882783133679989	-0.0033480413412643613	34.33196449279785
19.422	3.068305084745763	0.0863157894736842	0.007204449628778522	0.10432513031281455	0.012617225151015031	-0.002974072073099191	32.78704833984375
19.422	3.068305084745763	0.10157894736842105	0.005516206319742622	0.10918555384140387	0.0121948646420208	-0.0026328735887822365	31.520139694213867
19.422	3.068305084745763	0.11684210526315789	0.003976390434203203	0.11406631367659814	0.012322003874993288	-0.002300053049213464	30.604129791259766
19.422	3.068305084745763	0.13210526315789473	0.0008810858482858043	0.12124683966523966	0.012012162474181784	-0.0023038186270987406	30.542236328125
19.422	3.068305084745763	0.1473684210526316	-0.005004121571929206	0.13217728263827977	0.012158636228828207	-0.0026793460248489844	31.36269760131836
19.422	3.068305084745763	0.16263157894736843	-0.014971178792567	0.14670663778799592	0.011933713542788412	-0.002936792616797458	31.587379455566406
19.422	3.068305084745763	0.17789473684210527	-0.026087627768666494	0.15748108415993864	0.012007778786613724	-0.003286406803941203	29.48253059387207
19.422	3.068305084745763	0.1931578947368421	-0.03884609112496116	0.16809046994005555	0.011671466767478496	-0.0038782334241982547	28.059646606445312
19.422	3.068305084745763	0.20842105263157895	-0.04988558992607795	0.17594936112265455	0.011672017733202653	-0.004368243515201737	26.907323837280273
19.422	3.068305084745763	0.2236842105263158	-0.061108032368752174	0.1838485734424104	0.011314842423293142	-0.004907472001215336	25.9950008392334
19.422	3.068305084745763	0.23894736842105263	-0.07211910460991944	0.18857741367093867	0.01129920018189658	-0.005697643392496884	25.418869018554688
19.422	3.068305084745763	0.25421052631578944	-0.08367140628197386	0.19334250641252027	0.011257212836575473	-0.006048540805360445	24.838333129882812
19.422	3.068305084745763	0.2694736842105263	-0.09494166596696385	0.19720594550440254	0.010938109824714028	-0.00660483279441125	24.378828048706055
19.422	3.068305084745763	0.2847368421052632	-0.1052640667564462	0.19986822769819879	0.010816623114308675	-0.007154691543264103	23.35822868347168
19.422	3.068305084745763	0.3	-0.11544149629489915	0.20089634606515638	0.010537050141901944	-0.008073462186092506	22.1297664642334
19.422	3.0784745762711863	0.01	0.015987949448661637	0.09700782248651264	0.013525038522930057	-0.0059483024010829055	32.72663116455078
19.422	3.0784745762711863	0.02526315789473684	0.011689953089715668	0.1123021304224956	0.013236566309352769	-0.006002933023680922	44.445743560791016
19.422	3.0784745762711863	0.04052631578947368	0.008215617743188294	0.11196782020806567	0.012607154887014803	-0.005615190344027409	42.18716812133789
19.422	3.0784745762711863	0.05578947368421053	0.009094398823434267	0.1171741935419966	0.012064542806868242	-0.005075719952953427	38.69565773010254
19.422	3.0784745762711863	0.07105263157894737	0.008639925045461816	0.11765960003831494	0.011322396572862024	-0.004630347486369778	36.28449058532715
19.422	3.0784745762711863	0.0863157894736842	0.006771763707546006	0.12194455532589996	0.011145307140352927	-0.00400137435390838	34.27240180969238
19.422	3.0784745762711863	0.10157894736842105	0.0064375658264722024	0.12567435935234028	0.010870810139172519	-0.003377831344585676	32.80455780029297
19.422	3.0784745762711863	0.11684210526315789	0.002835434459012642	0.13287697087452627	0.010671508965029185	-0.0033233998561974596	31.694177627563477
19.422	3.0784745762711863	0.13210526315789473	-0.0017937578790874194	0.14032874429586303	0.01062823343321905	-0.0032028617864553765	31.53423500061035
19.422	3.0784745762711863	0.1473684210526316	-0.010138539091596104	0.1520983336119629	0.010576977781074772	-0.003290896326086486	32.612449645996094
19.422	3.0784745762711863	0.16263157894736843	-0.021969280616550756	0.16730720666551535	0.010567867727190886	-0.0036984305053009937	31.50002670288086
19.422	3.0784745762711863	0.17789473684210527	-0.036510614604557255	0.1813456886335417	0.010226885014385612	-0.003921284728403323	29.132535934448242
19.422	3.0784745762711863	0.1931578947368421	-0.050856922109013755	0.1923109354979034	0.01024750513898811	-0.004475554708625927	27.660633087158203
19.422	3.0784745762711863	0.20842105263157895	-0.06577668425921636	0.20318652427224615	0.0099449220675547	-0.005620206607107643	26.39999771118164
19.422	3.0784745762711863	0.2236842105263158	-0.078889360028322	0.21255855289776565	0.009791345619489706	-0.005751415154571403	25.536100387573242
19.422	3.0784745762711863	0.23894736842105263	-0.09319113904943808	0.21872145339887836	0.009644670957820232	-0.006529070876521491	24.75393295288086
19.422	3.0784745762711863	0.25421052631578944	-0.10635528685556644	0.22408200532357403	0.00964246836398471	-0.006853684481986622	24.19655990600586
19.422	3.0784745762711863	0.2694736842105263	-0.12005010745156378	0.22896343585554263	0.009333550761469467	-0.007528975976330683	23.723388671875
19.422	3.0784745762711863	0.2847368421052632	-0.1320264117800919	0.23120797395854692	0.009322887913979882	-0.00803449237430118	23.380847930908203
19.422	3.0784745762711863	0.3	-0.1455834334454941	0.23465239542677713	0.008946978779128908	-0.008654841210617614	22.269628524780273
19.422	3.08864406779661	0.01	-0.002426363566950522	0.13670045452884844	0.011393822247889469	-0.006220971363249174	38.55110168457031
19.422	3.08864406779661	0.02526315789473684	-0.0005697177702152434	0.14630019327039784	0.010822546079696033	-0.005973590137686171	45.485069274902344
19.422	3.08864406779661	0.04052631578947368	0.003089369401511656	0.14297223595105849	0.010507134498281955	-0.005323591451000519	40.493736267089844
19.422	3.08864406779661	0.05578947368421053	0.001656684778806673	0.1377392177576645	0.009872587150075256	-0.004951499339800009	36.88058090209961
19.422	3.08864406779661	0.07105263157894737	0.0018601292312179327	0.13239897217691726	0.009384245132004858	-0.004198607153589634	34.4736328125
19.422	3.08864406779661	0.0863157894736842	0.0014591876490985057	0.13099049384565292	0.009096643393756784	-0.0034585457649009815	32.600425720214844
19.422	3.08864406779661	0.10157894736842105	-0.0005165676600054842	0.1302593289752767	0.008839882876388691	-0.0030206086322360267	31.370471954345703
19.422	3.08864406779661	0.11684210526315789	-0.0023655315583792527	0.13154846542403534	0.00891771237351384	-0.002651854985430642	30.45737075805664
19.422	3.08864406779661	0.13210526315789473	-0.005378728946777667	0.13639381686782026	0.008932132725513266	-0.0025422024575225315	30.32335090637207
19.422	3.08864406779661	0.1473684210526316	-0.013524661620692328	0.14665052102279696	0.009080484369897363	-0.0027541461819116627	31.500642776489258
19.422	3.08864406779661	0.16263157894736843	-0.024619593963621886	0.1599644890789447	0.009159888908510041	-0.0030254514118722006	32.43438148498535
19.422	3.08864406779661	0.17789473684210527	-0.03807592874555993	0.17290958675741003	0.009077334535180125	-0.003755236231813616	30.247543334960938
19.422	3.08864406779661	0.1931578947368421	-0.05101053011850452	0.1827293874950695	0.008866196299589502	-0.0044237278976423135	28.58510398864746
19.422	3.08864406779661	0.20842105263157895	-0.06440643457709812	0.19260190133574295	0.008831420719174102	-0.0048010958246733	27.421545028686523
19.422	3.08864406779661	0.2236842105263158	-0.07631889464652031	0.20049765953026497	0.008592706663229192	-0.005337569592059114	26.44614028930664
19.422	3.08864406779661	0.23894736842105263	-0.08883027894740786	0.20733808777458754	0.00835404347642571	-0.005993521657820881	25.736053466796875
19.422	3.08864406779661	0.25421052631578944	-0.10149420885687557	0.21374267353839957	0.008221392142219251	-0.006352397052161311	25.032299041748047
19.422	3.08864406779661	0.2694736842105263	-0.11359620453853149	0.2169396843788406	0.008231753685119025	-0.006946008223304805	24.53687286376953
19.422	3.08864406779661	0.2847368421052632	-0.12584439190463026	0.22072478856782934	0.007915708498602427	-0.007681838195449792	23.30111312866211
19.422	3.08864406779661	0.3	-0.13756697754501226	0.221675006949888	0.007704094487688666	-0.00829788654390618	22.14043426513672
19.422	3.098813559322034	0.01	0.002600787557067513	0.11961177748090546	0.009652196545093389	-0.00430794162309097	36.31141662597656
19.422	3.098813559322034	0.02526315789473684	0.0009433619448562802	0.13014725421017923	0.009369408172099782	-0.004093646494870602	44.759925842285156
19.422	3.098813559322034	0.04052631578947368	0.0025116596444794237	0.12948717405982824	0.008847500512223461	-0.0037783687089734063	40.700740814208984
19.422	3.098813559322034	0.05578947368421053	0.0026040752475388553	0.13176102771612191	0.008380278270397008	-0.0033060690377004695	37.285099029541016
19.422	3.098813559322034	0.07105263157894737	-0.0001342664415709466	0.12723675056549094	0.007817337235455617	-0.0027520967496171547	35.028608322143555
19.422	3.098813559322034	0.0863157894736842	-0.002314728925218666	0.12878069515858603	0.007769879933407303	-0.0022501533278101275	32.91940689086914
19.422	3.098813559322034	0.10157894736842105	-0.004535830633928862	0.12846457046975204	0.0077035167049686985	-0.001785072746764489	31.682153701782227
19.422	3.098813559322034	0.11684210526315789	-0.007959599842500716	0.13500921583849967	0.0077716227501709746	-0.0015615226983838625	30.802837371826172
19.422	3.098813559322034	0.13210526315789473	-0.01362446039281491	0.14249949000891332	0.007763587235696359	-0.0017370372118504847	31.044803619384766
19.422	3.098813559322034	0.1473684210526316	-0.022114975135717543	0.15393505469875218	0.007958253244992261	-0.001916138676061881	31.96692657470703
19.422	3.098813559322034	0.16263157894736843	-0.03442684834817425	0.16840415914522283	0.007921392455368798	-0.002149307755972903	32.536346435546875
19.422	3.098813559322034	0.17789473684210527	-0.04948375552566957	0.18066779219190046	0.008136125087928641	-0.002924557784324496	30.176809310913086
19.422	3.098813559322034	0.1931578947368421	-0.06468585332397725	0.19103049629054666	0.007635687843519529	-0.0033317421167954287	28.383075714111328
19.422	3.098813559322034	0.20842105263157895	-0.07927516129632367	0.20209938870691624	0.007673527909689772	-0.0041905419781347476	27.0849666595459
19.422	3.098813559322034	0.2236842105263158	-0.09331632730384243	0.2100542715372976	0.0074707882933932185	-0.004778493925142882	26.13686180114746
19.422	3.098813559322034	0.23894736842105263	-0.10851092337463869	0.21672493285448216	0.007331471775649935	-0.0051919039603959185	25.359861373901367
19.422	3.098813559322034	0.25421052631578944	-0.12165433891416413	0.22073001838005074	0.007085310104993055	-0.006143413368000963	24.78297996520996
19.422	3.098813559322034	0.2694736842105263	-0.1359593887136789	0.2244757015310635	0.006903276074726242	-0.006717736995206411	24.253284454345703
19.422	3.098813559322034	0.2847368421052632	-0.15016575409900457	0.22781929411810703	0.00682833830770448	-0.00710807738821173	23.306869506835938
19.422	3.098813559322034	0.3	-0.1642490282734862	0.2298167355905927	0.006561472178063345	-0.007944104253665917	22.244792938232422
19.422	3.1089830508474576	0.01	0.0017664600461947942	0.10715979277390858	0.008411831503153156	-0.000958130365798258	38.28563690185547
19.422	3.1089830508474576	0.02526315789473684	-0.003854946214109014	0.11563106886776833	0.00833766740426823	-0.0009522343411860754	45.46358871459961
19.422	3.1089830508474576	0.04052631578947368	-0.0038363731763757184	0.11947349341166592	0.007986438824012848	-0.000945396040461643	42.07924270629883
19.422	3.1089830508474576	0.05578947368421053	-0.004802302524968103	0.12383292659985116	0.007522450089747877	-0.0007868402204312785	37.31899452209473
19.422	3.1089830508474576	0.07105263157894737	-0.0038181593420863243	0.1222309058834351	0.007156277737192081	-0.0004300738941859716	35.496070861816406
19.422	3.1089830508474576	0.0863157894736842	-0.004334795374399015	0.1208632599895951	0.006842703463124678	-0.00037107887086952103	32.96600532531738
19.422	3.1089830508474576	0.10157894736842105	-0.004998847427218534	0.12204719708169032	0.006621988953637522	-0.0002508183043965122	31.77175521850586
19.422	3.1089830508474576	0.11684210526315789	-0.006980009520798303	0.12527016839811728	0.006780730581760971	-0.0002818622024651501	30.878114700317383
19.422	3.1089830508474576	0.13210526315789473	-0.010692285768810888	0.1319024579492846	0.00692465317424934	-0.0004105434961889361	30.874038696289062
19.422	3.1089830508474576	0.1473684210526316	-0.017604822036002055	0.14204206991805518	0.007169456860177099	-0.00036350224451557264	31.518661499023438
19.422	3.1089830508474576	0.16263157894736843	-0.027756051834795854	0.1542639449597784	0.007117244722567768	-0.0010991619085291852	32.45406913757324
19.422	3.1089830508474576	0.17789473684210527	-0.03999983329995889	0.16595061946153158	0.007101337720227873	-0.0018019910321912787	30.0976619720459
19.422	3.1089830508474576	0.1931578947368421	-0.05261976424081372	0.17426921746462917	0.006831367901933255	-0.0024988827505551202	28.641944885253906
19.422	3.1089830508474576	0.20842105263157895	-0.06567498958767781	0.18454667241004358	0.00668746330317513	-0.0030848116444956077	27.380409240722656
19.422	3.1089830508474576	0.2236842105263158	-0.07780000042792148	0.1917976640694884	0.0063308119300537055	-0.003798699372450984	26.458782196044922
19.422	3.1089830508474576	0.23894736842105263	-0.08990481804872054	0.19737270693736636	0.0062795683195482266	-0.004340357180658658	25.74403953552246
19.422	3.1089830508474576	0.25421052631578944	-0.10127995919251936	0.2000033698554572	0.006183933640756616	-0.004859280811306463	25.219600677490234
19.422	3.1089830508474576	0.2694736842105263	-0.1137827995051828	0.20435790509078205	0.005800720769554641	-0.005628898224640806	24.67502784729004
19.422	3.1089830508474576	0.2847368421052632	-0.1261718714137294	0.2073176618040262	0.005603572092423582	-0.006388006449146473	23.274564743041992
19.422	3.1089830508474576	0.3	-0.1372898628462769	0.20707574201083762	0.005531861553529325	-0.006889361106559234	22.11745834350586
19.422	3.1191525423728814	0.01	0.0018267182407237844	0.046759384074593166	0.0076853763356320515	0.0014619393836669456	37.875404357910156
19.422	3.1191525423728814	0.02526315789473684	0.0006193324086291992	0.06460952904022552	0.007581339567806318	0.001274708357752433	44.52391052246094
19.422	3.1191525423728814	0.04052631578947368	-0.0007136953900532545	0.07324983478470956	0.0074503152705388135	0.0011736048559256842	43.13633728027344
19.422	3.1191525423728814	0.05578947368421053	-0.0021856597815348615	0.08282219841005344	0.006965464061754136	0.0008326145136422101	38.71694755554199
19.422	3.1191525423728814	0.07105263157894737	-0.003438001744652806	0.08904079710866852	0.006836751319398913	0.001113760019198632	36.16567611694336
19.422	3.1191525423728814	0.0863157894736842	-0.005628711044992027	0.09353330544929547	0.006537245506244305	0.0009745100127801556	33.67436599731445
19.422	3.1191525423728814	0.10157894736842105	-0.0076006212622450504	0.09986119884435968	0.006562089427867597	0.0010481665649980738	32.24118614196777
19.422	3.1191525423728814	0.11684210526315789	-0.010213626132608561	0.10671693317874516	0.006734972624355674	0.0011319725186462837	31.200912475585938
19.422	3.1191525423728814	0.13210526315789473	-0.014475385470868721	0.11556749601970726	0.0066716235016720925	0.0010370650775025493	30.86693572998047
19.422	3.1191525423728814	0.1473684210526316	-0.01977680702031017	0.12662168915899888	0.006753866935454118	0.0005820018725972351	31.41505241394043
19.422	3.1191525423728814	0.16263157894736843	-0.029384556629623193	0.14034707965098053	0.006668534108261459	1.0259966982117933e-05	32.518157958984375
19.422	3.1191525423728814	0.17789473684210527	-0.04102048657323444	0.15145430512141167	0.0063089299323604185	-0.0004775876970621203	30.36949348449707
19.422	3.1191525423728814	0.1931578947368421	-0.05338211326115977	0.16163722630819966	0.006258768941494597	-0.0012434228669712171	28.867971420288086
19.422	3.1191525423728814	0.20842105263157895	-0.06553010433202197	0.17177529042418035	0.006183618565716271	-0.0017572722358431049	27.662261962890625
19.422	3.1191525423728814	0.2236842105263158	-0.07769193232792138	0.17910133090826416	0.005912355919587378	-0.002359773369678282	26.72310447692871
19.422	3.1191525423728814	0.23894736842105263	-0.08872486285319785	0.18411514550963604	0.005793947577661244	-0.0030408207203580237	26.07135009765625
19.422	3.1191525423728814	0.25421052631578944	-0.10138901553502541	0.18831721708694663	0.005383473881705074	-0.0035378151100447564	25.42242431640625
19.422	3.1191525423728814	0.2694736842105263	-0.11236560890744729	0.1911592503231235	0.00519749941226297	-0.004373686518872407	25.030712127685547
19.422	3.1191525423728814	0.2847368421052632	-0.125083975896149	0.1959047897144204	0.0052598226647588096	-0.004655453734946919	23.596221923828125
19.422	3.1191525423728814	0.3	-0.1346816968702796	0.19576079025458326	0.005065042665266492	-0.005455677419010818	22.42031478881836
19.422	3.1293220338983048	0.01	-0.0020389508985999226	0.05735670700263018	0.007671695981820468	0.00334422770699125	36.94080352783203
19.422	3.1293220338983048	0.02526315789473684	0.0012480887859965654	0.07219537694870316	0.0074293932989851486	0.003142065004671554	44.84484100341797
19.422	3.1293220338983048	0.04052631578947368	-0.00038793279827581775	0.0815523417007812	0.007381213833571842	0.0029509071332107515	42.282066345214844
19.422	3.1293220338983048	0.05578947368421053	-0.0001420518383045766	0.08997841782381738	0.007120647207030939	0.0028626061371277546	38.89126014709473
19.422	3.1293220338983048	0.07105263157894737	-2.1655904597071662e-05	0.09321205669470613	0.006947455846712925	0.002561934905465849	36.15017127990723
19.422	3.1293220338983048	0.0863157894736842	-0.0017518956513184463	0.09766202838053525	0.006729912629546581	0.002543283190911433	34.09440803527832
19.422	3.1293220338983048	0.10157894736842105	-0.0023972233514312742	0.10142542874344895	0.00678481167970223	0.0023464048902809473	32.571842193603516
19.422	3.1293220338983048	0.11684210526315789	-0.0036113078928563863	0.10628641567562976	0.0068220889651788245	0.002312812250704231	31.529611587524414
19.422	3.1293220338983048	0.13210526315789473	-0.005610366560426739	0.11177307896686056	0.006826873282203861	0.0022586105267801814	31.43009376525879
19.422	3.1293220338983048	0.1473684210526316	-0.01021350895796317	0.12270085070666778	0.006886293522199095	0.002080941916949166	32.02574157714844
19.422	3.1293220338983048	0.16263157894736843	-0.017855992156978417	0.1338183725896562	0.006417129592294985	0.0014876422709324114	33.16956901550293
19.422	3.1293220338983048	0.17789473684210527	-0.027225070655435807	0.14495416341241088	0.006410792175651252	0.0007456766043716393	30.96341896057129
19.422	3.1293220338983048	0.1931578947368421	-0.03890109040137289	0.15691860797022691	0.006416068796155696	0.00039662091245840173	29.16661262512207
19.422	3.1293220338983048	0.20842105263157895	-0.04925479105738745	0.16444663978853738	0.005916122129005041	-0.00038855985515771023	28.041839599609375
19.422	3.1293220338983048	0.2236842105263158	-0.060428415102137346	0.1728138672313328	0.006084427484480737	-0.0007812454109981551	27.092012405395508
19.422	3.1293220338983048	0.23894736842105263	-0.07110785604752425	0.1789788721254702	0.005625467908614077	-0.0013705664532008381	26.32745933532715
19.422	3.1293220338983048	0.25421052631578944	-0.08218895142460281	0.18382299186056617	0.005460279414436695	-0.0019892431811121243	25.826702117919922
19.422	3.1293220338983048	0.2694736842105263	-0.09291036670589857	0.18790934027498724	0.0051667191248928645	-0.0025156812895775786	24.676998138427734
19.422	3.1293220338983048	0.2847368421052632	-0.10501030727719361	0.19323250878815929	0.004966899353067469	-0.0028772404544402577	23.28362274169922
19.422	3.1293220338983048	0.3	-0.11581010892124893	0.1947875820102053	0.004616140209228225	-0.0034129691864696428	22.1398868560791
19.422	3.139491525423729	0.01	0.010658454158585027	0.01564148291962919	0.0079205364995603	0.0043665299103262745	39.75741958618164
19.422	3.139491525423729	0.02526315789473684	0.005921725601985322	0.023942399282706896	0.008081248620037357	0.004376753471456392	39.493892669677734
19.422	3.139491525423729	0.04052631578947368	0.0019924398968957507	0.03891624163533561	0.007590727029791945	0.0037582593418394707	41.82768249511719
19.422	3.139491525423729	0.05578947368421053	0.0024402691033916972	0.047696790212186896	0.007471246455433919	0.0036666956233150612	38.23123741149902
19.422	3.139491525423729	0.07105263157894737	-0.000628547558443016	0.05759604286530884	0.007448774170758676	0.003556870550785872	35.18558883666992
19.422	3.139491525423729	0.0863157894736842	-0.004459718802825875	0.0670478058246699	0.007385458808336531	0.0034545649615057234	33.01393699645996
19.422	3.139491525423729	0.10157894736842105	-0.004873356597380112	0.0736263526802686	0.007286438835605347	0.003476629810559727	31.455795288085938
19.422	3.139491525423729	0.11684210526315789	-0.007510223158822847	0.08208810550249104	0.007188221008215129	0.0032082374954321884	30.500926971435547
19.422	3.139491525423729	0.13210526315789473	-0.011267991477114552	0.09250928605144226	0.007178245941992151	0.003139946554569766	30.523548126220703
19.422	3.139491525423729	0.1473684210526316	-0.016356372501483328	0.10586836962924098	0.0069010933344145564	0.0027825652837188022	31.170875549316406
19.422	3.139491525423729	0.16263157894736843	-0.025016050666770068	0.12099735824541699	0.006938034543833281	0.0025397011817809866	32.89759063720703
19.422	3.139491525423729	0.17789473684210527	-0.03550106242900221	0.13344996620208316	0.00671656254168973	0.0019403036650886382	31.470022201538086
19.422	3.139491525423729	0.1931578947368421	-0.046827870166352675	0.14442699302226597	0.006535536762814974	0.0013331351536010963	29.95201873779297
19.422	3.139491525423729	0.20842105263157895	-0.05843658942748299	0.1549993912754004	0.0060540624709324925	0.0009776741335202582	28.792766571044922
19.422	3.139491525423729	0.2236842105263158	-0.06925830672979796	0.16351492376480076	0.006124286058961844	0.0005440687194410816	27.808778762817383
19.422	3.139491525423729	0.23894736842105263	-0.08147740736384655	0.1694262422298337	0.00577140185200329	-4.0839317767381716e-05	27.062381744384766
19.422	3.139491525423729	0.25421052631578944	-0.09305389536897675	0.1765949478622318	0.005443684275128866	-0.0004950594731378058	26.17351531982422
19.422	3.139491525423729	0.2694736842105263	-0.10396038715265715	0.18092184986910104	0.005148061303812533	-0.0010481150616721401	24.27940559387207
19.422	3.139491525423729	0.2847368421052632	-0.1167514146647326	0.18608858166705397	0.005323834755150124	-0.0012502714932958758	22.9103946685791
19.422	3.139491525423729	0.3	-0.12737440883390344	0.18819183427828617	0.004782972754779499	-0.0015759344313837193	21.768491744995117
19.422	3.1496610169491523	0.01	0.012187580980416063	0.04507978314893052	0.008171688387717283	0.004938057075386293	39.82204818725586
19.422	3.1496610169491523	0.02526315789473684	0.007902500835761278	0.05471576384222289	0.008101154837270424	0.00463872260172885	42.9281005859375
19.422	3.1496610169491523	0.04052631578947368	0.0051501900530903045	0.07038068591570637	0.008004939569041308	0.004499204566488481	41.05497741699219
19.422	3.1496610169491523	0.05578947368421053	0.005370365240845283	0.08000104719224851	0.00801996434739078	0.004269544674340943	37.59534454345703
19.422	3.1496610169491523	0.07105263157894737	0.003585782018957116	0.08500035195005129	0.007775267479978651	0.0041539544492906885	34.97275733947754
19.422	3.1496610169491523	0.0863157894736842	0.0011376649154166895	0.0908857799235955	0.007444004371304648	0.004076682479239394	32.96715545654297
19.422	3.1496610169491523	0.10157894736842105	-0.0004538623672379917	0.09649707488922575	0.007660248539345807	0.0038143871090818788	31.64429473876953
19.422	3.1496610169491523	0.11684210526315789	-0.0019856365292179913	0.10316133212164429	0.007620218253637025	0.0037780983289616476	30.9035701751709
19.422	3.1496610169491523	0.13210526315789473	-0.005401846860706393	0.11170981051382994	0.007416595450231247	0.0036299855865189867	30.618858337402344
19.422	3.1496610169491523	0.1473684210526316	-0.010403945577501844	0.12342779617739293	0.007345555368714673	0.003455596474374009	31.434415817260742
19.422	3.1496610169491523	0.16263157894736843	-0.02239078602326594	0.13851143997397264	0.007211196884940551	0.0030959210195542018	33.1705436706543
19.422	3.1496610169491523	0.17789473684210527	-0.034601132222838026	0.15149539327483613	0.006906491798485339	0.0025759233238895583	30.909746170043945
19.422	3.1496610169491523	0.1931578947368421	-0.048052848899192445	0.1624988750578089	0.00664069503613011	0.0021199630841120458	29.133928298950195
19.422	3.1496610169491523	0.20842105263157895	-0.06152883496675324	0.17310590319113456	0.006622095593318561	0.0020004064606215033	27.8487548828125
19.422	3.1496610169491523	0.2236842105263158	-0.0744854855218871	0.18205180413799005	0.00626952360853849	0.0013463450057460712	26.84023666381836
19.422	3.1496610169491523	0.23894736842105263	-0.08667459641835573	0.18714926532063883	0.005951994101091451	0.0011173194492730062	26.088119506835938
19.422	3.1496610169491523	0.25421052631578944	-0.09995477129957558	0.19309978215549395	0.005643392847018012	0.0006806409168493223	25.483875274658203
19.422	3.1496610169491523	0.2694736842105263	-0.11422996161763443	0.1990679475457395	0.005533266380595885	0.00037338187012625576	23.868131637573242
19.422	3.1496610169491523	0.2847368421052632	-0.1270530098050485	0.20183423799437855	0.005622954699010961	-0.0004158051406075018	22.57457733154297
19.422	3.1496610169491523	0.3	-0.13979474811798814	0.20474315086659625	0.005135460290549015	-0.0006950616914539414	21.450544357299805
19.422	3.159830508474576	0.01	0.013665945241386819	0.008933214343158665	0.008540877594247015	0.004900422074750253	35.120059967041016
19.422	3.159830508474576	0.02526315789473684	0.0072601708500064765	0.026058988354821476	0.008498996886747682	0.004594165472176966	43.78546142578125
19.422	3.159830508474576	0.04052631578947368	0.007023240710643663	0.03501805196302081	0.008510446435302452	0.004734226510585105	39.76406478881836
19.422	3.159830508474576	0.05578947368421053	0.00404812207595708	0.042683578277058605	0.008593377421839118	0.0045942833524474916	36.444496154785156
19.422	3.159830508474576	0.07105263157894737	0.0011413857169568745	0.04918278585565805	0.008190014207848302	0.0044467211185417205	33.67333221435547
19.422	3.159830508474576	0.0863157894736842	-0.00044380103875343727	0.05644975946157775	0.008248440237029484	0.004390077774641656	31.985116958618164
19.422	3.159830508474576	0.10157894736842105	-0.003244325880457986	0.06192913028157794	0.008228711298242467	0.004432631647486675	30.745899200439453
19.422	3.159830508474576	0.11684210526315789	-0.0072530669187659096	0.07114791913790082	0.00804874588198	0.004212654517395822	30.167217254638672
19.422	3.159830508474576	0.13210526315789473	-0.01013694768969776	0.08201903906356361	0.00798473451963811	0.004116342653336706	30.09029769897461
19.422	3.159830508474576	0.1473684210526316	-0.01829793364027927	0.09692139232903003	0.007719907020006317	0.003928155894440372	31.162424087524414
19.422	3.159830508474576	0.16263157894736843	-0.028355595177127456	0.11212052432202486	0.007551398110543893	0.0036815238899739417	33.29997253417969
19.422	3.159830508474576	0.17789473684210527	-0.040998524398745725	0.12681845329217856	0.007208592723267183	0.0033954774831717986	31.36429214477539
19.422	3.159830508474576	0.1931578947368421	-0.0530519067134471	0.13667484866021118	0.0070151213446785965	0.0029023145101736937	29.628803253173828
19.422	3.159830508474576	0.20842105263157895	-0.06678685193211682	0.14822897871045973	0.006755809984011516	0.002719025205350987	28.5032901763916
19.422	3.159830508474576	0.2236842105263158	-0.07873543914667196	0.15704318824592373	0.006716517759289456	0.0024197717145193216	27.49027442932129
19.422	3.159830508474576	0.23894736842105263	-0.09166892552076707	0.1638893761848598	0.006319420297781488	0.0016761603572817163	26.833749771118164
19.422	3.159830508474576	0.25421052631578944	-0.10372477045357024	0.16908552628303894	0.006144149331352688	0.001598036438052459	25.36591148376465
19.422	3.159830508474576	0.2694736842105263	-0.11572697826968303	0.17467512421719747	0.006149823232361806	0.0012073632933493022	23.668058395385742
19.422	3.159830508474576	0.2847368421052632	-0.128753844790569	0.17739330940041853	0.005804148364122639	0.0009626520817962251	22.411928176879883
19.422	3.159830508474576	0.3	-0.1413711595675231	0.18021040092746535	0.005583811051374038	0.0002580841469695989	21.37656593322754
19.422	3.17	0.01	0.013442668367617438	0.02528785985370905	0.00927671627049666	0.004903428747627661	38.62913131713867
19.422	3.17	0.02526315789473684	0.012734908080239617	0.051106739093345836	0.009221576549739331	0.004834801863489904	44.23253631591797
19.422	3.17	0.04052631578947368	0.010028115862434784	0.05883725600949494	0.009131251672501894	0.004598146658554677	41.10697937011719
19.422	3.17	0.05578947368421053	0.00828012024742928	0.06786723154298036	0.008972992162002695	0.004714647377932331	37.54690361022949
19.422	3.17	0.07105263157894737	0.0071803415356334705	0.07005304488054483	0.008919733993854314	0.004624509803440351	34.74335289001465
19.422	3.17	0.0863157894736842	0.00411821251494255	0.07607911023012369	0.00865272085633392	0.004398282309829896	32.53915786743164
19.422	3.17	0.10157894736842105	0.002543272395934745	0.07892309046912764	0.008688921451393123	0.00454773016381246	31.24651336669922
19.422	3.17	0.11684210526315789	0.000223294777180831	0.08586317302290178	0.008647320176750371	0.004436905192505451	30.24326515197754
19.422	3.17	0.13210526315789473	-0.003926500214729297	0.09310062040477424	0.008659149270023628	0.004275549698013	29.94517707824707
19.422	3.17	0.1473684210526316	-0.00973481089109539	0.1022972822365853	0.008408152317802634	0.004249059314093934	30.87002944946289
19.422	3.17	0.16263157894736843	-0.019975082356822743	0.11691749651161792	0.008225195115704914	0.003948603972341447	32.916500091552734
19.422	3.17	0.17789473684210527	-0.031857709881728105	0.12868549075910912	0.008014118178578063	0.003921839307732557	30.8509521484375
19.422	3.17	0.1931578947368421	-0.044024001373919305	0.13946751620247833	0.0076782247614051785	0.003531594580279876	29.2386474609375
19.422	3.17	0.20842105263157895	-0.057003833274696894	0.1486828512457074	0.0074164490450517335	0.0031342061822291975	28.095134735107422
19.422	3.17	0.2236842105263158	-0.06875542906612618	0.15725054074459388	0.007273977542997665	0.002895820529979636	27.061702728271484
19.422	3.17	0.23894736842105263	-0.08080960371565536	0.16303307854718205	0.007229892899711035	0.002308467418165556	26.328392028808594
19.422	3.17	0.25421052631578944	-0.09247804311138108	0.16723773743173714	0.007286288009715848	0.0025127032322553237	25.755924224853516
19.422	3.17	0.2694736842105263	-0.10405687509604261	0.17108665040609095	0.006821469519122655	0.0019143984774439716	24.146821975708008
19.422	3.17	0.2847368421052632	-0.11691354020416261	0.17652770148446917	0.0063561738530383055	0.0015805613458070877	22.763755798339844
19.422	3.17	0.3	-0.12884953668183358	0.1781183855053038	0.006246517289292928	0.0014471344851501042	21.659523010253906
